trade_id,price,volume,time,buy/sell,market/limit
2223734,2901.47000,0.00033956,2025-01-04 00:00:00.131993532,b,l
2223735,2901.47000,0.00033562,2025-01-04 00:00:00.281542063,b,l
2223736,2901.47000,0.05013912,2025-01-04 00:00:08.508996964,b,l
2223737,2904.47000,0.00050881,2025-01-04 00:00:10.032761335,b,l
2223738,2904.57000,0.01017591,2025-01-04 00:00:58.041959047,b,l
2223739,2904.00000,0.00033512,2025-01-04 00:04:23.651926517,b,l
2223740,2903.94000,0.03240000,2025-01-04 00:06:41.691788673,b,m
2223741,2903.49000,0.00201126,2025-01-04 00:07:17.345659494,b,l
2223742,2902.31000,0.51682970,2025-01-04 00:07:48.387937307,b,m
2223743,2901.04000,0.04387345,2025-01-04 00:12:13.857269526,s,l
2223744,2900.97000,0.01378892,2025-01-04 00:12:56.044043779,s,l
2223745,2903.37000,0.20000000,2025-01-04 00:15:28.773739815,s,m
2223746,2903.58000,0.01675924,2025-01-04 00:15:44.726668835,b,l
2223747,2904.63000,0.00709588,2025-01-04 00:16:07.967291117,b,l
2223748,2905.00000,0.17211704,2025-01-04 00:18:14.604444265,b,m
2223749,2904.99000,0.07470000,2025-01-04 00:18:28.275273800,s,m
2223750,2905.00000,0.07788296,2025-01-04 00:19:15.169902563,b,l
2223751,2906.17000,0.18000081,2025-01-04 00:19:21.305309534,s,m
2223752,2910.11000,0.09028412,2025-01-04 00:20:27.291814327,b,l
2223753,2908.95000,0.00515650,2025-01-04 00:20:59.850229502,b,m
2223754,2909.31000,0.01003498,2025-01-04 00:21:53.735669851,b,l
2223755,2909.82000,0.98298787,2025-01-04 00:24:24.142532825,s,l
2223756,2910.66000,1.57171129,2025-01-04 00:26:42.823322058,b,l
2223757,2910.67000,0.07738222,2025-01-04 00:26:42.823322058,b,l
2223758,2908.23000,0.00338761,2025-01-04 00:29:00.040355444,b,l
2223759,2909.22000,0.02681400,2025-01-04 00:29:55.299011946,b,m
2223760,2909.67000,0.83239411,2025-01-04 00:29:55.299011946,b,m
2223761,2908.89000,0.10175465,2025-01-04 00:30:05.632272243,s,m
2223762,2909.46000,0.00167236,2025-01-04 00:30:10.314004898,b,l
2223763,2906.65000,0.03049423,2025-01-04 00:31:00.619567156,s,l
2223764,2907.56000,0.47653070,2025-01-04 00:31:12.461412430,b,m
2223765,2907.57000,0.03936566,2025-01-04 00:31:12.461412430,b,m
2223766,2907.05000,0.03900000,2025-01-04 00:33:57.907765627,b,l
2223767,2906.00000,0.04621123,2025-01-04 00:35:00.678846359,s,l
2223768,2905.26000,0.33911186,2025-01-04 00:36:38.135615587,b,l
2223769,2905.27000,0.03529768,2025-01-04 00:36:52.112361670,b,l
2223770,2901.14000,0.01513952,2025-01-04 00:41:20.488932848,s,m
2223771,2902.30000,0.00644974,2025-01-04 00:44:05.456920862,b,l
2223772,2902.82000,0.00318019,2025-01-04 00:44:22.282742500,b,l
2223773,2903.43000,0.03444202,2025-01-04 00:45:38.042118549,b,m
2223774,2903.19000,0.03352264,2025-01-04 00:47:04.323995352,b,l
2223775,2900.37000,0.01677877,2025-01-04 00:50:15.398436546,b,l
2223776,2900.00000,0.67124354,2025-01-04 00:51:08.138615131,b,l
2223777,2900.38000,0.01121871,2025-01-04 00:51:34.448518753,b,l
2223778,2898.63000,1.00000000,2025-01-04 00:52:03.414892435,s,m
2223779,2898.50000,0.15525272,2025-01-04 00:53:15.984476089,b,m
2223780,2901.28000,0.00679297,2025-01-04 00:54:25.450956106,b,l
2223781,2898.89000,0.04136075,2025-01-04 00:56:26.603093386,s,l
2223782,2898.66000,0.11000000,2025-01-04 00:56:57.004154444,s,l
2223783,2898.66000,0.14932632,2025-01-04 00:56:57.742508650,s,l
2223784,2898.38000,0.00345020,2025-01-04 01:01:55.375838518,s,m
2223785,2897.28000,0.34115161,2025-01-04 01:01:55.375838518,s,m
2223786,2896.39000,0.00638335,2025-01-04 01:02:19.943049192,b,l
2223787,2894.31000,0.02755000,2025-01-04 01:04:42.053321123,s,l
2223788,2893.93000,0.00034044,2025-01-04 01:05:00.039539099,b,l
2223789,2892.52000,0.01538000,2025-01-04 01:07:25.122097492,s,l
2223790,2892.03000,0.03457193,2025-01-04 01:07:28.066302298,b,l
2223791,2884.55000,0.00640695,2025-01-04 01:11:56.034847260,b,l
2223792,2883.65000,0.05363360,2025-01-04 01:12:05.613899469,s,l
2223793,2884.54000,0.03634592,2025-01-04 01:12:36.630260229,b,l
2223794,2886.83000,0.09103352,2025-01-04 01:13:17.586551189,b,l
2223795,2884.81000,0.55444508,2025-01-04 01:15:38.141877651,s,l
2223796,2885.66000,0.00674521,2025-01-04 01:15:46.115018845,b,l
2223797,2884.25000,0.00965049,2025-01-04 01:17:54.058942080,b,l
2223798,2882.68000,0.23200000,2025-01-04 01:18:16.694944382,s,l
2223799,2883.46000,0.03236590,2025-01-04 01:18:18.700194597,b,l
2223800,2885.48000,0.06550037,2025-01-04 01:18:41.940420151,b,m
2223801,2888.49000,0.00964307,2025-01-04 01:20:51.971735954,b,l
2223802,2888.58000,2.18914128,2025-01-04 01:22:09.021857500,b,l
2223803,2892.76000,0.00672882,2025-01-04 01:23:20.948190689,b,l
2223804,2892.84000,1.11079825,2025-01-04 01:26:00.959074259,s,l
2223805,2892.83000,0.02920174,2025-01-04 01:26:00.959074259,s,l
2223806,2892.82000,0.54900000,2025-01-04 01:28:01.680997610,s,l
2223807,2892.61000,0.00276565,2025-01-04 01:30:32.212093353,s,l
2223808,2890.19000,0.01612003,2025-01-04 01:30:55.636749029,b,l
2223809,2889.29000,0.04881770,2025-01-04 01:31:14.478747129,b,l
2223810,2890.78000,0.03408022,2025-01-04 01:31:42.254021406,b,l
2223811,2889.94000,0.00211894,2025-01-04 01:32:26.587600470,s,l
2223812,2891.59000,0.30000000,2025-01-04 01:33:28.879985809,b,m
2223813,2889.94000,0.29000000,2025-01-04 01:34:12.100608587,s,m
2223814,2889.91000,0.82811876,2025-01-04 01:35:11.880224943,s,m
2223815,2889.90000,0.17188124,2025-01-04 01:35:11.880224943,s,m
2223816,2891.56000,0.13141695,2025-01-04 01:35:12.932688475,b,m
2223817,2890.49000,0.00663064,2025-01-04 01:36:37.683298349,b,l
2223818,2890.46000,0.00673420,2025-01-04 01:37:27.531758070,b,l
2223819,2891.03000,0.07405949,2025-01-04 01:37:51.986250639,b,l
2223820,2891.33000,0.05049214,2025-01-04 01:40:04.729599714,b,l
2223821,2890.58000,0.26950000,2025-01-04 01:40:07.232254505,s,l
2223822,2891.46000,0.00997679,2025-01-04 01:40:37.678462982,b,l
2223823,2889.91000,0.00355531,2025-01-04 01:40:47.401234388,s,l
2223824,2889.72000,0.26950000,2025-01-04 01:41:29.526909351,s,l
2223825,2889.71000,0.44000000,2025-01-04 01:41:48.943753719,s,m
2223826,2891.73000,0.00336558,2025-01-04 01:43:42.140854597,b,l
2223827,2889.97000,0.61753662,2025-01-04 01:45:44.187394857,s,l
2223828,2889.96000,1.61286338,2025-01-04 01:45:44.187394857,s,l
2223829,2891.62000,0.00262600,2025-01-04 01:48:31.182235241,b,l
2223830,2893.65000,0.00800800,2025-01-04 01:53:20.308311462,b,l
2223831,2893.59000,0.28475219,2025-01-04 01:54:10.408205509,s,m
2223832,2893.58000,0.41000000,2025-01-04 01:54:10.408205509,s,m
2223833,2893.49000,0.30524781,2025-01-04 01:54:10.408205509,s,m
2223834,2894.69000,0.03026148,2025-01-04 01:55:26.263623714,b,l
2223835,2894.04000,0.25022000,2025-01-04 01:56:10.064292431,s,l
2223836,2893.91000,0.15549896,2025-01-04 01:59:39.007099152,b,m
2223837,2893.89000,0.00112008,2025-01-04 02:00:41.034243107,b,l
2223838,2893.89000,0.00034045,2025-01-04 02:00:41.036113739,b,l
2223839,2893.68000,0.03576314,2025-01-04 02:01:38.156351566,b,l
2223840,2892.96000,0.00840841,2025-01-04 02:02:33.726253033,b,l
2223841,2893.30000,0.09935557,2025-01-04 02:03:36.375899076,s,l
2223842,2893.31000,0.04400319,2025-01-04 02:03:36.476878166,s,l
2223843,2893.30000,0.05535203,2025-01-04 02:03:36.476878166,s,l
2223844,2893.31000,0.10333818,2025-01-04 02:03:36.657930851,s,l
2223845,2893.31000,0.04002058,2025-01-04 02:03:36.658331394,s,l
2223846,2893.30000,0.09739992,2025-01-04 02:03:36.658331394,s,l
2223847,2891.22000,0.19827624,2025-01-04 02:04:59.481347084,b,l
2223848,2889.61000,0.16845979,2025-01-04 02:07:53.930394411,b,l
2223849,2888.17000,0.01612840,2025-01-04 02:09:31.303516626,b,l
2223850,2887.14000,0.02691200,2025-01-04 02:10:01.247541189,s,l
2223851,2886.69000,0.29789260,2025-01-04 02:10:01.247541189,s,l
2223852,2887.41000,0.01126619,2025-01-04 02:10:34.018045187,b,l
2223853,2887.34000,0.08155123,2025-01-04 02:10:37.920223713,b,l
2223854,2887.10000,0.00038763,2025-01-04 02:11:18.415708303,b,l
2223855,2889.70000,0.00390251,2025-01-04 02:11:49.615998507,b,m
2223856,2888.50000,0.00539083,2025-01-04 02:18:56.524932146,b,l
2223857,2888.47000,0.03369324,2025-01-04 02:18:57.874645710,b,l
2223858,2888.43000,0.03369511,2025-01-04 02:20:03.188707829,b,l
2223859,2886.58000,0.07162242,2025-01-04 02:24:02.973940611,s,l
2223860,2886.09000,0.00944091,2025-01-04 02:25:38.988232136,b,l
2223861,2884.64000,0.01709448,2025-01-04 02:27:08.857359648,s,l
2223862,2885.79000,0.05059662,2025-01-04 02:31:43.977574587,b,l
2223863,2886.81000,0.00674252,2025-01-04 02:32:00.602347136,b,l
2223864,2888.38000,0.03369417,2025-01-04 02:34:41.272324324,b,l
2223865,2888.20000,0.00802344,2025-01-04 02:34:55.632789135,b,l
2223866,2888.70000,0.44309700,2025-01-04 02:41:06.355678082,s,m
2223867,2889.90000,0.16878521,2025-01-04 02:42:06.091476917,b,l
2223868,2889.44000,0.00315528,2025-01-04 02:42:17.468583345,b,l
2223869,2890.24000,0.03367694,2025-01-04 02:43:34.925746202,b,l
2223870,2894.00000,0.02688800,2025-01-04 02:46:02.987015486,b,l
2223871,2894.09000,0.02157741,2025-01-04 02:46:02.987015486,b,l
2223872,2893.86000,0.00538080,2025-01-04 02:48:10.730241776,b,l
2223873,2895.43000,0.00033614,2025-01-04 02:51:48.109674215,b,l
2223874,2895.93000,0.08399379,2025-01-04 02:55:47.025236845,b,l
2223875,2895.90000,0.00276251,2025-01-04 02:56:23.611915350,b,l
2223876,2891.74000,1.00001181,2025-01-04 03:00:28.969629765,s,l
2223877,2892.52000,0.00034061,2025-01-04 03:00:32.037046909,b,l
2223878,2892.96000,0.00112384,2025-01-04 03:00:59.031502007,b,l
2223879,2892.70000,0.12945548,2025-01-04 03:01:17.296475649,b,l
2223880,2892.38000,0.37340529,2025-01-04 03:03:28.971021414,b,m
2223881,2890.55000,0.00816618,2025-01-04 03:10:43.453721523,s,l
2223882,2890.61000,0.60000000,2025-01-04 03:10:48.072625637,s,m
2223883,2893.97000,0.06854888,2025-01-04 03:14:09.081941366,b,l
2223884,2892.78000,0.03364362,2025-01-04 03:18:38.839777708,b,l
2223885,2892.77000,0.04148373,2025-01-04 03:21:14.344266891,s,l
2223886,2891.21000,0.04771304,2025-01-04 03:21:14.344267130,s,l
2223887,2894.54000,0.01609591,2025-01-04 03:39:30.597212791,b,l
2223888,2894.17000,0.11382569,2025-01-04 03:46:17.749153376,s,l
2223889,2890.93000,0.00287468,2025-01-04 04:03:01.753876209,b,l
2223890,2889.18000,0.34611897,2025-01-04 04:05:35.040410519,b,m
2223891,2889.07000,0.08525422,2025-01-04 04:05:36.817643642,b,l
2223892,2888.25000,0.43470900,2025-01-04 04:08:01.621918201,b,l
2223893,2888.26000,0.23923199,2025-01-04 04:08:01.621918201,b,l
2223894,2891.68000,0.03532590,2025-01-04 04:16:35.048419714,b,m
2223895,2889.90000,0.62500000,2025-01-04 04:21:43.746836424,s,m
2223896,2890.12000,0.00200000,2025-01-04 04:24:51.722309113,b,l
2223897,2889.78000,0.03255033,2025-01-04 04:26:53.342713356,b,l
2223898,2888.36000,0.01632832,2025-01-04 04:29:10.852892637,b,l
2223899,2885.74000,0.00693051,2025-01-04 04:31:56.811414003,b,l
2223900,2886.15000,0.11607158,2025-01-04 04:39:36.394610167,b,m
2223901,2888.32000,0.00251048,2025-01-04 04:55:15.335301876,b,l
2223902,2889.61000,0.18648021,2025-01-04 04:59:48.004096746,s,l
2223903,2889.58000,0.02000000,2025-01-04 05:00:00.144832373,s,l
2223904,2890.73000,0.00034082,2025-01-04 05:00:58.030939102,b,l
2223905,2888.42000,0.00964237,2025-01-04 05:06:14.297241211,b,l
2223906,2888.46000,0.00341089,2025-01-04 05:07:02.035272598,b,l
2223907,2888.30000,0.00285147,2025-01-04 05:10:31.598667622,b,l
2223908,2887.53000,1.21970000,2025-01-04 05:14:37.381825686,s,l
2223909,2890.22000,0.04209207,2025-01-04 05:20:37.981415510,b,l
2223910,2893.36000,0.00962511,2025-01-04 05:31:11.005581617,b,l
2223911,2892.25000,0.13932764,2025-01-04 05:32:01.486603975,s,l
2223912,2893.53000,0.03283187,2025-01-04 05:41:58.814087868,b,m
2223913,2892.05000,0.00315321,2025-01-04 05:46:06.860077143,b,l
2223914,2891.87000,0.00963120,2025-01-04 05:48:51.760527372,b,l
2223915,2893.55000,0.01286611,2025-01-04 05:58:02.797038555,b,l
2223916,2894.80000,0.15986821,2025-01-04 06:05:12.042502880,s,l
2223917,2899.20000,0.00314512,2025-01-04 06:13:16.950954676,b,l
2223918,2900.44000,0.52172884,2025-01-04 06:16:26.863564730,s,l
2223919,2897.81000,0.01284688,2025-01-04 06:22:18.268805027,b,l
2223920,2898.49000,0.01627142,2025-01-04 06:23:01.723970175,b,l
2223921,2898.29000,1.11500000,2025-01-04 06:24:00.905500889,s,l
2223922,2898.29000,0.00961050,2025-01-04 06:39:46.007687807,b,l
2223923,2898.29000,0.34503104,2025-01-04 06:43:00.300951958,b,m
2223924,2898.28000,0.00276026,2025-01-04 06:43:19.737043619,s,l
2223925,2893.40000,0.34611897,2025-01-04 06:46:25.716922283,s,m
2223926,2894.12000,0.01185336,2025-01-04 06:48:07.985980749,b,l
2223927,2894.12000,0.03270034,2025-01-04 06:48:07.985980749,b,l
2223928,2895.93000,0.03850267,2025-01-04 06:51:57.618644714,s,l
2223929,2895.95000,0.01064344,2025-01-04 06:52:01.461686611,s,l
2223930,2898.23000,0.00033994,2025-01-04 07:00:25.035974264,b,l
2223931,2898.17000,0.01019838,2025-01-04 07:00:36.033214808,b,l
2223932,2898.38000,0.04213589,2025-01-04 07:01:51.327274561,b,l
2223933,2896.79000,0.00709438,2025-01-04 07:04:00.531510830,s,l
2223934,2898.30000,0.06715724,2025-01-04 07:07:07.365326881,b,l
2223935,2897.40000,0.00354618,2025-01-04 07:08:08.889270067,s,l
2223936,2903.59000,0.00353872,2025-01-04 07:15:54.834595919,s,l
2223937,2903.59000,0.00353872,2025-01-04 07:17:11.573694706,s,l
2223938,2900.79000,0.00339639,2025-01-04 07:19:25.033132315,b,l
2223939,2898.50000,0.27600483,2025-01-04 07:22:00.177403212,b,m
2223940,2898.16000,0.17252325,2025-01-04 07:24:45.536737441,b,l
2223941,2899.33000,0.08500090,2025-01-04 07:26:30.991078377,s,l
2223942,2900.05000,0.01715082,2025-01-04 07:27:23.234795809,b,l
2223943,2900.06000,0.00700958,2025-01-04 07:27:23.234795809,b,l
2223944,2900.26000,0.01677796,2025-01-04 07:27:26.528261184,b,l
2223945,2901.31000,0.00135831,2025-01-04 07:28:47.035251856,b,l
2223946,2901.29000,0.03354517,2025-01-04 07:29:06.126846552,b,l
2223947,2899.98000,0.27316768,2025-01-04 07:31:53.609814167,s,l
2223948,2900.02000,0.00335618,2025-01-04 07:36:17.393966675,b,l
2223949,2900.39000,0.10066605,2025-01-04 07:43:38.390190125,b,l
2223950,2900.70000,0.00675565,2025-01-04 07:45:24.533733845,b,l
2223951,2900.13000,0.30716200,2025-01-04 07:47:38.388659477,s,l
2223952,2900.13000,0.30716200,2025-01-04 07:47:48.288527489,s,l
2223953,2900.13000,0.30716200,2025-01-04 07:47:52.046270132,s,l
2223954,2900.13000,0.30716200,2025-01-04 07:47:55.193520069,s,l
2223955,2900.13000,0.30716200,2025-01-04 07:48:14.972531796,s,l
2223956,2900.13000,0.30716200,2025-01-04 07:48:28.139607191,s,l
2223957,2900.13000,0.09095840,2025-01-04 07:48:39.826526642,s,l
2223958,2900.13000,0.30716200,2025-01-04 07:48:48.362593174,s,l
2223959,2900.13000,0.17259250,2025-01-04 07:48:48.366704702,s,l
2223960,2898.16000,0.01284480,2025-01-04 07:50:54.700322866,b,l
2223961,2898.15000,1.52000000,2025-01-04 07:52:56.213416338,s,l
2223962,2895.20000,0.00276316,2025-01-04 07:54:04.176524162,b,l
2223963,2894.87000,0.01157032,2025-01-04 07:55:05.407604218,b,l
2223964,2894.92000,0.94139618,2025-01-04 07:55:05.407604218,b,l
2223965,2894.93000,0.04715730,2025-01-04 07:55:05.407604218,b,l
2223966,2893.61000,0.03902724,2025-01-04 07:59:44.638117075,b,l
2223967,2893.17000,0.01702668,2025-01-04 08:00:17.034647942,b,l
2223968,2893.96000,0.00318993,2025-01-04 08:01:57.784723759,b,l
2223969,2892.86000,0.30716200,2025-01-04 08:03:12.751183033,s,l
2223970,2892.86000,0.30716200,2025-01-04 08:03:12.751183271,s,l
2223971,2892.86000,0.30716200,2025-01-04 08:03:12.751183271,s,l
2223972,2892.86000,0.30716200,2025-01-04 08:03:12.751183271,s,l
2223973,2892.86000,0.30716200,2025-01-04 08:03:12.751183271,s,l
2223974,2892.86000,0.05467379,2025-01-04 08:03:12.751183271,s,l
2223975,2892.85000,0.02690100,2025-01-04 08:03:12.751183271,s,l
2223976,2892.70000,0.22558721,2025-01-04 08:03:12.751183271,s,l
2223977,2892.70000,0.09095840,2025-01-04 08:03:12.751183271,s,l
2223978,2892.70000,0.30716200,2025-01-04 08:03:12.751183271,s,l
2223979,2892.70000,0.17259250,2025-01-04 08:03:12.751183271,s,l
2223980,2891.94000,1.12577106,2025-01-04 08:03:23.342433214,s,m
2223981,2895.09000,0.02689000,2025-01-04 08:04:25.304516792,b,l
2223982,2896.37000,0.00537509,2025-01-04 08:04:25.304516792,b,l
2223983,2893.41000,0.08536640,2025-01-04 08:06:35.067919016,b,m
2223984,2896.53000,0.01855000,2025-01-04 08:09:17.024008512,s,l
2223985,2898.07000,0.00679916,2025-01-04 08:09:24.033752918,b,l
2223986,2899.00000,0.00449839,2025-01-04 08:10:54.110593081,b,l
2223987,2898.63000,0.00212687,2025-01-04 08:15:39.793706656,s,l
2223988,2897.88000,0.00212155,2025-01-04 08:19:26.284791231,s,l
2223989,2898.54000,0.00518494,2025-01-04 08:19:58.505299568,s,l
2223990,2895.26000,0.01287884,2025-01-04 08:29:55.339554071,b,l
2223991,2897.38000,0.33641573,2025-01-04 08:32:23.364981174,s,l
2223992,2898.17000,0.01141697,2025-01-04 08:35:40.024374962,b,l
2223993,2897.51000,0.64634230,2025-01-04 08:36:02.768134594,b,l
2223994,2897.14000,0.03224037,2025-01-04 08:36:09.747192144,b,l
2223995,2895.73000,0.01293963,2025-01-04 08:38:24.771204472,b,l
2223996,2894.83000,0.06127949,2025-01-04 08:38:59.292681932,s,l
2223997,2891.05000,0.01431290,2025-01-04 08:45:40.034481287,b,l
2223998,2890.34000,0.21045744,2025-01-04 08:46:07.430309057,b,l
2223999,2889.42000,0.01684137,2025-01-04 08:48:05.189064026,b,l
2224000,2889.41000,0.13843656,2025-01-04 08:48:29.019020557,s,m
2224001,2886.84000,0.26156344,2025-01-04 08:48:29.019020557,s,m
2224002,2888.24000,0.01748000,2025-01-04 08:50:16.123435497,b,l
2224003,2887.41000,0.10246723,2025-01-04 08:50:19.348631859,s,m
2224004,2889.63000,0.03235078,2025-01-04 08:54:04.212336302,b,l
2224005,2889.20000,0.00310564,2025-01-04 08:56:07.645944118,b,l
2224006,2886.98000,1.20138105,2025-01-04 08:56:29.896276951,s,l
2224007,2886.87000,0.00674327,2025-01-04 09:00:11.818681955,b,l
2224008,2887.48000,0.03236211,2025-01-04 09:00:42.448579311,b,l
2224009,2888.40000,0.02979975,2025-01-04 09:02:06.924733400,s,l
2224010,2889.30000,0.45000000,2025-01-04 09:03:06.478146791,s,l
2224011,2888.87000,0.27400000,2025-01-04 09:03:13.803237200,s,l
2224012,2888.80000,0.25000000,2025-01-04 09:03:19.406218767,s,l
2224013,2887.07000,1.03800000,2025-01-04 09:04:05.347668648,s,l
2224014,2887.88000,0.86000000,2025-01-04 09:05:49.588097811,s,l
2224015,2888.50000,0.03462005,2025-01-04 09:06:27.483204126,b,m
2224016,2887.87000,0.01697945,2025-01-04 09:09:40.133265495,s,l
2224017,2886.57000,0.16099732,2025-01-04 09:09:40.133265495,s,l
2224018,2886.50000,0.00674327,2025-01-04 09:10:34.867224216,s,l
2224019,2886.50000,0.00728756,2025-01-04 09:10:51.006929398,s,m
2224020,2885.81000,0.10271244,2025-01-04 09:10:51.006929398,s,m
2224021,2886.05000,0.34649434,2025-01-04 09:11:29.540269613,b,m
2224022,2886.28000,0.01517404,2025-01-04 09:13:12.199732304,b,l
2224023,2887.77000,0.02663241,2025-01-04 09:15:08.921800852,b,l
2224024,2892.20000,0.02691825,2025-01-04 09:17:01.440929174,b,l
2224025,2892.27000,0.00334818,2025-01-04 09:21:54.532107353,b,l
2224026,2894.62000,0.00638756,2025-01-04 09:25:53.587495327,b,l
2224027,2894.45000,0.00482650,2025-01-04 09:26:24.843743324,b,l
2224028,2893.67000,0.34558191,2025-01-04 09:30:06.662580967,b,m
2224029,2893.43000,0.00681006,2025-01-04 09:30:57.032116413,b,l
2224030,2893.32000,0.10119652,2025-01-04 09:31:18.404644728,b,l
2224031,2893.44000,0.00068100,2025-01-04 09:32:27.032741307,b,l
2224032,2894.19000,0.01692717,2025-01-04 09:33:03.800425768,b,l
2224033,2893.20000,0.00880662,2025-01-04 09:35:00.210995436,b,l
2224034,2893.20000,0.10091622,2025-01-04 09:36:17.079149961,b,l
2224035,2893.19000,0.34563927,2025-01-04 09:37:54.496203899,s,l
2224036,2892.20000,0.00492730,2025-01-04 09:40:16.453727484,b,l
2224037,2890.43000,0.00319382,2025-01-04 09:41:15.422843695,b,l
2224038,2890.55000,0.04000000,2025-01-04 09:42:56.052478313,s,m
2224039,2890.87000,0.00647529,2025-01-04 09:43:06.036505222,b,l
2224040,2891.00000,0.34590107,2025-01-04 09:43:18.873813391,b,m
2224041,2892.36000,0.16150794,2025-01-04 09:44:13.369001389,b,l
2224042,2892.37000,0.16891294,2025-01-04 09:44:13.369001389,b,l
2224043,2890.75000,0.13921082,2025-01-04 09:46:09.185316801,b,l
2224044,2890.76000,0.02464419,2025-01-04 09:46:09.185317039,b,l
2224045,2889.43000,0.22430993,2025-01-04 09:46:59.981069565,b,l
2224046,2889.44000,0.09955578,2025-01-04 09:46:59.981069565,b,l
2224047,2889.46000,0.20412735,2025-01-04 09:47:01.472754955,b,m
2224048,2889.47000,1.52629451,2025-01-04 09:47:01.472754955,b,m
2224049,2888.74000,0.09117228,2025-01-04 09:47:31.207922459,s,l
2224050,2887.34000,0.00413239,2025-01-04 09:47:58.722611904,b,l
2224051,2887.40000,0.14049119,2025-01-04 09:49:46.400987625,b,l
2224052,2887.41000,0.01119242,2025-01-04 09:49:46.400987625,b,l
2224053,2888.47000,0.01633690,2025-01-04 09:50:42.892046452,s,l
2224054,2888.73000,0.10079173,2025-01-04 09:53:00.108839273,s,m
2224055,2889.21000,0.10037346,2025-01-04 09:54:20.446697712,b,m
2224056,2889.58000,0.16400131,2025-01-04 09:56:03.999209642,b,l
2224057,2889.53000,0.06554870,2025-01-04 09:56:29.571745157,b,l
2224058,2889.67000,0.00315552,2025-01-04 09:57:42.341118336,b,l
2224059,2889.73000,0.03233331,2025-01-04 09:58:23.947644711,b,l
2224060,2889.59000,0.13471793,2025-01-04 10:00:48.743913412,b,l
2224061,2889.59000,0.00811815,2025-01-04 10:00:58.844932318,b,l
2224062,2889.60000,0.01684032,2025-01-04 10:01:32.374510765,b,l
2224063,2889.42000,0.69579390,2025-01-04 10:01:39.754160166,s,l
2224064,2891.12000,0.79115871,2025-01-04 10:02:18.255902052,s,m
2224065,2892.07000,0.04822000,2025-01-04 10:02:29.049695492,s,l
2224066,2890.41000,0.32590868,2025-01-04 10:03:47.797214031,b,l
2224067,2888.60000,0.01223705,2025-01-04 10:06:34.776945353,b,l
2224068,2888.59000,0.00289583,2025-01-04 10:07:34.950836658,s,l
2224069,2885.71000,0.02487571,2025-01-04 10:07:34.950836658,s,l
2224070,2887.01000,0.03370900,2025-01-04 10:07:49.210965872,b,l
2224071,2882.51000,0.01540000,2025-01-04 10:10:40.244975328,s,l
2224072,2879.32000,0.01382207,2025-01-04 10:10:54.095354557,s,l
2224073,2879.64000,0.01041797,2025-01-04 10:11:03.551878214,b,m
2224074,2883.51000,0.05062767,2025-01-04 10:13:54.125624657,b,l
2224075,2883.71000,0.16994346,2025-01-04 10:14:50.448391438,b,l
2224076,2883.41000,0.41000000,2025-01-04 10:16:33.571729660,b,l
2224077,2883.48000,0.10249922,2025-01-04 10:16:33.571729660,b,l
2224078,2882.28000,0.00350070,2025-01-04 10:18:19.314404249,b,m
2224079,2882.28000,0.04510318,2025-01-04 10:18:46.604251385,b,m
2224080,2882.27000,0.17824493,2025-01-04 10:19:00.576177359,s,l
2224081,2882.27000,0.30716200,2025-01-04 10:20:03.134372950,s,l
2224082,2882.27000,0.20849058,2025-01-04 10:20:05.449931383,s,l
2224083,2880.81000,0.00641992,2025-01-04 10:21:39.666402578,b,l
2224084,2880.72000,0.11261182,2025-01-04 10:21:44.331569910,b,l
2224085,2879.73000,0.02696200,2025-01-04 10:22:51.452569962,b,m
2224086,2879.98000,0.11140936,2025-01-04 10:22:51.452569962,b,m
2224087,2879.30000,0.04357336,2025-01-04 10:23:17.123146057,s,l
2224088,2879.19000,0.50000000,2025-01-04 10:23:52.841482639,s,l
2224089,2879.85000,0.08138458,2025-01-04 10:24:41.747183084,s,l
2224090,2880.91000,0.02187602,2025-01-04 10:24:48.757268190,b,l
2224091,2880.93000,0.06257900,2025-01-04 10:24:48.757268190,b,l
2224092,2880.92000,0.01324150,2025-01-04 10:26:01.261032581,s,m
2224093,2880.93000,0.00381737,2025-01-04 10:26:30.090176582,b,l
2224094,2880.93000,0.02879798,2025-01-04 10:26:43.516658068,b,l
2224095,2880.93000,0.70463683,2025-01-04 10:27:10.105960131,b,l
2224096,2883.28000,0.00346827,2025-01-04 10:27:39.672697783,b,m
2224097,2884.74000,0.02786068,2025-01-04 10:31:52.412825346,s,l
2224098,2885.66000,0.03465412,2025-01-04 10:32:58.175430536,b,m
2224099,2885.66000,0.01642571,2025-01-04 10:33:03.003325224,b,l
2224100,2885.68000,0.00976200,2025-01-04 10:33:49.001965283,b,m
2224101,2884.85000,0.14422115,2025-01-04 10:34:21.152131557,s,m
2224102,2883.85000,0.74353339,2025-01-04 10:36:30.745832682,s,l
2224103,2885.03000,0.02000000,2025-01-04 10:39:17.284042835,s,l
2224104,2887.82000,0.02666800,2025-01-04 10:43:55.656864643,b,l
2224105,2887.92000,0.20316231,2025-01-04 10:43:55.656864643,b,l
2224106,2887.93000,0.03277995,2025-01-04 10:43:55.656864643,b,l
2224107,2888.17000,0.17055686,2025-01-04 10:44:00.160413980,b,l
2224108,2888.97000,0.00068206,2025-01-04 10:44:08.032850026,b,l
2224109,2887.73000,0.00674045,2025-01-04 10:45:57.676652193,b,l
2224110,2887.33000,0.00511834,2025-01-04 10:46:44.033341646,b,l
2224111,2888.75000,0.00170527,2025-01-04 10:50:40.645895481,b,l
2224112,2889.19000,0.00341003,2025-01-04 10:52:14.035480738,b,l
2224113,2889.29000,0.00336854,2025-01-04 10:52:17.805637598,b,l
2224114,2889.74000,0.24420119,2025-01-04 10:53:47.306559324,b,m
2224115,2889.75000,0.44790105,2025-01-04 10:53:47.306559324,b,m
2224116,2889.95000,0.10380802,2025-01-04 10:54:48.661689997,b,m
2224117,2889.71000,0.90569250,2025-01-04 10:56:06.266375303,s,m
2224118,2889.70000,1.59430750,2025-01-04 10:56:06.266375303,s,m
2224119,2889.70000,0.50000000,2025-01-04 10:56:06.266375303,s,m
2224120,2890.15000,0.05085039,2025-01-04 10:57:14.504963874,b,l
2224121,2889.70000,0.01704713,2025-01-04 11:00:30.036016464,b,l
2224122,2889.70000,0.00315577,2025-01-04 11:01:06.212333202,b,l
2224123,2889.70000,0.10787800,2025-01-04 11:02:22.607992887,b,l
2224124,2889.70000,0.03460567,2025-01-04 11:02:24.383386850,b,m
2224125,2888.95000,0.00034103,2025-01-04 11:03:21.035027027,b,l
2224126,2887.34000,0.10000000,2025-01-04 11:04:27.140766859,s,m
2224127,2888.00000,4.35000000,2025-01-04 11:04:54.240650892,s,l
2224128,2889.45000,0.01125940,2025-01-04 11:06:53.049407959,b,l
2224129,2889.14000,0.03368450,2025-01-04 11:07:11.425872803,b,l
2224130,2889.70000,0.06735897,2025-01-04 11:11:01.327981234,b,l
2224131,2889.70000,0.05051922,2025-01-04 11:11:33.963141441,b,l
2224132,2889.69000,0.02987194,2025-01-04 11:12:58.732738733,s,l
2224133,2889.69000,0.01544624,2025-01-04 11:14:11.331001520,s,l
2224134,2889.70000,0.35479149,2025-01-04 11:14:26.722545624,b,l
2224135,2891.45000,0.05514788,2025-01-04 11:16:26.290704012,s,l
2224136,2893.18000,0.01309000,2025-01-04 11:18:58.294624090,s,l
2224137,2892.38000,0.00276588,2025-01-04 11:20:50.023660183,b,l
2224138,2892.68000,0.00841152,2025-01-04 11:23:34.286029577,b,l
2224139,2891.25000,0.77400000,2025-01-04 11:24:34.017462254,s,l
2224140,2890.43000,0.50000000,2025-01-04 11:25:17.423661709,s,m
2224141,2890.35000,0.10000000,2025-01-04 11:26:11.516875267,s,m
2224142,2888.31000,0.03000000,2025-01-04 11:27:09.553043365,s,m
2224143,2888.90000,0.27590829,2025-01-04 11:32:31.645877123,s,m
2224144,2891.34000,0.10229020,2025-01-04 11:33:57.232308388,b,l
2224145,2890.55000,0.10229932,2025-01-04 11:36:24.281159401,s,l
2224146,2891.71000,0.00392095,2025-01-04 11:38:42.104656696,b,l
2224147,2891.72000,0.03806000,2025-01-04 11:40:33.158332348,b,l
2224148,2894.11000,0.01789479,2025-01-04 11:40:59.566341639,s,l
2224149,2895.65000,0.00336103,2025-01-04 11:47:11.886230469,b,l
2224150,2895.65000,0.09696565,2025-01-04 11:49:41.010921717,b,l
2224151,2895.65000,0.03453400,2025-01-04 11:50:56.153830290,b,l
2224152,2895.65000,1.39217049,2025-01-04 11:51:57.754003525,b,l
2224153,2895.65000,0.02689700,2025-01-04 11:51:57.754003525,b,l
2224154,2895.79000,0.03983091,2025-01-04 11:51:57.754003525,b,l
2224155,2895.80000,3.31899081,2025-01-04 11:51:57.754003525,b,l
2224156,2897.01000,0.41000000,2025-01-04 11:51:57.802555561,b,l
2224157,2897.09000,3.42012196,2025-01-04 11:51:57.802555561,b,l
2224158,2897.09000,0.41000000,2025-01-04 11:51:57.802916765,b,l
2224159,2897.33000,0.26292081,2025-01-04 11:51:57.802916765,b,l
2224160,2898.62000,0.02990762,2025-01-04 11:52:13.896496296,b,m
2224161,2898.63000,0.41000000,2025-01-04 11:52:13.896496534,b,m
2224162,2898.70000,0.25006757,2025-01-04 11:52:13.896496534,b,m
2224163,2898.94000,0.02625333,2025-01-04 11:53:30.555502892,b,l
2224164,2898.95000,0.02687900,2025-01-04 11:53:30.555502892,b,l
2224165,2902.59000,0.02357820,2025-01-04 11:53:30.751992464,b,l
2224166,2903.00000,0.00067049,2025-01-04 11:53:47.746051073,b,l
2224167,2902.60000,0.01722225,2025-01-04 11:54:31.352804899,s,m
2224168,2902.39000,0.02685900,2025-01-04 11:56:28.411178827,s,l
2224169,2901.37000,1.38014341,2025-01-04 11:56:28.411179066,s,l
2224170,2900.01000,0.02687200,2025-01-04 11:57:40.791995049,s,l
2224171,2899.62000,0.32507800,2025-01-04 11:57:40.791995287,s,l
2224172,2902.53000,0.05167905,2025-01-04 11:59:34.229272604,b,m
2224173,2900.63000,0.14123932,2025-01-04 12:00:01.344168186,s,l
2224174,2901.81000,0.00808349,2025-01-04 12:00:01.998890162,b,l
2224175,2900.83000,0.05054449,2025-01-04 12:00:13.584304810,b,m
2224176,2900.84000,0.02686300,2025-01-04 12:00:13.584304810,b,m
2224177,2900.86000,0.43899178,2025-01-04 12:00:13.584304810,b,m
2224178,2900.73000,0.04791717,2025-01-04 12:00:26.461877584,b,l
2224179,2900.74000,0.11983719,2025-01-04 12:00:26.461877584,b,l
2224180,2900.87000,0.00171513,2025-01-04 12:00:30.037078857,b,l
2224181,2901.98000,0.00808349,2025-01-04 12:01:58.970027447,b,l
2224182,2903.97000,0.02085580,2025-01-04 12:04:42.973972321,b,m
2224183,2903.98000,0.15132177,2025-01-04 12:04:42.973972321,b,m
2224184,2903.97000,0.02580574,2025-01-04 12:09:20.589524508,b,l
2224185,2903.98000,0.05475910,2025-01-04 12:09:20.589524508,b,l
2224186,2903.78000,0.02685000,2025-01-04 12:09:58.889813185,s,l
2224187,2903.20000,0.00671963,2025-01-04 12:09:58.889813185,s,l
2224188,2903.99000,0.22493171,2025-01-04 12:12:12.624737024,s,l
2224189,2903.97000,0.00417704,2025-01-04 12:13:06.340483665,b,m
2224190,2904.00000,1.60174665,2025-01-04 12:14:16.640053511,b,l
2224191,2907.15000,0.00687959,2025-01-04 12:14:36.616445541,b,m
2224192,2906.69000,0.03067713,2025-01-04 12:15:50.801372528,b,l
2224193,2906.70000,1.25820934,2025-01-04 12:15:50.801372528,b,l
2224194,2912.52000,0.02532254,2025-01-04 12:19:09.442764521,b,m
2224195,2912.53000,0.04334637,2025-01-04 12:19:09.442764521,b,m
2224196,2913.59000,0.00167015,2025-01-04 12:20:12.064519405,b,l
2224197,2913.68000,0.02679900,2025-01-04 12:21:07.131819248,s,m
2224198,2913.68000,0.90569250,2025-01-04 12:21:07.131819248,s,m
2224199,2913.68000,0.43470900,2025-01-04 12:21:07.131819248,s,m
2224200,2913.68000,1.63279950,2025-01-04 12:21:07.131819487,s,m
2224201,2913.69000,0.17160370,2025-01-04 12:22:19.108791828,b,l
2224202,2916.00000,0.46482340,2025-01-04 12:22:24.519060612,b,l
2224203,2920.00000,0.01678082,2025-01-04 12:23:03.031382799,b,m
2224204,2920.00000,0.05102740,2025-01-04 12:24:37.558294296,b,m
2224205,2920.00000,0.30716200,2025-01-04 12:25:33.369802475,b,l
2224206,2920.00000,0.13872841,2025-01-04 12:25:33.377438307,b,l
2224207,2920.00000,2.76798574,2025-01-04 12:25:33.377438307,b,l
2224208,2920.00000,7.21793086,2025-01-04 12:25:33.377438545,b,l
2224209,2923.00000,0.00346852,2025-01-04 12:25:36.142204285,b,l
2224210,2927.00000,0.50000000,2025-01-04 12:25:41.109432936,b,l
2224211,2927.61000,0.01107843,2025-01-04 12:25:42.554651022,b,l
2224212,2929.00000,0.06170020,2025-01-04 12:25:44.076277018,b,l
2224213,2928.99000,0.01017551,2025-01-04 12:25:47.705389738,s,m
2224214,2931.29000,0.17057337,2025-01-04 12:25:51.189852476,b,m
2224215,2931.29000,0.00690000,2025-01-04 12:25:51.455044508,b,m
2224216,2928.97000,0.09961100,2025-01-04 12:26:01.083612919,b,l
2224217,2932.02000,0.01629325,2025-01-04 12:26:52.718788147,b,l
2224218,2932.93000,0.13405497,2025-01-04 12:28:14.487689018,b,m
2224219,2932.94000,3.27549359,2025-01-04 12:28:14.487689018,b,m
2224220,2930.56000,0.01142366,2025-01-04 12:29:06.936751604,b,l
2224221,2928.86000,0.55551766,2025-01-04 12:29:32.735678673,s,l
2224222,2928.73000,0.00050460,2025-01-04 12:30:00.074030876,b,l
2224223,2928.72000,0.18796672,2025-01-04 12:30:06.213650942,s,l
2224224,2927.32000,0.02672800,2025-01-04 12:30:06.213650942,s,l
2224225,2927.16000,0.17545584,2025-01-04 12:30:06.213650942,s,l
2224226,2927.10000,0.01661907,2025-01-04 12:30:19.817813635,b,l
2224227,2927.11000,0.07390290,2025-01-04 12:31:21.137311697,b,m
2224228,2927.12000,0.02672700,2025-01-04 12:31:21.137311935,b,m
2224229,2927.22000,0.24099485,2025-01-04 12:31:21.137311935,b,m
2224230,2930.93000,0.04629238,2025-01-04 12:32:56.695981026,b,l
2224231,2930.94000,0.12418153,2025-01-04 12:32:56.695981026,b,l
2224232,2930.93000,0.00350592,2025-01-04 12:33:44.765645266,s,l
2224233,2928.87000,0.02599072,2025-01-04 12:34:39.805055380,b,l
2224234,2928.88000,0.00723265,2025-01-04 12:34:39.805055380,b,l
2224235,2926.29000,0.03487562,2025-01-04 12:34:56.653167248,s,l
2224236,2927.18000,0.02396935,2025-01-04 12:35:37.102638006,b,l
2224237,2927.19000,0.14339302,2025-01-04 12:35:37.102638245,b,l
2224238,2927.50000,0.01851824,2025-01-04 12:36:01.007124424,b,l
2224239,2927.51000,0.30141964,2025-01-04 12:36:01.007124424,b,l
2224240,2927.53000,0.03127425,2025-01-04 12:37:03.056798458,b,l
2224241,2928.39000,0.00331390,2025-01-04 12:37:14.334059238,b,l
2224242,2926.80000,0.30000000,2025-01-04 12:39:00.547146797,s,l
2224243,2927.33000,0.01935166,2025-01-04 12:39:45.751976967,b,l
2224244,2927.34000,0.01255452,2025-01-04 12:39:45.751977205,b,l
2224245,2926.27000,0.01694337,2025-01-04 12:41:24.042000294,b,m
2224246,2926.28000,0.10266247,2025-01-04 12:41:24.042000294,b,m
2224247,2924.94000,0.01717654,2025-01-04 12:42:10.947667599,b,l
2224248,2924.95000,1.00000000,2025-01-04 12:42:10.947667599,b,l
2224249,2924.96000,0.90569250,2025-01-04 12:42:10.947667599,b,l
2224250,2924.98000,0.43470900,2025-01-04 12:42:10.947667599,b,l
2224251,2924.99000,0.20000000,2025-01-04 12:42:10.947667599,b,l
2224252,2925.02000,0.02704491,2025-01-04 12:42:10.947667599,b,l
2224253,2923.00000,0.00067412,2025-01-04 12:44:00.033485888,b,l
2224254,2922.55000,0.01145769,2025-01-04 12:45:04.538946152,b,l
2224255,2922.56000,0.00448541,2025-01-04 12:45:04.538946152,b,l
2224256,2920.39000,0.01626853,2025-01-04 12:46:30.418960571,b,l
2224257,2920.40000,0.15035585,2025-01-04 12:46:30.418960571,b,l
2224258,2918.26000,0.34728733,2025-01-04 12:46:33.258578299,s,m
2224259,2919.61000,0.01968343,2025-01-04 12:47:00.513957262,b,l
2224260,2919.62000,0.04438434,2025-01-04 12:47:00.513957262,b,l
2224261,2919.53000,0.01875042,2025-01-04 12:47:05.437336206,b,l
2224262,2919.54000,0.09987331,2025-01-04 12:47:05.437336206,b,l
2224263,2919.09000,0.30000000,2025-01-04 12:47:45.338459969,s,l
2224264,2920.20000,0.00333279,2025-01-04 12:47:47.978237629,b,l
2224265,2917.17000,0.04226699,2025-01-04 12:48:26.245053291,s,l
2224266,2920.96000,0.09667710,2025-01-04 12:49:29.906785965,s,l
2224267,2922.97000,0.96246553,2025-01-04 12:50:07.596290827,b,l
2224268,2924.86000,0.32160000,2025-01-04 12:52:26.745077133,s,l
2224269,2927.95000,0.00341536,2025-01-04 12:55:36.301048040,b,m
2224270,2929.26000,0.00535474,2025-01-04 12:55:57.430704832,b,l
2224271,2929.90000,0.00631059,2025-01-04 12:56:58.214837551,b,l
2224272,2929.24000,0.05109175,2025-01-04 12:58:37.039880753,b,m
2224273,2928.57000,0.00841040,2025-01-04 13:00:00.057236671,b,l
2224274,2927.12000,0.00913350,2025-01-04 13:00:16.469725370,s,l
2224275,2928.32000,0.00853732,2025-01-04 13:00:36.545894384,b,m
2224276,2926.40000,2.22115910,2025-01-04 13:04:29.521597147,s,l
2224277,2925.40000,0.51309223,2025-01-04 13:04:53.170327663,b,m
2224278,2924.63000,0.03419235,2025-01-04 13:05:53.318386793,s,l
2224279,2924.24000,0.02306000,2025-01-04 13:05:55.911158800,b,l
2224280,2927.13000,0.08049322,2025-01-04 13:10:47.423290968,b,l
2224281,2932.88000,0.00471199,2025-01-04 13:14:18.205915928,b,l
2224282,2933.00000,0.30716200,2025-01-04 13:14:25.782606125,b,l
2224283,2933.00000,0.69283800,2025-01-04 13:14:25.808725834,b,l
2224284,2935.00000,0.00500000,2025-01-04 13:15:25.068613291,b,l
2224285,2937.00000,0.23833844,2025-01-04 13:15:32.195560694,b,m
2224286,2931.79000,0.01571019,2025-01-04 13:16:51.866572618,b,l
2224287,2931.78000,0.01625292,2025-01-04 13:17:40.651231527,s,l
2224288,2932.67000,0.01608123,2025-01-04 13:18:39.341815233,b,l
2224289,2931.42000,0.01406927,2025-01-04 13:19:59.648561716,b,l
2224290,2930.80000,0.00470791,2025-01-04 13:20:41.402881861,b,l
2224291,2931.42000,0.01481622,2025-01-04 13:21:22.802604437,b,l
2224292,2932.61000,0.00604717,2025-01-04 13:24:32.378231764,b,l
2224293,2933.11000,0.51199781,2025-01-04 13:25:47.288152933,b,l
2224294,2931.19000,0.06722745,2025-01-04 13:29:38.666342735,b,l
2224295,2931.00000,0.09085096,2025-01-04 13:30:23.432755470,s,m
2224296,2931.00000,4.90914904,2025-01-04 13:30:35.712303162,s,l
2224297,2926.89000,0.43800000,2025-01-04 13:31:44.289754391,s,l
2224298,2925.87000,0.00033260,2025-01-04 13:36:51.710981846,b,l
2224299,2925.45000,0.05893683,2025-01-04 13:37:25.364394426,s,l
2224300,2925.99000,0.00066735,2025-01-04 13:37:27.707203865,s,l
2224301,2928.88000,0.01250649,2025-01-04 13:41:19.204152822,b,m
2224302,2930.90000,0.00336150,2025-01-04 13:43:02.032856941,b,l
2224303,2931.65000,0.03187922,2025-01-04 13:43:27.202265978,b,l
2224304,2930.56000,0.05521097,2025-01-04 13:45:16.670741320,s,l
2224305,2932.29000,0.01875667,2025-01-04 13:45:22.967195511,b,m
2224306,2933.19000,0.02669800,2025-01-04 13:46:49.764384508,b,l
2224307,2933.29000,1.45407088,2025-01-04 13:46:49.764384508,b,l
2224308,2933.30000,0.60000000,2025-01-04 13:46:49.764384508,b,l
2224309,2933.55000,0.43470900,2025-01-04 13:46:49.764384508,b,l
2224310,2933.57000,0.90569250,2025-01-04 13:46:49.764384508,b,l
2224311,2933.69000,10.43091222,2025-01-04 13:46:49.764384508,b,l
2224312,2933.88000,1.00000000,2025-01-04 13:46:49.764384508,b,l
2224313,2934.10000,0.26131411,2025-01-04 13:46:49.764384508,b,l
2224314,2935.31000,0.02668900,2025-01-04 13:47:54.059706926,b,m
2224315,2935.84000,0.31427445,2025-01-04 13:47:54.059706926,b,m
2224316,2934.12000,0.01400000,2025-01-04 13:50:10.962796926,s,m
2224317,2935.27000,0.02544640,2025-01-04 13:50:14.360650539,b,l
2224318,2935.92000,0.00497386,2025-01-04 13:51:50.972744942,b,l
2224319,2935.80000,0.01677944,2025-01-04 13:52:00.039118528,b,l
2224320,2935.26000,0.05000000,2025-01-04 13:53:14.682522774,s,l
2224321,2936.96000,0.29777702,2025-01-04 13:53:27.429299116,b,l
2224322,2936.97000,0.53079005,2025-01-04 13:53:27.429299116,b,l
2224323,2936.08000,0.00553785,2025-01-04 13:53:46.639934778,s,l
2224324,2937.00000,0.00114724,2025-01-04 13:55:29.033128737,b,l
2224325,2937.00000,0.70183827,2025-01-04 13:55:52.301398039,b,l
2224326,2938.25000,0.01005927,2025-01-04 13:56:14.030342340,b,l
2224327,2937.86000,0.15193308,2025-01-04 13:56:19.794935703,b,m
2224328,2937.87000,0.05910468,2025-01-04 13:56:19.794935703,b,m
2224329,2935.58000,0.12558282,2025-01-04 13:56:54.542331219,s,l
2224330,2937.38000,0.01585775,2025-01-04 13:57:24.471078873,b,l
2224331,2936.39000,0.14524142,2025-01-04 13:58:55.407444239,b,l
2224332,2936.40000,0.17368359,2025-01-04 13:58:55.407444239,b,l
2224333,2935.39000,0.02669000,2025-01-04 13:59:52.547071457,s,l
2224334,2935.39000,0.02024789,2025-01-04 13:59:52.547071457,s,l
2224335,2936.38000,0.00597580,2025-01-04 14:02:28.378715038,b,l
2224336,2936.38000,0.03314385,2025-01-04 14:02:36.763531208,b,l
2224337,2935.38000,1.40921483,2025-01-04 14:03:13.417134762,s,m
2224338,2936.24000,0.00662911,2025-01-04 14:05:42.605539799,b,l
2224339,2937.26000,0.05135793,2025-01-04 14:06:30.388046741,b,l
2224340,2937.25000,0.03404552,2025-01-04 14:06:44.799756050,b,m
2224341,2936.39000,0.00390431,2025-01-04 14:07:18.729134321,b,l
2224342,2935.68000,0.83983930,2025-01-04 14:08:30.991896391,s,l
2224343,2936.90000,0.01656888,2025-01-04 14:08:36.598007202,b,l
2224344,2936.93000,0.00828450,2025-01-04 14:08:42.793896675,b,l
2224345,2936.20000,0.10000000,2025-01-04 14:10:20.056519985,s,l
2224346,2936.78000,0.03234300,2025-01-04 14:10:58.055163383,b,l
2224347,2934.62000,0.34075962,2025-01-04 14:13:29.986446142,b,m
2224348,2934.61000,1.70380391,2025-01-04 14:14:01.189689159,s,l
2224349,2933.95000,2.80000000,2025-01-04 14:14:03.112451553,s,l
2224350,2928.48000,0.00352293,2025-01-04 14:14:50.597573280,s,l
2224351,2928.97000,1.00000000,2025-01-04 14:17:24.720597267,s,l
2224352,2930.33000,0.01620759,2025-01-04 14:18:10.324589491,b,l
2224353,2930.16000,0.00664243,2025-01-04 14:18:20.361952305,b,l
2224354,2930.75000,0.07074325,2025-01-04 14:19:59.759264469,b,l
2224355,2933.19000,0.00829602,2025-01-04 14:20:19.313419342,b,l
2224356,2931.77000,0.00168025,2025-01-04 14:21:15.032890081,b,l
2224357,2932.75000,0.66820049,2025-01-04 14:22:24.606366158,b,l
2224358,2932.43000,0.00421176,2025-01-04 14:22:52.480472803,b,l
2224359,2934.57000,0.02701028,2025-01-04 14:25:25.844541788,s,l
2224360,2933.20000,0.06639684,2025-01-04 14:28:45.133358002,s,l
2224361,2933.21000,0.00082950,2025-01-04 14:28:47.313193798,b,l
2224362,2932.40000,0.16594417,2025-01-04 14:29:23.381439209,b,l
2224363,2932.43000,1.14614573,2025-01-04 14:29:32.722444534,b,m
2224364,2932.44000,2.46247680,2025-01-04 14:29:32.722444534,b,m
2224365,2932.48000,0.02670000,2025-01-04 14:29:34.248714209,b,m
2224366,2932.56000,0.05855047,2025-01-04 14:29:34.248714209,b,m
2224367,2931.68000,0.00715033,2025-01-04 14:29:34.605954647,s,l
2224368,2931.68000,0.07977573,2025-01-04 14:31:57.732739687,b,l
2224369,2932.07000,0.05242325,2025-01-04 14:32:11.761922836,b,l
2224370,2932.46000,0.11558519,2025-01-04 14:32:11.761922836,b,l
2224371,2932.39000,0.18570712,2025-01-04 14:33:58.485604525,s,l
2224372,2933.51000,0.00071872,2025-01-04 14:34:13.149949074,b,l
2224373,2933.89000,0.00600023,2025-01-04 14:34:43.721563339,s,l
2224374,2934.02000,0.33170735,2025-01-04 14:34:47.376702070,b,l
2224375,2934.12000,0.03528033,2025-01-04 14:36:32.456198454,b,l
2224376,2935.67000,0.04144110,2025-01-04 14:37:07.602769852,b,l
2224377,2935.16000,0.03141141,2025-01-04 14:37:13.867877722,s,m
2224378,2935.82000,0.00250009,2025-01-04 14:38:09.076081276,b,l
2224379,2935.15000,0.00272559,2025-01-04 14:39:35.109194994,s,l
2224380,2931.01000,0.00634932,2025-01-04 14:45:19.223018408,b,l
2224381,2931.00000,0.03505629,2025-01-04 14:46:10.153109789,s,l
2224382,2931.31000,0.08078877,2025-01-04 14:47:10.932291031,b,l
2224383,2931.01000,0.00830120,2025-01-04 14:51:12.690576315,b,l
2224384,2931.01000,0.08292704,2025-01-04 14:51:25.814698458,b,l
2224385,2931.01000,0.00314961,2025-01-04 14:52:02.977571011,b,l
2224386,2931.00000,0.05023883,2025-01-04 14:52:11.402541637,s,l
2224387,2931.00000,0.02197202,2025-01-04 14:52:11.402541637,s,l
2224388,2931.00000,0.03411804,2025-01-04 14:52:11.402541637,s,l
2224389,2927.49000,0.02237903,2025-01-04 14:52:20.945877552,s,l
2224390,2927.76000,0.61552339,2025-01-04 14:53:16.831762552,s,l
2224391,2929.37000,0.00664463,2025-01-04 14:54:47.484298468,b,l
2224392,2930.17000,0.03321704,2025-01-04 14:55:17.769307852,b,l
2224393,2930.33000,0.00332931,2025-01-04 15:00:38.512841463,b,l
2224394,2928.20000,0.01665761,2025-01-04 15:02:26.130848646,b,l
2224395,2929.69000,0.03715450,2025-01-04 15:03:47.683370352,b,l
2224396,2929.19000,0.04705238,2025-01-04 15:04:18.561556578,b,l
2224397,2928.88000,0.03355552,2025-01-04 15:04:43.859250307,b,l
2224398,2930.34000,0.02555399,2025-01-04 15:11:20.632433414,b,l
2224399,2931.89000,0.09624045,2025-01-04 15:12:09.116616964,b,l
2224400,2931.90000,0.00595367,2025-01-04 15:12:09.116616964,b,l
2224401,2934.23000,0.00170402,2025-01-04 15:14:12.053251266,b,m
2224402,2934.12000,0.10669017,2025-01-04 15:16:04.599326611,b,l
2224403,2934.12000,0.20974983,2025-01-04 15:16:44.303505182,b,l
2224404,2935.89000,0.17456495,2025-01-04 15:17:25.836281538,s,l
2224405,2940.00000,0.07180000,2025-01-04 15:18:01.124965191,b,l
2224406,2941.70000,0.01105457,2025-01-04 15:18:10.945008993,b,l
2224407,2944.00000,0.01000000,2025-01-04 15:18:17.042608261,b,l
2224408,2946.21000,0.17211353,2025-01-04 15:19:19.482450724,b,m
2224409,2944.34000,0.01723646,2025-01-04 15:19:29.367115498,s,l
2224410,2946.13000,0.00788703,2025-01-04 15:19:29.727042198,b,l
2224411,2944.64000,0.01880000,2025-01-04 15:19:38.296407461,s,l
2224412,2943.96000,0.06851889,2025-01-04 15:20:59.311033010,b,l
2224413,2942.25000,0.52262742,2025-01-04 15:21:31.712158442,s,l
2224414,2944.05000,0.02764955,2025-01-04 15:21:58.639701366,s,l
2224415,2943.97000,0.00658941,2025-01-04 15:22:20.219097376,s,l
2224416,2944.96000,0.01266406,2025-01-04 15:22:22.619250774,b,l
2224417,2944.53000,0.13378798,2025-01-04 15:22:32.183311462,b,l
2224418,2946.02000,0.00066885,2025-01-04 15:22:50.042515039,b,l
2224419,2934.90000,0.02231181,2025-01-04 15:26:12.460223913,b,l
2224420,2934.89000,0.02139644,2025-01-04 15:26:14.962582827,s,l
2224421,2923.74000,0.02148706,2025-01-04 15:28:13.488691807,s,m
2224422,2922.39000,0.02675900,2025-01-04 15:28:13.488691807,s,m
2224423,2920.05000,1.57498260,2025-01-04 15:28:13.488691807,s,m
2224424,2919.71000,0.00858437,2025-01-04 15:28:13.488691807,s,m
2224425,2919.17000,0.46004686,2025-01-04 15:28:13.488691807,s,m
2224426,2929.18000,0.00666086,2025-01-04 15:29:41.092527390,b,l
2224427,2925.89000,0.03222750,2025-01-04 15:30:30.279707193,b,l
2224428,2918.92000,0.01858645,2025-01-04 15:32:17.298410177,b,l
2224429,2920.92000,0.42794736,2025-01-04 15:33:58.523484707,b,m
2224430,2920.83000,0.00505963,2025-01-04 15:34:00.032037496,b,l
2224431,2916.11000,0.05019450,2025-01-04 15:34:49.590680599,s,l
2224432,2916.10000,0.00336440,2025-01-04 15:35:03.356312037,s,l
2224433,2915.46000,0.07658139,2025-01-04 15:35:03.356312037,s,l
2224434,2909.17000,0.00400000,2025-01-04 15:37:57.104834557,s,l
2224435,2909.11000,0.02307000,2025-01-04 15:37:57.104834557,s,l
2224436,2909.29000,0.18108362,2025-01-04 15:38:48.574238300,s,m
2224437,2910.00000,0.17211353,2025-01-04 15:39:07.116305828,b,l
2224438,2910.09000,0.00592443,2025-01-04 15:40:00.062739134,s,l
2224439,2911.10000,0.00033512,2025-01-04 15:40:30.667098761,b,l
2224440,2910.00000,0.00859106,2025-01-04 15:40:40.669733047,s,l
2224441,2906.47000,0.06779367,2025-01-04 15:41:07.543804646,b,l
2224442,2905.32000,0.00640242,2025-01-04 15:42:05.380583286,b,l
2224443,2902.15000,0.00637301,2025-01-04 15:42:44.347623110,b,l
2224444,2902.19000,0.87000000,2025-01-04 15:43:33.667825460,b,l
2224445,2907.49000,0.01822878,2025-01-04 15:46:32.739363670,b,m
2224446,2907.70000,0.12782500,2025-01-04 15:46:54.393565655,s,l
2224447,2907.06000,0.33552974,2025-01-04 15:47:15.935399055,b,l
2224448,2908.48000,0.42977775,2025-01-04 15:47:36.165643930,b,m
2224449,2901.23000,0.01720729,2025-01-04 15:48:34.579487324,s,l
2224450,2901.25000,0.00690000,2025-01-04 15:48:34.882188320,s,m
2224451,2901.00000,1.44692175,2025-01-04 15:48:40.803367376,s,l
2224452,2899.11000,0.00120844,2025-01-04 15:48:56.513036728,b,l
2224453,2897.63000,0.01017551,2025-01-04 15:48:56.513159751,s,m
2224454,2900.01000,0.22595010,2025-01-04 15:49:35.007042885,b,l
2224455,2901.47000,0.03354170,2025-01-04 15:49:59.958519936,b,l
2224456,2898.94000,0.01293106,2025-01-04 15:50:59.828787088,b,l
2224457,2904.16000,0.00636362,2025-01-04 15:52:25.211431503,b,l
2224458,2904.29000,0.02512692,2025-01-04 15:52:55.602357388,b,l
2224459,2905.53000,0.00067817,2025-01-04 15:53:24.037528038,b,l
2224460,2907.88000,0.16099270,2025-01-04 15:53:55.818125486,b,l
2224461,2908.10000,0.16773314,2025-01-04 15:54:41.273807526,b,l
2224462,2905.47000,0.00952556,2025-01-04 15:55:34.082664251,s,l
2224463,2907.50000,0.00067771,2025-01-04 15:55:54.040955544,b,l
2224464,2906.32000,0.26246187,2025-01-04 15:56:44.501054287,s,l
2224465,2907.74000,0.00285445,2025-01-04 15:57:40.224262953,b,m
2224466,2907.51000,0.03356279,2025-01-04 15:59:06.071909189,b,l
2224467,2907.53000,0.00637300,2025-01-04 16:00:05.089494705,b,l
2224468,2912.30000,0.68728522,2025-01-04 16:01:32.692181110,b,m
2224469,2914.87000,0.17153424,2025-01-04 16:02:42.868015051,b,m
2224470,2913.72000,0.16741538,2025-01-04 16:03:39.174130917,b,l
2224471,2913.31000,0.78977540,2025-01-04 16:04:06.048428535,b,m
2224472,2905.40000,0.00250174,2025-01-04 16:06:46.469944000,b,l
2224473,2906.84000,0.36918302,2025-01-04 16:09:37.170432806,b,l
2224474,2909.12000,0.00033867,2025-01-04 16:10:22.032958745,b,l
2224475,2912.35000,1.57818952,2025-01-04 16:13:07.433898926,b,l
2224476,2912.36000,0.40000000,2025-01-04 16:13:07.433898926,b,l
2224477,2912.38000,0.90569250,2025-01-04 16:13:07.433898926,b,l
2224478,2912.40000,5.57285876,2025-01-04 16:13:07.433898926,b,l
2224479,2915.24000,0.79622771,2025-01-04 16:16:57.764775038,s,l
2224480,2918.84000,0.00803680,2025-01-04 16:17:41.617179155,b,l
2224481,2919.90000,1.57528319,2025-01-04 16:17:46.142062187,b,l
2224482,2920.15000,0.02677000,2025-01-04 16:17:46.142062426,b,l
2224483,2918.84000,0.08332985,2025-01-04 16:18:40.794337273,b,l
2224484,2918.83000,0.13361518,2025-01-04 16:18:52.171227694,s,l
2224485,2917.70000,0.50026867,2025-01-04 16:19:28.269687176,b,l
2224486,2916.22000,0.03770255,2025-01-04 16:20:13.503651619,s,l
2224487,2916.20000,0.02679000,2025-01-04 16:20:27.405238390,s,l
2224488,2915.85000,0.01768638,2025-01-04 16:20:27.405238390,s,l
2224489,2913.87000,0.01758600,2025-01-04 16:20:49.268497944,s,l
2224490,2914.83000,0.00669393,2025-01-04 16:21:29.934028625,b,l
2224491,2921.16000,0.03500389,2025-01-04 16:25:47.364551783,b,m
2224492,2921.52000,0.00599542,2025-01-04 16:27:24.071802616,b,l
2224493,2918.48000,0.74158179,2025-01-04 16:28:33.920442104,b,l
2224494,2918.49000,0.43470900,2025-01-04 16:28:33.920442104,b,l
2224495,2918.50000,0.53683831,2025-01-04 16:28:33.920442104,b,l
2224496,2917.05000,1.57624756,2025-01-04 16:30:56.093247175,s,l
2224497,2917.04000,2.81435172,2025-01-04 16:30:56.093247175,s,l
2224498,2912.78000,0.56477711,2025-01-04 16:32:01.015331030,s,l
2224499,2912.14000,0.48658520,2025-01-04 16:33:56.362441778,b,l
2224500,2912.13000,0.17169563,2025-01-04 16:34:41.995401859,s,l
2224501,2911.31000,0.03217058,2025-01-04 16:37:33.075325727,b,l
2224502,2911.31000,1.58982942,2025-01-04 16:37:44.931635141,b,l
2224503,2915.98000,0.00033787,2025-01-04 16:38:20.034675360,b,l
2224504,2915.94000,0.00281154,2025-01-04 16:39:46.105795383,s,l
2224505,2917.88000,0.00856786,2025-01-04 16:39:47.455607414,b,m
2224506,2918.63000,0.00316282,2025-01-04 16:42:19.081927299,b,l
2224507,2913.76000,0.27645600,2025-01-04 16:43:26.783822536,s,m
2224508,2913.93000,0.26150000,2025-01-04 16:43:49.225364208,s,l
2224509,2914.53000,0.00666763,2025-01-04 16:44:37.607199907,s,l
2224510,2915.43000,0.00334622,2025-01-04 16:45:59.167909145,b,l
2224511,2914.97000,0.01924464,2025-01-04 16:46:28.187480688,b,l
2224512,2914.96000,0.06000000,2025-01-04 16:46:43.246987104,s,m
2224513,2917.87000,0.00844127,2025-01-04 16:50:29.137701750,b,l
2224514,2917.99000,0.05064522,2025-01-04 16:51:43.094109058,b,l
2224515,2919.33000,0.27563174,2025-01-04 16:52:48.332205057,b,m
2224516,2919.82000,0.00038672,2025-01-04 16:53:21.384335041,b,l
2224517,2918.78000,0.01760171,2025-01-04 16:53:40.194842339,s,l
2224518,2920.09000,0.07449300,2025-01-04 16:55:27.740688801,s,l
2224519,2919.12000,1.84672495,2025-01-04 16:56:05.240999937,s,l
2224520,2919.39000,0.02676800,2025-01-04 16:56:27.456789255,s,m
2224521,2918.90000,0.14498688,2025-01-04 16:56:27.456789255,s,m
2224522,2918.91000,0.02677000,2025-01-04 16:56:38.119157314,s,m
2224523,2918.77000,0.00274089,2025-01-04 16:56:38.119157314,s,m
2224524,2918.64000,0.00608911,2025-01-04 16:56:38.119157553,s,m
2224525,2918.14000,1.57412064,2025-01-04 16:57:04.847406864,s,l
2224526,2918.13000,6.89826518,2025-01-04 16:57:04.847406864,s,l
2224527,2918.13000,1.52761418,2025-01-04 16:57:04.847407103,s,l
2224528,2918.88000,0.01667139,2025-01-04 16:57:54.599678993,b,l
2224529,2918.88000,0.01009761,2025-01-04 16:58:53.377683640,b,m
2224530,2918.88000,0.02510901,2025-01-04 16:58:53.377683640,b,m
2224531,2918.87000,0.03414448,2025-01-04 16:59:30.190153599,s,l
2224532,2919.89000,0.04723811,2025-01-04 17:00:39.441847801,b,l
2224533,2919.31000,0.30397056,2025-01-04 17:02:00.268543243,s,l
2224534,2918.88000,0.03425972,2025-01-04 17:03:47.200988770,b,m
2224535,2923.50000,0.00033700,2025-01-04 17:06:03.032956600,b,l
2224536,2925.48000,0.00937745,2025-01-04 17:08:20.301743984,b,l
2224537,2925.05000,0.08420497,2025-01-04 17:09:14.851426125,b,l
2224538,2925.01000,1.37762977,2025-01-04 17:09:26.305429220,b,l
2224539,2925.02000,0.90569250,2025-01-04 17:09:26.305429220,b,l
2224540,2925.04000,0.10792024,2025-01-04 17:09:59.105479717,s,l
2224541,2922.03000,0.32301011,2025-01-04 17:10:42.302310705,b,l
2224542,2921.20000,0.02675900,2025-01-04 17:10:49.483410597,s,l
2224543,2921.10000,0.00813283,2025-01-04 17:10:49.483410597,s,l
2224544,2921.15000,0.02445697,2025-01-04 17:11:11.976516008,s,l
2224545,2920.51000,0.01247388,2025-01-04 17:12:23.374275446,s,m
2224546,2921.46000,0.00855737,2025-01-04 17:12:45.883898973,b,m
2224547,2923.81000,0.00033697,2025-01-04 17:13:02.037739038,b,l
2224548,2921.76000,0.04122299,2025-01-04 17:15:19.774502516,s,l
2224549,2920.91000,0.90569250,2025-01-04 17:16:27.171651363,s,l
2224550,2920.90000,1.37566895,2025-01-04 17:16:27.171651363,s,l
2224551,2924.28000,0.41598678,2025-01-04 17:17:47.733206034,b,l
2224552,2921.93000,0.09342587,2025-01-04 17:17:50.337037563,s,l
2224553,2923.74000,0.05130415,2025-01-04 17:18:05.712231159,b,m
2224554,2922.85000,0.02460446,2025-01-04 17:18:40.525194167,s,l
2224555,2922.00000,0.00099917,2025-01-04 17:25:38.054240704,b,l
2224556,2921.29000,0.08431392,2025-01-04 17:26:08.918921232,b,l
2224557,2922.79000,0.16650004,2025-01-04 17:27:17.499671221,b,l
2224558,2921.43000,0.01382682,2025-01-04 17:28:14.075746059,b,l
2224559,2919.00000,0.17129153,2025-01-04 17:30:05.413242579,s,m
2224560,2918.87000,0.02870847,2025-01-04 17:30:05.413242579,s,m
2224561,2918.87000,0.00555136,2025-01-04 17:30:39.033476353,s,l
2224562,2918.87000,0.01451377,2025-01-04 17:30:39.033476353,s,l
2224563,2918.57000,0.03201204,2025-01-04 17:31:06.142088413,b,l
2224564,2920.60000,0.03423954,2025-01-04 17:33:05.519412041,b,m
2224565,2920.49000,0.00783164,2025-01-04 17:33:06.995684147,b,l
2224566,2923.06000,0.11620176,2025-01-04 17:33:44.847854376,b,l
2224567,2921.50000,0.17904331,2025-01-04 17:34:11.225950718,s,l
2224568,2923.37000,0.02548345,2025-01-04 17:34:35.868803978,s,l
2224569,2924.47000,0.04928632,2025-01-04 17:34:40.918883085,b,l
2224570,2924.88000,0.16637082,2025-01-04 17:34:49.575101376,b,l
2224571,2924.80000,0.00998225,2025-01-04 17:35:17.533944368,b,l
2224572,2923.06000,1.17740182,2025-01-04 17:35:35.888219357,s,l
2224573,2924.53000,0.02394696,2025-01-04 17:36:34.200826645,b,l
2224574,2923.67000,0.06739392,2025-01-04 17:36:49.718309402,b,l
2224575,2923.60000,0.00421237,2025-01-04 17:36:53.472308874,b,l
2224576,2921.75000,0.05796358,2025-01-04 17:37:21.071183681,s,l
2224577,2920.08000,0.00633259,2025-01-04 17:38:32.949632645,b,l
2224578,2920.26000,0.02416450,2025-01-04 17:38:52.366898537,b,l
2224579,2920.24000,0.00803278,2025-01-04 17:38:55.308377504,b,l
2224580,2921.16000,0.05240942,2025-01-04 17:39:50.411053419,s,l
2224581,2921.89000,0.00312165,2025-01-04 17:45:39.514907837,b,l
2224582,2919.87000,0.08563282,2025-01-04 17:46:09.593424320,s,m
2224583,2921.44000,0.01488374,2025-01-04 17:48:38.250100374,s,l
2224584,2924.24000,0.06656674,2025-01-04 17:50:42.362946033,b,l
2224585,2923.38000,0.00768343,2025-01-04 17:51:09.478910685,b,m
2224586,2922.81000,0.00039343,2025-01-04 17:51:30.324429035,s,l
2224587,2924.64000,0.22100000,2025-01-04 17:54:15.473021030,s,m
2224588,2925.42000,0.03326927,2025-01-04 17:55:42.544071913,b,l
2224589,2925.83000,0.27574036,2025-01-04 17:58:06.845637321,s,l
2224590,2925.86000,0.35000001,2025-01-04 17:58:15.591426611,s,l
2224591,2925.67000,0.02674500,2025-01-04 17:58:44.200231552,s,l
2224592,2925.60000,0.00062641,2025-01-04 17:58:44.200231552,s,l
2224593,2925.87000,0.03036713,2025-01-04 17:59:24.598868608,b,l
2224594,2926.35000,0.00341723,2025-01-04 17:59:48.164733410,b,m
2224595,2923.83000,0.27573884,2025-01-04 18:01:52.780470848,s,l
2224596,2923.96000,0.09307337,2025-01-04 18:02:02.904622316,s,l
2224597,2925.82000,0.00738067,2025-01-04 18:02:40.060468674,s,m
2224598,2926.98000,0.09265561,2025-01-04 18:04:36.112779856,b,l
2224599,2930.47000,0.03275589,2025-01-04 18:05:19.366966248,s,l
2224600,2932.36000,0.00166352,2025-01-04 18:05:37.927119732,b,l
2224601,2931.38000,0.00633331,2025-01-04 18:06:02.278709650,b,l
2224602,2931.09000,0.02255768,2025-01-04 18:06:07.911689281,b,l
2224603,2930.99000,0.03328000,2025-01-04 18:06:11.696650982,b,l
2224604,2931.98000,0.13783085,2025-01-04 18:07:19.322606325,s,l
2224605,2932.15000,0.08500000,2025-01-04 18:07:27.312935352,s,l
2224606,2931.70000,0.03896760,2025-01-04 18:07:58.200994730,s,l
2224607,2934.84000,1.56927732,2025-01-04 18:08:44.482632160,b,l
2224608,2934.85000,10.42582005,2025-01-04 18:08:44.482632160,b,l
2224609,2934.85000,5.62445555,2025-01-04 18:08:44.482632160,b,l
2224610,2934.87000,0.02670500,2025-01-04 18:08:44.482632160,b,l
2224611,2934.91000,0.90569250,2025-01-04 18:08:44.482632160,b,l
2224612,2934.93000,0.43470900,2025-01-04 18:08:44.482632160,b,l
2224613,2935.22000,0.95186313,2025-01-04 18:08:44.482632160,b,l
2224614,2933.02000,0.52417513,2025-01-04 18:09:20.633986950,s,l
2224615,2932.63000,0.03409909,2025-01-04 18:09:41.202338219,b,m
2224616,2931.66000,0.16638977,2025-01-04 18:11:19.844596148,b,l
2224617,2929.65000,1.00955685,2025-01-04 18:11:28.204379559,s,m
2224618,2931.03000,0.00166413,2025-01-04 18:11:33.997447014,b,l
2224619,2929.53000,0.00315118,2025-01-04 18:12:13.282215834,b,l
2224620,2931.42000,0.02555704,2025-01-04 18:13:12.372203588,b,l
2224621,2931.14000,0.00835138,2025-01-04 18:15:29.042661190,s,m
2224622,2931.41000,0.00033609,2025-01-04 18:15:40.032680750,b,l
2224623,2930.80000,0.03353228,2025-01-04 18:15:55.036238194,b,l
2224624,2931.87000,0.00166397,2025-01-04 18:19:44.957246780,b,l
2224625,2932.62000,0.32006208,2025-01-04 18:20:07.229337215,b,l
2224626,2930.50000,0.00699551,2025-01-04 18:20:41.562854052,s,l
2224627,2930.81000,0.00477670,2025-01-04 18:20:53.198971748,b,l
2224628,2930.42000,0.12455552,2025-01-04 18:26:09.033836365,b,m
2224629,2930.74000,0.13648430,2025-01-04 18:26:29.819552422,b,m
2224630,2931.88000,0.01624673,2025-01-04 18:26:34.289543390,b,l
2224631,2930.49000,0.02554797,2025-01-04 18:26:55.857461452,b,l
2224632,2930.83000,0.00300000,2025-01-04 18:30:51.612102747,s,l
2224633,2930.41000,0.83947297,2025-01-04 18:30:52.657398462,s,l
2224634,2929.25000,0.04267303,2025-01-04 18:30:58.100404501,s,l
2224635,2923.44000,0.00972477,2025-01-04 18:33:45.542790413,b,m
2224636,2924.96000,0.03335213,2025-01-04 18:35:16.763011694,b,l
2224637,2925.00000,0.02674600,2025-01-04 18:35:23.228972912,b,l
2224638,2925.15000,0.00848160,2025-01-04 18:35:23.228972912,b,l
2224639,2924.28000,0.01167572,2025-01-04 18:38:49.844822884,b,l
2224640,2924.13000,0.03225702,2025-01-04 18:38:53.206112385,b,l
2224641,2923.52000,0.01008446,2025-01-04 18:39:01.536233902,b,l
2224642,2922.83000,0.33053061,2025-01-04 18:39:14.911541224,s,l
2224643,2926.17000,0.00329408,2025-01-04 18:42:22.248126268,b,l
2224644,2923.64000,0.02585000,2025-01-04 18:45:15.144368887,s,l
2224645,2922.32000,0.01469286,2025-01-04 18:46:05.942851782,b,l
2224646,2921.50000,0.01451880,2025-01-04 18:46:31.506885290,b,l
2224647,2920.62000,0.00329408,2025-01-04 18:46:48.046445847,s,l
2224648,2919.17000,0.00200000,2025-01-04 18:48:04.120830297,s,l
2224649,2917.73000,0.00313976,2025-01-04 18:50:22.769606113,b,l
2224650,2917.73000,0.03145927,2025-01-04 18:50:40.106731415,b,l
2224651,2921.66000,0.00504571,2025-01-04 18:51:01.663938761,b,l
2224652,2920.71000,0.19280174,2025-01-04 18:52:17.288155556,s,l
2224653,2920.72000,0.01052913,2025-01-04 18:52:34.462836981,s,l
2224654,2921.55000,0.90569250,2025-01-04 18:53:14.632642031,b,l
2224655,2921.56000,0.09632557,2025-01-04 18:53:14.632642031,b,l
2224656,2921.35000,0.02101160,2025-01-04 18:53:45.915112257,b,l
2224657,2921.83000,0.00312828,2025-01-04 18:55:11.307789087,b,l
2224658,2921.08000,0.30516386,2025-01-04 18:55:21.437261343,s,l
2224659,2921.07000,0.94536847,2025-01-04 18:55:21.437261343,s,l
2224660,2920.76000,0.01260883,2025-01-04 18:55:52.489085674,s,l
2224661,2921.24000,0.00561434,2025-01-04 18:57:39.314400196,s,l
2224662,2921.92000,0.03339185,2025-01-04 18:58:24.400909185,b,l
2224663,2921.97000,0.27674433,2025-01-04 18:58:47.724442959,b,l
2224664,2920.44000,0.01780821,2025-01-04 19:02:10.871644258,s,l
2224665,2920.38000,0.06421496,2025-01-04 19:04:14.597604752,b,l
2224666,2920.79000,0.00317366,2025-01-04 19:04:23.641638517,b,l
2224667,2920.75000,0.32141541,2025-01-04 19:04:24.400440693,b,l
2224668,2921.70000,0.16693127,2025-01-04 19:05:19.688500881,b,l
2224669,2921.42000,0.01686203,2025-01-04 19:06:35.031614064,b,l
2224670,2920.75000,0.00067464,2025-01-04 19:07:39.032933711,b,l
2224671,2924.56000,0.00673757,2025-01-04 19:09:56.034785748,b,l
2224672,2923.92000,0.09641322,2025-01-04 19:09:59.512490749,s,m
2224673,2923.96000,0.00169304,2025-01-04 19:10:03.182837248,s,m
2224674,2925.35000,0.03997470,2025-01-04 19:13:27.687755108,b,m
2224675,2923.08000,0.01101627,2025-01-04 19:14:03.110679626,s,l
2224676,2925.84000,0.01007681,2025-01-04 19:22:52.796128035,b,l
2224677,2926.36000,0.00154415,2025-01-04 19:24:03.465306282,b,l
2224678,2926.17000,0.01000208,2025-01-04 19:24:07.386779547,b,l
2224679,2925.87000,0.00633532,2025-01-04 19:25:01.667551517,b,l
2224680,2927.38000,0.03224545,2025-01-04 19:27:20.731135845,b,l
2224681,2926.43000,0.10210393,2025-01-04 19:28:00.683849096,b,m
2224682,2925.89000,0.16776000,2025-01-04 19:28:56.565483093,s,m
2224683,2925.86000,0.00273424,2025-01-04 19:29:32.840261459,s,l
2224684,2925.66000,0.02674300,2025-01-04 19:29:32.840261459,s,l
2224685,2924.85000,0.47940157,2025-01-04 19:29:32.840261459,s,l
2224686,2924.84000,0.25630283,2025-01-04 19:29:32.840261459,s,l
2224687,2924.54000,0.01751246,2025-01-04 19:29:34.433769226,s,l
2224688,2925.29000,0.00500287,2025-01-04 19:29:56.686196089,b,l
2224689,2926.87000,0.00333371,2025-01-04 19:30:42.149322987,b,l
2224690,2928.47000,0.07356077,2025-01-04 19:31:34.107913017,b,l
2224691,2929.46000,0.16652041,2025-01-04 19:35:28.814480782,b,l
2224692,2927.39000,0.03416012,2025-01-04 19:36:42.521229267,b,m
2224693,2927.77000,0.01666131,2025-01-04 19:38:26.344018698,b,l
2224694,2927.63000,0.02673400,2025-01-04 19:38:48.546655416,s,l
2224695,2927.55000,0.01527879,2025-01-04 19:38:48.546655416,s,l
2224696,2924.39000,0.01667971,2025-01-04 19:43:04.580789089,b,l
2224697,2923.20000,0.06881163,2025-01-04 19:43:59.342852354,s,l
2224698,2922.93000,0.03337769,2025-01-04 19:46:08.223235607,b,l
2224699,2923.30000,0.00800000,2025-01-04 19:46:35.776781321,s,l
2224700,2923.25000,0.23228516,2025-01-04 19:46:51.845565796,s,l
2224701,2923.24000,0.04257200,2025-01-04 19:46:51.845565796,s,l
2224702,2924.50000,0.01668165,2025-01-04 19:49:32.310840607,b,l
2224703,2924.41000,0.00333613,2025-01-04 19:49:40.887159586,b,l
2224704,2925.01000,0.05052332,2025-01-04 19:50:17.882621527,b,l
2224705,2924.95000,0.07519020,2025-01-04 19:50:43.936116695,s,l
2224706,2926.22000,0.01343372,2025-01-04 19:54:44.962455511,b,l
2224707,2926.06000,0.00638095,2025-01-04 19:56:12.470216990,b,l
2224708,2925.97000,0.03417658,2025-01-04 19:58:10.611830473,b,l
2224709,2925.41000,0.02674300,2025-01-04 19:59:13.557698965,b,m
2224710,2925.45000,0.48599900,2025-01-04 19:59:13.557698965,b,m
2224711,2929.05000,0.04680159,2025-01-04 20:00:33.907820463,b,l
2224712,2928.71000,0.06828945,2025-01-04 20:03:33.244243145,b,m
2224713,2928.63000,0.03465558,2025-01-04 20:03:36.325654745,b,l
2224714,2928.59000,0.00732973,2025-01-04 20:03:37.320481777,b,l
2224715,2926.97000,0.03546326,2025-01-04 20:05:00.401840448,b,l
2224716,2927.51000,0.01666222,2025-01-04 20:05:09.998616457,b,l
2224717,2927.62000,0.18940000,2025-01-04 20:07:25.859179974,b,l
2224718,2928.63000,0.00232743,2025-01-04 20:09:05.347103596,s,l
2224719,2929.74000,0.02819207,2025-01-04 20:09:31.915313721,s,m
2224720,2931.16000,0.10200740,2025-01-04 20:10:47.736886740,b,m
2224721,2932.88000,0.03673619,2025-01-04 20:11:56.243781567,b,l
2224722,2932.06000,0.00180000,2025-01-04 20:15:53.201437473,b,l
2224723,2931.95000,0.32476291,2025-01-04 20:17:30.104140043,b,l
2224724,2934.00000,0.34083162,2025-01-04 20:19:09.103326797,b,l
2224725,2934.00000,0.18428746,2025-01-04 20:19:09.103326797,b,l
2224726,2935.83000,0.35000000,2025-01-04 20:20:03.712188244,s,l
2224727,2935.84000,0.09237598,2025-01-04 20:20:18.045274496,b,l
2224728,2939.30000,0.01604420,2025-01-04 20:20:32.463273048,b,l
2224729,2938.32000,0.05626999,2025-01-04 20:21:09.588571072,b,l
2224730,2937.85000,0.12776411,2025-01-04 20:24:21.354701519,b,l
2224731,2936.44000,0.00235208,2025-01-04 20:24:52.878964186,b,l
2224732,2935.47000,0.20000000,2025-01-04 20:25:42.639651060,s,l
2224733,2937.14000,0.03321892,2025-01-04 20:26:45.814281940,b,l
2224734,2937.89000,0.00033535,2025-01-04 20:29:56.031420708,b,l
2224735,2937.35000,0.51066611,2025-01-04 20:33:25.419972420,b,l
2224736,2937.25000,0.01660754,2025-01-04 20:36:13.288484335,b,l
2224737,2937.41000,0.05106192,2025-01-04 20:37:56.399201870,b,l
2224738,2941.29000,0.03840438,2025-01-04 20:41:30.494904518,b,l
2224739,2943.19000,0.00409390,2025-01-04 20:42:13.552103758,b,l
2224740,2944.73000,0.09209708,2025-01-04 20:43:22.335349560,b,l
2224741,2948.08000,0.02415979,2025-01-04 20:43:31.374044180,s,l
2224742,2949.53000,0.16659846,2025-01-04 20:44:56.768420219,b,l
2224743,2950.00000,1.00000000,2025-01-04 20:46:06.813654184,b,l
2224744,2950.00000,0.00461859,2025-01-04 20:46:06.813654184,b,l
2224745,2953.42000,0.00690000,2025-01-04 20:46:07.186805964,b,m
2224746,2952.89000,0.17084810,2025-01-04 20:49:12.168593168,s,m
2224747,2952.83000,0.32476000,2025-01-04 20:49:50.553662777,s,l
2224748,2946.59000,0.61286000,2025-01-04 20:50:44.133033276,s,l
2224749,2946.59000,0.00769000,2025-01-04 20:51:12.443534374,s,m
2224750,2944.64000,0.02665700,2025-01-04 20:51:12.443534374,s,m
2224751,2943.39000,0.40823029,2025-01-04 20:51:12.443534374,s,m
2224752,2945.09000,0.02275652,2025-01-04 20:51:19.297807217,b,m
2224753,2944.42000,0.02665300,2025-01-04 20:51:35.949773788,b,l
2224754,2944.65000,0.22184439,2025-01-04 20:51:35.949773788,b,l
2224755,2948.61000,0.02499816,2025-01-04 20:56:47.580439329,b,l
2224756,2947.35000,0.04493000,2025-01-04 20:56:59.262910128,s,l
2224757,2946.75000,0.04806369,2025-01-04 20:57:56.168774366,b,l
2224758,2946.77000,0.00629022,2025-01-04 20:57:56.928239107,b,l
2224759,2946.68000,0.08484125,2025-01-04 20:58:01.657772303,b,m
2224760,2949.37000,0.30952090,2025-01-04 20:59:17.756922245,b,l
2224761,2949.59000,0.00333333,2025-01-04 20:59:29.782704353,b,l
2224762,2948.14000,0.03229543,2025-01-04 21:01:33.336405277,b,l
2224763,2953.52000,0.04795742,2025-01-04 21:06:02.429872274,b,l
2224764,2950.00000,0.00826810,2025-01-04 21:08:09.378878117,b,l
2224765,2949.37000,0.03184987,2025-01-04 21:08:14.667783022,s,l
2224766,2948.67000,0.16472198,2025-01-04 21:08:26.229189396,s,l
2224767,2948.67000,0.11137555,2025-01-04 21:08:50.317853212,b,l
2224768,2948.85000,0.00496196,2025-01-04 21:09:09.713597775,b,l
2224769,2948.67000,0.00406963,2025-01-04 21:09:26.203109980,b,l
2224770,2948.66000,0.05604995,2025-01-04 21:09:34.313187122,s,l
2224771,2948.61000,0.02664200,2025-01-04 21:11:52.262427807,b,l
2224772,2949.81000,0.10160155,2025-01-04 21:12:02.049537659,s,l
2224773,2947.72000,0.22390658,2025-01-04 21:14:55.405831099,s,l
2224774,2947.75000,0.01736959,2025-01-04 21:15:10.255020142,s,l
2224775,2947.89000,0.00954069,2025-01-04 21:15:24.509016037,b,l
2224776,2946.53000,0.13575290,2025-01-04 21:16:02.695839405,s,m
2224777,2946.37000,0.02665000,2025-01-04 21:16:02.695839405,s,m
2224778,2946.13000,0.51636161,2025-01-04 21:16:02.695839643,s,m
2224779,2953.64000,0.01651555,2025-01-04 21:18:01.346398830,b,l
2224780,2953.64000,0.00312553,2025-01-04 21:18:01.927266121,b,l
2224781,2952.85000,0.01593247,2025-01-04 21:19:47.419688940,b,l
2224782,2950.59000,0.68757255,2025-01-04 21:20:11.177757025,s,l
2224783,2953.64000,0.07217816,2025-01-04 21:22:40.957374096,b,l
2224784,2954.43000,0.00757889,2025-01-04 21:22:46.083915710,b,m
2224785,2956.15000,0.00200000,2025-01-04 21:22:46.083915710,b,m
2224786,2956.37000,0.02425150,2025-01-04 21:22:46.083915710,b,m
2224787,2957.07000,0.00626880,2025-01-04 21:23:10.947974920,b,l
2224788,2956.03000,0.00200000,2025-01-04 21:24:30.113364458,b,m
2224789,2954.75000,0.01912148,2025-01-04 21:24:53.319830179,b,l
2224790,2954.25000,0.00677187,2025-01-04 21:25:17.651161909,b,m
2224791,2954.16000,0.03169655,2025-01-04 21:25:35.712778568,b,l
2224792,2951.62000,0.06775939,2025-01-04 21:29:37.352767229,b,l
2224793,2951.61000,0.00672514,2025-01-04 21:31:04.827212095,s,m
2224794,2950.64000,0.80553792,2025-01-04 21:31:04.827212095,s,m
2224795,2950.63000,0.99616329,2025-01-04 21:31:04.827212095,s,m
2224796,2950.92000,0.25000000,2025-01-04 21:32:15.597333670,s,l
2224797,2953.06000,0.02908039,2025-01-04 21:35:04.586758614,s,m
2224798,2950.35000,0.01657577,2025-01-04 21:36:36.581209660,s,m
2224799,2950.44000,0.08473427,2025-01-04 21:36:45.448790312,s,m
2224800,2951.65000,0.01641302,2025-01-04 21:38:38.812692404,s,l
2224801,2952.03000,0.21940834,2025-01-04 21:40:10.011085510,b,m
2224802,2950.31000,0.00666303,2025-01-04 21:41:57.859924078,b,l
2224803,2949.10000,0.03308161,2025-01-04 21:45:10.518381834,b,l
2224804,2949.09000,0.00339087,2025-01-04 21:45:40.078672171,s,l
2224805,2947.51000,0.16960996,2025-01-04 21:46:18.172282696,b,l
2224806,2947.37000,0.39719346,2025-01-04 21:46:23.638135672,b,l
2224807,2946.15000,0.09488649,2025-01-04 21:52:53.759434462,s,l
2224808,2946.14000,0.00037351,2025-01-04 21:52:53.759434462,s,l
2224809,2945.38000,0.30000000,2025-01-04 21:56:46.643134117,b,l
2224810,2944.69000,0.04715000,2025-01-04 21:56:52.096544266,s,l
2224811,2945.05000,0.03180170,2025-01-04 21:57:19.871671915,b,l
2224812,2943.90000,0.03061013,2025-01-04 21:57:38.802091837,s,l
2224813,2947.10000,0.00662081,2025-01-04 22:00:19.275528431,b,l
2224814,2947.10000,0.00246625,2025-01-04 22:00:34.466071129,b,l
2224815,2947.08000,0.24796927,2025-01-04 22:01:13.212556839,b,l
2224816,2946.82000,0.41000000,2025-01-04 22:01:54.886653185,b,m
2224817,2946.82000,0.26869771,2025-01-04 22:01:54.886653185,b,m
2224818,2946.82000,0.01584842,2025-01-04 22:02:22.761039495,b,l
2224819,2946.81000,0.00339350,2025-01-04 22:04:11.257586478,s,l
2224820,2946.81000,0.01584112,2025-01-04 22:04:11.257586478,s,l
2224821,2946.82000,0.00469460,2025-01-04 22:04:47.578802824,b,l
2224822,2946.82000,0.01266351,2025-01-04 22:05:08.819668531,b,l
2224823,2946.82000,0.00827680,2025-01-04 22:06:20.948238373,b,l
2224824,2946.81000,0.00112638,2025-01-04 22:07:25.271005869,s,l
2224825,2943.94000,0.01386000,2025-01-04 22:08:49.591730595,s,l
2224826,2944.55000,0.20415683,2025-01-04 22:10:28.992625475,b,m
2224827,2943.84000,0.01500000,2025-01-04 22:12:00.898768663,s,l
2224828,2946.82000,0.01655360,2025-01-04 22:13:36.530290842,b,l
2224829,2945.60000,0.06034112,2025-01-04 22:16:05.541552782,s,l
2224830,2945.59000,0.00926464,2025-01-04 22:16:05.541552782,s,l
2224831,2943.39000,0.01335482,2025-01-04 22:18:09.972390413,b,l
2224832,2943.35000,0.08285602,2025-01-04 22:18:12.805241108,b,l
2224833,2943.93000,0.01579051,2025-01-04 22:20:49.279284954,s,l
2224834,2941.87000,0.07269613,2025-01-04 22:22:40.210876465,s,l
2224835,2941.86000,0.01230387,2025-01-04 22:22:40.210876465,s,l
2224836,2942.70000,0.01587018,2025-01-04 22:22:45.180904388,b,l
2224837,2942.17000,0.07171081,2025-01-04 22:23:26.936046839,b,l
2224838,2941.39000,0.03316562,2025-01-04 22:23:50.503255605,b,l
2224839,2941.21000,0.00310705,2025-01-04 22:23:59.919005156,b,l
2224840,2941.55000,0.01504107,2025-01-04 22:25:37.516012429,b,l
2224841,2940.49000,0.00769000,2025-01-04 22:26:10.879875183,s,m
2224842,2940.01000,0.07906505,2025-01-04 22:26:10.879875183,s,m
2224843,2940.00000,0.02667900,2025-01-04 22:26:10.879875183,s,m
2224844,2939.91000,0.56756595,2025-01-04 22:26:10.879875183,s,m
2224845,2939.64000,0.00271815,2025-01-04 22:27:55.579874754,s,l
2224846,2939.46000,0.01232292,2025-01-04 22:27:55.579874754,s,l
2224847,2939.51000,0.00534614,2025-01-04 22:28:27.460067272,b,l
2224848,2939.02000,0.00838053,2025-01-04 22:30:00.039730310,b,l
2224849,2939.90000,0.00404859,2025-01-04 22:32:13.214946747,b,l
2224850,2939.90000,0.03735141,2025-01-04 22:32:52.261887788,b,l
2224851,2944.78000,0.00167283,2025-01-04 22:35:02.034393787,b,l
2224852,2944.11000,0.27170867,2025-01-04 22:36:16.432487011,b,l
2224853,2942.85000,0.09562624,2025-01-04 22:36:32.775778294,b,l
2224854,2941.89000,0.04096375,2025-01-04 22:37:09.242783070,b,l
2224855,2943.05000,0.14441400,2025-01-04 22:44:00.451343298,b,l
2224856,2942.86000,0.05009333,2025-01-04 22:44:08.487404585,b,l
2224857,2943.00000,0.00313677,2025-01-04 22:46:41.774518967,b,l
2224858,2944.80000,0.03392424,2025-01-04 22:48:13.485493422,b,l
2224859,2944.80000,0.00813053,2025-01-04 22:49:02.195623159,b,l
2224860,2946.82000,0.05372681,2025-01-04 22:49:02.195623159,b,l
2224861,2946.82000,0.29971279,2025-01-04 22:49:24.172667503,b,l
2224862,2948.39000,0.15915330,2025-01-04 22:49:59.054436207,b,l
2224863,2950.30000,0.63689365,2025-01-04 22:52:20.772525787,b,l
2224864,2950.31000,0.01015850,2025-01-04 22:52:33.018631458,b,l
2224865,2950.31000,0.00628293,2025-01-04 22:53:52.276807070,b,l
2224866,2948.30000,0.00746192,2025-01-04 22:54:53.052296638,s,l
2224867,2947.99000,0.03749515,2025-01-04 22:56:33.235124111,s,l
2224868,2947.98000,0.41000000,2025-01-04 22:56:33.235124111,s,l
2224869,2947.92000,1.26250485,2025-01-04 22:56:33.235124111,s,l
2224870,2950.24000,0.00628753,2025-01-04 22:57:02.735894442,b,l
2224871,2950.31000,0.06419983,2025-01-04 22:58:19.090460539,b,l
2224872,2948.89000,0.05011487,2025-01-04 23:00:00.084018469,b,l
2224873,2946.59000,0.02736000,2025-01-04 23:00:36.032171249,s,l
2224874,2945.95000,0.05287411,2025-01-04 23:01:11.325807333,s,l
2224875,2945.94000,0.00722589,2025-01-04 23:01:11.325807333,s,l
2224876,2947.67000,0.06619532,2025-01-04 23:01:53.783388615,b,l
2224877,2950.31000,0.00787019,2025-01-04 23:04:07.875304937,b,l
2224878,2948.77000,0.03308228,2025-01-04 23:05:27.249170780,b,l
2224879,2945.79000,0.00846631,2025-01-04 23:07:23.645833015,s,l
2224880,2944.47000,0.00444887,2025-01-04 23:07:23.645833015,s,l
2224881,2944.41000,0.07187564,2025-01-04 23:07:43.710837126,s,m
2224882,2944.40000,0.29330402,2025-01-04 23:07:43.710837126,s,m
2224883,2944.01000,0.04615454,2025-01-04 23:08:04.050555468,b,l
2224884,2942.87000,0.67988052,2025-01-04 23:13:40.299606562,b,m
2224885,2942.87000,0.02666800,2025-01-04 23:15:45.636976242,b,m
2224886,2942.87000,0.05760687,2025-01-04 23:15:45.636976242,b,m
2224887,2942.87000,0.33151643,2025-01-04 23:15:56.697371483,b,l
2224888,2944.21000,0.02950911,2025-01-04 23:19:56.744775772,s,m
2224889,2947.10000,0.00668604,2025-01-04 23:22:00.031764030,b,l
2224890,2947.88000,0.31849843,2025-01-04 23:23:20.300383568,b,l
2224891,2945.86000,0.00165588,2025-01-04 23:23:45.311188221,b,l
2224892,2945.99000,0.18413855,2025-01-04 23:24:04.574989319,b,l
2224893,2945.93000,0.00827925,2025-01-04 23:24:23.150748491,b,l
2224894,2946.49000,0.90569250,2025-01-04 23:24:40.859719753,b,m
2224895,2946.50000,0.45185342,2025-01-04 23:24:40.859719992,b,m
2224896,2946.34000,0.04014639,2025-01-04 23:25:19.681319475,b,l
2224897,2948.86000,0.08477852,2025-01-04 23:28:02.661391735,b,m
2224898,2948.79000,0.33329523,2025-01-04 23:31:03.820428133,b,l
2224899,2948.63000,0.98962507,2025-01-04 23:31:46.976140738,b,l
2224900,2949.29000,0.03307948,2025-01-04 23:35:36.249229670,b,l
2224901,2949.71000,0.06780328,2025-01-04 23:35:50.172358990,b,m
2224902,2947.97000,0.00310010,2025-01-04 23:37:11.492572069,b,l
2224903,2947.96000,0.03392153,2025-01-04 23:37:11.710598469,b,m
2224904,2947.49000,0.03309946,2025-01-04 23:39:02.070324659,b,l
2224905,2947.49000,0.03392717,2025-01-04 23:39:02.261626244,b,m
2224906,2948.12000,0.21668746,2025-01-04 23:44:30.319592953,b,l
2224907,2948.36000,0.02978082,2025-01-04 23:45:43.304604292,b,l
2224908,2948.46000,0.02664500,2025-01-04 23:46:06.325840235,b,l
2224909,2948.66000,0.13880793,2025-01-04 23:46:06.325840235,b,l
2224910,2948.07000,0.00491419,2025-01-04 23:46:31.333889723,b,l
2224911,2947.91000,0.01584057,2025-01-04 23:46:36.310282469,b,l
2224912,2947.49000,0.02665000,2025-01-04 23:47:13.393230915,s,m
2224913,2947.48000,0.00271419,2025-01-04 23:47:13.393230915,s,m
2224914,2947.17000,0.03054158,2025-01-04 23:47:13.393230915,s,m
2224915,2947.80000,0.01019641,2025-01-04 23:47:24.698907852,s,l
2224916,2949.29000,0.00729837,2025-01-04 23:50:12.850420952,s,l
2224917,2949.73000,0.08491199,2025-01-04 23:50:28.365823507,s,l
2224918,2950.31000,0.00333938,2025-01-04 23:50:37.031015873,b,l
2224919,2950.30000,0.10550000,2025-01-04 23:51:13.634661674,s,l
2224920,2950.12000,0.37446612,2025-01-04 23:53:05.463931561,s,m
2224921,2949.28000,0.12082151,2025-01-04 23:53:05.463931561,s,m
2224922,2949.27000,0.27740040,2025-01-04 23:53:05.463931561,s,m
2224923,2950.26000,0.00330691,2025-01-04 23:53:08.424825668,b,l
2224924,2950.24000,0.00393386,2025-01-04 23:53:10.097224474,b,l
2224925,2950.27000,0.00826754,2025-01-04 23:53:21.296286106,b,l
2224926,2948.42000,1.00000000,2025-01-04 23:55:15.634816885,b,m
2224927,2947.52000,0.03200915,2025-01-04 23:57:07.149858475,b,l
2224928,2945.77000,0.00083613,2025-01-04 23:59:00.041720867,b,l
2224929,2946.28000,0.00033052,2025-01-05 00:00:00.083024502,b,l
2224930,2946.28000,0.00033440,2025-01-05 00:00:00.162153006,b,l
2224931,2947.17000,0.00050144,2025-01-05 00:00:10.034709930,b,l
2224932,2947.44000,0.30534973,2025-01-05 00:00:25.443570375,b,m
2224933,2946.65000,0.01117648,2025-01-05 00:00:48.733582258,b,l
2224934,2946.95000,0.02391392,2025-01-05 00:01:24.291781664,b,l
2224935,2945.56000,0.01639109,2025-01-05 00:01:51.769339561,s,l
2224936,2945.63000,0.00628924,2025-01-05 00:02:22.499376297,b,l
2224937,2944.03000,0.00310507,2025-01-05 00:04:47.726380110,b,l
2224938,2943.04000,0.01335754,2025-01-05 00:07:38.964085102,b,l
2224939,2942.86000,0.00769000,2025-01-05 00:07:44.920852184,s,l
2224940,2942.41000,0.30183000,2025-01-05 00:07:44.920852184,s,l
2224941,2943.07000,0.08692716,2025-01-05 00:09:53.898954391,s,l
2224942,2943.07000,0.08296490,2025-01-05 00:10:07.692283630,s,l
2224943,2943.08000,0.02667300,2025-01-05 00:10:07.743692875,b,l
2224944,2950.31000,0.03331179,2025-01-05 00:11:26.325997114,b,l
2224945,2950.31000,0.14758057,2025-01-05 00:13:00.114590406,b,l
2224946,2953.97000,0.67878063,2025-01-05 00:13:02.616861343,b,m
2224947,2954.00000,0.07938636,2025-01-05 00:13:38.230815411,b,l
2224948,2954.00000,0.16513368,2025-01-05 00:14:34.380970478,b,l
2224949,2954.00000,0.03302674,2025-01-05 00:16:25.856882811,b,l
2224950,2954.00000,0.00277755,2025-01-05 00:17:24.206434250,b,l
2224951,2954.00000,0.03329425,2025-01-05 00:17:28.739247084,b,l
2224952,2954.00000,1.39018533,2025-01-05 00:18:04.384633064,b,l
2224953,2960.63000,0.00309461,2025-01-05 00:18:21.026215553,b,l
2224954,2956.76000,0.41000000,2025-01-05 00:19:29.146036386,s,l
2224955,2956.71000,1.53149855,2025-01-05 00:19:29.146036386,s,l
2224956,2952.54000,0.25389388,2025-01-05 00:20:48.429055214,s,m
2224957,2950.64000,0.03389095,2025-01-05 00:24:03.176494122,b,m
2224958,2949.14000,1.56386826,2025-01-05 00:26:43.383812189,s,l
2224959,2949.13000,0.60000000,2025-01-05 00:26:43.383812189,s,l
2224960,2949.11000,0.42613174,2025-01-05 00:26:43.383812189,s,l
2224961,2949.84000,0.02931815,2025-01-05 00:26:59.401373148,b,l
2224962,2949.60000,0.16536487,2025-01-05 00:27:02.875835419,b,l
2224963,2948.82000,0.16542319,2025-01-05 00:27:25.005446434,b,l
2224964,2949.96000,0.01653851,2025-01-05 00:29:08.238168240,b,l
2224965,2949.20000,0.01503227,2025-01-05 00:30:17.631455898,b,l
2224966,2948.37000,0.02664700,2025-01-05 00:30:21.099407196,s,l
2224967,2948.22000,0.24596744,2025-01-05 00:30:21.099407196,s,l
2224968,2950.55000,0.04418301,2025-01-05 00:33:41.760907888,b,l
2224969,2953.09000,0.02218196,2025-01-05 00:34:35.469291687,b,l
2224970,2946.13000,1.00055754,2025-01-05 00:42:19.555888891,b,l
2224971,2945.24000,0.00313438,2025-01-05 00:44:22.298927784,b,l
2224972,2946.53000,0.01217517,2025-01-05 00:45:42.869846582,s,l
2224973,2945.58000,0.00430557,2025-01-05 00:46:59.722716808,b,l
2224974,2945.58000,0.04752884,2025-01-05 00:47:00.332503080,b,m
2224975,2943.68000,0.43470900,2025-01-05 00:48:13.670554876,b,l
2224976,2943.69000,1.22230394,2025-01-05 00:48:13.670554876,b,l
2224977,2943.63000,0.00279385,2025-01-05 00:48:19.951151609,b,l
2224978,2943.36000,0.03084487,2025-01-05 00:48:36.970462084,b,l
2224979,2941.55000,0.16997841,2025-01-05 00:51:14.435603857,b,m
2224980,2941.93000,0.04814717,2025-01-05 00:54:37.799170971,b,l
2224981,2941.68000,0.03316505,2025-01-05 00:56:49.512919188,b,l
2224982,2941.40000,0.03341269,2025-01-05 00:58:39.580095530,b,l
2224983,2941.68000,0.03207619,2025-01-05 01:00:08.101393461,b,l
2224984,2941.39000,0.00272974,2025-01-05 01:00:29.752802849,b,l
2224985,2941.27000,0.31916111,2025-01-05 01:01:07.707011700,b,l
2224986,2941.26000,0.00680116,2025-01-05 01:02:07.010246515,s,l
2224987,2940.41000,0.13603545,2025-01-05 01:03:17.586555958,b,m
2224988,2939.71000,0.00033514,2025-01-05 01:05:00.037612438,b,l
2224989,2939.71000,0.00850424,2025-01-05 01:05:09.487100601,b,m
2224990,2937.18000,0.06655000,2025-01-05 01:05:43.963848352,s,l
2224991,2937.09000,0.00390251,2025-01-05 01:05:47.665899515,s,m
2224992,2937.80000,1.57036887,2025-01-05 01:05:55.699229956,b,m
2224993,2937.81000,0.08052607,2025-01-05 01:05:55.699229956,b,m
2224994,2937.62000,0.09845231,2025-01-05 01:06:38.289863586,s,m
2224995,2936.40000,0.10216592,2025-01-05 01:11:01.655385971,b,m
2224996,2936.82000,0.04083219,2025-01-05 01:11:19.496924162,s,l
2224997,2937.90000,0.16605793,2025-01-05 01:11:40.983793259,b,l
2224998,2937.80000,0.03345307,2025-01-05 01:11:51.111956835,b,l
2224999,2935.73000,0.72084943,2025-01-05 01:13:53.272575378,s,l
2225000,2935.72000,0.41000000,2025-01-05 01:13:53.272575378,s,l
2225001,2935.71000,0.60000000,2025-01-05 01:13:53.272575378,s,l
2225002,2935.67000,0.72152308,2025-01-05 01:13:53.272575378,s,l
2225003,2935.35000,0.01152396,2025-01-05 01:15:14.403112173,s,l
2225004,2935.42000,0.73635602,2025-01-05 01:16:36.505032300,s,l
2225005,2935.41000,0.37859641,2025-01-05 01:16:36.505032300,s,l
2225006,2936.44000,0.21320488,2025-01-05 01:17:39.551377296,s,l
2225007,2938.68000,0.05442489,2025-01-05 01:19:07.059318066,s,l
2225008,2938.16000,0.00383925,2025-01-05 01:20:11.437307119,s,l
2225009,2937.72000,0.07982440,2025-01-05 01:25:07.511078596,b,l
2225010,2936.70000,0.07380717,2025-01-05 01:27:52.229221106,b,l
2225011,2936.00000,0.00249997,2025-01-05 01:30:08.388982534,b,l
2225012,2935.44000,0.34066443,2025-01-05 01:31:21.112097979,s,l
2225013,2932.71000,0.00769000,2025-01-05 01:31:42.112581968,s,l
2225014,2932.68000,0.02410801,2025-01-05 01:33:32.356901169,b,l
2225015,2932.46000,0.02672800,2025-01-05 01:35:02.866862774,b,m
2225016,2932.54000,0.31427405,2025-01-05 01:35:02.866862774,b,m
2225017,2930.20000,0.09181924,2025-01-05 01:38:22.972147703,s,m
2225018,2927.54000,0.09958056,2025-01-05 01:38:22.972147703,s,m
2225019,2927.53000,0.19040020,2025-01-05 01:38:22.972147703,s,m
2225020,2928.85000,0.16270596,2025-01-05 01:39:02.321325779,s,l
2225021,2928.84000,0.05657985,2025-01-05 01:39:02.321325779,s,l
2225022,2929.67000,0.58027013,2025-01-05 01:39:13.896937609,b,m
2225023,2928.87000,0.18202907,2025-01-05 01:39:37.474805117,s,l
2225024,2928.86000,0.51274194,2025-01-05 01:39:37.474805117,s,l
2225025,2929.18000,0.03477281,2025-01-05 01:41:22.755689859,s,l
2225026,2930.40000,0.06658498,2025-01-05 01:41:36.835613728,b,l
2225027,2930.47000,0.00632644,2025-01-05 01:43:07.027676344,b,l
2225028,2930.91000,0.00472084,2025-01-05 01:43:11.148316145,b,l
2225029,2931.23000,0.25994079,2025-01-05 01:45:21.037527800,s,m
2225030,2931.22000,0.41000000,2025-01-05 01:45:21.037527800,s,m
2225031,2931.21000,0.33005921,2025-01-05 01:45:21.037527800,s,m
2225032,2932.19000,0.00632210,2025-01-05 01:45:25.723963737,b,l
2225033,2928.89000,0.16160580,2025-01-05 01:47:30.229808092,s,l
2225034,2929.77000,0.27166423,2025-01-05 01:47:31.904701710,b,l
2225035,2928.18000,0.00214254,2025-01-05 01:49:46.630800962,b,l
2225036,2928.71000,0.05161858,2025-01-05 01:57:14.851905823,b,l
2225037,2930.07000,0.14529322,2025-01-05 01:58:16.120560408,s,l
2225038,2930.06000,0.04684678,2025-01-05 01:58:16.120560408,s,l
2225039,2930.47000,0.00750732,2025-01-05 02:00:00.594670296,s,l
2225040,2929.93000,0.00079280,2025-01-05 02:00:00.594670296,s,l
2225041,2929.95000,0.00174935,2025-01-05 02:00:19.300591707,s,l
2225042,2931.88000,0.00110556,2025-01-05 02:00:41.033930063,b,l
2225043,2931.88000,0.00033604,2025-01-05 02:00:41.036726236,b,l
2225044,2931.68000,0.00204669,2025-01-05 02:00:49.184163332,b,m
2225045,2932.34000,0.00638532,2025-01-05 02:01:36.887266159,b,l
2225046,2931.06000,0.02673600,2025-01-05 02:02:57.564319372,b,m
2225047,2931.16000,0.02443919,2025-01-05 02:02:57.564319372,b,m
2225048,2930.49000,0.00299508,2025-01-05 02:07:26.907994270,b,l
2225049,2933.20000,0.11687616,2025-01-05 02:09:13.106601477,s,l
2225050,2933.19000,0.00138266,2025-01-05 02:09:13.106601477,s,l
2225051,2934.68000,0.00340753,2025-01-05 02:12:30.084479570,b,m
2225052,2934.95000,0.00636252,2025-01-05 02:16:15.460874557,b,l
2225053,2934.51000,0.00033241,2025-01-05 02:16:34.690957069,b,l
2225054,2934.93000,0.08277373,2025-01-05 02:18:49.944689035,b,l
2225055,2933.34000,0.09425409,2025-01-05 02:21:47.093728065,s,m
2225056,2933.33000,0.35574591,2025-01-05 02:21:47.093728065,s,m
2225057,2933.29000,0.07493747,2025-01-05 02:29:55.619826317,s,m
2225058,2933.28000,0.04433552,2025-01-05 02:29:55.619826317,s,m
2225059,2932.02000,0.07069684,2025-01-05 02:30:39.658677816,s,l
2225060,2932.01000,0.03267400,2025-01-05 02:30:39.658677816,s,l
2225061,2931.99000,0.01245356,2025-01-05 02:30:39.658677816,s,l
2225062,2930.45000,0.01006126,2025-01-05 02:34:30.080388546,b,l
2225063,2930.45000,0.16810075,2025-01-05 02:37:31.472643614,b,l
2225064,2930.45000,0.57736886,2025-01-05 02:37:42.302321911,b,l
2225065,2929.94000,0.08038737,2025-01-05 02:40:01.068135738,s,m
2225066,2929.93000,0.02061558,2025-01-05 02:40:01.068135738,s,m
2225067,2932.04000,0.04991397,2025-01-05 02:40:23.150642872,b,l
2225068,2931.36000,0.03827356,2025-01-05 02:42:35.793613195,b,l
2225069,2933.90000,0.00313877,2025-01-05 02:47:04.668966055,b,l
2225070,2931.98000,0.03240131,2025-01-05 02:54:56.994878531,b,m
2225071,2932.86000,0.10031466,2025-01-05 02:58:47.856201649,s,m
2225072,2932.85000,1.68501246,2025-01-05 02:58:47.856201649,s,m
2225073,2933.96000,0.00335799,2025-01-05 03:00:00.043314457,b,l
2225074,2934.35000,0.00033575,2025-01-05 03:00:32.035667896,b,l
2225075,2933.96000,0.00110814,2025-01-05 03:00:59.031809568,b,l
2225076,2931.02000,0.03195294,2025-01-05 03:02:17.636760473,b,l
2225077,2929.42000,0.67256594,2025-01-05 03:06:59.105344772,b,l
2225078,2930.47000,0.33291012,2025-01-05 03:14:04.044660330,b,l
2225079,2931.56000,0.00771071,2025-01-05 03:16:34.267184019,b,l
2225080,2930.46000,0.03195087,2025-01-05 03:18:35.746368647,b,l
2225081,2928.44000,0.00273169,2025-01-05 03:22:01.340633154,b,l
2225082,2929.07000,0.04779674,2025-01-05 03:22:21.715800047,b,m
2225083,2928.94000,0.01594408,2025-01-05 03:28:10.937618256,b,l
2225084,2928.41000,0.06662317,2025-01-05 03:28:16.558194637,b,l
2225085,2928.81000,0.00671200,2025-01-05 03:29:32.585247040,b,l
2225086,2927.70000,0.00500000,2025-01-05 03:29:33.716469765,s,l
2225087,2928.15000,0.00475849,2025-01-05 03:32:20.959820271,b,l
2225088,2928.74000,0.00789285,2025-01-05 03:33:51.819136620,b,l
2225089,2929.10000,0.00953215,2025-01-05 03:38:08.949517250,b,l
2225090,2929.34000,0.11215388,2025-01-05 03:49:21.246963739,s,l
2225091,2929.33000,0.03269400,2025-01-05 03:49:21.246963739,s,l
2225092,2929.33000,0.12939001,2025-01-05 03:49:21.246963739,s,l
2225093,2928.84000,0.00249991,2025-01-05 03:50:28.454679251,b,l
2225094,2930.37000,0.02616321,2025-01-05 03:51:12.666420221,b,l
2225095,2929.53000,0.01664846,2025-01-05 03:51:47.802599192,b,l
2225096,2933.23000,0.00335883,2025-01-05 04:00:23.036314487,b,l
2225097,2933.52000,0.03843545,2025-01-05 04:08:37.007865667,s,l
2225098,2934.52000,0.18556876,2025-01-05 04:12:03.108846426,s,m
2225099,2934.51000,0.18654901,2025-01-05 04:12:03.108846426,s,m
2225100,2932.15000,0.01608491,2025-01-05 04:17:18.244420528,b,l
2225101,2932.87000,0.20665981,2025-01-05 04:20:07.834149122,s,m
2225102,2932.86000,0.29334019,2025-01-05 04:20:07.834149122,s,m
2225103,2936.50000,0.42567683,2025-01-05 04:21:40.643629074,b,m
2225104,2940.02000,0.00630728,2025-01-05 04:33:25.145201683,b,l
2225105,2938.12000,0.47650725,2025-01-05 04:34:47.803071499,s,m
2225106,2938.11000,1.61846756,2025-01-05 04:34:47.803071737,s,m
2225107,2938.09000,0.70502519,2025-01-05 04:34:47.803071737,s,m
2225108,2939.98000,0.00311138,2025-01-05 04:36:56.445266008,b,l
2225109,2937.92000,0.00272296,2025-01-05 04:40:01.987389088,b,l
2225110,2936.16000,0.33104396,2025-01-05 04:54:00.431336164,b,l
2225111,2935.53000,0.01260420,2025-01-05 04:58:39.567066431,b,m
2225112,2935.18000,0.02000000,2025-01-05 05:00:00.138303757,s,l
2225113,2934.97000,0.00033568,2025-01-05 05:00:58.037589788,b,l
2225114,2932.02000,0.00336021,2025-01-05 05:07:02.038321733,b,l
2225115,2932.19000,0.00705604,2025-01-05 05:07:59.242229462,b,l
2225116,2932.42000,0.34101527,2025-01-05 05:09:16.908152103,b,m
2225117,2931.60000,0.24568951,2025-01-05 05:09:30.838174105,s,l
2225118,2931.59000,0.34431049,2025-01-05 05:09:30.838174105,s,l
2225119,2930.98000,0.02857196,2025-01-05 05:11:00.064175129,b,l
2225120,2930.35000,0.06724305,2025-01-05 05:15:52.034182310,b,l
2225121,2927.59000,0.06148402,2025-01-05 05:19:56.913706779,b,m
2225122,2927.72000,0.42695340,2025-01-05 05:20:02.545054197,b,m
2225123,2927.04000,0.20058080,2025-01-05 05:20:18.587770462,s,l
2225124,2927.03000,0.14959087,2025-01-05 05:20:18.587770462,s,l
2225125,2926.41000,0.18414980,2025-01-05 05:20:48.559210777,s,l
2225126,2926.40000,0.88753020,2025-01-05 05:20:48.559211016,s,l
2225127,2928.99000,0.03269500,2025-01-05 05:25:29.034966230,b,l
2225128,2928.99000,0.03457882,2025-01-05 05:25:29.034966230,b,l
2225129,2932.12000,0.10965827,2025-01-05 05:30:59.525507211,s,l
2225130,2932.11000,0.01521576,2025-01-05 05:30:59.525507211,s,l
2225131,2931.25000,0.01272413,2025-01-05 05:32:30.240167141,b,l
2225132,2929.10000,0.16020029,2025-01-05 05:46:38.148887396,b,l
2225133,2928.98000,0.00853539,2025-01-05 05:51:55.552530527,s,l
2225134,2928.98000,0.00285241,2025-01-05 05:51:55.552530527,s,l
2225135,2926.39000,0.01683340,2025-01-05 06:00:22.037611961,b,l
2225136,2925.37000,0.00633612,2025-01-05 06:02:22.411612988,b,l
2225137,2925.79000,0.24788426,2025-01-05 06:05:51.825382471,s,m
2225138,2925.78000,0.03270900,2025-01-05 06:05:51.825382471,s,m
2225139,2925.78000,1.28790674,2025-01-05 06:05:51.825382471,s,m
2225140,2926.05000,0.01596173,2025-01-05 06:11:04.577969790,b,l
2225141,2928.26000,0.05212335,2025-01-05 06:17:12.470140457,s,l
2225142,2929.98000,0.04798703,2025-01-05 06:20:58.799970627,b,l
2225143,2930.35000,0.00166464,2025-01-05 06:21:32.105091810,b,l
2225144,2928.97000,0.03269600,2025-01-05 06:33:43.157454252,s,l
2225145,2928.97000,1.66360400,2025-01-05 06:33:43.157454252,s,l
2225146,2929.80000,1.57544436,2025-01-05 06:34:47.508700371,b,m
2225147,2929.81000,0.81379445,2025-01-05 06:34:47.508700371,b,m
2225148,2929.20000,0.03662370,2025-01-05 06:36:00.764866590,s,l
2225149,2929.19000,0.41000000,2025-01-05 06:36:00.764866590,s,l
2225150,2929.18000,0.55005296,2025-01-05 06:36:00.764866590,s,l
2225151,2929.17000,2.15992474,2025-01-05 06:36:00.764866590,s,l
2225152,2929.13000,3.66866162,2025-01-05 06:36:00.764866590,s,l
2225153,2929.07000,0.03875630,2025-01-05 06:38:32.093794107,s,l
2225154,2929.06000,0.41843975,2025-01-05 06:38:32.093794107,s,l
2225155,2932.05000,0.01112292,2025-01-05 06:43:37.380705833,b,l
2225156,2931.84000,0.00066549,2025-01-05 06:49:26.418756008,b,l
2225157,2931.28000,0.01608941,2025-01-05 06:55:43.525547028,b,l
2225158,2931.26000,1.02345067,2025-01-05 06:57:41.830040693,b,m
2225159,2931.28000,0.02062012,2025-01-05 07:00:22.072118759,b,l
2225160,2931.28000,0.00033611,2025-01-05 07:00:25.035681486,b,l
2225161,2931.28000,0.01008319,2025-01-05 07:00:36.035965204,b,l
2225162,2930.98000,0.01850740,2025-01-05 07:07:02.418098211,s,m
2225163,2932.61000,0.04829509,2025-01-05 07:07:41.152685881,b,l
2225164,2933.17000,0.10227842,2025-01-05 07:09:22.636731386,b,m
2225165,2931.65000,0.00852762,2025-01-05 07:09:45.563178539,b,m
2225166,2929.45000,0.00273087,2025-01-05 07:10:44.880429983,b,l
2225167,2925.62000,0.01533059,2025-01-05 07:17:19.393393517,s,l
2225168,2926.87000,0.00336613,2025-01-05 07:19:25.034350872,b,l
2225169,2927.33000,0.01658653,2025-01-05 07:23:22.769148588,s,l
2225170,2928.97000,0.08326418,2025-01-05 07:24:46.037373781,b,l
2225171,2927.32000,0.00134624,2025-01-05 07:28:47.032299042,b,l
2225172,2927.92000,0.03332092,2025-01-05 07:30:21.504509211,b,l
2225173,2927.32000,0.17080470,2025-01-05 07:39:32.711642027,b,m
2225174,2927.31000,0.10248316,2025-01-05 07:49:08.649684191,s,m
2225175,2925.04000,0.91654898,2025-01-05 07:49:08.649684191,s,m
2225176,2925.03000,0.41000000,2025-01-05 07:49:08.649684191,s,m
2225177,2924.96000,3.57096786,2025-01-05 07:49:08.649684191,s,m
2225178,2925.88000,0.00066689,2025-01-05 07:51:33.976143360,b,l
2225179,2924.30000,0.03225725,2025-01-05 07:58:20.214879274,b,l
2225180,2925.81000,0.00336735,2025-01-05 08:00:00.085447550,b,l
2225181,2925.77000,0.00315523,2025-01-05 08:01:57.793880939,b,l
2225182,2922.56000,0.00770000,2025-01-05 08:03:40.826672077,s,l
2225183,2921.36000,0.09209708,2025-01-05 08:03:50.118645668,s,l
2225184,2919.85000,0.00167050,2025-01-05 08:07:05.691123962,b,l
2225185,2915.00000,1.16828473,2025-01-05 08:07:34.234243393,s,l
2225186,2913.30000,5.50292298,2025-01-05 08:08:24.668274403,b,l
2225187,2915.80000,0.00675781,2025-01-05 08:09:24.038419247,b,l
2225188,2914.34000,0.00321855,2025-01-05 08:13:32.324985981,b,l
2225189,2916.62000,0.00334473,2025-01-05 08:14:39.497260332,b,l
2225190,2912.55000,0.00094461,2025-01-05 08:17:07.298303127,b,l
2225191,2912.54000,0.09237598,2025-01-05 08:17:48.539550781,s,l
2225192,2912.41000,0.00773000,2025-01-05 08:17:49.817708969,s,l
2225193,2909.64000,0.00317275,2025-01-05 08:19:40.689483404,b,l
2225194,2911.25000,0.03600000,2025-01-05 08:22:02.779930592,b,m
2225195,2912.88000,0.03238958,2025-01-05 08:24:42.370819092,b,l
2225196,2915.22000,0.42288404,2025-01-05 08:25:42.216716051,b,m
2225197,2915.53000,0.42283907,2025-01-05 08:25:44.776181459,b,m
2225198,2915.59000,0.10203000,2025-01-05 08:33:22.650383472,s,l
2225199,2918.00000,0.02005777,2025-01-05 08:35:27.567402124,b,l
2225200,2915.73000,0.14066700,2025-01-05 08:38:36.371760845,s,m
2225201,2917.22000,0.00707449,2025-01-05 08:43:17.909973621,b,l
2225202,2916.76000,0.44607147,2025-01-05 08:43:41.683408022,s,m
2225203,2916.06000,0.00636960,2025-01-05 08:44:32.371099472,s,l
2225204,2915.99000,0.00834465,2025-01-05 08:48:09.453367472,s,l
2225205,2915.61000,0.01714907,2025-01-05 08:53:27.305998802,b,m
2225206,2917.55000,0.00167249,2025-01-05 08:56:04.409131527,b,l
2225207,2916.07000,0.75283694,2025-01-05 08:57:06.974082470,b,l
2225208,2915.24000,0.00167325,2025-01-05 08:57:58.085498810,b,l
2225209,2915.91000,0.01689390,2025-01-05 09:00:00.157823801,b,l
2225210,2916.34000,0.00251713,2025-01-05 09:01:08.095635176,b,l
2225211,2915.31000,0.06693009,2025-01-05 09:04:18.075222015,b,l
2225212,2915.30000,0.00706616,2025-01-05 09:04:39.842085123,s,l
2225213,2911.96000,0.03275600,2025-01-05 09:06:04.756409168,s,l
2225214,2911.81000,0.64904080,2025-01-05 09:06:04.756409168,s,l
2225215,2911.80000,0.37490688,2025-01-05 09:06:04.756409168,s,l
2225216,2911.83000,1.71116556,2025-01-05 09:06:05.750727892,s,m
2225217,2913.18000,0.00669783,2025-01-05 09:09:16.239442587,b,l
2225218,2913.72000,0.00958332,2025-01-05 09:10:32.851153612,b,l
2225219,2914.71000,0.00338927,2025-01-05 09:13:06.348652363,s,l
2225220,2915.75000,0.01680528,2025-01-05 09:21:00.864179850,s,l
2225221,2913.86000,0.00479468,2025-01-05 09:26:24.842758656,b,l
2225222,2913.69000,0.00967743,2025-01-05 09:29:25.835130453,b,l
2225223,2913.10000,0.00274567,2025-01-05 09:29:49.385162592,b,l
2225224,2913.09000,0.01716390,2025-01-05 09:30:05.491158247,s,l
2225225,2911.10000,0.08283810,2025-01-05 09:30:05.491158247,s,l
2225226,2912.17000,0.01634760,2025-01-05 09:30:10.513923168,b,l
2225227,2911.74000,0.00676724,2025-01-05 09:30:57.036182880,b,l
2225228,2910.52000,0.00067701,2025-01-05 09:32:27.031012774,b,l
2225229,2913.13000,0.00316893,2025-01-05 09:41:15.434956551,b,l
2225230,2914.68000,0.16859269,2025-01-05 09:47:08.525480032,b,l
2225231,2911.00000,0.00684987,2025-01-05 09:50:09.357698917,s,l
2225232,2909.21000,0.03276700,2025-01-05 09:50:09.357698917,s,l
2225233,2908.83000,0.02170442,2025-01-05 09:50:09.357698917,s,l
2225234,2908.82000,0.21596485,2025-01-05 09:50:09.357699156,s,l
2225235,2908.87000,0.01006226,2025-01-05 09:51:29.838805199,b,l
2225236,2908.00000,0.42984869,2025-01-05 09:53:28.869056940,b,m
2225237,2906.87000,0.00423661,2025-01-05 10:00:00.163751125,b,l
2225238,2906.87000,0.01674027,2025-01-05 10:00:00.170638323,b,l
2225239,2906.92000,0.00480584,2025-01-05 10:00:45.652485371,b,l
2225240,2907.03000,0.00338909,2025-01-05 10:00:49.033144712,b,l
2225241,2903.82000,0.03409832,2025-01-05 10:02:36.936956167,s,m
2225242,2903.81000,0.02951521,2025-01-05 10:02:36.936956167,s,m
2225243,2903.81000,0.15969338,2025-01-05 10:02:36.936956167,s,m
2225244,2903.81000,0.09668063,2025-01-05 10:02:36.936956167,s,m
2225245,2903.77000,0.30716200,2025-01-05 10:02:45.260653257,s,l
2225246,2903.83000,0.07283389,2025-01-05 10:03:57.978409529,s,l
2225247,2903.82000,0.03227588,2025-01-05 10:03:57.978409529,s,l
2225248,2906.53000,0.07815303,2025-01-05 10:04:41.878164053,s,l
2225249,2906.52000,1.00000000,2025-01-05 10:04:41.878164053,s,l
2225250,2906.51000,0.02730994,2025-01-05 10:04:41.878164053,s,l
2225251,2905.35000,0.06884397,2025-01-05 10:07:36.462320566,s,l
2225252,2908.79000,0.00167695,2025-01-05 10:09:37.061753273,b,l
2225253,2908.75000,0.00653549,2025-01-05 10:10:18.950222015,b,m
2225254,2908.41000,0.03243424,2025-01-05 10:10:38.007513285,b,l
2225255,2909.91000,0.11922912,2025-01-05 10:12:51.449350834,s,l
2225256,2909.90000,0.06583944,2025-01-05 10:12:51.449350834,s,l
2225257,2907.80000,0.00343903,2025-01-05 10:16:31.392550468,b,m
2225258,2907.22000,0.01762840,2025-01-05 10:16:48.546088934,s,l
2225259,2910.64000,0.01912212,2025-01-05 10:20:31.916864395,b,l
2225260,2911.22000,0.01439355,2025-01-05 10:20:31.916864395,b,l
2225261,2908.63000,0.17190333,2025-01-05 10:27:01.136478186,s,m
2225262,2907.88000,0.17852867,2025-01-05 10:27:01.136478186,s,m
2225263,2907.87000,0.71956800,2025-01-05 10:27:01.136478186,s,m
2225264,2907.87000,6.20159205,2025-01-05 10:27:01.136478186,s,m
2225265,2907.52000,13.84395944,2025-01-05 10:27:01.136478186,s,m
2225266,2907.22000,0.03278100,2025-01-05 10:27:01.136478186,s,m
2225267,2907.01000,0.41000000,2025-01-05 10:27:01.136478186,s,m
2225268,2906.85000,1.00000000,2025-01-05 10:27:01.136478186,s,m
2225269,2906.76000,0.31653262,2025-01-05 10:27:01.136478186,s,m
2225270,2907.86000,0.00343804,2025-01-05 10:27:33.684252024,b,l
2225271,2908.52000,0.00343817,2025-01-05 10:32:57.753186464,b,m
2225272,2908.99000,0.03219613,2025-01-05 10:33:12.995357513,b,l
2225273,2911.28000,0.03350522,2025-01-05 10:36:52.846121788,b,l
2225274,2911.05000,0.01127461,2025-01-05 10:41:26.248280764,s,l
2225275,2910.47000,0.42948390,2025-01-05 10:42:48.706180334,b,m
2225276,2911.35000,0.00067681,2025-01-05 10:44:08.040668964,b,l
2225277,2911.23000,0.02733187,2025-01-05 10:44:31.313735723,b,l
2225278,2911.64000,0.00067684,2025-01-05 10:45:09.021248579,b,l
2225279,2910.57000,0.00507719,2025-01-05 10:46:44.031278610,b,l
2225280,2912.59000,0.01675033,2025-01-05 10:48:40.520998001,b,l
2225281,2910.16000,0.00338546,2025-01-05 10:52:14.037278414,b,l
2225282,2909.69000,0.01604729,2025-01-05 10:52:31.689184189,b,l
2225283,2909.32000,0.52585332,2025-01-05 10:53:25.194041729,s,m
2225284,2909.31000,0.22414668,2025-01-05 10:53:25.194041729,s,m
2225285,2909.45000,0.01909352,2025-01-05 10:53:38.323096275,s,l
2225286,2909.72000,0.06835364,2025-01-05 10:55:30.245260954,s,m
2225287,2911.31000,0.18891839,2025-01-05 10:57:50.340854168,b,m
2225288,2910.57000,0.00338498,2025-01-05 11:00:29.631968260,b,l
2225289,2910.62000,0.01692460,2025-01-05 11:00:30.033759117,b,l
2225290,2909.44000,0.00846573,2025-01-05 11:01:54.036534309,b,l
2225291,2908.46000,0.00201263,2025-01-05 11:02:44.381138802,b,l
2225292,2909.58000,0.00033861,2025-01-05 11:03:21.035672188,b,l
2225293,2909.58000,0.03243639,2025-01-05 11:03:45.998140574,b,m
2225294,2909.58000,0.01891122,2025-01-05 11:03:45.998140574,b,m
2225295,2909.58000,0.16773857,2025-01-05 11:03:48.733857393,b,l
2225296,2909.59000,0.17184669,2025-01-05 11:06:00.728740692,b,l
2225297,2909.57000,0.00274955,2025-01-05 11:06:59.779956579,s,l
2225298,2909.57000,0.12888502,2025-01-05 11:06:59.779956579,s,l
2225299,2906.66000,0.03278900,2025-01-05 11:06:59.779956579,s,l
2225300,2905.97000,0.33285582,2025-01-05 11:06:59.779956579,s,l
2225301,2907.82000,0.00637474,2025-01-05 11:07:22.558699846,b,l
2225302,2907.20000,0.34247092,2025-01-05 11:08:23.135689259,s,m
2225303,2907.19000,0.34549044,2025-01-05 11:08:23.135689259,s,m
2225304,2910.20000,0.51542849,2025-01-05 11:11:26.032104968,b,m
2225305,2909.86000,0.03277800,2025-01-05 11:11:35.862607241,b,m
2225306,2910.13000,0.39675912,2025-01-05 11:11:35.862607241,b,m
2225307,2911.32000,1.52000000,2025-01-05 11:16:39.542819500,b,l
2225308,2913.45000,0.02490170,2025-01-05 11:19:45.277968407,s,l
2225309,2912.46000,0.05562347,2025-01-05 11:21:22.672393322,s,l
2225310,2912.45000,0.03276400,2025-01-05 11:21:22.672393322,s,l
2225311,2912.33000,0.73094470,2025-01-05 11:21:22.672393322,s,l
2225312,2909.24000,0.01718661,2025-01-05 11:25:14.492675066,s,m
2225313,2910.04000,0.10057003,2025-01-05 11:26:17.492219925,b,l
2225314,2908.39000,0.00846879,2025-01-05 11:28:04.111002207,b,l
2225315,2909.41000,0.05029729,2025-01-05 11:29:30.915043354,b,l
2225316,2906.87000,0.03019937,2025-01-05 11:32:27.731364489,s,l
2225317,2907.27000,0.05032565,2025-01-05 11:32:32.087293148,b,l
2225318,2906.77000,0.01606662,2025-01-05 11:32:45.437368631,b,l
2225319,2906.57000,0.00516072,2025-01-05 11:35:41.794848442,b,m
2225320,2904.99000,0.26531499,2025-01-05 11:36:15.649914980,s,m
2225321,2904.98000,1.09469947,2025-01-05 11:36:15.649914980,s,m
2225322,2904.82000,0.01000800,2025-01-05 11:36:15.649914980,s,m
2225323,2904.80000,0.12997754,2025-01-05 11:36:15.649914980,s,m
2225324,2904.84000,0.67124336,2025-01-05 11:38:28.923579216,b,l
2225325,2904.84000,0.41996834,2025-01-05 11:38:29.181369543,b,l
2225326,2904.84000,0.32618533,2025-01-05 11:38:29.936083317,b,l
2225327,2907.60000,0.15530812,2025-01-05 11:40:55.589913368,s,m
2225328,2907.47000,0.21982885,2025-01-05 11:43:03.062008619,s,m
2225329,2907.51000,0.19310000,2025-01-05 11:43:11.691460609,s,l
2225330,2908.61000,0.33538792,2025-01-05 11:46:02.851207256,b,l
2225331,2908.48000,0.03277600,2025-01-05 11:46:23.490039825,b,l
2225332,2908.61000,0.01592258,2025-01-05 11:46:23.490039825,b,l
2225333,2908.79000,0.03272100,2025-01-05 11:46:45.485322475,b,l
2225334,2909.01000,0.04777152,2025-01-05 11:46:45.485322475,b,l
2225335,2908.71000,0.00478962,2025-01-05 11:47:34.369103193,b,l
2225336,2908.15000,0.08496929,2025-01-05 11:50:45.064400673,b,l
2225337,2908.14000,0.02063174,2025-01-05 11:52:40.369961500,s,l
2225338,2908.14000,0.05169295,2025-01-05 11:52:40.369961500,s,l
2225339,2909.08000,0.00670727,2025-01-05 11:57:50.219289780,b,l
2225340,2908.95000,0.00317334,2025-01-05 11:59:01.203222990,b,l
2225341,2909.12000,0.00171027,2025-01-05 12:00:30.035726547,b,l
2225342,2908.15000,0.00838686,2025-01-05 12:02:10.651983023,b,l
2225343,2908.15000,0.33547436,2025-01-05 12:02:44.618203163,b,l
2225344,2908.14000,0.00881147,2025-01-05 12:03:18.737730026,s,l
2225345,2908.15000,0.15143445,2025-01-05 12:03:58.069293499,b,l
2225346,2908.15000,0.08548222,2025-01-05 12:06:25.645254612,b,l
2225347,2908.14000,0.28335798,2025-01-05 12:08:36.815695286,s,l
2225348,2908.14000,0.02380402,2025-01-05 12:08:36.815695286,s,l
2225349,2908.14000,0.00200000,2025-01-05 12:08:38.758116245,s,m
2225350,2908.14000,0.30716200,2025-01-05 12:09:01.072217464,s,l
2225351,2908.14000,0.26061957,2025-01-05 12:09:01.074094772,s,l
2225352,2907.19000,0.02982567,2025-01-05 12:13:54.642361879,s,l
2225353,2908.53000,0.01606010,2025-01-05 12:14:30.151158810,b,l
2225354,2909.71000,0.12872600,2025-01-05 12:16:42.766252041,s,m
2225355,2910.61000,0.04000000,2025-01-05 12:17:17.293143272,s,l
2225356,2914.88000,0.01689987,2025-01-05 12:19:21.437129021,b,l
2225357,2911.46000,0.00335034,2025-01-05 12:20:57.751852751,b,l
2225358,2911.82000,0.96708195,2025-01-05 12:22:08.528437853,b,l
2225359,2912.48000,0.00433838,2025-01-05 12:22:19.843047380,b,l
2225360,2912.82000,0.00251984,2025-01-05 12:22:49.975806475,b,l
2225361,2911.77000,0.01262419,2025-01-05 12:23:54.775432825,s,l
2225362,2911.57000,0.00249635,2025-01-05 12:25:40.160635233,b,l
2225363,2911.57000,0.07899518,2025-01-05 12:28:58.158519030,b,m
2225364,2911.57000,0.67510036,2025-01-05 12:29:10.060157061,b,l
2225365,2911.57000,0.00050757,2025-01-05 12:30:00.045786858,b,l
2225366,2911.57000,0.00837701,2025-01-05 12:30:04.609998465,b,l
2225367,2911.56000,0.00274767,2025-01-05 12:30:48.828217506,s,m
2225368,2910.13000,0.00278062,2025-01-05 12:30:48.828217506,s,m
2225369,2911.02000,0.00636620,2025-01-05 12:32:10.278686523,b,l
2225370,2910.16000,0.08805570,2025-01-05 12:32:25.575932741,s,l
2225371,2910.75000,0.08657562,2025-01-05 12:32:30.785691738,b,m
2225372,2908.73000,0.00844679,2025-01-05 12:36:05.677552223,b,l
2225373,2909.66000,0.01026924,2025-01-05 12:37:24.302157879,b,m
2225374,2912.04000,0.37069594,2025-01-05 12:39:48.000152588,b,l
2225375,2912.05000,0.29930486,2025-01-05 12:39:48.000152588,b,l
2225376,2912.03000,0.18652280,2025-01-05 12:42:20.028484583,b,m
2225377,2909.98000,0.09317331,2025-01-05 12:42:30.334148884,s,m
2225378,2910.10000,0.27598513,2025-01-05 12:42:44.123451471,s,l
2225379,2911.78000,0.08376403,2025-01-05 12:43:40.447277069,b,l
2225380,2911.63000,0.00067675,2025-01-05 12:44:00.038181782,b,l
2225381,2913.26000,0.10000000,2025-01-05 12:47:22.506379366,s,l
2225382,2914.62000,0.02225733,2025-01-05 12:48:26.719619513,b,l
2225383,2913.69000,0.03500000,2025-01-05 12:48:49.386844397,s,l
2225384,2914.35000,0.01011646,2025-01-05 12:50:44.317510366,b,l
2225385,2914.21000,0.00836902,2025-01-05 12:50:55.144967794,b,l
2225386,2916.79000,0.03667300,2025-01-05 12:52:26.578957081,b,l
2225387,2917.11000,0.36467875,2025-01-05 12:52:26.578957081,b,l
2225388,2914.28000,0.00421896,2025-01-05 12:53:23.841083050,s,l
2225389,2914.14000,0.16738550,2025-01-05 12:55:48.413392544,b,l
2225390,2913.86000,0.20089018,2025-01-05 12:56:12.124184370,b,l
2225391,2912.41000,0.34335825,2025-01-05 12:58:17.309707165,b,m
2225392,2912.33000,0.07588426,2025-01-05 12:58:23.677376509,b,m
2225393,2912.21000,0.41000000,2025-01-05 12:58:32.072625160,b,l
2225394,2912.27000,0.30303066,2025-01-05 12:58:32.072625160,b,l
2225395,2912.28000,0.43092786,2025-01-05 12:58:32.072625160,b,l
2225396,2910.97000,0.00451766,2025-01-05 12:59:41.867187262,b,l
2225397,2912.83000,0.01028201,2025-01-05 13:08:57.405853510,s,l
2225398,2912.83000,0.04600000,2025-01-05 13:09:02.769078255,s,l
2225399,2912.84000,0.01200000,2025-01-05 13:11:07.920399189,b,l
2225400,2914.01000,0.00403161,2025-01-05 13:11:07.920399189,b,l
2225401,2911.85000,0.02000000,2025-01-05 13:14:39.673548698,s,l
2225402,2913.33000,0.13690244,2025-01-05 13:17:34.668771982,b,l
2225403,2913.34000,0.10710168,2025-01-05 13:17:34.668771982,b,l
2225404,2917.44000,0.01028299,2025-01-05 13:19:13.724128723,b,m
2225405,2916.73000,0.21215069,2025-01-05 13:19:43.514622449,b,l
2225406,2916.74000,0.05740414,2025-01-05 13:19:43.514622449,b,l
2225407,2916.20000,0.04348815,2025-01-05 13:21:48.623760700,b,l
2225408,2913.94000,0.01030476,2025-01-05 13:23:55.167810440,b,l
2225409,2914.43000,0.03849616,2025-01-05 13:24:40.096256733,b,l
2225410,2914.06000,0.26889100,2025-01-05 13:25:26.274766445,s,l
2225411,2914.22000,0.06867152,2025-01-05 13:25:38.305012465,s,l
2225412,2914.59000,0.00953729,2025-01-05 13:25:55.947603464,s,l
2225413,2915.21000,0.02049938,2025-01-05 13:26:12.560666561,b,m
2225414,2917.32000,0.00228070,2025-01-05 13:30:18.384379625,b,l
2225415,2916.81000,0.27623319,2025-01-05 13:31:22.170591354,b,l
2225416,2919.12000,1.03634402,2025-01-05 13:34:32.436053276,s,m
2225417,2919.53000,0.00501224,2025-01-05 13:34:46.989487171,b,l
2225418,2918.98000,0.30000000,2025-01-05 13:34:50.124082804,s,l
2225419,2919.42000,0.22455057,2025-01-05 13:34:52.713708639,b,l
2225420,2919.43000,0.11208113,2025-01-05 13:34:52.713708639,b,l
2225421,2920.01000,0.00313109,2025-01-05 13:35:00.693376303,b,l
2225422,2918.10000,0.00033762,2025-01-05 13:35:37.031148434,b,l
2225423,2918.48000,0.13255755,2025-01-05 13:38:28.810038805,b,l
2225424,2918.49000,0.03458354,2025-01-05 13:38:28.810038805,b,l
2225425,2917.85000,0.03210651,2025-01-05 13:41:29.270940065,b,l
2225426,2918.60000,0.00704647,2025-01-05 13:41:54.953691959,b,l
2225427,2917.62000,0.00337680,2025-01-05 13:43:02.037650585,b,l
2225428,2918.05000,0.00124794,2025-01-05 13:43:30.992922306,s,l
2225429,2917.00000,0.03344462,2025-01-05 13:45:17.814072609,b,l
2225430,2916.49000,0.04922703,2025-01-05 13:47:18.096555710,b,l
2225431,2916.50000,0.59461773,2025-01-05 13:47:18.096555710,b,l
2225432,2916.04000,0.02299831,2025-01-05 13:47:31.865800619,b,l
2225433,2914.61000,0.00274475,2025-01-05 13:49:34.466398478,b,l
2225434,2914.56000,0.03245721,2025-01-05 13:50:36.411777496,b,l
2225435,2913.16000,0.01714000,2025-01-05 13:53:15.565842867,s,l
2225436,2913.09000,0.03239058,2025-01-05 13:54:11.947233677,b,l
2225437,2914.54000,0.06391638,2025-01-05 13:54:43.848875761,b,l
2225438,2914.55000,0.26143005,2025-01-05 13:54:43.848875761,b,l
2225439,2913.80000,0.00115638,2025-01-05 13:55:29.041334391,b,l
2225440,2913.13000,0.00952790,2025-01-05 13:56:10.951678276,b,l
2225441,2913.10000,0.01014612,2025-01-05 13:56:14.029946327,b,l
2225442,2912.34000,0.04031795,2025-01-05 13:57:05.072900534,b,l
2225443,2912.35000,0.54588562,2025-01-05 13:57:05.072900534,b,l
2225444,2908.80000,0.05156765,2025-01-05 14:01:44.109736204,s,l
2225445,2909.26000,0.00845217,2025-01-05 14:02:34.279257298,b,l
2225446,2912.11000,0.15756295,2025-01-05 14:03:15.560638905,b,l
2225447,2912.12000,0.03668900,2025-01-05 14:03:15.560638905,b,l
2225448,2912.13000,0.41000000,2025-01-05 14:03:15.560638905,b,l
2225449,2912.22000,0.06570271,2025-01-05 14:03:15.560638905,b,l
2225450,2910.89000,0.28779289,2025-01-05 14:06:31.271984100,b,m
2225451,2910.90000,0.39928082,2025-01-05 14:06:31.271984100,b,m
2225452,2910.14000,0.01676115,2025-01-05 14:08:32.979767799,b,l
2225453,2906.19000,0.03502083,2025-01-05 14:10:12.619686604,s,l
2225454,2906.19000,0.00759510,2025-01-05 14:11:27.331572771,s,l
2225455,2905.43000,0.05164524,2025-01-05 14:12:50.564419508,b,l
2225456,2904.01000,0.27548115,2025-01-05 14:15:42.280938625,b,m
2225457,2903.89000,0.01294424,2025-01-05 14:15:45.709824324,b,l
2225458,2903.77000,0.55383938,2025-01-05 14:15:57.243493795,s,l
2225459,2903.75000,0.09265561,2025-01-05 14:15:57.243493795,s,l
2225460,2902.74000,0.03576235,2025-01-05 14:16:05.605510235,b,l
2225461,2902.26000,0.00778000,2025-01-05 14:16:54.419824839,s,l
2225462,2900.00000,0.00468620,2025-01-05 14:16:57.996457577,s,l
2225463,2898.00000,0.00241545,2025-01-05 14:17:31.204852581,s,l
2225464,2898.00000,0.00241545,2025-01-05 14:17:31.204852581,s,l
2225465,2896.30000,0.17263405,2025-01-05 14:17:49.899892807,s,l
2225466,2896.30000,0.05179021,2025-01-05 14:17:49.899892807,s,l
2225467,2895.86000,0.01000000,2025-01-05 14:18:11.098956585,s,l
2225468,2897.29000,0.32714364,2025-01-05 14:20:28.158439636,b,l
2225469,2900.59000,0.00169831,2025-01-05 14:21:15.034804344,b,l
2225470,2900.59000,0.00315159,2025-01-05 14:21:53.824415684,b,l
2225471,2900.58000,0.04204359,2025-01-05 14:22:12.152215004,b,l
2225472,2899.74000,0.00452282,2025-01-05 14:22:27.076617002,s,l
2225473,2900.59000,0.14286053,2025-01-05 14:23:33.747023106,b,l
2225474,2901.05000,0.01717622,2025-01-05 14:23:33.747023106,b,l
2225475,2901.49000,0.27713648,2025-01-05 14:23:33.747023106,b,l
2225476,2903.45000,0.00336103,2025-01-05 14:25:34.808743238,b,l
2225477,2903.41000,0.00481170,2025-01-05 14:25:40.133361101,b,l
2225478,2901.89000,0.02825988,2025-01-05 14:26:51.218839169,s,l
2225479,2899.27000,0.00709014,2025-01-05 14:30:42.502655745,b,l
2225480,2900.94000,0.06726325,2025-01-05 14:31:58.742521763,b,l
2225481,2899.14000,0.01289410,2025-01-05 14:33:01.789003611,s,l
2225482,2901.59000,0.50931817,2025-01-05 14:33:13.803750277,b,l
2225483,2901.87000,0.16809729,2025-01-05 14:33:30.089666843,b,l
2225484,2900.93000,0.00072679,2025-01-05 14:34:13.054019451,b,l
2225485,2900.00000,0.13783645,2025-01-05 14:35:56.067802429,b,l
2225486,2903.50000,0.03595250,2025-01-05 14:36:10.350320101,b,l
2225487,2907.80000,0.01683145,2025-01-05 14:39:39.290555716,b,l
2225488,2907.43000,1.29155903,2025-01-05 14:39:45.063192129,b,l
2225489,2908.59000,0.50317866,2025-01-05 14:40:11.179514885,b,l
2225490,2907.20000,0.03440090,2025-01-05 14:40:36.569784641,s,l
2225491,2914.35000,0.03431297,2025-01-05 14:45:24.628928423,b,m
2225492,2916.42000,0.00668741,2025-01-05 14:47:02.020525694,b,l
2225493,2917.35000,0.11700324,2025-01-05 14:49:44.575012922,b,l
2225494,2917.35000,0.29299676,2025-01-05 14:49:48.500910044,b,l
2225495,2917.35000,0.41487171,2025-01-05 14:49:48.500910044,b,l
2225496,2919.43000,0.00835445,2025-01-05 14:50:27.317320108,b,l
2225497,2918.20000,0.66862429,2025-01-05 14:52:49.869116306,b,l
2225498,2918.30000,0.00334305,2025-01-05 14:53:11.722957373,b,l
2225499,2917.34000,5.50292298,2025-01-05 14:54:31.108811140,s,l
2225500,2914.75000,0.01054979,2025-01-05 14:55:08.690197706,s,l
2225501,2915.84000,0.16729366,2025-01-05 14:55:26.747447014,b,l
2225502,2914.76000,1.00000000,2025-01-05 14:55:39.346765757,s,m
2225503,2915.75000,0.03345724,2025-01-05 14:56:44.357950449,b,l
2225504,2915.37000,0.08366089,2025-01-05 14:58:41.426788568,b,l
2225505,2916.43000,0.01265127,2025-01-05 14:59:34.059831142,b,l
2225506,2916.43000,0.00338502,2025-01-05 15:01:10.389553070,b,l
2225507,2918.70000,0.03342617,2025-01-05 15:03:33.533539534,b,l
2225508,2921.73000,0.06424443,2025-01-05 15:06:03.210789442,b,l
2225509,2922.15000,0.16695069,2025-01-05 15:06:07.356125355,b,l
2225510,2921.64000,0.03080462,2025-01-05 15:06:40.919608831,b,m
2225511,2921.74000,0.06482964,2025-01-05 15:06:57.795083284,b,l
2225512,2921.74000,0.00640687,2025-01-05 15:07:35.016554117,b,l
2225513,2925.00000,0.30716200,2025-01-05 15:08:18.121425867,b,l
2225514,2925.00000,0.00995445,2025-01-05 15:08:19.680211306,b,l
2225515,2926.64000,0.03663200,2025-01-05 15:08:34.381091356,s,l
2225516,2923.73000,0.03664100,2025-01-05 15:09:42.727862597,s,l
2225517,2922.79000,0.30935900,2025-01-05 15:09:42.727862597,s,l
2225518,2922.78000,0.00273713,2025-01-05 15:12:24.490744114,s,l
2225519,2920.74000,0.05135684,2025-01-05 15:13:23.400707960,s,l
2225520,2917.75000,0.00205637,2025-01-05 15:15:33.336263895,s,l
2225521,2917.00000,0.03513884,2025-01-05 15:15:36.133711815,s,l
2225522,2917.00000,0.00736667,2025-01-05 15:15:45.329803467,s,l
2225523,2916.71000,1.95740000,2025-01-05 15:15:45.334124327,s,l
2225524,2914.92000,0.16734646,2025-01-05 15:17:12.817478418,b,l
2225525,2914.94000,0.00989828,2025-01-05 15:17:16.269693851,b,l
2225526,2914.92000,0.03509109,2025-01-05 15:17:17.603249788,b,l
2225527,2914.30000,0.03667000,2025-01-05 15:17:33.894615889,s,l
2225528,2913.71000,0.02803739,2025-01-05 15:17:33.894616127,s,l
2225529,2914.34000,0.03561474,2025-01-05 15:18:54.713807583,b,l
2225530,2914.53000,0.11575794,2025-01-05 15:20:29.471521616,b,m
2225531,2915.54000,0.93295318,2025-01-05 15:20:51.624912024,b,l
2225532,2915.55000,0.40600554,2025-01-05 15:20:51.624912024,b,l
2225533,2912.28000,0.02823300,2025-01-05 15:22:13.596871614,s,l
2225534,2912.06000,4.10176700,2025-01-05 15:22:13.596871614,s,l
2225535,2913.10000,0.00067641,2025-01-05 15:22:50.032432079,b,l
2225536,2914.33000,0.01841171,2025-01-05 15:24:49.058498383,b,l
2225537,2914.16000,0.06757883,2025-01-05 15:25:59.092621088,b,l
2225538,2913.91000,0.00428976,2025-01-05 15:27:21.109315872,s,m
2225539,2913.83000,0.12879688,2025-01-05 15:27:21.109315872,s,m
2225540,2913.38000,0.11042319,2025-01-05 15:27:44.693916559,s,l
2225541,2917.54000,0.03557995,2025-01-05 15:29:35.015229702,b,l
2225542,2918.54000,0.01713613,2025-01-05 15:30:26.063061237,s,l
2225543,2922.77000,0.00505627,2025-01-05 15:34:00.032737970,b,l
2225544,2922.05000,0.06788070,2025-01-05 15:34:55.320111513,b,l
2225545,2920.97000,0.02400100,2025-01-05 15:35:44.409136057,s,l
2225546,2924.47000,0.03549272,2025-01-05 15:37:11.964326859,b,l
2225547,2921.46000,0.00965014,2025-01-05 15:39:45.463605642,b,l
2225548,2922.02000,0.03665000,2025-01-05 15:40:21.606214285,b,l
2225549,2922.32000,0.00987329,2025-01-05 15:40:21.606214285,b,l
2225550,2922.05000,0.01000000,2025-01-05 15:40:49.835484028,s,l
2225551,2922.90000,0.00667547,2025-01-05 15:40:51.909192562,b,l
2225552,2922.07000,0.03422232,2025-01-05 15:41:48.976294041,b,m
2225553,2921.31000,0.07087452,2025-01-05 15:43:31.451324463,s,l
2225554,2919.74000,0.31136635,2025-01-05 15:46:02.146540403,s,m
2225555,2919.05000,0.43470900,2025-01-05 15:46:27.961979628,s,m
2225556,2919.04000,0.18082342,2025-01-05 15:46:27.961979628,s,m
2225557,2919.95000,0.14000000,2025-01-05 15:46:36.519318819,s,l
2225558,2922.70000,0.01277842,2025-01-05 15:47:22.419787884,b,l
2225559,2923.08000,0.03204631,2025-01-05 15:48:50.141888380,b,l
2225560,2922.98000,0.14539806,2025-01-05 15:52:05.937700033,b,l
2225561,2922.99000,0.02148687,2025-01-05 15:52:05.937700033,b,l
2225562,2922.56000,0.13802898,2025-01-05 15:52:21.228507042,s,l
2225563,2923.52000,0.02600000,2025-01-05 15:52:27.955362797,s,l
2225564,2924.29000,0.00067382,2025-01-05 15:53:24.032503128,b,l
2225565,2924.45000,0.02034105,2025-01-05 15:53:31.763252974,b,l
2225566,2923.72000,0.13532407,2025-01-05 15:53:37.606293201,s,l
2225567,2922.02000,0.01598173,2025-01-05 15:56:19.576236248,b,l
2225568,2922.95000,0.11391029,2025-01-05 15:56:35.149043083,b,l
2225569,2922.96000,0.01576444,2025-01-05 15:56:35.149043083,b,l
2225570,2922.36000,0.05333842,2025-01-05 15:57:37.684938669,b,l
2225571,2919.72000,0.07596120,2025-01-05 16:00:45.569528580,b,l
2225572,2919.73000,0.92608960,2025-01-05 16:00:45.569528580,b,l
2225573,2921.73000,0.03207968,2025-01-05 16:01:39.973814011,b,l
2225574,2925.21000,0.06460004,2025-01-05 16:05:09.885912180,b,l
2225575,2925.99000,0.03417646,2025-01-05 16:07:01.624909639,s,m
2225576,2926.00000,0.25000000,2025-01-05 16:07:39.759141684,b,l
2225577,2926.98000,0.09254443,2025-01-05 16:08:32.558404684,b,l
2225578,2927.62000,0.15240434,2025-01-05 16:08:32.558404684,b,l
2225579,2927.63000,0.23596622,2025-01-05 16:08:32.558404684,b,l
2225580,2927.70000,0.00633145,2025-01-05 16:09:08.128204584,b,l
2225581,2927.70000,0.01707825,2025-01-05 16:09:13.126880168,b,l
2225582,2927.47000,0.00033654,2025-01-05 16:10:22.031567335,b,l
2225583,2925.85000,0.31900000,2025-01-05 16:11:14.199208975,s,m
2225584,2925.77000,0.03526870,2025-01-05 16:11:32.179844379,b,l
2225585,2923.38000,0.03551142,2025-01-05 16:17:38.727205038,b,l
2225586,2925.44000,0.02624561,2025-01-05 16:25:09.446410179,b,l
2225587,2925.93000,0.01629906,2025-01-05 16:26:13.329595566,b,l
2225588,2926.24000,0.06409580,2025-01-05 16:26:50.327179909,b,l
2225589,2925.65000,0.01275100,2025-01-05 16:27:41.237493038,b,l
2225590,2925.61000,0.03547950,2025-01-05 16:27:45.572126150,b,l
2225591,2925.02000,0.03207968,2025-01-05 16:27:50.592212915,s,l
2225592,2922.31000,0.00802720,2025-01-05 16:30:42.472582340,b,l
2225593,2919.97000,0.06422001,2025-01-05 16:32:31.797764778,b,l
2225594,2919.97000,0.01598517,2025-01-05 16:32:43.482485533,b,l
2225595,2919.97000,0.00307721,2025-01-05 16:34:04.784340620,b,l
2225596,2919.97000,0.25718607,2025-01-05 16:34:17.259998322,b,l
2225597,2919.93000,0.00273977,2025-01-05 16:35:09.694016218,b,l
2225598,2919.29000,0.06884943,2025-01-05 16:36:58.834860802,b,l
2225599,2919.51000,0.16422980,2025-01-05 16:37:24.575916290,s,l
2225600,2920.99000,0.00033729,2025-01-05 16:38:20.035180569,b,l
2225601,2921.21000,0.03103400,2025-01-05 16:38:41.608932018,s,l
2225602,2920.32000,0.27520000,2025-01-05 16:39:38.772144079,s,l
2225603,2920.71000,0.00284177,2025-01-05 16:40:50.493422270,b,m
2225604,2920.31000,0.01116553,2025-01-05 16:41:34.820697308,b,l
2225605,2920.30000,0.01369722,2025-01-05 16:41:53.081255436,s,l
2225606,2920.08000,0.03665700,2025-01-05 16:41:53.081255436,s,l
2225607,2920.07000,0.05136863,2025-01-05 16:41:53.081255436,s,l
2225608,2919.00000,0.25240140,2025-01-05 16:41:53.081255436,s,l
2225609,2920.21000,0.00316132,2025-01-05 16:42:18.994498491,b,l
2225610,2919.03000,0.03536400,2025-01-05 16:44:02.545421124,s,l
2225611,2919.03000,0.66784799,2025-01-05 16:44:02.545421124,s,l
2225612,2919.24000,0.00250807,2025-01-05 16:46:04.352547407,b,l
2225613,2920.18000,0.10022221,2025-01-05 16:47:08.928780794,b,l
2225614,2920.25000,0.06422441,2025-01-05 16:47:41.901824951,b,l
2225615,2919.35000,0.00035108,2025-01-05 16:49:22.842251301,s,l
2225616,2920.63000,0.05200000,2025-01-05 16:50:09.032197952,s,l
2225617,2920.71000,0.00843307,2025-01-05 16:50:29.032016516,b,l
2225618,2919.84000,1.56724915,2025-01-05 16:51:37.545539856,b,l
2225619,2919.85000,1.80696999,2025-01-05 16:51:37.545539856,b,l
2225620,2919.24000,0.10300000,2025-01-05 16:51:46.454635143,s,l
2225621,2918.22000,0.01731665,2025-01-05 16:52:39.721726418,b,l
2225622,2919.04000,0.01278761,2025-01-05 16:54:54.109956264,b,l
2225623,2919.04000,0.00377673,2025-01-05 16:55:41.676251650,b,l
2225624,2919.02000,0.03342251,2025-01-05 16:56:38.785791636,b,l
2225625,2919.96000,0.33655493,2025-01-05 16:58:08.730032206,b,l
2225626,2918.13000,0.00519610,2025-01-05 17:00:07.947887897,s,l
2225627,2919.67000,0.04678062,2025-01-05 17:00:39.950535774,b,l
2225628,2917.94000,0.01756252,2025-01-05 17:01:29.311507225,s,l
2225629,2919.64000,0.27568259,2025-01-05 17:02:56.759307861,s,m
2225630,2923.54000,0.00033700,2025-01-05 17:06:03.035031319,b,l
2225631,2923.54000,0.01668542,2025-01-05 17:06:05.467076302,b,l
2225632,2922.67000,0.02601046,2025-01-05 17:07:26.993854761,s,l
2225633,2922.67000,0.01760517,2025-01-05 17:07:26.993854761,s,l
2225634,2923.47000,0.03227280,2025-01-05 17:08:28.026715279,b,l
2225635,2923.57000,0.00634039,2025-01-05 17:11:52.719258308,b,l
2225636,2925.00000,0.00033683,2025-01-05 17:13:02.031012058,b,l
2225637,2925.00000,0.02334793,2025-01-05 17:13:26.111821651,b,l
2225638,2925.00000,0.00500313,2025-01-05 17:14:03.789956331,b,l
2225639,2925.00000,0.02929551,2025-01-05 17:14:21.355334997,b,l
2225640,2925.94000,0.11435755,2025-01-05 17:14:21.355334997,b,l
2225641,2925.38000,0.03334552,2025-01-05 17:15:21.397248268,b,l
2225642,2923.58000,0.16738514,2025-01-05 17:15:29.844828606,s,m
2225643,2925.19000,0.01834354,2025-01-05 17:16:13.537251472,b,l
2225644,2925.30000,0.40323763,2025-01-05 17:17:50.987073660,b,l
2225645,2924.00000,0.16683193,2025-01-05 17:23:44.117373466,b,l
2225646,2923.30000,0.01770873,2025-01-05 17:24:50.039331198,b,l
2225647,2922.60000,0.02761361,2025-01-05 17:24:52.316779375,s,l
2225648,2923.98000,0.03550074,2025-01-05 17:25:25.842629194,b,l
2225649,2925.32000,0.01123134,2025-01-05 17:28:10.042638540,b,l
2225650,2925.32000,0.07053642,2025-01-05 17:29:00.784542561,b,l
2225651,2925.32000,0.00177290,2025-01-05 17:29:14.876704454,b,l
2225652,2926.37000,0.00616786,2025-01-05 17:29:14.876704454,b,l
2225653,2926.20000,0.00184714,2025-01-05 17:30:29.544615507,b,l
2225654,2925.17000,0.61777447,2025-01-05 17:31:13.965071201,s,l
2225655,2926.05000,0.00986249,2025-01-05 17:31:27.311600685,b,l
2225656,2933.46000,0.03229209,2025-01-05 17:34:09.722050905,b,l
2225657,2934.61000,0.02271032,2025-01-05 17:35:11.320527554,b,l
2225658,2932.94000,0.00574082,2025-01-05 17:35:17.466547966,s,l
2225659,2932.11000,0.08317871,2025-01-05 17:36:25.191780567,b,l
2225660,2929.91000,0.05477685,2025-01-05 17:36:55.653456688,s,l
2225661,2930.15000,0.01756007,2025-01-05 17:37:11.631101847,s,l
2225662,2930.02000,0.18771203,2025-01-05 17:37:27.077386379,b,m
2225663,2926.56000,0.00801554,2025-01-05 17:38:55.119907856,b,l
2225664,2924.60000,0.00667175,2025-01-05 17:42:33.679240704,b,l
2225665,2920.80000,0.03340191,2025-01-05 17:46:15.924671888,b,l
2225666,2920.28000,0.01277763,2025-01-05 17:46:30.712133169,b,l
2225667,2918.53000,0.00635060,2025-01-05 17:46:58.662870169,b,l
2225668,2918.39000,0.33405573,2025-01-05 17:47:03.945340872,b,l
2225669,2918.18000,0.01028038,2025-01-05 17:47:41.906073809,b,m
2225670,2918.10000,0.02570166,2025-01-05 17:47:42.373691082,b,m
2225671,2917.16000,0.06429575,2025-01-05 17:49:38.215566158,b,l
2225672,2917.16000,0.01672191,2025-01-05 17:51:05.858606100,b,l
2225673,2917.15000,0.00291278,2025-01-05 17:51:38.934476137,s,l
2225674,2914.47000,0.11101570,2025-01-05 17:51:38.934476376,s,l
2225675,2917.79000,0.05140789,2025-01-05 17:52:45.854932785,b,l
2225676,2916.79000,0.09646228,2025-01-05 17:54:10.990870714,b,l
2225677,2915.44000,0.07241531,2025-01-05 17:54:53.203148127,s,l
2225678,2915.65000,0.01601422,2025-01-05 17:55:21.158944845,b,l
2225679,2916.92000,0.06601100,2025-01-05 17:56:51.846543074,b,m
2225680,2917.18000,0.96238531,2025-01-05 17:56:51.846543074,b,m
2225681,2915.43000,1.57883982,2025-01-05 18:02:12.960647583,s,l
2225682,2908.63000,0.02028113,2025-01-05 18:05:43.762058020,s,l
2225683,2909.20000,0.00959329,2025-01-05 18:05:59.346486330,b,l
2225684,2914.41000,0.13000000,2025-01-05 18:09:44.109585047,s,l
2225685,2912.30000,0.01603506,2025-01-05 18:11:12.959739447,b,l
2225686,2908.35000,0.52854123,2025-01-05 18:14:32.437305450,s,l
2225687,2912.00000,0.00033833,2025-01-05 18:15:40.035508394,b,l
2225688,2912.05000,0.08052666,2025-01-05 18:17:29.129210472,b,l
2225689,2915.91000,0.11818847,2025-01-05 18:21:19.378377199,s,l
2225690,2915.90000,0.03181153,2025-01-05 18:21:19.378377199,s,l
2225691,2915.63000,0.00964727,2025-01-05 18:24:47.506214379,b,l
2225692,2914.83000,0.01400000,2025-01-05 18:25:13.206424952,s,l
2225693,2914.31000,0.02357054,2025-01-05 18:26:29.087774277,s,m
2225694,2914.30000,0.01366593,2025-01-05 18:26:29.087774277,s,m
2225695,2915.73000,0.01389778,2025-01-05 18:31:55.994111538,b,l
2225696,2917.61000,0.00976986,2025-01-05 18:33:45.438525200,b,m
2225697,2915.49000,0.02206000,2025-01-05 18:34:46.273974419,s,l
2225698,2916.12000,0.01371686,2025-01-05 18:35:01.814158440,b,m
2225699,2917.97000,0.00570939,2025-01-05 18:36:16.807235718,b,l
2225700,2920.84000,0.01669970,2025-01-05 18:41:01.165256500,b,l
2225701,2922.21000,0.00601929,2025-01-05 18:43:49.781061172,b,l
2225702,2920.88000,0.01323997,2025-01-05 18:44:40.823034286,b,l
2225703,2922.99000,0.00066754,2025-01-05 18:45:59.513481616,b,l
2225704,2922.59000,0.50565851,2025-01-05 18:47:24.400097847,b,l
2225705,2922.59000,0.06988538,2025-01-05 18:47:27.956598520,b,l
2225706,2921.29000,0.01711573,2025-01-05 18:47:48.038122416,b,m
2225707,2921.11000,0.03700900,2025-01-05 18:49:25.629297972,b,l
2225708,2921.18000,0.08349392,2025-01-05 18:49:50.577837706,b,l
2225709,2920.30000,0.02500000,2025-01-05 18:51:04.180317640,s,l
2225710,2921.66000,0.00312889,2025-01-05 18:53:49.699451208,b,l
2225711,2921.10000,0.04672658,2025-01-05 18:53:56.671151876,s,l
2225712,2921.09000,0.01423118,2025-01-05 18:53:56.671151876,s,l
2225713,2920.86000,0.04331858,2025-01-05 18:55:08.368530273,s,l
2225714,2920.85000,0.02284494,2025-01-05 18:55:08.368530512,s,l
2225715,2922.63000,0.00067027,2025-01-05 18:57:42.311882973,s,l
2225716,2922.49000,0.04776165,2025-01-05 18:58:11.798667908,s,m
2225717,2922.48000,0.41000000,2025-01-05 18:58:11.798667908,s,m
2225718,2922.40000,1.04223835,2025-01-05 18:58:11.798667908,s,m
2225719,2922.20000,0.03791005,2025-01-05 18:58:24.989574671,s,l
2225720,2920.96000,0.23018492,2025-01-05 19:00:02.228591442,s,l
2225721,2921.52000,0.16169411,2025-01-05 19:00:51.336984396,b,l
2225722,2920.23000,1.57299147,2025-01-05 19:01:52.389506817,b,m
2225723,2920.24000,0.43470900,2025-01-05 19:01:52.389506817,b,m
2225724,2920.26000,0.08100940,2025-01-05 19:01:52.389506817,b,m
2225725,2919.69000,0.01483195,2025-01-05 19:04:38.668696165,s,l
2225726,2925.14000,0.01684059,2025-01-05 19:06:35.034120083,b,l
2225727,2926.06000,0.00067341,2025-01-05 19:07:39.034197569,b,l
2225728,2926.04000,0.00833552,2025-01-05 19:07:53.704468489,b,l
2225729,2925.11000,0.43470900,2025-01-05 19:08:24.023811102,s,l
2225730,2925.10000,0.06167632,2025-01-05 19:08:24.023811102,s,l
2225731,2926.54000,0.00690352,2025-01-05 19:11:08.114769697,b,l
2225732,2924.96000,0.85000000,2025-01-05 19:12:04.637797594,s,l
2225733,2926.61000,0.06598700,2025-01-05 19:14:00.473337889,b,m
2225734,2927.03000,0.27566571,2025-01-05 19:14:00.473337889,b,m
2225735,2927.10000,1.56931766,2025-01-05 19:14:29.543642282,b,l
2225736,2927.11000,0.59720578,2025-01-05 19:14:29.543642282,b,l
2225737,2927.43000,0.02000000,2025-01-05 19:15:36.555737972,b,l
2225738,2927.64000,0.01000300,2025-01-05 19:17:06.454746723,s,l
2225739,2928.26000,0.30958686,2025-01-05 19:17:38.345207930,s,l
2225740,2927.42000,0.00273279,2025-01-05 19:18:34.974462509,s,l
2225741,2922.87000,0.07000000,2025-01-05 19:20:10.938458204,s,l
2225742,2924.05000,0.06415390,2025-01-05 19:21:28.281698942,b,l
2225743,2921.16000,0.75078742,2025-01-05 19:23:36.868331194,s,l
2225744,2921.15000,0.04921258,2025-01-05 19:23:36.868331194,s,l
2225745,2922.19000,0.01669238,2025-01-05 19:23:36.882823706,b,l
2225746,2924.19000,0.07075322,2025-01-05 19:25:42.408480644,b,l
2225747,2925.03000,0.02563774,2025-01-05 19:27:32.505813121,s,l
2225748,2923.88000,0.51366232,2025-01-05 19:30:19.951936722,s,m
2225749,2924.19000,0.40137521,2025-01-05 19:32:30.643191099,s,l
2225750,2924.18000,0.64114827,2025-01-05 19:32:30.643191099,s,l
2225751,2924.47000,0.10784836,2025-01-05 19:32:43.298671961,s,l
2225752,2926.16000,0.06669741,2025-01-05 19:33:32.710434914,b,l
2225753,2924.13000,0.07256004,2025-01-05 19:40:02.936286688,s,l
2225754,2924.14000,0.00133456,2025-01-05 19:40:36.222704172,b,l
2225755,2924.13000,0.01706148,2025-01-05 19:43:45.322642565,s,l
2225756,2924.20000,0.01654623,2025-01-05 19:44:00.814200640,s,l
2225757,2924.60000,0.00101062,2025-01-05 19:44:21.033646584,b,l
2225758,2923.50000,0.12965039,2025-01-05 19:47:21.201211691,b,l
2225759,2922.98000,0.03121365,2025-01-05 19:54:19.443485498,s,l
2225760,2923.13000,0.17404408,2025-01-05 19:54:44.417520285,s,l
2225761,2927.02000,0.00833325,2025-01-05 19:58:56.256866455,b,l
2225762,2927.08000,0.00833282,2025-01-05 19:59:28.721125841,b,l
2225763,2927.35000,0.06934600,2025-01-05 19:59:30.292634487,b,m
2225764,2927.90000,0.00315297,2025-01-05 20:00:42.933780432,b,l
2225765,2928.22000,0.41643891,2025-01-05 20:02:46.931453466,b,l
2225766,2927.04000,0.19425461,2025-01-05 20:04:00.940304041,b,l
2225767,2925.78000,0.16040070,2025-01-05 20:07:07.658047199,b,l
2225768,2925.83000,0.00699829,2025-01-05 20:07:51.491334915,s,l
2225769,2925.52000,0.28029301,2025-01-05 20:08:17.389533997,s,l
2225770,2926.37000,0.01611640,2025-01-05 20:08:29.273379326,b,l
2225771,2925.81000,0.58350000,2025-01-05 20:08:54.902373314,s,m
2225772,2926.68000,0.00890000,2025-01-05 20:09:37.419717550,s,l
2225773,2929.17000,0.01677599,2025-01-05 20:10:42.776706219,b,l
2225774,2929.65000,0.03543505,2025-01-05 20:12:12.961399555,b,l
2225775,2928.91000,0.00953124,2025-01-05 20:12:47.821383715,b,l
2225776,2929.10000,0.06828036,2025-01-05 20:13:50.324058533,b,m
2225777,2930.46000,0.14553949,2025-01-05 20:16:11.783449173,b,l
2225778,2932.62000,0.06397774,2025-01-05 20:17:22.662223339,b,l
2225779,2932.76000,0.00671873,2025-01-05 20:17:54.387215853,b,l
2225780,2935.84000,0.09226512,2025-01-05 20:18:27.780124664,b,l
2225781,2936.35000,0.01158217,2025-01-05 20:18:27.933070421,b,l
2225782,2939.99000,0.41000000,2025-01-05 20:19:04.226626873,s,l
2225783,2939.99000,1.36856474,2025-01-05 20:19:04.226626873,s,l
2225784,2939.99000,0.22531342,2025-01-05 20:19:04.226626873,s,l
2225785,2939.96000,0.02840000,2025-01-05 20:19:04.226626873,s,l
2225786,2939.80000,0.01258288,2025-01-05 20:19:04.227296829,s,l
2225787,2939.79000,1.56551034,2025-01-05 20:19:04.227296829,s,l
2225788,2939.53000,0.06588600,2025-01-05 20:19:04.229316950,s,l
2225789,2935.65000,0.38616696,2025-01-05 20:23:09.009450912,s,l
2225790,2936.27000,0.03347244,2025-01-05 20:24:31.356935501,b,l
2225791,2936.98000,0.03190037,2025-01-05 20:24:46.259270667,b,l
2225792,2935.41000,0.50344840,2025-01-05 20:26:38.345204353,b,l
2225793,2935.09000,0.04515317,2025-01-05 20:27:03.176633358,s,l
2225794,2934.42000,0.06590100,2025-01-05 20:28:25.853683710,b,m
2225795,2934.77000,0.00225530,2025-01-05 20:28:25.853683710,b,m
2225796,2934.33000,0.06815866,2025-01-05 20:29:12.168039322,b,m
2225797,2934.29000,1.56815409,2025-01-05 20:29:14.526841401,b,l
2225798,2934.30000,0.42647375,2025-01-05 20:29:14.526841401,b,l
2225799,2934.58000,0.09973486,2025-01-05 20:29:51.037365437,b,l
2225800,2934.21000,0.00033577,2025-01-05 20:29:56.030733109,b,l
2225801,2929.72000,0.00440229,2025-01-05 20:34:18.452733517,b,l
2225802,2928.14000,0.03414950,2025-01-05 20:34:54.471772194,b,l
2225803,2927.15000,0.00324265,2025-01-05 20:34:58.345519543,s,l
2225804,2926.10000,0.42198548,2025-01-05 20:36:41.016693115,s,l
2225805,2927.28000,0.16033055,2025-01-05 20:37:25.277591944,b,l
2225806,2928.75000,0.33552773,2025-01-05 20:39:23.521809340,b,l
2225807,2928.68000,0.00312125,2025-01-05 20:39:47.953714132,b,l
2225808,2926.10000,0.02397994,2025-01-05 20:43:02.923395634,b,l
2225809,2926.10000,0.00100025,2025-01-05 20:43:04.514994621,b,l
2225810,2927.44000,0.24996151,2025-01-05 20:44:39.100807428,b,l
2225811,2927.59000,0.03415864,2025-01-05 20:45:38.170770407,b,m
2225812,2927.52000,0.00273264,2025-01-05 20:45:58.562645674,b,l
2225813,2920.73000,0.04138399,2025-01-05 20:49:07.352778196,s,l
2225814,2923.26000,0.05629848,2025-01-05 20:51:00.142512321,s,l
2225815,2923.90000,0.10000000,2025-01-05 20:51:22.317641735,b,l
2225816,2923.90000,0.07106064,2025-01-05 20:51:22.317641735,b,l
2225817,2923.90000,0.02893936,2025-01-05 20:51:34.401637554,b,l
2225818,2923.90000,0.02893936,2025-01-05 20:51:34.403671026,b,l
2225819,2923.90000,0.07106064,2025-01-05 20:51:34.404422522,b,l
2225820,2923.90000,0.02893936,2025-01-05 20:51:34.404422522,b,l
2225821,2923.90000,0.07106064,2025-01-05 20:51:34.405714512,b,l
2225822,2923.90000,0.02893936,2025-01-05 20:51:34.405714512,b,l
2225823,2923.90000,0.07106064,2025-01-05 20:51:34.408254385,b,l
2225824,2923.90000,0.07106064,2025-01-05 20:51:34.409742355,b,l
2225825,2923.90000,0.02893936,2025-01-05 20:51:34.411413670,b,l
2225826,2923.90000,0.07106064,2025-01-05 20:51:34.411413670,b,l
2225827,2923.90000,0.02893936,2025-01-05 20:51:34.413211346,b,l
2225828,2923.90000,0.02893936,2025-01-05 20:51:34.414562702,b,l
2225829,2923.90000,0.02893936,2025-01-05 20:51:34.416055202,b,l
2225830,2923.90000,0.04212128,2025-01-05 20:51:34.419533491,b,l
2225831,2923.90000,0.02893936,2025-01-05 20:51:34.419533491,b,l
2225832,2923.90000,0.04212128,2025-01-05 20:51:34.421425819,b,l
2225833,2923.90000,0.02893936,2025-01-05 20:51:34.426319599,b,l
2225834,2923.90000,0.01318192,2025-01-05 20:51:34.426319599,b,l
2225835,2923.90000,0.02893936,2025-01-05 20:51:34.429425955,b,l
2225836,2923.90000,0.02893936,2025-01-05 20:51:34.432969809,b,l
2225837,2923.90000,0.02893936,2025-01-05 20:51:34.434161663,b,l
2225838,2923.90000,0.08681808,2025-01-05 20:51:34.438195705,b,l
2225839,2923.90000,0.01318192,2025-01-05 20:51:34.442051411,b,l
2225840,2923.90000,0.04469680,2025-01-05 20:51:34.442051411,b,l
2225841,2923.90000,0.05530320,2025-01-05 20:51:34.444299936,b,l
2225842,2923.90000,0.00257552,2025-01-05 20:51:34.444300175,b,l
2225843,2923.90000,0.02893936,2025-01-05 20:51:34.446734190,b,l
2225844,2923.90000,0.06848512,2025-01-05 20:51:34.448299408,b,l
2225845,2923.90000,0.03151488,2025-01-05 20:51:34.448299408,b,l
2225846,2923.90000,0.01318192,2025-01-05 20:51:34.455073595,b,l
2225847,2923.90000,0.01318192,2025-01-05 20:51:34.456864834,b,l
2225848,2923.90000,0.04212128,2025-01-05 20:51:34.459600210,b,l
2225849,2923.90000,0.01318192,2025-01-05 20:51:34.459600210,b,l
2225850,2923.90000,0.08681808,2025-01-05 20:51:34.462517023,b,l
2225851,2926.60000,0.00066661,2025-01-05 20:56:26.240017414,b,l
2225852,2925.80000,0.02840000,2025-01-05 20:57:24.210325003,b,l
2225853,2925.83000,1.57103343,2025-01-05 20:57:24.210325003,b,l
2225854,2925.84000,6.18795579,2025-01-05 20:57:24.210325241,b,l
2225855,2925.86000,7.32641140,2025-01-05 20:57:24.210325241,b,l
2225856,2926.54000,0.03358212,2025-01-05 20:57:50.503287315,b,l
2225857,2926.99000,0.00832954,2025-01-05 20:58:01.957391977,b,l
2225858,2925.75000,0.05001127,2025-01-05 20:58:36.389594793,b,l
2225859,2927.00000,0.30716200,2025-01-05 21:00:24.084678411,b,l
2225860,2927.00000,0.03467106,2025-01-05 21:00:26.037380934,b,l
2225861,2927.49000,0.27249094,2025-01-05 21:00:26.037380934,b,l
2225862,2927.26000,0.27329311,2025-01-05 21:02:10.865325689,b,m
2225863,2925.81000,0.00472888,2025-01-05 21:02:50.917601585,b,l
2225864,2925.84000,0.03367312,2025-01-05 21:03:29.679225683,b,l
2225865,2925.87000,0.01000321,2025-01-05 21:06:06.795017242,b,l
2225866,2925.86000,0.16794907,2025-01-05 21:06:08.893445492,b,l
2225867,2928.51000,0.00266588,2025-01-05 21:11:07.205518007,s,l
2225868,2930.00000,0.11030769,2025-01-05 21:11:37.599343300,b,l
2225869,2930.71000,0.04249623,2025-01-05 21:13:33.112934589,b,m
2225870,2930.72000,0.03257079,2025-01-05 21:13:33.112934589,b,m
2225871,2930.28000,0.43470900,2025-01-05 21:13:42.869346142,b,l
2225872,2930.29000,1.24169949,2025-01-05 21:13:42.869346142,b,l
2225873,2930.30000,0.00375380,2025-01-05 21:14:05.073518038,b,m
2225874,2930.57000,0.43470900,2025-01-05 21:14:05.073518038,b,m
2225875,2930.58000,3.56115687,2025-01-05 21:14:05.073518038,b,m
2225876,2930.54000,1.16108315,2025-01-05 21:14:43.401189566,s,l
2225877,2930.05000,0.00232732,2025-01-05 21:15:48.463979959,b,l
2225878,2929.05000,0.41000000,2025-01-05 21:16:28.427264690,b,m
2225879,2929.05000,0.10211144,2025-01-05 21:16:28.427264690,b,m
2225880,2930.66000,0.05097828,2025-01-05 21:20:59.578378677,b,m
2225881,2930.77000,0.43470900,2025-01-05 21:22:31.034672499,s,m
2225882,2930.76000,0.17950598,2025-01-05 21:22:31.034672499,s,m
2225883,2931.28000,0.00638600,2025-01-05 21:22:39.827395678,b,l
2225884,2931.99000,0.00665491,2025-01-05 21:24:14.841024637,b,l
2225885,2932.48000,0.00167984,2025-01-05 21:24:26.395303249,b,l
2225886,2933.11000,0.26941541,2025-01-05 21:25:13.739677906,b,l
2225887,2933.45000,1.56687142,2025-01-05 21:25:37.980671644,b,l
2225888,2933.46000,0.09604463,2025-01-05 21:25:37.980671883,b,l
2225889,2932.75000,0.00681953,2025-01-05 21:28:13.088922262,s,l
2225890,2930.46000,0.02115710,2025-01-05 21:28:13.088922262,s,l
2225891,2930.47000,0.02472000,2025-01-05 21:28:26.025384903,s,l
2225892,2930.47000,0.00632546,2025-01-05 21:30:50.590307474,b,l
2225893,2930.46000,0.01296723,2025-01-05 21:31:14.484865189,s,l
2225894,2929.57000,0.01454531,2025-01-05 21:31:14.484865189,s,l
2225895,2930.20000,0.00632546,2025-01-05 21:31:20.500343322,b,l
2225896,2931.49000,0.03352565,2025-01-05 21:32:31.464878559,b,l
2225897,2934.65000,0.02775043,2025-01-05 21:35:11.118001938,b,l
2225898,2934.68000,0.00831115,2025-01-05 21:37:16.304639578,b,l
2225899,2934.26000,0.00358571,2025-01-05 21:37:43.187030077,s,l
2225900,2935.41000,0.01714000,2025-01-05 21:39:03.614712477,b,m
2225901,2934.58000,0.06812579,2025-01-05 21:40:08.145811558,s,l
2225902,2931.60000,0.00311755,2025-01-05 21:42:30.903126001,b,l
2225903,2930.71000,0.00168086,2025-01-05 21:43:35.060460091,b,l
2225904,2931.22000,0.16009044,2025-01-05 21:45:15.457761049,b,l
2225905,2931.01000,0.10133026,2025-01-05 21:48:00.698078632,b,m
2225906,2930.51000,0.00408145,2025-01-05 21:48:25.500862598,b,l
2225907,2930.76000,1.56765709,2025-01-05 21:49:31.082720995,b,l
2225908,2930.77000,0.09675120,2025-01-05 21:49:31.082720995,b,l
2225909,2931.19000,0.01315418,2025-01-05 21:51:19.438812256,b,l
2225910,2931.05000,0.14500223,2025-01-05 21:51:28.360022068,b,m
2225911,2931.34000,0.90569250,2025-01-05 21:52:21.204161167,s,l
2225912,2931.32000,6.17744863,2025-01-05 21:52:21.204161167,s,l
2225913,2931.01000,1.56755975,2025-01-05 21:52:21.204161167,s,l
2225914,2931.00000,5.25028546,2025-01-05 21:52:21.204161167,s,l
2225915,2932.49000,1.56737379,2025-01-05 21:52:24.298583508,b,l
2225916,2932.50000,5.08969818,2025-01-05 21:52:24.298583508,b,l
2225917,2933.00000,0.02097022,2025-01-05 21:53:30.182786465,s,l
2225918,2933.72000,0.00332548,2025-01-05 21:53:34.177105427,b,l
2225919,2933.83000,0.39936874,2025-01-05 22:01:16.332001448,s,l
2225920,2932.79000,0.00632046,2025-01-05 22:01:46.743646145,b,l
2225921,2932.78000,0.01704867,2025-01-05 22:03:14.200646400,s,l
2225922,2929.98000,0.00665968,2025-01-05 22:04:36.937082767,b,l
2225923,2930.72000,0.01316001,2025-01-05 22:08:19.811770439,b,l
2225924,2930.72000,0.18216817,2025-01-05 22:08:19.811770439,b,l
2225925,2930.72000,0.08404263,2025-01-05 22:09:55.825126171,b,l
2225926,2930.71000,0.00272972,2025-01-05 22:11:57.227765083,s,l
2225927,2930.71000,0.30443228,2025-01-05 22:11:57.227765083,s,l
2225928,2930.71000,0.43259048,2025-01-05 22:11:57.380887985,s,l
2225929,2928.20000,0.13498394,2025-01-05 22:12:14.786481619,s,l
2225930,2926.83000,0.07264124,2025-01-05 22:13:19.341182470,b,l
2225931,2926.52000,0.00589310,2025-01-05 22:13:59.030703783,b,l
2225932,2927.80000,0.12995379,2025-01-05 22:14:32.812451363,b,l
2225933,2928.03000,0.20000000,2025-01-05 22:15:11.248352051,s,l
2225934,2928.29000,0.10000000,2025-01-05 22:15:22.578775167,s,m
2225935,2928.90000,0.06404240,2025-01-05 22:15:22.828254938,b,l
2225936,2929.95000,0.06403475,2025-01-05 22:15:38.351745844,b,l
2225937,2927.69000,0.15375366,2025-01-05 22:17:10.266207456,s,m
2225938,2928.27000,0.00315252,2025-01-05 22:17:30.938048840,b,l
2225939,2929.26000,0.09679512,2025-01-05 22:20:36.528712988,b,l
2225940,2929.37000,0.06660975,2025-01-05 22:20:50.665362597,b,l
2225941,2930.09000,0.05000000,2025-01-05 22:24:12.317390680,s,l
2225942,2931.66000,0.50406199,2025-01-05 22:24:14.263015747,b,l
2225943,2932.66000,0.07500000,2025-01-05 22:24:46.227373123,s,l
2225944,2933.05000,0.00631969,2025-01-05 22:25:02.969003916,b,l
2225945,2935.94000,0.11270755,2025-01-05 22:27:20.207636595,b,l
2225946,2936.30000,0.01675578,2025-01-05 22:27:24.207226276,b,m
2225947,2935.15000,0.00958226,2025-01-05 22:28:03.950589895,b,l
2225948,2934.59000,0.02296504,2025-01-05 22:28:05.922593355,s,l
2225949,2934.59000,0.07403796,2025-01-05 22:29:29.671127796,b,l
2225950,2934.69000,0.00739018,2025-01-05 22:29:54.152117729,b,l
2225951,2934.56000,0.00839327,2025-01-05 22:30:00.048735857,b,l
2225952,2933.83000,0.16626783,2025-01-05 22:32:36.387609243,b,l
2225953,2933.83000,0.00665062,2025-01-05 22:33:04.698064089,b,l
2225954,2933.98000,0.04689639,2025-01-05 22:34:32.328557491,b,l
2225955,2934.10000,0.00167892,2025-01-05 22:35:02.030964375,b,l
2225956,2934.96000,0.52853531,2025-01-05 22:36:31.143417597,b,m
2225957,2933.51000,0.00063812,2025-01-05 22:41:37.678379774,b,l
2225958,2934.10000,0.00638132,2025-01-05 22:42:40.841123819,b,l
2225959,2933.26000,0.09977362,2025-01-05 22:43:19.035343409,b,l
2225960,2933.09000,0.01959360,2025-01-05 22:43:47.547845602,b,l
2225961,2933.43000,0.34089786,2025-01-05 22:45:23.475227356,b,m
2225962,2933.10000,0.03224684,2025-01-05 22:45:59.903818130,b,l
2225963,2931.32000,0.13443977,2025-01-05 22:46:41.085333109,b,l
2225964,2932.65000,0.00170494,2025-01-05 22:48:17.047430754,b,m
2225965,2932.79000,0.03238554,2025-01-05 22:48:26.553549528,b,m
2225966,2932.40000,0.10167307,2025-01-05 22:49:17.545544624,s,l
2225967,2932.41000,0.00250303,2025-01-05 22:49:30.794654608,b,l
2225968,2932.41000,0.08011366,2025-01-05 22:49:41.528871775,b,l
2225969,2932.45000,0.25135832,2025-01-05 22:49:52.960770369,b,l
2225970,2932.41000,0.01081704,2025-01-05 22:51:43.951232672,b,m
2225971,2932.41000,0.02751650,2025-01-05 22:51:58.505944252,b,l
2225972,2932.40000,0.00063220,2025-01-05 22:52:20.469753027,s,l
2225973,2932.37000,0.00792156,2025-01-05 22:52:20.758959532,b,l
2225974,2930.06000,0.17064497,2025-01-05 22:52:45.925018787,b,m
2225975,2929.58000,0.01594043,2025-01-05 22:53:04.181660414,b,l
2225976,2929.68000,0.02753733,2025-01-05 22:55:19.812991619,s,l
2225977,2931.64000,0.01000000,2025-01-05 22:56:32.217240810,s,l
2225978,2934.28000,0.03223355,2025-01-05 22:57:10.736668348,b,l
2225979,2934.79000,0.22578779,2025-01-05 22:57:52.249227047,s,l
2225980,2935.89000,0.01677893,2025-01-05 23:00:00.117160559,b,l
2225981,2942.08000,0.00264000,2025-01-05 23:03:06.480395317,s,l
2225982,2942.59000,0.00310792,2025-01-05 23:05:45.604238272,b,l
2225983,2940.66000,0.05101235,2025-01-05 23:06:40.899533272,s,l
2225984,2934.81000,0.42634032,2025-01-05 23:07:35.518034220,s,m
2225985,2936.67000,0.16610704,2025-01-05 23:08:51.668578625,b,l
2225986,2936.41000,0.25000000,2025-01-05 23:10:10.679576397,s,l
2225987,2938.86000,0.03218758,2025-01-05 23:10:38.092067003,b,l
2225988,2938.61000,0.00331982,2025-01-05 23:11:11.365414381,b,l
2225989,2935.64000,0.06137364,2025-01-05 23:11:42.255848169,s,l
2225990,2932.32000,0.13667599,2025-01-05 23:14:49.223318815,s,l
2225991,2933.79000,0.34085603,2025-01-05 23:15:21.700580359,b,m
2225992,2930.24000,0.03219549,2025-01-05 23:18:32.167685509,b,l
2225993,2931.04000,0.03354315,2025-01-05 23:19:10.758653164,b,l
2225994,2928.09000,0.00548032,2025-01-05 23:21:36.687509537,b,l
2225995,2927.24000,0.00673140,2025-01-05 23:22:00.031785250,b,l
2225996,2929.70000,0.03330863,2025-01-05 23:24:47.799161911,b,l
2225997,2929.03000,0.04996209,2025-01-05 23:27:03.440957546,b,l
2225998,2929.01000,0.03228724,2025-01-05 23:28:26.253033876,b,l
2225999,2929.01000,0.00168183,2025-01-05 23:30:00.043393612,b,l
2226000,2930.33000,0.01664539,2025-01-05 23:34:35.986875772,b,l
2226001,2930.01000,0.00400000,2025-01-05 23:35:21.356176615,b,l
2226002,2929.32000,0.03228019,2025-01-05 23:35:31.441084146,b,l
2226003,2929.20000,1.00000000,2025-01-05 23:36:24.552043915,b,l
2226004,2929.08000,0.00273124,2025-01-05 23:38:11.647000313,s,l
2226005,2929.01000,0.19726876,2025-01-05 23:38:11.647000313,s,l
2226006,2929.08000,0.17301767,2025-01-05 23:38:42.975521564,s,m
2226007,2929.09000,0.40968355,2025-01-05 23:39:38.911029577,b,m
2226008,2929.08000,0.01667418,2025-01-05 23:39:51.192313910,s,l
2226009,2929.08000,0.02776000,2025-01-05 23:40:10.314284801,s,l
2226010,2929.09000,0.00707130,2025-01-05 23:41:03.163761616,b,l
2226011,2929.09000,0.58324515,2025-01-05 23:41:09.505171536,b,l
2226012,2930.20000,0.69248049,2025-01-05 23:43:27.717031002,s,m
2226013,2930.20000,0.33134040,2025-01-05 23:44:12.475764513,s,l
2226014,2924.88000,0.40968355,2025-01-05 23:45:47.568774223,s,m
2226015,2923.64000,0.00057000,2025-01-05 23:46:13.703538418,s,l
2226016,2925.95000,0.50382653,2025-01-05 23:46:30.179701805,b,l
2226017,2926.24000,0.03152230,2025-01-05 23:49:04.372292757,s,l
2226018,2927.41000,0.00336551,2025-01-05 23:50:37.033597231,b,l
2226019,2924.71000,1.57742647,2025-01-05 23:58:35.608283043,s,m
2226020,2924.70000,2.42257353,2025-01-05 23:58:35.608283043,s,m
2226021,2924.84000,0.01801113,2025-01-05 23:58:46.913938046,s,l
2226022,2925.30000,0.00084198,2025-01-05 23:59:00.047266483,b,l
2226023,2926.74000,0.00033273,2025-01-06 00:00:00.121062279,b,l
2226024,2926.74000,0.00033663,2025-01-06 00:00:00.225733995,b,l
2226025,2926.74000,0.01683138,2025-01-06 00:00:00.282154083,b,l
2226026,2928.27000,0.00050468,2025-01-06 00:00:10.031701326,b,l
2226027,2928.66000,0.00800171,2025-01-06 00:00:18.266490936,s,l
2226028,2928.00000,0.00917309,2025-01-06 00:01:06.206525326,b,l
2226029,2930.22000,0.00856484,2025-01-06 00:01:28.785539150,b,l
2226030,2926.52000,0.00639064,2025-01-06 00:06:37.382454872,s,m
2226031,2930.97000,0.26040324,2025-01-06 00:08:34.247062445,s,l
2226032,2931.33000,0.00852959,2025-01-06 00:09:00.228871822,b,m
2226033,2932.24000,0.01679981,2025-01-06 00:09:39.032588720,b,l
2226034,2933.03000,0.07212515,2025-01-06 00:10:20.216945887,s,l
2226035,2935.45000,0.00500094,2025-01-06 00:10:52.226887941,b,m
2226036,2935.74000,0.00311425,2025-01-06 00:11:38.896091223,b,l
2226037,2935.74000,0.01151573,2025-01-06 00:11:40.340462685,b,l
2226038,2930.77000,0.01706036,2025-01-06 00:14:47.258147240,b,m
2226039,2928.44000,0.02099987,2025-01-06 00:15:48.528966665,s,l
2226040,2927.30000,0.00890633,2025-01-06 00:18:12.576142311,b,l
2226041,2924.67000,0.16830860,2025-01-06 00:19:09.924008131,b,m
2226042,2927.60000,0.02332536,2025-01-06 00:20:39.772371769,b,l
2226043,2930.26000,0.24033794,2025-01-06 00:22:16.273283482,b,l
2226044,2933.01000,0.01663069,2025-01-06 00:22:39.639877081,b,l
2226045,2934.05000,0.00665051,2025-01-06 00:24:15.598515749,b,l
2226046,2939.85000,0.23943147,2025-01-06 00:25:51.788175583,b,l
2226047,2934.11000,0.01966024,2025-01-06 00:26:50.924304247,s,l
2226048,2933.56000,0.34500000,2025-01-06 00:28:29.403590202,s,m
2226049,2935.74000,0.03322854,2025-01-06 00:29:16.947666883,b,l
2226050,2935.25000,0.00958177,2025-01-06 00:29:26.640342236,b,l
2226051,2931.81000,0.08318978,2025-01-06 00:30:27.078782082,b,l
2226052,2931.59000,0.00856175,2025-01-06 00:30:33.797144890,b,l
2226053,2933.05000,0.00332593,2025-01-06 00:30:57.822126150,b,l
2226054,2931.47000,1.30000899,2025-01-06 00:31:07.634315014,s,l
2226055,2931.76000,0.24008959,2025-01-06 00:32:02.888164759,b,l
2226056,2926.96000,0.07004596,2025-01-06 00:34:29.093909264,s,l
2226057,2923.36000,0.24077357,2025-01-06 00:36:05.427402258,b,l
2226058,2924.73000,0.00961521,2025-01-06 00:38:56.431609154,b,l
2226059,2925.64000,0.03417214,2025-01-06 00:40:18.045922756,b,l
2226060,2927.18000,0.12144101,2025-01-06 00:40:40.389580250,b,l
2226061,2925.12000,0.01000465,2025-01-06 00:41:19.976611614,b,l
2226062,2925.15000,0.08014796,2025-01-06 00:41:25.061250210,b,l
2226063,2924.95000,0.04724317,2025-01-06 00:44:15.831233263,s,l
2226064,2927.38000,0.00315349,2025-01-06 00:44:22.333327770,b,l
2226065,2927.32000,0.33326379,2025-01-06 00:44:52.066497802,b,l
2226066,2926.39000,0.23507567,2025-01-06 00:48:22.196941853,b,l
2226067,2924.33000,0.03502621,2025-01-06 00:48:59.194773197,s,l
2226068,2924.16000,1.00435000,2025-01-06 00:49:16.200193644,s,l
2226069,2919.15000,1.58643956,2025-01-06 00:50:41.825487137,s,m
2226070,2919.14000,0.49934612,2025-01-06 00:50:41.825487137,s,m
2226071,2919.32000,0.00955067,2025-01-06 00:51:07.861669302,b,l
2226072,2919.55000,0.01997911,2025-01-06 00:51:15.626255512,b,m
2226073,2917.58000,0.00313215,2025-01-06 00:52:07.087239981,b,l
2226074,2916.72000,0.84243743,2025-01-06 00:52:44.126012802,b,l
2226075,2917.72000,0.06688076,2025-01-06 00:53:06.160077333,b,l
2226076,2917.63000,0.00067550,2025-01-06 00:53:09.252561331,b,l
2226077,2917.35000,0.03368814,2025-01-06 00:55:39.475820780,b,l
2226078,2917.34000,0.00293610,2025-01-06 00:56:15.993475437,s,l
2226079,2913.79000,0.10044612,2025-01-06 01:00:52.260405779,b,l
2226080,2914.22000,0.01690369,2025-01-06 01:01:10.031878709,b,l
2226081,2917.33000,0.33434193,2025-01-06 01:02:19.183464289,b,l
2226082,2916.06000,0.00313381,2025-01-06 01:04:01.081508160,b,l
2226083,2916.06000,0.17146482,2025-01-06 01:04:38.284858704,b,l
2226084,2916.15000,0.00033785,2025-01-06 01:05:00.047715187,b,l
2226085,2912.54000,0.09237598,2025-01-06 01:08:18.142864704,s,l
2226086,2910.11000,0.03668379,2025-01-06 01:09:07.281636238,s,m
2226087,2910.11000,0.06557291,2025-01-06 01:09:07.281636238,s,m
2226088,2910.11000,0.01648875,2025-01-06 01:09:07.281636238,s,m
2226089,2910.11000,0.05000000,2025-01-06 01:09:07.281636238,s,m
2226090,2910.11000,0.06775939,2025-01-06 01:09:07.281636238,s,m
2226091,2910.11000,0.01707825,2025-01-06 01:09:07.281636238,s,m
2226092,2910.01000,0.17182071,2025-01-06 01:11:25.085745811,b,l
2226093,2910.00000,0.01287845,2025-01-06 01:12:57.052259922,s,l
2226094,2908.22000,0.04465998,2025-01-06 01:14:38.077146530,s,l
2226095,2907.19000,0.70179874,2025-01-06 01:15:58.185147285,s,l
2226096,2905.77000,0.20000000,2025-01-06 01:19:40.942702770,s,l
2226097,2905.77000,1.34746246,2025-01-06 01:20:14.380817413,s,l
2226098,2906.55000,0.17209985,2025-01-06 01:23:35.451349735,b,l
2226099,2911.22000,0.01675453,2025-01-06 01:25:56.975320816,b,l
2226100,2912.17000,0.06611300,2025-01-06 01:26:01.190572739,b,l
2226101,2912.54000,0.03202505,2025-01-06 01:26:01.192278385,b,l
2226102,2913.38000,0.48591075,2025-01-06 01:27:37.692927122,s,l
2226103,2914.94000,0.34306023,2025-01-06 01:28:53.518633127,b,m
2226104,2915.59000,0.06270000,2025-01-06 01:29:28.711197376,b,m
2226105,2915.50000,0.02525686,2025-01-06 01:30:41.412647247,s,l
2226106,2916.90000,0.40132172,2025-01-06 01:35:44.022259474,b,l
2226107,2915.84000,0.10664176,2025-01-06 01:35:55.954287052,s,l
2226108,2916.56000,0.00796458,2025-01-06 01:41:15.284425497,b,l
2226109,2918.45000,0.00565923,2025-01-06 01:43:59.079363346,b,l
2226110,2916.63000,0.03416012,2025-01-06 01:44:33.758986235,s,m
2226111,2918.23000,0.00796063,2025-01-06 01:46:08.591594934,b,l
2226112,2918.75000,0.03208814,2025-01-06 01:47:59.183989286,b,l
2226113,2918.68000,0.33755612,2025-01-06 01:48:50.568635225,b,l
2226114,2921.54000,0.00067000,2025-01-06 01:52:08.313906670,s,l
2226115,2923.41000,0.23944640,2025-01-06 01:52:40.182224989,b,m
2226116,2931.50000,0.01163159,2025-01-06 01:53:15.851433277,b,l
2226117,2935.84000,0.09226512,2025-01-06 01:53:23.074775696,b,l
2226118,2933.81000,1.00000000,2025-01-06 01:53:45.835914135,s,m
2226119,2935.92000,0.34060873,2025-01-06 01:55:43.991845608,s,l
2226120,2932.13000,0.00110547,2025-01-06 02:00:41.036081553,b,l
2226121,2932.13000,0.00033601,2025-01-06 02:00:41.038765907,b,l
2226122,2939.94000,0.00311220,2025-01-06 02:01:54.286442995,b,l
2226123,2936.89000,1.45705975,2025-01-06 02:02:12.204928875,s,l
2226124,2936.88000,1.34884028,2025-01-06 02:02:12.204928875,s,l
2226125,2943.10000,0.07000000,2025-01-06 02:03:42.971475601,b,l
2226126,2944.02000,1.57223727,2025-01-06 02:05:51.007129192,b,l
2226127,2944.04000,10.04543405,2025-01-06 02:05:51.007129192,b,l
2226128,2944.73000,0.09198657,2025-01-06 02:05:51.136032820,b,l
2226129,2948.12000,0.01155090,2025-01-06 02:05:54.019937754,b,l
2226130,2951.00000,0.25000000,2025-01-06 02:06:04.228839874,b,l
2226131,2953.64000,0.09170905,2025-01-06 02:06:04.774891615,b,l
2226132,2954.61000,1.56599017,2025-01-06 02:06:33.126718282,b,m
2226133,2954.62000,3.23118702,2025-01-06 02:06:33.126718282,b,m
2226134,2950.26000,1.56786880,2025-01-06 02:06:50.559626579,s,l
2226135,2950.25000,5.06292849,2025-01-06 02:06:50.559626579,s,l
2226136,2950.11000,0.41000000,2025-01-06 02:06:50.562163830,s,l
2226137,2950.00000,0.06567900,2025-01-06 02:06:50.562163830,s,l
2226138,2949.84000,0.16384608,2025-01-06 02:06:50.562163830,s,l
2226139,2950.43000,2.00000000,2025-01-06 02:06:50.565926313,s,l
2226140,2954.65000,0.42283907,2025-01-06 02:08:12.330539465,s,m
2226141,2950.83000,0.04155136,2025-01-06 02:12:24.862210512,b,l
2226142,2947.58000,0.02238892,2025-01-06 02:17:05.982396603,b,l
2226143,2945.19000,0.00271629,2025-01-06 02:18:53.838468552,b,l
2226144,2950.50000,0.27526823,2025-01-06 02:19:50.762147903,s,l
2226145,2957.82000,0.33808683,2025-01-06 02:20:24.227933645,b,m
2226146,2953.86000,0.00946761,2025-01-06 02:22:04.560888052,b,l
2226147,2945.64000,0.11000000,2025-01-06 02:24:20.320492268,s,l
2226148,2943.61000,0.03858629,2025-01-06 02:30:23.315078735,s,m
2226149,2950.20000,0.01984143,2025-01-06 02:34:02.150946617,b,l
2226150,2951.18000,0.06565500,2025-01-06 02:34:28.145760536,b,l
2226151,2958.00000,0.25000000,2025-01-06 02:35:47.341241837,b,l
2226152,2958.39000,0.01151724,2025-01-06 02:35:48.103100300,b,l
2226153,2950.13000,0.06973505,2025-01-06 02:43:23.635773659,b,l
2226154,2945.40000,0.00710071,2025-01-06 02:54:40.385213137,s,l
2226155,2942.70000,0.33888885,2025-01-06 02:55:37.976145029,s,m
2226156,2943.04000,0.01600000,2025-01-06 02:56:43.671604872,s,l
2226157,2942.12000,0.26788889,2025-01-06 02:57:42.990417719,b,l
2226158,2941.02000,0.00281710,2025-01-06 03:00:02.829061747,b,l
2226159,2940.38000,0.00033507,2025-01-06 03:00:32.031590223,b,l
2226160,2940.11000,0.00110581,2025-01-06 03:00:59.029471397,b,l
2226161,2946.80000,0.10175000,2025-01-06 03:12:00.236797094,s,l
2226162,2946.28000,0.06622363,2025-01-06 03:13:15.842463970,b,l
2226163,2946.80000,0.01671681,2025-01-06 03:24:59.031590700,b,l
2226164,2955.01000,0.00330287,2025-01-06 03:33:57.864378214,b,l
2226165,2949.58000,0.00271220,2025-01-06 03:43:24.953193188,b,l
2226166,2947.11000,0.16693511,2025-01-06 03:50:59.832145214,s,m
2226167,2948.08000,0.05439000,2025-01-06 03:51:30.274501562,s,l
2226168,2946.46000,0.08277223,2025-01-06 03:58:59.562484503,b,l
2226169,2947.30000,0.01002838,2025-01-06 04:00:00.042815447,b,l
2226170,2947.28000,0.00334279,2025-01-06 04:00:00.244310141,b,l
2226171,2948.13000,0.01654608,2025-01-06 04:02:17.633902073,b,l
2226172,2948.42000,0.00313134,2025-01-06 04:05:20.566069603,b,l
2226173,2946.44000,0.01655467,2025-01-06 04:08:17.347790003,b,l
2226174,2952.09000,0.06565700,2025-01-06 04:15:13.113697529,s,l
2226175,2951.27000,0.08844815,2025-01-06 04:15:53.249283075,s,m
2226176,2950.90000,0.03825185,2025-01-06 04:15:53.249283075,s,m
2226177,2951.87000,0.06353864,2025-01-06 04:15:54.908612490,b,l
2226178,2945.38000,1.55694171,2025-01-06 04:29:37.642458439,s,l
2226179,2945.37000,0.16609629,2025-01-06 04:29:37.642458439,s,l
2226180,2946.18000,0.33355767,2025-01-06 04:29:47.923573971,b,l
2226181,2947.37000,0.01652216,2025-01-06 04:52:17.658379793,s,m
2226182,2948.26000,0.06618072,2025-01-06 04:52:28.324040413,b,l
2226183,2948.67000,0.04000000,2025-01-06 04:52:53.724148512,s,l
2226184,2950.88000,0.33386593,2025-01-06 04:56:44.672463417,b,l
2226185,2951.63000,0.01562738,2025-01-06 04:57:52.063878059,s,l
2226186,2953.40000,0.00633819,2025-01-06 04:58:40.884055614,b,l
2226187,2953.26000,0.00667210,2025-01-06 05:00:00.099568844,b,l
2226188,2951.76000,0.02000000,2025-01-06 05:00:00.174423933,s,l
2226189,2952.29000,0.00033371,2025-01-06 05:00:58.034278154,b,l
2226190,2953.49000,0.00333579,2025-01-06 05:07:02.032557726,b,l
2226191,2953.48000,0.00270867,2025-01-06 05:13:26.857726097,s,l
2226192,2949.24000,0.00642817,2025-01-06 05:13:37.606646061,s,m
2226193,2951.81000,0.01668843,2025-01-06 05:18:55.844346762,b,l
2226194,2960.00000,0.39941554,2025-01-06 05:22:39.592620373,b,l
2226195,2959.99000,0.42288404,2025-01-06 05:23:35.131875277,s,m
2226196,2960.00000,23.60058446,2025-01-06 05:24:49.113362789,b,l
2226197,2960.69000,0.00235119,2025-01-06 05:24:52.246320486,b,l
2226198,2961.37000,0.00174000,2025-01-06 05:25:29.095424652,s,l
2226199,2962.58000,0.09154213,2025-01-06 05:30:36.040546417,b,l
2226200,2963.92000,0.03667000,2025-01-06 05:31:57.617078304,s,l
2226201,2965.25000,0.16972936,2025-01-06 05:34:15.782995939,b,l
2226202,2970.00000,0.00290909,2025-01-06 05:37:04.708323717,b,m
2226203,2961.84000,0.20229574,2025-01-06 05:46:52.098313093,s,l
2226204,2961.83000,0.20470426,2025-01-06 05:46:52.098313093,s,l
2226205,2969.81000,0.10101656,2025-01-06 05:47:10.241292477,b,m
2226206,2966.45000,0.04266004,2025-01-06 05:48:18.075488567,s,l
2226207,2957.33000,0.46639132,2025-01-06 05:58:52.089999437,b,l
2226208,2960.41000,0.40602484,2025-01-06 06:00:14.414923191,b,m
2226209,2959.42000,0.17102936,2025-01-06 06:06:29.952576160,s,m
2226210,2955.18000,0.09767595,2025-01-06 06:09:28.581433058,b,m
2226211,2954.05000,0.03302405,2025-01-06 06:10:29.010142326,b,l
2226212,2951.05000,0.53272372,2025-01-06 06:27:04.377792597,s,l
2226213,2951.04000,0.28201766,2025-01-06 06:27:04.377792597,s,l
2226214,2950.09000,0.02258367,2025-01-06 06:28:00.427999973,s,l
2226215,2949.48000,0.00903324,2025-01-06 06:30:42.776478529,b,l
2226216,2948.98000,0.27578434,2025-01-06 06:31:27.433751583,s,l
2226217,2948.97000,0.54584758,2025-01-06 06:31:27.433751583,s,l
2226218,2946.90000,0.03310709,2025-01-06 06:33:11.794221163,b,l
2226219,2946.15000,0.32407242,2025-01-06 06:33:23.296472788,s,m
2226220,2946.14000,0.06592758,2025-01-06 06:33:23.296473026,s,m
2226221,2947.81000,0.00217318,2025-01-06 06:35:02.974572420,s,l
2226222,2949.47000,0.01002100,2025-01-06 06:35:12.033178329,b,l
2226223,2952.25000,0.00200000,2025-01-06 06:39:09.632703304,b,m
2226224,2951.55000,0.03018856,2025-01-06 06:39:46.724305153,s,m
2226225,2950.74000,0.12826441,2025-01-06 06:42:12.183618069,s,l
2226226,2950.73000,5.40340259,2025-01-06 06:42:12.183618069,s,l
2226227,2948.51000,0.06359144,2025-01-06 06:52:35.776226521,b,m
2226228,2949.19000,0.43470900,2025-01-06 06:53:34.175094604,b,m
2226229,2949.20000,0.56529100,2025-01-06 06:53:34.175094604,b,m
2226230,2949.03000,0.08477364,2025-01-06 06:55:26.865096569,b,m
2226231,2948.95000,0.43470900,2025-01-06 06:56:22.492043972,b,l
2226232,2948.96000,0.39236637,2025-01-06 06:56:22.492043972,b,l
2226233,2946.82000,0.00271479,2025-01-06 06:59:23.220954895,b,l
2226234,2946.86000,0.06337254,2025-01-06 06:59:48.415984631,b,m
2226235,2946.44000,0.00175548,2025-01-06 07:00:00.087090254,b,l
2226236,2947.01000,0.01671561,2025-01-06 07:00:22.033915520,b,l
2226237,2946.89000,0.00033433,2025-01-06 07:00:25.038194180,b,l
2226238,2947.47000,0.01671301,2025-01-06 07:00:36.033681154,b,l
2226239,2947.36000,0.10178601,2025-01-06 07:02:49.913990736,b,m
2226240,2945.47000,0.00679008,2025-01-06 07:04:40.930353880,s,l
2226241,2942.97000,0.05074073,2025-01-06 07:04:40.930353880,s,l
2226242,2942.90000,0.01366431,2025-01-06 07:05:27.784525156,s,m
2226243,2941.45000,0.00482073,2025-01-06 07:09:52.515162230,s,l
2226244,2941.06000,0.05626927,2025-01-06 07:09:52.515162230,s,l
2226245,2939.07000,0.09154213,2025-01-06 07:16:40.903684139,s,l
2226246,2938.27000,0.09164576,2025-01-06 07:16:48.655324936,s,l
2226247,2930.95000,0.17912216,2025-01-06 07:19:15.088348150,s,l
2226248,2930.94000,0.45496338,2025-01-06 07:19:15.088348150,s,l
2226249,2932.29000,0.00335991,2025-01-06 07:19:25.036017656,b,l
2226250,2930.20000,0.09181924,2025-01-06 07:21:54.216967821,s,l
2226251,2928.55000,0.06711838,2025-01-06 07:22:31.409069538,b,l
2226252,2930.87000,0.01664323,2025-01-06 07:24:23.732205153,b,l
2226253,2930.66000,0.16003529,2025-01-06 07:24:28.878815889,b,l
2226254,2932.34000,0.00134394,2025-01-06 07:28:47.041528702,b,l
2226255,2932.34000,0.03326763,2025-01-06 07:28:48.934769154,b,l
2226256,2929.92000,0.10555871,2025-01-06 07:33:51.850047112,s,l
2226257,2930.93000,0.01365096,2025-01-06 07:38:17.813205242,b,m
2226258,2928.51000,0.17753868,2025-01-06 07:41:29.640252113,b,l
2226259,2931.41000,0.00341133,2025-01-06 07:44:50.264929770,b,m
2226260,2929.42000,0.00342048,2025-01-06 07:45:35.062425375,s,m
2226261,2934.57000,0.16785502,2025-01-06 07:48:15.846216440,b,l
2226262,2934.32000,0.01868235,2025-01-06 07:48:36.117829323,b,m
2226263,2934.14000,0.03192027,2025-01-06 07:50:51.066650391,b,l
2226264,2934.13000,0.13517465,2025-01-06 07:51:48.601763487,s,l
2226265,2931.90000,0.00247940,2025-01-06 07:56:16.538995028,b,l
2226266,2931.45000,0.00840217,2025-01-06 08:00:00.207558870,b,l
2226267,2932.66000,0.01679741,2025-01-06 08:00:26.034529209,b,l
2226268,2932.90000,0.00395801,2025-01-06 08:00:44.139602900,b,l
2226269,2932.71000,0.00335942,2025-01-06 08:00:53.035907507,b,l
2226270,2930.84000,0.00311914,2025-01-06 08:01:37.879232407,b,l
2226271,2931.51000,0.00314905,2025-01-06 08:01:57.749503136,b,l
2226272,2938.17000,0.26459693,2025-01-06 08:05:50.708632946,s,l
2226273,2938.16000,0.33540307,2025-01-06 08:05:50.708632946,s,l
2226274,2937.79000,0.29058908,2025-01-06 08:05:59.370952606,s,m
2226275,2937.78000,0.41000000,2025-01-06 08:05:59.370952606,s,m
2226276,2937.73000,1.25480326,2025-01-06 08:05:59.370952606,s,m
2226277,2936.32000,0.01370000,2025-01-06 08:06:24.895248413,s,l
2226278,2935.18000,0.03323782,2025-01-06 08:07:39.125480890,b,l
2226279,2934.77000,0.00671413,2025-01-06 08:09:24.036313295,b,l
2226280,2933.82000,0.07424519,2025-01-06 08:09:36.044898033,s,l
2226281,2933.82000,0.22396506,2025-01-06 08:13:58.966643333,b,l
2226282,2932.90000,0.00295997,2025-01-06 08:14:46.077257633,b,l
2226283,2929.11000,0.51210094,2025-01-06 08:20:01.260889292,s,l
2226284,2926.35000,0.16178635,2025-01-06 08:20:12.638653040,b,l
2226285,2925.08000,0.00078238,2025-01-06 08:21:02.159522295,s,l
2226286,2925.22000,1.56620589,2025-01-06 08:28:29.081113577,b,l
2226287,2925.25000,0.06590100,2025-01-06 08:28:29.081113577,b,l
2226288,2927.34000,1.57044807,2025-01-06 08:28:29.099261045,b,l
2226289,2928.26000,3.56538692,2025-01-06 08:28:29.118090391,b,l
2226290,2927.28000,0.41000000,2025-01-06 08:28:29.122173071,b,l
2226291,2930.21000,2.64590000,2025-01-06 08:28:29.213975191,b,l
2226292,2930.48000,2.56300000,2025-01-06 08:28:29.213975191,b,l
2226293,2931.12000,2.64400000,2025-01-06 08:28:29.215702057,b,l
2226294,2925.65000,0.12462047,2025-01-06 08:29:41.679999352,b,l
2226295,2925.42000,0.00336780,2025-01-06 08:30:00.062127590,b,l
2226296,2924.19000,0.01712328,2025-01-06 08:30:25.639767170,s,l
2226297,2922.46000,1.00000000,2025-01-06 08:41:11.485774755,s,m
2226298,2921.36000,0.09209708,2025-01-06 08:42:31.206494570,s,l
2226299,2919.20000,0.03207056,2025-01-06 08:43:04.349690914,b,l
2226300,2917.73000,0.00641119,2025-01-06 08:44:34.665839434,s,l
2226301,2917.27000,0.00334350,2025-01-06 08:47:20.338696241,b,l
2226302,2917.55000,0.01600478,2025-01-06 08:47:21.297018051,b,l
2226303,2916.40000,0.12396698,2025-01-06 08:47:56.477354050,s,l
2226304,2918.82000,0.11900592,2025-01-06 08:49:18.778423786,b,l
2226305,2918.94000,0.53804808,2025-01-06 08:49:32.316724300,s,l
2226306,2918.93000,0.06601300,2025-01-06 08:49:32.316724300,s,l
2226307,2918.64000,2.00000000,2025-01-06 08:49:32.316724300,s,l
2226308,2918.40000,0.43470900,2025-01-06 08:49:32.316724300,s,l
2226309,2917.80000,0.70684992,2025-01-06 08:49:32.316724300,s,l
2226310,2918.11000,0.00225333,2025-01-06 08:49:46.820019484,b,l
2226311,2919.82000,1.56570838,2025-01-06 08:52:41.893054962,b,m
2226312,2919.83000,0.90569250,2025-01-06 08:52:41.893054962,b,m
2226313,2919.85000,6.86361379,2025-01-06 08:52:41.893054962,b,m
2226314,2919.85000,13.72722759,2025-01-06 08:52:41.893054962,b,m
2226315,2919.89000,0.06452700,2025-01-06 08:52:41.893055201,b,m
2226316,2919.94000,0.80744306,2025-01-06 08:52:41.893055201,b,m
2226317,2921.73000,0.01669661,2025-01-06 08:54:51.755060673,b,l
2226318,2921.65000,0.06420243,2025-01-06 08:54:54.840739489,b,l
2226319,2922.39000,0.09387648,2025-01-06 08:55:32.821947575,s,l
2226320,2919.99000,0.41000000,2025-01-06 08:57:36.642825603,s,l
2226321,2919.98000,0.41000000,2025-01-06 08:57:36.647932768,s,l
2226322,2917.77000,0.01749069,2025-01-06 08:58:44.320294142,s,l
2226323,2917.71000,0.00966410,2025-01-06 08:59:01.207093000,b,l
2226324,2917.92000,0.00316374,2025-01-06 09:00:11.185998917,b,l
2226325,2918.82000,0.00311421,2025-01-06 09:00:52.811515570,s,l
2226326,2918.70000,0.10184747,2025-01-06 09:01:05.319875002,s,l
2226327,2919.23000,0.00909000,2025-01-06 09:01:34.263944149,s,l
2226328,2919.23000,0.00582000,2025-01-06 09:01:34.263944149,s,l
2226329,2919.82000,0.03340843,2025-01-06 09:05:24.125936746,b,l
2226330,2920.69000,0.01070738,2025-01-06 09:08:28.757977724,s,l
2226331,2921.24000,0.00205392,2025-01-06 09:09:19.275543928,b,m
2226332,2920.90000,0.85600000,2025-01-06 09:09:59.611296892,b,l
2226333,2920.57000,0.01670233,2025-01-06 09:10:20.327758551,b,l
2226334,2921.00000,0.01599048,2025-01-06 09:10:34.685228109,b,l
2226335,2921.04000,0.06966768,2025-01-06 09:10:52.288453817,s,l
2226336,2921.65000,0.08349363,2025-01-06 09:10:56.282519579,b,l
2226337,2922.24000,0.00168573,2025-01-06 09:12:00.035698175,b,l
2226338,2921.12000,0.06345712,2025-01-06 09:13:35.070377111,b,l
2226339,2922.47000,0.05492981,2025-01-06 09:15:04.318174601,s,l
2226340,2921.19000,0.33403628,2025-01-06 09:17:49.848504543,b,l
2226341,2920.69000,0.12839432,2025-01-06 09:18:18.364645958,b,m
2226342,2920.00000,0.01056164,2025-01-06 09:21:29.857559204,s,l
2226343,2919.93000,0.02454160,2025-01-06 09:21:29.857559204,s,l
2226344,2919.92000,6.85600221,2025-01-06 09:23:33.127427816,b,m
2226345,2919.93000,1.50000000,2025-01-06 09:23:33.127427816,b,m
2226346,2920.00000,1.18068618,2025-01-06 09:23:33.127427816,b,m
2226347,2920.01000,2.40344498,2025-01-06 09:23:33.127427816,b,m
2226348,2918.09000,0.00506509,2025-01-06 09:26:24.836221218,b,l
2226349,2918.09000,0.00478702,2025-01-06 09:26:24.926178217,b,l
2226350,2917.85000,0.01671647,2025-01-06 09:26:35.701833010,b,l
2226351,2917.50000,0.00033769,2025-01-06 09:27:00.042500734,b,l
2226352,2918.42000,0.33429152,2025-01-06 09:30:26.013375521,b,l
2226353,2918.08000,0.01671641,2025-01-06 09:30:33.520910977,b,l
2226354,2917.50000,0.00675388,2025-01-06 09:30:57.031759501,b,l
2226355,2918.24000,0.01547360,2025-01-06 09:32:10.181551695,b,l
2226356,2917.93000,0.54599580,2025-01-06 09:32:11.719855785,s,m
2226357,2920.34000,0.00067473,2025-01-06 09:32:27.032063006,b,l
2226358,2921.29000,0.00684629,2025-01-06 09:35:21.633515835,b,m
2226359,2920.34000,0.01670370,2025-01-06 09:36:20.380587578,b,l
2226360,2920.34000,0.00513639,2025-01-06 09:36:41.052701473,b,m
2226361,2919.56000,0.00273001,2025-01-06 09:37:53.673168659,b,l
2226362,2918.85000,0.18412470,2025-01-06 09:39:46.981187820,b,l
2226363,2918.86000,0.15007470,2025-01-06 09:39:46.981187820,b,l
2226364,2918.77000,0.00313186,2025-01-06 09:40:33.170823336,b,l
2226365,2919.64000,0.00316186,2025-01-06 09:41:15.402534485,b,l
2226366,2919.33000,0.01002583,2025-01-06 09:42:26.239893913,b,l
2226367,2918.56000,0.07193658,2025-01-06 09:42:57.210590839,b,l
2226368,2918.36000,0.51281436,2025-01-06 09:43:11.284817219,s,l
2226369,2919.01000,0.03901209,2025-01-06 09:44:02.780028105,b,l
2226370,2919.35000,0.02743000,2025-01-06 09:44:36.578499556,s,m
2226371,2920.64000,1.56315531,2025-01-06 09:46:11.050602436,s,m
2226372,2920.63000,0.06600600,2025-01-06 09:46:11.050602436,s,m
2226373,2920.60000,2.00000000,2025-01-06 09:46:11.050602436,s,m
2226374,2920.48000,0.01211081,2025-01-06 09:46:11.050602436,s,m
2226375,2920.22000,0.35872788,2025-01-06 09:46:11.050602436,s,m
2226376,2920.54000,1.56320600,2025-01-06 09:49:01.096413612,s,m
2226377,2920.53000,0.41000000,2025-01-06 09:49:01.096413612,s,m
2226378,2920.46000,1.50000000,2025-01-06 09:49:01.096413612,s,m
2226379,2920.29000,0.00581724,2025-01-06 09:49:01.096413612,s,m
2226380,2920.19000,6.86163205,2025-01-06 09:49:01.096413851,s,m
2226381,2920.16000,0.90569250,2025-01-06 09:49:01.096413851,s,m
2226382,2920.13000,3.75365221,2025-01-06 09:49:01.096413851,s,m
2226383,2920.02000,1.56344995,2025-01-06 09:49:28.316437006,s,m
2226384,2920.01000,0.19655005,2025-01-06 09:49:28.316437006,s,m
2226385,2920.71000,0.00501048,2025-01-06 09:50:27.349432945,b,l
2226386,2920.36000,0.16702786,2025-01-06 09:50:45.506135941,b,l
2226387,2920.79000,0.06680405,2025-01-06 09:51:34.143270731,b,l
2226388,2920.21000,0.38090949,2025-01-06 09:51:42.668371677,b,l
2226389,2921.68000,0.00315961,2025-01-06 09:56:54.275473356,b,l
2226390,2921.12000,0.00674551,2025-01-06 09:58:58.034746885,b,l
2226391,2921.23000,0.00634573,2025-01-06 09:59:59.045652628,b,l
2226392,2920.35000,3.34010715,2025-01-06 10:02:12.344531298,b,l
2226393,2920.35000,0.05011025,2025-01-06 10:02:13.877939701,b,l
2226394,2920.45000,0.01369652,2025-01-06 10:02:28.612441540,b,m
2226395,2919.50000,0.01336681,2025-01-06 10:03:37.271954536,b,l
2226396,2919.50000,0.01287622,2025-01-06 10:03:47.500258922,b,l
2226397,2919.49000,0.00800000,2025-01-06 10:04:00.842465401,s,l
2226398,2919.70000,0.00206528,2025-01-06 10:05:13.818981647,b,m
2226399,2919.69000,0.00398948,2025-01-06 10:05:15.099054337,s,l
2226400,2919.49000,0.00741365,2025-01-06 10:05:15.099054337,s,l
2226401,2917.65000,0.06684606,2025-01-06 10:05:15.099054337,s,l
2226402,2917.33000,0.00313345,2025-01-06 10:05:42.219051361,b,l
2226403,2916.27000,0.03381382,2025-01-06 10:06:09.519674777,s,l
2226404,2915.32000,0.17150776,2025-01-06 10:07:01.557316780,b,m
2226405,2918.25000,0.17133556,2025-01-06 10:08:56.298934221,b,m
2226406,2919.31000,0.49847952,2025-01-06 10:11:07.670496464,s,l
2226407,2919.34000,0.13416017,2025-01-06 10:11:49.168595552,b,l
2226408,2919.50000,0.05137866,2025-01-06 10:13:58.566875696,b,m
2226409,2919.97000,0.06470335,2025-01-06 10:16:09.740880013,b,l
2226410,2918.02000,0.01755937,2025-01-06 10:20:43.778899193,s,l
2226411,2920.05000,0.50160593,2025-01-06 10:23:07.487821817,b,l
2226412,2919.63000,0.63000000,2025-01-06 10:24:59.891540527,s,l
2226413,2918.89000,0.01422080,2025-01-06 10:26:08.911334991,b,l
2226414,2917.84000,0.13500543,2025-01-06 10:26:44.646796465,s,l
2226415,2918.17000,0.04217000,2025-01-06 10:29:28.030259132,b,l
2226416,2918.98000,0.00847009,2025-01-06 10:29:28.030259132,b,l
2226417,2919.10000,0.08355427,2025-01-06 10:29:58.142970562,b,l
2226418,2919.44000,1.56758547,2025-01-06 10:30:15.050453424,b,m
2226419,2919.45000,0.14507126,2025-01-06 10:30:15.050453424,b,m
2226420,2919.08000,0.49330611,2025-01-06 10:30:48.144996881,b,m
2226421,2917.29000,0.01688591,2025-01-06 10:31:21.291191816,b,l
2226422,2917.63000,0.03208638,2025-01-06 10:31:58.660002232,b,l
2226423,2917.76000,0.63000000,2025-01-06 10:32:08.902645826,s,l
2226424,2917.43000,0.01003222,2025-01-06 10:32:56.805299997,b,l
2226425,2917.43000,0.00334407,2025-01-06 10:36:46.709941626,b,l
2226426,2917.43000,0.03344263,2025-01-06 10:37:55.995615721,b,l
2226427,2917.65000,0.16857417,2025-01-06 10:39:25.849470377,b,l
2226428,2917.45000,0.70000000,2025-01-06 10:40:44.086407423,s,l
2226429,2917.45000,0.60000000,2025-01-06 10:41:03.020543098,s,m
2226430,2917.77000,0.06855372,2025-01-06 10:42:30.835529566,b,l
2226431,2917.43000,0.06855372,2025-01-06 10:42:46.524832010,b,l
2226432,2917.42000,0.17138430,2025-01-06 10:43:30.126332521,s,l
2226433,2915.25000,0.00067591,2025-01-06 10:44:08.048063517,b,l
2226434,2915.00000,0.00703259,2025-01-06 10:45:28.977563143,s,l
2226435,2915.00000,0.33602058,2025-01-06 10:46:16.711912155,s,l
2226436,2914.81000,0.06397942,2025-01-06 10:46:16.711912155,s,l
2226437,2914.82000,0.00507006,2025-01-06 10:46:44.032107591,b,l
2226438,2916.36000,0.16726440,2025-01-06 10:49:31.369919062,b,l
2226439,2916.37000,0.15000000,2025-01-06 10:51:33.753890991,s,l
2226440,2916.30000,0.00337833,2025-01-06 10:52:14.031922579,b,l
2226441,2915.89000,0.00342948,2025-01-06 10:52:33.127144575,b,m
2226442,2915.70000,0.08213368,2025-01-06 10:52:38.300799608,s,l
2226443,2918.59000,0.00315927,2025-01-06 10:56:49.738902330,b,l
2226444,2918.37000,0.00370431,2025-01-06 10:57:55.974329472,b,l
2226445,2920.02000,0.01687012,2025-01-06 11:00:30.032522678,b,l
2226446,2919.36000,0.00275636,2025-01-06 11:01:09.346248865,b,l
2226447,2918.62000,0.01028561,2025-01-06 11:01:17.974642754,s,l
2226448,2917.83000,0.00675311,2025-01-06 11:02:19.035783291,b,l
2226449,2918.89000,0.00033753,2025-01-06 11:03:21.033177614,b,l
2226450,2917.96000,1.02811553,2025-01-06 11:05:52.352461100,b,m
2226451,2919.98000,0.20791443,2025-01-06 11:07:29.663261175,s,l
2226452,2917.95000,0.01738806,2025-01-06 11:09:58.941873550,s,l
2226453,2917.95000,0.06828852,2025-01-06 11:10:31.926299572,s,l
2226454,2917.62000,0.48629895,2025-01-06 11:10:31.926299572,s,l
2226455,2917.48000,0.00668801,2025-01-06 11:10:42.350960493,b,l
2226456,2914.83000,0.04800000,2025-01-06 11:11:32.637032270,s,m
2226457,2916.37000,0.33462748,2025-01-06 11:12:48.664774418,b,l
2226458,2914.82000,0.00343074,2025-01-06 11:13:56.534462452,b,m
2226459,2914.82000,0.03347067,2025-01-06 11:15:10.638594389,b,l
2226460,2914.82000,0.00635943,2025-01-06 11:15:39.302673340,b,l
2226461,2914.85000,0.25288778,2025-01-06 11:18:10.479154348,s,l
2226462,2915.31000,0.32433757,2025-01-06 11:19:00.449779749,b,l
2226463,2915.64000,1.47903095,2025-01-06 11:19:19.069709539,s,l
2226464,2914.81000,0.02840396,2025-01-06 11:20:13.108893156,s,l
2226465,2912.54000,0.09237598,2025-01-06 11:20:41.291252851,s,l
2226466,2913.73000,0.01674763,2025-01-06 11:22:31.229253054,b,l
2226467,2914.13000,0.00341801,2025-01-06 11:28:43.542567253,b,l
2226468,2914.99000,0.34305435,2025-01-06 11:32:20.210319042,b,m
2226469,2914.53000,0.00676076,2025-01-06 11:33:06.042855740,b,l
2226470,2912.98000,0.19000000,2025-01-06 11:33:34.007949114,s,m
2226471,2913.43000,0.01372952,2025-01-06 11:35:25.240241289,b,m
2226472,2912.86000,0.01373088,2025-01-06 11:35:28.425424814,s,m
2226473,2915.00000,0.00167343,2025-01-06 11:37:13.944762707,b,l
2226474,2915.00000,0.03346860,2025-01-06 11:37:29.463833570,b,l
2226475,2914.06000,0.01441183,2025-01-06 11:39:13.573576689,b,l
2226476,2913.08000,0.00837281,2025-01-06 11:39:59.656618118,b,l
2226477,2912.00000,0.00313924,2025-01-06 11:41:03.718150854,b,l
2226478,2912.00000,0.01019406,2025-01-06 11:42:22.073925734,b,l
2226479,2912.00000,0.00636559,2025-01-06 11:44:32.050854206,b,l
2226480,2912.00000,0.07077213,2025-01-06 11:45:43.713480234,b,l
2226481,2912.00000,0.00252057,2025-01-06 11:48:15.018680811,b,l
2226482,2912.00000,0.00965926,2025-01-06 11:50:06.056786299,b,l
2226483,2911.99000,0.01717038,2025-01-06 11:51:27.608711004,s,l
2226484,2911.99000,0.43470900,2025-01-06 11:52:57.473377943,s,l
2226485,2911.99000,0.41000000,2025-01-06 11:52:57.473377943,s,l
2226486,2911.99000,2.51114601,2025-01-06 11:52:57.473377943,s,l
2226487,2911.99000,0.05844843,2025-01-06 11:53:55.599256277,s,l
2226488,2911.99000,0.01648357,2025-01-06 11:55:51.170016766,s,l
2226489,2911.77000,0.02370082,2025-01-06 11:55:51.170016766,s,l
2226490,2912.00000,0.00719999,2025-01-06 11:56:18.367013931,b,l
2226491,2912.91000,1.50000000,2025-01-06 11:59:36.613597870,b,l
2226492,2913.05000,1.56535741,2025-01-06 11:59:36.613597870,b,l
2226493,2913.06000,1.95733851,2025-01-06 11:59:36.613597870,b,l
2226494,2913.17000,0.25745150,2025-01-06 12:00:12.713310480,b,m
2226495,2913.28000,0.00170782,2025-01-06 12:00:30.033892155,b,l
2226496,2913.61000,0.00398326,2025-01-06 12:00:45.271137953,b,l
2226497,2914.27000,0.00676136,2025-01-06 12:01:00.043904305,b,l
2226498,2912.73000,0.00140728,2025-01-06 12:02:27.709248066,s,l
2226499,2913.39000,0.00201732,2025-01-06 12:11:35.409510612,b,l
2226500,2913.95000,0.00669590,2025-01-06 12:14:01.099106312,b,l
2226501,2913.32000,0.00167439,2025-01-06 12:14:26.978157282,b,l
2226502,2913.33000,0.03348779,2025-01-06 12:14:28.659948587,b,l
2226503,2912.82000,0.03493274,2025-01-06 12:15:10.994222641,s,l
2226504,2910.49000,0.00877956,2025-01-06 12:19:01.317031622,b,l
2226505,2910.07000,0.00290700,2025-01-06 12:20:37.476287365,b,l
2226506,2911.67000,0.02000000,2025-01-06 12:23:16.775272846,s,m
2226507,2911.90000,0.03000000,2025-01-06 12:23:20.058064222,s,l
2226508,2913.73000,0.01674424,2025-01-06 12:24:17.839471340,b,l
2226509,2915.00000,9.96485797,2025-01-06 12:25:21.041831970,b,l
2226510,2917.79000,0.01688301,2025-01-06 12:27:45.034710407,b,l
2226511,2916.53000,0.06976513,2025-01-06 12:27:47.299194336,s,l
2226512,2920.22000,0.83024270,2025-01-06 12:29:03.498020172,s,l
2226513,2916.34000,0.00514343,2025-01-06 12:33:08.184248924,b,m
2226514,2914.42000,0.54828853,2025-01-06 12:34:52.674933434,s,m
2226515,2915.20000,0.06858781,2025-01-06 12:36:37.105200768,b,l
2226516,2914.54000,0.01119270,2025-01-06 12:37:25.180548191,b,l
2226517,2916.11000,0.06603900,2025-01-06 12:37:36.323515415,b,l
2226518,2916.51000,0.08455783,2025-01-06 12:37:36.323515415,b,l
2226519,2915.98000,1.50000000,2025-01-06 12:39:05.707551956,b,m
2226520,2916.61000,1.25453525,2025-01-06 12:39:05.707551956,b,m
2226521,2916.62000,0.67442447,2025-01-06 12:39:05.707551956,b,m
2226522,2915.36000,0.00669253,2025-01-06 12:39:15.549823761,b,l
2226523,2915.30000,0.05625845,2025-01-06 12:39:49.694660902,s,l
2226524,2914.59000,1.50000000,2025-01-06 12:40:47.257191895,b,l
2226525,2915.78000,0.17365447,2025-01-06 12:40:47.257191895,b,l
2226526,2916.42000,0.00313346,2025-01-06 12:41:42.957133770,b,l
2226527,2915.93000,0.02328589,2025-01-06 12:42:18.711352110,s,l
2226528,2915.64000,0.00341262,2025-01-06 12:43:13.820333481,b,l
2226529,2915.98000,0.00067574,2025-01-06 12:44:00.032150030,b,l
2226530,2915.84000,0.16833644,2025-01-06 12:44:32.854019403,s,l
2226531,2916.98000,0.06689613,2025-01-06 12:45:11.302008629,b,l
2226532,2915.61000,0.00200301,2025-01-06 12:47:14.875616789,b,m
2226533,2915.61000,0.00642034,2025-01-06 12:48:53.805656910,b,l
2226534,2915.60000,0.03961950,2025-01-06 12:49:26.189006567,s,m
2226535,2915.60000,0.31038050,2025-01-06 12:49:52.302675247,s,l
2226536,2915.60000,0.42872822,2025-01-06 12:49:52.302675247,s,l
2226537,2914.02000,0.03214066,2025-01-06 12:51:29.051106930,b,l
2226538,2914.02000,0.01290044,2025-01-06 12:51:32.145605087,b,l
2226539,2914.01000,0.00857927,2025-01-06 12:54:25.439682961,s,l
2226540,2910.89000,0.16758447,2025-01-06 12:54:45.192739487,b,l
2226541,2910.69000,0.34000000,2025-01-06 12:55:02.627393007,b,l
2226542,2910.06000,0.01718177,2025-01-06 12:55:58.281235456,s,l
2226543,2906.74000,0.02172579,2025-01-06 12:56:48.532961845,b,l
2226544,2906.80000,0.01678093,2025-01-06 12:58:15.578279972,b,l
2226545,2905.10000,0.41000000,2025-01-06 12:59:44.946640015,s,m
2226546,2904.98000,1.56950034,2025-01-06 12:59:44.946640015,s,m
2226547,2904.97000,1.02049966,2025-01-06 12:59:44.946640015,s,m
2226548,2905.47000,0.01122127,2025-01-06 13:00:20.917876959,b,l
2226549,2906.31000,0.00335724,2025-01-06 13:01:16.136868000,b,l
2226550,2905.15000,0.88128741,2025-01-06 13:02:27.173613310,s,m
2226551,2905.14000,0.11871259,2025-01-06 13:02:27.173613548,s,m
2226552,2904.99000,0.79700225,2025-01-06 13:03:27.753435612,s,m
2226553,2904.98000,1.20299775,2025-01-06 13:03:27.753435612,s,m
2226554,2905.11000,0.22743455,2025-01-06 13:04:02.029916763,b,l
2226555,2903.92000,0.48510274,2025-01-06 13:05:13.540552616,s,l
2226556,2903.91000,2.51489726,2025-01-06 13:05:13.540552616,s,l
2226557,2903.75000,0.09265561,2025-01-06 13:05:55.902745724,s,m
2226558,2902.63000,0.25623170,2025-01-06 13:05:55.902745724,s,m
2226559,2902.37000,0.00959692,2025-01-06 13:06:27.998380661,b,l
2226560,2900.82000,0.33631858,2025-01-06 13:07:00.986006021,b,l
2226561,2902.95000,0.37368354,2025-01-06 13:08:12.847005606,b,l
2226562,2901.09000,0.05170470,2025-01-06 13:09:57.231841326,b,m
2226563,2903.05000,0.01693714,2025-01-06 13:10:47.882987499,b,l
2226564,2900.00000,0.03846153,2025-01-06 13:13:52.774272680,s,l
2226565,2897.36000,0.47461745,2025-01-06 13:14:29.160988569,s,l
2226566,2897.35000,0.27568698,2025-01-06 13:14:29.160988569,s,l
2226567,2897.44000,0.16831247,2025-01-06 13:14:52.575167656,b,l
2226568,2895.86000,0.01553942,2025-01-06 13:15:30.076708317,s,l
2226569,2895.00000,0.00483592,2025-01-06 13:15:30.083684206,s,l
2226570,2894.99000,0.09293598,2025-01-06 13:15:30.083684206,s,l
2226571,2891.83000,0.02888396,2025-01-06 13:16:02.231129408,s,l
2226572,2892.59000,0.01615118,2025-01-06 13:16:20.513353586,b,l
2226573,2891.54000,0.25508772,2025-01-06 13:16:46.303164005,s,m
2226574,2891.53000,0.07876110,2025-01-06 13:16:46.303164005,s,m
2226575,2891.53000,0.01436606,2025-01-06 13:17:01.271523714,s,m
2226576,2891.42000,0.13040179,2025-01-06 13:17:01.271523714,s,m
2226577,2891.41000,0.35523215,2025-01-06 13:17:01.271523714,s,m
2226578,2898.32000,0.17251432,2025-01-06 13:19:45.968401432,b,l
2226579,2899.34000,0.01125065,2025-01-06 13:20:47.006628275,b,l
2226580,2900.00000,1.00000000,2025-01-06 13:22:05.539196730,b,m
2226581,2902.26000,1.57021449,2025-01-06 13:22:05.539196730,b,m
2226582,2902.27000,1.47021320,2025-01-06 13:22:05.539196730,b,m
2226583,2904.33000,0.00075114,2025-01-06 13:23:20.312705040,s,l
2226584,2904.32000,0.01007743,2025-01-06 13:24:42.009255171,b,l
2226585,2906.30000,0.01619262,2025-01-06 13:25:38.607959032,b,l
2226586,2906.74000,0.00630098,2025-01-06 13:26:13.738887072,s,l
2226587,2905.83000,0.02225427,2025-01-06 13:27:33.437952280,s,l
2226588,2905.82000,0.41430997,2025-01-06 13:27:33.437952280,s,l
2226589,2907.94000,0.03252641,2025-01-06 13:30:37.714835405,b,l
2226590,2907.57000,0.01155699,2025-01-06 13:31:01.338313580,s,l
2226591,2907.56000,0.00593018,2025-01-06 13:31:01.338313580,s,l
2226592,2909.03000,0.01241364,2025-01-06 13:32:11.283077002,s,l
2226593,2909.02000,0.08758636,2025-01-06 13:32:11.283077002,s,l
2226594,2907.97000,0.01719413,2025-01-06 13:34:07.682785988,b,m
2226595,2906.29000,0.00033900,2025-01-06 13:35:37.030976534,b,l
2226596,2906.73000,1.01428437,2025-01-06 13:37:21.239336729,b,l
2226597,2907.04000,0.17838084,2025-01-06 13:37:39.742123842,s,m
2226598,2906.98000,0.06623500,2025-01-06 13:37:39.742123842,s,m
2226599,2906.58000,0.21974416,2025-01-06 13:37:39.742123842,s,m
2226600,2905.17000,0.03869123,2025-01-06 13:39:45.285140991,b,l
2226601,2907.23000,0.40373056,2025-01-06 13:40:50.676403284,b,l
2226602,2907.90000,0.29356227,2025-01-06 13:42:01.020100117,b,l
2226603,2907.23000,0.00338887,2025-01-06 13:43:02.034801483,b,l
2226604,2907.23000,0.03439700,2025-01-06 13:43:05.663331032,b,l
2226605,2907.73000,0.01031733,2025-01-06 13:43:13.171597242,b,m
2226606,2908.33000,0.26015539,2025-01-06 13:44:13.708552837,b,l
2226607,2908.33000,0.01693793,2025-01-06 13:46:42.963921547,b,l
2226608,2911.49000,0.13726521,2025-01-06 13:52:00.979042292,s,l
2226609,2913.25000,2.00000000,2025-01-06 13:52:09.163518190,b,m
2226610,2913.60000,1.14479564,2025-01-06 13:52:09.163518190,b,m
2226611,2914.20000,0.01674234,2025-01-06 13:53:12.894213676,b,l
2226612,2913.61000,0.00668355,2025-01-06 13:53:38.361874342,s,l
2226613,2914.81000,0.03430755,2025-01-06 13:54:17.675064564,b,l
2226614,2914.09000,0.03348331,2025-01-06 13:54:50.099694490,b,l
2226615,2913.59000,0.00274576,2025-01-06 13:55:23.916272163,s,l
2226616,2912.61000,0.10322397,2025-01-06 13:55:23.916272163,s,l
2226617,2913.55000,0.00115648,2025-01-06 13:55:29.032687901,b,l
2226618,2913.26000,0.01014556,2025-01-06 13:56:14.036555290,b,l
2226619,2911.93000,0.01201952,2025-01-06 14:00:56.357521296,b,m
2226620,2914.37000,0.00428909,2025-01-06 14:06:05.670979500,s,l
2226621,2911.10000,0.00858781,2025-01-06 14:06:42.434719563,s,l
2226622,2910.00000,0.90739518,2025-01-06 14:07:00.583205223,s,l
2226623,2907.25000,0.11859200,2025-01-06 14:08:41.882542133,b,l
2226624,2907.37000,0.60000000,2025-01-06 14:08:50.856423140,s,l
2226625,2907.79000,0.00859759,2025-01-06 14:09:29.716474056,b,m
2226626,2905.91000,0.48540547,2025-01-06 14:13:41.999359846,b,m
2226627,2905.92000,1.23522227,2025-01-06 14:13:41.999359846,b,m
2226628,2905.34000,1.14377319,2025-01-06 14:13:59.662107229,s,l
2226629,2906.06000,0.09539396,2025-01-06 14:14:33.697028875,s,l
2226630,2907.64000,0.00628753,2025-01-06 14:15:47.355510473,s,l
2226631,2908.29000,0.06621800,2025-01-06 14:15:57.910042763,s,l
2226632,2906.88000,0.04833344,2025-01-06 14:16:07.024040699,b,l
2226633,2906.62000,0.03357852,2025-01-06 14:16:41.603328466,b,m
2226634,2907.04000,0.17199626,2025-01-06 14:17:53.168261766,b,m
2226635,2904.86000,0.60000086,2025-01-06 14:18:06.027799129,s,l
2226636,2903.91000,0.00192585,2025-01-06 14:19:10.761735201,s,l
2226637,2903.64000,0.00870083,2025-01-06 14:20:18.713781357,s,l
2226638,2907.68000,0.00169417,2025-01-06 14:21:15.037060261,b,l
2226639,2908.03000,0.06098241,2025-01-06 14:21:35.113778353,b,l
2226640,2902.38000,0.03445448,2025-01-06 14:24:05.129770994,b,m
2226641,2904.25000,0.01503524,2025-01-06 14:25:02.984750509,b,l
2226642,2904.91000,0.01170589,2025-01-06 14:25:19.059503555,b,l
2226643,2905.23000,1.29530154,2025-01-06 14:25:19.059503555,b,l
2226644,2906.31000,0.34407891,2025-01-06 14:26:54.544714928,b,l
2226645,2908.16000,0.01358622,2025-01-06 14:27:12.414808512,b,m
2226646,2908.19000,0.03963747,2025-01-06 14:28:17.928095579,s,l
2226647,2907.44000,0.03309253,2025-01-06 14:28:17.928095579,s,l
2226648,2908.41000,0.03524432,2025-01-06 14:31:41.306454182,s,l
2226649,2909.80000,0.01171023,2025-01-06 14:32:33.304944992,b,l
2226650,2910.00000,0.01128303,2025-01-06 14:32:34.278615236,b,l
2226651,2910.00000,9.98871697,2025-01-06 14:32:35.473668575,b,l
2226652,2914.81000,0.05881961,2025-01-06 14:33:59.389782906,b,l
2226653,2915.05000,0.01169789,2025-01-06 14:33:59.389782906,b,l
2226654,2915.41000,0.11533270,2025-01-06 14:33:59.389782906,b,l
2226655,2918.14000,0.00072251,2025-01-06 14:34:13.033624172,b,l
2226656,2915.25000,0.01196685,2025-01-06 14:35:32.834033966,b,l
2226657,2915.25000,0.01643315,2025-01-06 14:35:32.834033966,b,l
2226658,2910.40000,0.03567692,2025-01-06 14:36:48.188607216,b,l
2226659,2909.53000,0.06705683,2025-01-06 14:37:21.681831837,b,l
2226660,2908.27000,0.30137852,2025-01-06 14:37:25.301197290,s,l
2226661,2911.81000,0.16125116,2025-01-06 14:37:51.045258522,b,l
2226662,2908.34000,0.45369836,2025-01-06 14:39:02.980276585,s,l
2226663,2908.28000,0.00252343,2025-01-06 14:39:54.892808199,b,l
2226664,2910.00000,0.22807899,2025-01-06 14:40:27.051974297,b,l
2226665,2910.00000,9.77192101,2025-01-06 14:40:31.090346813,b,l
2226666,2916.43000,0.01158105,2025-01-06 14:41:07.102779865,b,l
2226667,2916.98000,0.02837159,2025-01-06 14:41:46.389625788,b,l
2226668,2917.14000,0.13898865,2025-01-06 14:41:46.389625788,b,l
2226669,2918.14000,0.09210194,2025-01-06 14:42:09.272325754,b,l
2226670,2917.92000,0.41000000,2025-01-06 14:42:50.103308201,b,l
2226671,2917.92000,0.06611500,2025-01-06 14:42:50.103308201,b,l
2226672,2917.92000,0.90569250,2025-01-06 14:42:50.103308201,b,l
2226673,2917.92000,2.42570704,2025-01-06 14:42:50.103308201,b,l
2226674,2915.75000,0.34076818,2025-01-06 14:44:29.807768106,b,l
2226675,2918.22000,0.03143612,2025-01-06 14:45:35.787501097,s,l
2226676,2918.64000,0.51180866,2025-01-06 14:46:12.428901672,s,m
2226677,2919.00000,0.53409000,2025-01-06 14:47:20.075896263,b,l
2226678,2920.00000,0.00541597,2025-01-06 14:48:11.325375319,b,l
2226679,2920.00000,9.99458403,2025-01-06 14:48:37.576363564,b,l
2226680,2922.48000,0.01236000,2025-01-06 14:48:38.030405998,b,l
2226681,2922.48000,0.00262000,2025-01-06 14:48:38.030405998,b,l
2226682,2924.43000,0.22738345,2025-01-06 14:48:38.508339882,b,l
2226683,2924.44000,0.56585730,2025-01-06 14:48:38.508339882,b,l
2226684,2925.72000,0.01550000,2025-01-06 14:48:57.097207308,b,l
2226685,2925.77000,0.50459150,2025-01-06 14:48:57.097207308,b,l
2226686,2926.98000,0.09254443,2025-01-06 14:49:02.261031151,b,l
2226687,2928.96000,0.00006000,2025-01-06 14:49:07.087690592,b,l
2226688,2928.96000,0.01686000,2025-01-06 14:49:07.087690592,b,l
2226689,2932.21000,0.00132000,2025-01-06 14:49:33.336769819,b,l
2226690,2932.21000,0.01820000,2025-01-06 14:49:33.336769819,b,l
2226691,2932.21000,0.00016000,2025-01-06 14:49:33.336769819,b,l
2226692,2935.45000,0.01159000,2025-01-06 14:49:39.939210892,b,l
2226693,2935.45000,0.01175000,2025-01-06 14:49:39.939210892,b,l
2226694,2935.45000,0.00088000,2025-01-06 14:49:39.939210892,b,l
2226695,2935.84000,0.09226512,2025-01-06 14:49:40.316989183,b,l
2226696,2938.00000,0.11912866,2025-01-06 14:50:09.328144789,b,m
2226697,2935.04000,1.36302696,2025-01-06 14:50:27.667097092,b,l
2226698,2935.04000,0.63697304,2025-01-06 14:50:27.667097092,b,l
2226699,2935.04000,0.01441868,2025-01-06 14:50:28.103423357,b,l
2226700,2931.76000,0.02840000,2025-01-06 14:50:47.260490893,s,l
2226701,2929.56000,0.02099893,2025-01-06 14:51:22.362489223,s,l
2226702,2938.52000,0.02840000,2025-01-06 14:52:48.113739967,b,m
2226703,2938.70000,0.01054000,2025-01-06 14:52:48.113739967,b,m
2226704,2938.70000,0.02047000,2025-01-06 14:52:48.113739967,b,m
2226705,2938.72000,0.01155372,2025-01-06 14:52:48.113739967,b,m
2226706,2939.08000,0.04813200,2025-01-06 14:52:48.113739967,b,m
2226707,2940.00000,10.00000000,2025-01-06 14:54:10.286760807,b,l
2226708,2941.94000,0.04047000,2025-01-06 14:54:13.568154812,b,l
2226709,2942.18000,0.02840000,2025-01-06 14:54:39.091607094,s,l
2226710,2942.42000,0.01822592,2025-01-06 14:54:58.088630676,b,m
2226711,2942.43000,0.15170172,2025-01-06 14:54:58.088630676,b,m
2226712,2944.03000,0.01102031,2025-01-06 14:55:12.885342836,b,l
2226713,2944.73000,0.09198657,2025-01-06 14:57:11.467151880,b,l
2226714,2944.99000,0.02088484,2025-01-06 14:57:16.095544100,s,l
2226715,2945.00000,1.50000000,2025-01-06 14:57:19.067051649,b,l
2226716,2945.00000,1.50000000,2025-01-06 14:57:19.328109026,b,l
2226717,2945.00000,1.50000000,2025-01-06 14:57:19.355818272,b,l
2226718,2945.00000,1.50000000,2025-01-06 14:57:19.384408236,b,l
2226719,2945.00000,1.50000000,2025-01-06 14:57:19.412223101,b,l
2226720,2945.00000,1.50000000,2025-01-06 14:57:19.436818838,b,l
2226721,2945.00000,1.00000000,2025-01-06 14:57:19.460249186,b,l
2226722,2945.18000,0.05307000,2025-01-06 14:57:19.526430368,b,l
2226723,2948.43000,0.06924000,2025-01-06 14:57:30.696511984,b,l
2226724,2950.00000,0.00856634,2025-01-06 14:57:33.068154812,b,l
2226725,2953.64000,0.09170906,2025-01-06 14:57:40.131711721,b,l
2226726,2951.39000,1.50000000,2025-01-06 14:58:06.846783876,s,l
2226727,2948.58000,0.00404699,2025-01-06 14:58:30.321031809,s,l
2226728,2944.69000,0.10677861,2025-01-06 14:59:57.780065298,b,l
2226729,2944.73000,0.16040704,2025-01-06 14:59:57.780065298,b,l
2226730,2941.16000,0.82944912,2025-01-06 15:00:54.858894587,s,m
2226731,2939.37000,0.08777285,2025-01-06 15:01:13.655375957,b,m
2226732,2939.38000,1.00000000,2025-01-06 15:01:13.655375957,b,m
2226733,2939.39000,0.41000000,2025-01-06 15:01:13.655375957,b,m
2226734,2939.51000,0.13709877,2025-01-06 15:01:13.655375957,b,m
2226735,2940.74000,0.02840000,2025-01-06 15:02:10.146709681,b,m
2226736,2942.77000,0.11498824,2025-01-06 15:02:10.146709681,b,m
2226737,2942.80000,2.67691159,2025-01-06 15:02:10.146709681,b,m
2226738,2945.46000,0.01657233,2025-01-06 15:02:19.953626871,b,l
2226739,2945.87000,0.04400000,2025-01-06 15:02:25.763321400,s,m
2226740,2945.00000,0.87033754,2025-01-06 15:02:43.483692884,s,l
2226741,2944.94000,0.34806999,2025-01-06 15:02:53.691568375,s,l
2226742,2946.70000,0.08741005,2025-01-06 15:04:44.304997683,s,l
2226743,2947.98000,0.02070130,2025-01-06 15:06:24.898408651,s,l
2226744,2951.63000,0.04164931,2025-01-06 15:08:42.105263710,s,l
2226745,2953.12000,0.07999481,2025-01-06 15:09:38.242451429,b,l
2226746,2953.00000,0.16518154,2025-01-06 15:09:41.171954632,b,l
2226747,2954.62000,0.26849139,2025-01-06 15:09:55.519195795,b,l
2226748,2955.00000,0.33259029,2025-01-06 15:10:05.605814934,b,l
2226749,2951.78000,0.02840000,2025-01-06 15:10:38.420775652,s,l
2226750,2951.59000,0.00309356,2025-01-06 15:10:54.482267618,b,l
2226751,2954.99000,0.03384106,2025-01-06 15:11:25.701027155,b,m
2226752,2953.94000,0.90569250,2025-01-06 15:11:39.778203011,b,l
2226753,2953.94000,0.16368195,2025-01-06 15:11:39.778203011,b,l
2226754,2955.00000,0.00911229,2025-01-06 15:12:32.513099194,b,l
2226755,2954.99000,0.03575759,2025-01-06 15:12:44.461808443,s,l
2226756,2953.45000,0.17838084,2025-01-06 15:13:07.851725340,b,m
2226757,2953.46000,0.63422600,2025-01-06 15:13:07.851725340,b,m
2226758,2954.83000,0.00346871,2025-01-06 15:15:04.120967150,s,l
2226759,2952.87000,0.10159607,2025-01-06 15:15:26.785222054,b,m
2226760,2952.83000,0.43447365,2025-01-06 15:16:19.796272516,b,l
2226761,2952.82000,1.53818708,2025-01-06 15:16:27.613260984,s,l
2226762,2952.73000,0.02840000,2025-01-06 15:18:15.216963291,b,l
2226763,2952.82000,0.07048904,2025-01-06 15:18:15.258050919,b,l
2226764,2954.99000,1.03000000,2025-01-06 15:19:40.374381781,s,m
2226765,2953.79000,0.00820005,2025-01-06 15:19:54.197744846,s,l
2226766,2954.68000,0.01000000,2025-01-06 15:20:53.177949429,s,m
2226767,2954.80000,0.03384324,2025-01-06 15:20:55.221910715,b,m
2226768,2953.87000,0.24517214,2025-01-06 15:21:17.245179415,b,l
2226769,2953.86000,1.53843134,2025-01-06 15:21:19.135313034,s,l
2226770,2953.78000,0.00270840,2025-01-06 15:21:19.244568825,s,l
2226771,2955.00000,0.04952334,2025-01-06 15:22:24.943665504,b,l
2226772,2955.00000,0.00066682,2025-01-06 15:22:50.035973549,b,l
2226773,2950.00000,1.68848474,2025-01-06 15:24:23.858085632,s,l
2226774,2949.18000,0.01744801,2025-01-06 15:24:56.585059643,s,l
2226775,2949.12000,0.21944620,2025-01-06 15:25:04.907911062,s,l
2226776,2953.07000,2.00000000,2025-01-06 15:25:44.400694132,b,l
2226777,2953.18000,6.34463956,2025-01-06 15:25:44.400694132,b,l
2226778,2953.44000,0.16008753,2025-01-06 15:25:57.968607903,b,l
2226779,2952.98000,0.03290835,2025-01-06 15:26:06.502748728,s,l
2226780,2953.72000,0.06347886,2025-01-06 15:27:12.917335510,b,l
2226781,2953.00000,0.90569250,2025-01-06 15:27:22.121410847,s,m
2226782,2952.35000,0.09430750,2025-01-06 15:27:22.121410847,s,m
2226783,2952.95000,0.18616925,2025-01-06 15:27:26.695929289,s,l
2226784,2953.94000,0.00338531,2025-01-06 15:27:32.357061863,b,m
2226785,2952.48000,0.01693474,2025-01-06 15:28:24.440034389,b,l
2226786,2954.03000,0.43470900,2025-01-06 15:28:55.284597874,b,l
2226787,2954.18000,0.01219925,2025-01-06 15:28:55.284597874,b,l
2226788,2954.19000,0.41000000,2025-01-06 15:28:55.284597874,b,l
2226789,2954.28000,0.06573000,2025-01-06 15:28:55.284597874,b,l
2226790,2954.95000,0.72911788,2025-01-06 15:28:55.284597874,b,l
2226791,2954.99000,1.73779737,2025-01-06 15:29:26.849638700,s,l
2226792,2954.99000,0.99600000,2025-01-06 15:30:59.321345806,s,l
2226793,2955.00000,9.60810726,2025-01-06 15:31:03.137569904,b,l
2226794,2955.00000,0.02856648,2025-01-06 15:31:03.137569904,b,l
2226795,2958.94000,0.00738782,2025-01-06 15:31:53.575734854,s,l
2226796,2954.81000,0.06850908,2025-01-06 15:33:13.122532368,s,l
2226797,2957.05000,0.00499766,2025-01-06 15:34:00.034634829,b,l
2226798,2956.08000,0.00675000,2025-01-06 15:34:11.203663349,s,l
2226799,2956.50000,0.04949202,2025-01-06 15:34:14.673859596,b,l
2226800,2956.58000,0.05071851,2025-01-06 15:34:21.087839365,b,l
2226801,2956.40000,0.13365286,2025-01-06 15:36:13.296443462,b,l
2226802,2955.44000,1.53908157,2025-01-06 15:36:15.153537750,s,m
2226803,2955.43000,0.46091843,2025-01-06 15:36:15.153537750,s,m
2226804,2956.35000,0.00270603,2025-01-06 15:37:07.601053476,s,l
2226805,2956.66000,0.00290909,2025-01-06 15:38:04.184463978,s,m
2226806,2956.62000,0.04831213,2025-01-06 15:39:06.949896574,b,m
2226807,2954.55000,0.06769220,2025-01-06 15:39:25.435570240,b,m
2226808,2954.08000,0.00660517,2025-01-06 15:39:29.916653633,b,l
2226809,2954.07000,0.02840000,2025-01-06 15:39:31.784683704,s,l
2226810,2948.29000,0.13360099,2025-01-06 15:39:38.858844280,s,m
2226811,2950.72000,0.00367986,2025-01-06 15:41:00.456567764,s,l
2226812,2953.04000,0.68746444,2025-01-06 15:42:28.761615992,s,l
2226813,2952.09000,0.08343425,2025-01-06 15:43:29.688530684,b,l
2226814,2951.27000,0.16518288,2025-01-06 15:43:42.078171492,b,l
2226815,2952.96000,0.01651896,2025-01-06 15:44:50.509734392,b,l
2226816,2953.85000,0.00971722,2025-01-06 15:45:12.716855764,s,l
2226817,2955.23000,1.54439481,2025-01-06 15:45:13.387465954,b,m
2226818,2955.24000,0.51303723,2025-01-06 15:45:13.387465954,b,m
2226819,2956.06000,0.08252661,2025-01-06 15:45:42.516269445,b,l
2226820,2955.65000,0.06000031,2025-01-06 15:45:52.124959707,b,l
2226821,2955.93000,0.00660090,2025-01-06 15:46:49.419591188,b,l
2226822,2950.98000,0.10157836,2025-01-06 15:49:58.365816832,s,l
2226823,2954.53000,0.01651180,2025-01-06 15:52:34.546062946,b,l
2226824,2954.46000,0.06913000,2025-01-06 15:53:02.331796408,s,l
2226825,2955.00000,10.00000000,2025-01-06 15:53:23.628175497,b,l
2226826,2957.59000,0.00066623,2025-01-06 15:53:24.039577723,b,l
2226827,2958.08000,0.01485700,2025-01-06 15:53:24.688552380,b,l
2226828,2959.00000,0.00855782,2025-01-06 15:54:30.651360512,b,l
2226829,2960.00000,0.31104672,2025-01-06 15:54:30.651360512,b,l
2226830,2960.00000,0.30716200,2025-01-06 15:54:32.291702509,b,l
2226831,2960.00000,9.38179128,2025-01-06 15:54:32.457916737,b,l
2226832,2962.57000,2.00000000,2025-01-06 15:54:33.673492432,s,m
2226833,2962.57000,0.04941543,2025-01-06 15:54:33.673492432,s,m
2226834,2962.58000,0.09143228,2025-01-06 15:54:46.011325359,b,l
2226835,2965.23000,0.06564800,2025-01-06 15:56:17.206713915,s,l
2226836,2965.23000,0.83636012,2025-01-06 15:56:17.206713915,s,l
2226837,2963.24000,0.02050095,2025-01-06 15:56:37.899336100,b,l
2226838,2962.87000,0.00284270,2025-01-06 15:57:40.979357243,s,l
2226839,2965.06000,0.01911000,2025-01-06 15:58:43.795037031,b,l
2226840,2965.09000,0.03290665,2025-01-06 15:58:47.031352758,b,l
2226841,2969.99000,0.00829314,2025-01-06 16:00:00.233585119,b,l
2226842,2970.00000,0.00177949,2025-01-06 16:00:07.574137926,b,l
2226843,2970.00000,0.01464492,2025-01-06 16:00:07.574137926,b,l
2226844,2969.88000,0.90512669,2025-01-06 16:00:07.574288130,s,m
2226845,2968.46000,0.65725732,2025-01-06 16:01:20.350073814,b,l
2226846,2966.68000,0.63255358,2025-01-06 16:01:33.620801926,b,l
2226847,2964.45000,0.02819348,2025-01-06 16:01:45.909187078,s,l
2226848,2966.67000,0.03000000,2025-01-06 16:01:53.573155880,b,l
2226849,2969.34000,0.14132350,2025-01-06 16:02:13.973335743,s,l
2226850,2968.75000,0.18425176,2025-01-06 16:03:00.465090752,s,m
2226851,2966.55000,0.00629219,2025-01-06 16:03:27.625111103,b,l
2226852,2968.12000,0.00497902,2025-01-06 16:04:23.034197330,b,l
2226853,2966.37000,0.01652907,2025-01-06 16:04:34.021038055,b,l
2226854,2966.51000,0.06574079,2025-01-06 16:04:34.480412483,b,l
2226855,2969.19000,1.54840089,2025-01-06 16:04:49.219702482,s,m
2226856,2969.18000,1.45159911,2025-01-06 16:04:49.219702721,s,m
2226857,2969.28000,0.03451190,2025-01-06 16:05:06.390972137,s,l
2226858,2969.99000,0.48319427,2025-01-06 16:05:15.406902075,s,l
2226859,2970.00000,0.03367003,2025-01-06 16:05:16.705788136,b,l
2226860,2970.00000,0.09854644,2025-01-06 16:05:22.238618851,b,l
2226861,2970.00000,0.02709575,2025-01-06 16:06:32.890280724,b,l
2226862,2970.00000,9.82604286,2025-01-06 16:08:34.433656931,b,l
2226863,2971.54000,0.00034157,2025-01-06 16:08:34.739824295,s,l
2226864,2971.55000,0.09126576,2025-01-06 16:08:38.994683743,b,l
2226865,2974.00000,0.00468858,2025-01-06 16:09:42.201088428,b,l
2226866,2975.00000,0.37891992,2025-01-06 16:09:42.201088428,b,l
2226867,2974.45000,0.01700000,2025-01-06 16:09:44.902438402,s,l
2226868,2975.00000,0.62108008,2025-01-06 16:09:56.012442112,b,l
2226869,2975.00000,0.10000000,2025-01-06 16:09:56.012442112,b,l
2226870,2975.89000,2.00000000,2025-01-06 16:09:56.056682825,b,l
2226871,2976.00000,3.00000000,2025-01-06 16:09:56.292446852,b,l
2226872,2979.30000,0.00688552,2025-01-06 16:09:58.756885290,b,l
2226873,2980.00000,0.10000000,2025-01-06 16:09:58.831626177,b,l
2226874,2980.00000,0.00467449,2025-01-06 16:09:58.831626177,b,l
2226875,2980.54000,0.09099044,2025-01-06 16:09:58.836400270,b,l
2226876,2982.67000,1.54765280,2025-01-06 16:09:58.846181870,b,l
2226877,2982.68000,0.41000000,2025-01-06 16:09:58.846181870,b,l
2226878,2982.71000,0.06550400,2025-01-06 16:09:58.846181870,b,l
2226879,2983.40000,0.06549700,2025-01-06 16:09:59.543058157,b,l
2226880,2983.40000,0.02840000,2025-01-06 16:10:03.753856421,s,l
2226881,2983.40000,0.41000000,2025-01-06 16:10:06.351375818,s,l
2226882,2983.40000,1.10639476,2025-01-06 16:10:08.592465639,s,l
2226883,2981.08000,0.00033049,2025-01-06 16:10:22.064586401,b,l
2226884,2981.01000,0.00342371,2025-01-06 16:10:36.523815393,s,l
2226885,2982.24000,0.01632240,2025-01-06 16:11:00.967532635,b,l
2226886,2982.44000,1.54961837,2025-01-06 16:12:08.539342880,b,m
2226887,2982.45000,1.03457979,2025-01-06 16:12:08.539342880,b,m
2226888,2981.32000,0.00163190,2025-01-06 16:12:21.396748781,b,l
2226889,2981.71000,0.06582068,2025-01-06 16:12:43.863526821,s,l
2226890,2982.58000,0.07317070,2025-01-06 16:12:51.053652287,s,l
2226891,2981.50000,1.54961265,2025-01-06 16:13:23.564416885,s,l
2226892,2981.49000,0.43470900,2025-01-06 16:13:23.564416885,s,l
2226893,2981.48000,5.46390005,2025-01-06 16:13:23.564417124,s,l
2226894,2982.56000,1.54917411,2025-01-06 16:13:30.850307226,b,m
2226895,2982.57000,0.45085791,2025-01-06 16:13:30.850307226,b,m
2226896,2979.30000,0.07384285,2025-01-06 16:15:16.811060429,b,m
2226897,2980.60000,0.90000000,2025-01-06 16:15:32.935023308,s,l
2226898,2981.98000,0.04904259,2025-01-06 16:18:05.200788498,s,l
2226899,2979.22000,0.10359135,2025-01-06 16:18:29.110121727,s,l
2226900,2979.28000,0.34488198,2025-01-06 16:18:36.836308241,s,l
2226901,2979.23000,0.03356572,2025-01-06 16:18:38.095383167,b,m
2226902,2978.48000,0.03266726,2025-01-06 16:19:10.170579433,b,l
2226903,2979.61000,0.18979120,2025-01-06 16:19:15.231011391,b,l
2226904,2981.06000,0.39178485,2025-01-06 16:20:23.465696096,b,l
2226905,2979.94000,0.03414857,2025-01-06 16:20:32.337261677,s,m
2226906,2981.91000,0.00620455,2025-01-06 16:21:18.459437370,b,l
2226907,2981.45000,0.01635000,2025-01-06 16:21:34.121342182,s,l
2226908,2981.31000,0.00340094,2025-01-06 16:21:53.409107208,b,l
2226909,2981.99000,0.30716200,2025-01-06 16:22:54.094882727,b,l
2226910,2981.99000,0.03263713,2025-01-06 16:23:00.776283741,b,l
2226911,2981.99000,0.13906780,2025-01-06 16:23:04.395241022,b,l
2226912,2981.99000,0.00340712,2025-01-06 16:23:10.927321672,b,m
2226913,2981.99000,0.00278136,2025-01-06 16:23:12.620642185,b,l
2226914,2981.99000,0.02285000,2025-01-06 16:23:39.102871656,b,l
2226915,2981.99000,0.03133165,2025-01-06 16:24:16.561238050,b,l
2226916,2981.99000,0.08308286,2025-01-06 16:24:28.859116077,b,l
2226917,2981.98000,0.01677011,2025-01-06 16:24:32.516009807,s,l
2226918,2981.99000,0.01958228,2025-01-06 16:24:53.750825882,b,l
2226919,2978.59000,0.00309968,2025-01-06 16:27:01.300051689,b,l
2226920,2979.15000,0.03266835,2025-01-06 16:27:34.040867567,b,l
2226921,2979.99000,0.10344307,2025-01-06 16:28:32.206733227,s,l
2226922,2979.99000,0.01437036,2025-01-06 16:29:00.703983307,s,l
2226923,2980.00000,0.27316768,2025-01-06 16:30:27.196801186,b,m
2226924,2980.00000,1.50000000,2025-01-06 16:30:27.196801186,b,m
2226925,2980.90000,1.56500554,2025-01-06 16:30:27.196801186,b,m
2226926,2980.91000,3.35496050,2025-01-06 16:30:27.196801186,b,m
2226927,2980.35000,0.00907000,2025-01-06 16:30:29.310517311,s,l
2226928,2979.99000,0.50335739,2025-01-06 16:31:29.057038069,s,l
2226929,2979.51000,1.56897890,2025-01-06 16:31:29.057038069,s,l
2226930,2979.50000,0.43470900,2025-01-06 16:31:29.057038069,s,l
2226931,2979.07000,0.43610024,2025-01-06 16:31:29.057038069,s,l
2226932,2981.99000,0.61761540,2025-01-06 16:32:21.242849112,b,l
2226933,2985.00000,10.00000000,2025-01-06 16:33:38.188109636,b,l
2226934,2985.34000,0.00776307,2025-01-06 16:34:17.549121141,b,l
2226935,2984.49000,0.06547800,2025-01-06 16:34:19.024289608,s,l
2226936,2982.46000,0.50367684,2025-01-06 16:34:32.562645435,s,m
2226937,2982.74000,0.23108390,2025-01-06 16:34:39.659436226,s,l
2226938,2982.43000,0.02840000,2025-01-06 16:36:01.238610744,s,l
2226939,2982.26000,0.16771508,2025-01-06 16:36:01.583739281,s,l
2226940,2978.16000,0.02285000,2025-01-06 16:36:19.642704487,s,l
2226941,2974.36000,0.01366798,2025-01-06 16:38:29.580275536,b,l
2226942,2976.01000,0.00303937,2025-01-06 16:38:56.257465601,s,l
2226943,2975.95000,0.04600000,2025-01-06 16:38:59.236592293,s,l
2226944,2974.37000,0.11787353,2025-01-06 16:39:14.326450586,b,l
2226945,2975.12000,0.01585520,2025-01-06 16:39:49.837449551,b,l
2226946,2974.34000,0.02286000,2025-01-06 16:40:47.659401894,s,l
2226947,2974.34000,0.16407001,2025-01-06 16:40:47.659401894,s,l
2226948,2972.06000,0.01724175,2025-01-06 16:41:30.260347127,b,l
2226949,2973.75000,1.50000000,2025-01-06 16:41:58.989939928,b,l
2226950,2974.36000,0.32226640,2025-01-06 16:41:58.989939928,b,l
2226951,2971.97000,0.00310621,2025-01-06 16:42:18.847355843,b,l
2226952,2971.16000,0.24924561,2025-01-06 16:42:39.931982994,b,l
2226953,2970.63000,0.12462393,2025-01-06 16:42:43.284003258,b,l
2226954,2970.52000,0.02290000,2025-01-06 16:43:33.894327641,s,l
2226955,2968.00000,0.06559700,2025-01-06 16:43:53.822223902,b,l
2226956,2968.24000,0.00065805,2025-01-06 16:43:53.822223902,b,l
2226957,2966.71000,0.01620900,2025-01-06 16:44:14.681154728,s,l
2226958,2966.69000,0.02296000,2025-01-06 16:44:51.576045752,s,l
2226959,2965.00000,0.01013513,2025-01-06 16:45:06.889683247,s,l
2226960,2964.39000,1.58660236,2025-01-06 16:45:06.889683485,s,l
2226961,2964.38000,1.33789772,2025-01-06 16:45:06.889683485,s,l
2226962,2963.53000,0.16871771,2025-01-06 16:46:41.200254917,s,l
2226963,2962.87000,0.02307000,2025-01-06 16:47:05.095665216,s,l
2226964,2959.06000,0.00197820,2025-01-06 16:47:38.700089693,b,l
2226965,2959.05000,0.02323000,2025-01-06 16:47:47.000876665,s,l
2226966,2956.91000,0.00824549,2025-01-06 16:48:20.599503040,b,l
2226967,2956.90000,0.00658281,2025-01-06 16:48:59.205783129,b,l
2226968,2956.90000,0.07911554,2025-01-06 16:48:59.805995941,b,l
2226969,2956.89000,0.09099044,2025-01-06 16:49:02.669632435,s,l
2226970,2955.22000,0.02346000,2025-01-06 16:49:04.049282551,s,l
2226971,2951.40000,0.02376000,2025-01-06 16:49:25.811377048,s,l
2226972,2950.98000,1.47624000,2025-01-06 16:49:25.811377048,s,l
2226973,2950.98000,0.02376000,2025-01-06 16:49:25.818472862,s,l
2226974,2950.98000,1.50000000,2025-01-06 16:49:25.837869883,s,l
2226975,2950.98000,1.50000000,2025-01-06 16:49:25.863328457,s,l
2226976,2950.98000,0.48542164,2025-01-06 16:49:25.867613554,s,l
2226977,2950.00000,1.50000000,2025-01-06 16:49:26.549177408,s,l
2226978,2950.00000,1.00000000,2025-01-06 16:49:26.645965099,s,l
2226979,2956.85000,0.30000000,2025-01-06 16:50:12.422231436,s,l
2226980,2958.53000,0.04741122,2025-01-06 16:50:15.491177797,b,l
2226981,2961.92000,0.09164576,2025-01-06 16:51:33.770761967,b,l
2226982,2966.63000,0.41729945,2025-01-06 16:52:09.500448703,s,l
2226983,2966.35000,2.64450055,2025-01-06 16:52:09.500448703,s,l
2226984,2961.92000,0.09091400,2025-01-06 16:53:12.387759686,s,l
2226985,2965.54000,0.02063000,2025-01-06 16:56:43.275285006,s,l
2226986,2964.26000,0.06323765,2025-01-06 16:56:58.440001488,b,l
2226987,2964.55000,0.00345826,2025-01-06 16:57:06.643322468,s,l
2226988,2961.45000,0.00332593,2025-01-06 17:00:07.393280745,s,l
2226989,2956.63000,0.07677442,2025-01-06 17:02:00.805864573,s,l
2226990,2958.47000,0.06579542,2025-01-06 17:02:56.179473877,b,l
2226991,2956.33000,1.50000000,2025-01-06 17:03:51.965180635,b,l
2226992,2957.56000,0.05602487,2025-01-06 17:03:51.965180635,b,l
2226993,2957.56000,0.42313683,2025-01-06 17:03:51.965180635,b,l
2226994,2958.90000,0.00506945,2025-01-06 17:04:16.661900759,b,m
2226995,2949.70000,2.05414015,2025-01-06 17:05:29.200001001,s,m
2226996,2953.61000,0.00281012,2025-01-06 17:05:47.911449671,b,m
2226997,2953.25000,0.00033361,2025-01-06 17:06:03.034510612,b,l
2226998,2952.53000,0.16476089,2025-01-06 17:06:07.845299721,b,l
2226999,2949.93000,0.32202104,2025-01-06 17:07:17.007894992,b,l
2227000,2956.11000,0.02435666,2025-01-06 17:08:27.726278067,b,l
2227001,2956.24000,0.27063050,2025-01-06 17:08:56.937438011,s,m
2227002,2958.00000,0.34824817,2025-01-06 17:09:59.222960472,b,l
2227003,2956.31000,0.00231086,2025-01-06 17:10:09.434214830,b,l
2227004,2955.39000,3.44600000,2025-01-06 17:10:12.363455296,s,m
2227005,2954.92000,0.33841864,2025-01-06 17:10:31.697883368,b,m
2227006,2955.08000,0.00658685,2025-01-06 17:10:55.719173908,b,l
2227007,2957.26000,0.01733678,2025-01-06 17:11:57.659748316,b,l
2227008,2955.04000,0.01520338,2025-01-06 17:12:42.511776447,s,m
2227009,2950.14000,0.08154350,2025-01-06 17:20:09.026795864,s,l
2227010,2949.20000,0.10561325,2025-01-06 17:20:50.937453747,b,l
2227011,2950.06000,0.01154765,2025-01-06 17:21:10.336070061,b,l
2227012,2953.62000,0.00500346,2025-01-06 17:22:00.033106089,b,l
2227013,2953.62000,0.12480718,2025-01-06 17:22:02.002911568,b,l
2227014,2953.62000,0.00018936,2025-01-06 17:22:05.846540451,b,l
2227015,2953.62000,0.01716902,2025-01-06 17:22:05.846540689,b,l
2227016,2953.62000,0.03166647,2025-01-06 17:22:37.452423096,b,l
2227017,2953.62000,2.39021296,2025-01-06 17:22:46.770225525,b,l
2227018,2956.85000,0.00329164,2025-01-06 17:23:09.340061665,b,l
2227019,2956.03000,0.00672198,2025-01-06 17:23:20.799375296,s,l
2227020,2956.21000,0.12263400,2025-01-06 17:24:36.345838785,b,l
2227021,2950.65000,0.49118930,2025-01-06 17:26:25.757317781,s,l
2227022,2950.64000,0.03117459,2025-01-06 17:26:25.757317781,s,l
2227023,2951.08000,0.00824474,2025-01-06 17:27:01.029040575,b,l
2227024,2951.04000,0.51644189,2025-01-06 17:28:13.844129086,s,l
2227025,2951.03000,0.41000000,2025-01-06 17:28:13.844129086,s,l
2227026,2950.95000,5.87355811,2025-01-06 17:28:13.844129086,s,l
2227027,2949.40000,0.04640843,2025-01-06 17:30:05.253127337,s,m
2227028,2951.88000,0.35736023,2025-01-06 17:33:30.678350687,s,l
2227029,2953.16000,0.01896259,2025-01-06 17:33:32.948658228,b,l
2227030,2952.12000,0.10162189,2025-01-06 17:33:33.684803247,b,m
2227031,2952.40000,0.01693095,2025-01-06 17:33:41.613139391,b,l
2227032,2952.78000,0.33866390,2025-01-06 17:35:29.667335272,s,l
2227033,2952.26000,0.06980753,2025-01-06 17:35:30.109243631,s,l
2227034,2947.97000,0.05823973,2025-01-06 17:36:15.945949554,s,l
2227035,2947.98000,0.04590085,2025-01-06 17:37:06.869891167,b,m
2227036,2947.98000,0.29331448,2025-01-06 17:37:06.869891167,b,m
2227037,2947.97000,0.03302603,2025-01-06 17:37:44.526545048,s,m
2227038,2947.58000,0.02415000,2025-01-06 17:37:44.526545285,s,m
2227039,2946.01000,0.42714903,2025-01-06 17:37:44.526545285,s,m
2227040,2946.01000,0.00796268,2025-01-06 17:38:55.287391663,b,l
2227041,2946.01000,6.77510136,2025-01-06 17:39:13.225251913,b,m
2227042,2946.01000,0.41000000,2025-01-06 17:39:13.225251913,b,m
2227043,2946.01000,0.67394595,2025-01-06 17:39:13.225251913,b,m
2227044,2946.00000,0.01697216,2025-01-06 17:39:21.473591805,s,l
2227045,2943.75000,0.02463000,2025-01-06 17:39:26.579879284,s,l
2227046,2939.93000,0.02522000,2025-01-06 17:39:53.209253311,s,l
2227047,2939.07000,0.09154213,2025-01-06 17:39:53.218722582,s,l
2227048,2938.02000,0.00690000,2025-01-06 17:39:53.424448490,s,m
2227049,2937.93000,0.01656132,2025-01-06 17:39:57.035198212,b,l
2227050,2936.11000,0.02593000,2025-01-06 17:40:16.114084721,s,l
2227051,2932.29000,0.25577366,2025-01-06 17:40:43.880505800,b,l
2227052,2932.28000,0.02677000,2025-01-06 17:40:54.305030584,s,l
2227053,2934.33000,0.03186269,2025-01-06 17:41:16.430808306,b,l
2227054,2932.17000,0.30191632,2025-01-06 17:41:43.997899771,s,l
2227055,2931.01000,0.01776510,2025-01-06 17:41:48.037526131,b,l
2227056,2931.01000,0.01592152,2025-01-06 17:41:48.037526369,b,l
2227057,2931.00000,0.01736111,2025-01-06 17:41:49.992147684,s,l
2227058,2930.20000,0.09181924,2025-01-06 17:41:54.400547028,s,l
2227059,2928.46000,0.02775000,2025-01-06 17:42:03.595411301,s,l
2227060,2925.93000,0.17908250,2025-01-06 17:42:03.595411301,s,l
2227061,2927.11000,2.00000000,2025-01-06 17:42:03.855503798,s,l
2227062,2925.07000,0.05728304,2025-01-06 17:43:36.586723804,b,l
2227063,2926.33000,0.19336839,2025-01-06 17:43:45.319940567,b,l
2227064,2924.69000,0.16638276,2025-01-06 17:43:59.892532825,b,l
2227065,2928.04000,0.25644181,2025-01-06 17:45:01.585854053,b,l
2227066,2924.67000,0.00636533,2025-01-06 17:45:31.388775587,b,l
2227067,2931.19000,0.10091562,2025-01-06 17:46:24.322338104,s,l
2227068,2931.18000,0.33379338,2025-01-06 17:46:24.322338104,s,l
2227069,2931.29000,0.10092965,2025-01-06 17:46:24.419057131,s,l
2227070,2931.28000,0.07620662,2025-01-06 17:46:24.419057131,s,l
2227071,2931.18000,0.01933752,2025-01-06 17:46:26.003914118,b,l
2227072,2931.27000,0.00603006,2025-01-06 17:46:48.793042183,s,l
2227073,2931.27000,0.00219375,2025-01-06 17:46:48.793042183,s,l
2227074,2931.27000,0.12200000,2025-01-06 17:46:57.217740536,s,l
2227075,2930.75000,0.01023628,2025-01-06 17:49:57.422739029,s,l
2227076,2930.74000,0.02850994,2025-01-06 17:49:57.422739267,s,l
2227077,2931.28000,0.01689403,2025-01-06 17:53:09.554948807,b,l
2227078,2932.56000,0.14905264,2025-01-06 17:53:09.554948807,b,l
2227079,2933.37000,0.18114860,2025-01-06 17:54:10.474992275,s,l
2227080,2933.36000,0.41000000,2025-01-06 17:54:10.474992275,s,l
2227081,2933.32000,0.65995574,2025-01-06 17:54:10.474992275,s,l
2227082,2934.63000,0.01768677,2025-01-06 17:56:07.049512148,b,l
2227083,2934.22000,0.00310811,2025-01-06 17:56:47.628314734,b,l
2227084,2935.06000,0.00331589,2025-01-06 17:58:46.531538010,b,l
2227085,2935.29000,0.27604903,2025-01-06 17:59:19.946379662,s,l
2227086,2935.28000,0.40630804,2025-01-06 17:59:19.946379662,s,l
2227087,2935.69000,0.03480946,2025-01-06 17:59:33.545322895,b,l
2227088,2935.64000,0.00629879,2025-01-06 17:59:35.643957376,b,l
2227089,2933.96000,0.03408362,2025-01-06 18:01:06.254533528,s,l
2227090,2933.57000,0.31912884,2025-01-06 18:05:36.424775362,b,l
2227091,2934.20000,0.00630513,2025-01-06 18:05:48.351646423,b,l
2227092,2936.70000,0.31883440,2025-01-06 18:12:39.585487604,b,l
2227093,2937.47000,0.03264861,2025-01-06 18:14:18.675745487,s,l
2227094,2937.48000,0.00033540,2025-01-06 18:15:40.035536766,b,l
2227095,2937.48000,0.01410849,2025-01-06 18:16:04.566433668,b,l
2227096,2937.48000,0.03400878,2025-01-06 18:16:25.868378401,b,l
2227097,2937.47000,0.48641858,2025-01-06 18:17:03.242894411,s,l
2227098,2937.48000,0.01971056,2025-01-06 18:18:23.643464327,b,l
2227099,2940.00000,3.79218809,2025-01-06 18:20:12.128436326,b,l
2227100,2942.92000,0.25000000,2025-01-06 18:21:14.057269573,b,l
2227101,2945.36000,0.33951707,2025-01-06 18:22:02.051988840,b,m
2227102,2948.93000,0.04954032,2025-01-06 18:23:46.801465034,b,l
2227103,2947.69000,0.02056683,2025-01-06 18:24:11.814211845,b,l
2227104,2942.98000,0.00495962,2025-01-06 18:26:15.084913731,b,l
2227105,2944.44000,0.00232758,2025-01-06 18:29:27.933699608,s,l
2227106,2945.25000,0.04003312,2025-01-06 18:29:47.974002361,b,l
2227107,2945.39000,0.14000000,2025-01-06 18:30:06.082048178,s,l
2227108,2945.26000,0.00104681,2025-01-06 18:30:32.895745277,s,l
2227109,2945.63000,0.00227647,2025-01-06 18:30:37.143899441,b,l
2227110,2947.01000,0.00627928,2025-01-06 18:31:07.763491869,b,l
2227111,2945.63000,0.00037907,2025-01-06 18:31:54.483192921,s,l
2227112,2945.35000,0.00396106,2025-01-06 18:32:12.447260141,s,m
2227113,2944.11000,0.06584000,2025-01-06 18:32:12.447260141,s,m
2227114,2943.26000,0.08019894,2025-01-06 18:32:12.447260141,s,m
2227115,2944.97000,1.10000000,2025-01-06 18:32:35.025262117,s,l
2227116,2944.28000,0.00173300,2025-01-06 18:33:04.364813328,s,l
2227117,2945.09000,0.00967513,2025-01-06 18:33:46.170111895,b,m
2227118,2949.25000,0.07620000,2025-01-06 18:37:26.658866882,s,m
2227119,2947.55000,1.00000380,2025-01-06 18:41:56.243188143,s,l
2227120,2945.82000,0.03210673,2025-01-06 18:45:27.857943296,b,l
2227121,2940.43000,0.13561182,2025-01-06 18:46:25.919066429,s,l
2227122,2944.56000,0.01395794,2025-01-06 18:47:16.333614349,s,l
2227123,2944.55000,0.11887385,2025-01-06 18:47:18.864507914,b,m
2227124,2944.57000,0.08959386,2025-01-06 18:47:59.598250866,b,l
2227125,2937.72000,0.00948118,2025-01-06 18:50:37.223890543,b,l
2227126,2938.10000,0.00629431,2025-01-06 18:50:56.932876825,b,l
2227127,2938.09000,0.38857633,2025-01-06 18:51:22.776870966,s,m
2227128,2938.10000,0.00229675,2025-01-06 18:51:27.121843100,b,l
2227129,2938.13000,0.00399690,2025-01-06 18:51:27.121843100,b,l
2227130,2938.13000,0.02319480,2025-01-06 18:52:16.155215740,b,l
2227131,2945.10000,0.42704988,2025-01-06 18:56:27.867040634,s,l
2227132,2945.09000,0.57122911,2025-01-06 18:56:27.867040634,s,l
2227133,2945.81000,0.06825117,2025-01-06 18:57:15.759696960,s,m
2227134,2946.66000,0.25000000,2025-01-06 18:59:13.120518684,s,l
2227135,2944.92000,0.00947003,2025-01-06 19:04:18.230250597,b,l
2227136,2943.27000,0.18660644,2025-01-06 19:05:11.350605726,s,m
2227137,2943.26000,0.41000000,2025-01-06 19:05:11.350605726,s,m
2227138,2943.18000,0.33266832,2025-01-06 19:05:11.350605726,s,m
2227139,2945.95000,0.00339431,2025-01-06 19:05:50.656240940,b,l
2227140,2945.66000,0.01651731,2025-01-06 19:06:04.749304295,b,l
2227141,2945.45000,0.00957348,2025-01-06 19:06:13.602891207,b,l
2227142,2946.27000,0.01671981,2025-01-06 19:06:35.045192242,b,l
2227143,2946.89000,0.00066865,2025-01-06 19:07:39.035267353,b,l
2227144,2947.79000,0.01155545,2025-01-06 19:08:06.610446692,b,l
2227145,2947.84000,0.17368129,2025-01-06 19:08:11.670294046,s,l
2227146,2947.83000,0.03926707,2025-01-06 19:08:11.670294046,s,l
2227147,2948.00000,0.00245992,2025-01-06 19:09:16.324227333,b,l
2227148,2947.68000,0.02674360,2025-01-06 19:09:23.917331219,b,l
2227149,2947.32000,0.00944982,2025-01-06 19:09:33.747266293,b,l
2227150,2945.94000,0.00432380,2025-01-06 19:10:47.299125671,b,l
2227151,2945.49000,0.67900417,2025-01-06 19:10:52.208222628,b,m
2227152,2947.04000,0.16517194,2025-01-06 19:11:04.838591099,b,l
2227153,2946.09000,0.04955192,2025-01-06 19:11:14.147474527,b,l
2227154,2946.23000,0.00267521,2025-01-06 19:11:39.033869982,b,l
2227155,2946.01000,0.20648104,2025-01-06 19:11:57.954078197,b,l
2227156,2946.00000,0.67888663,2025-01-06 19:12:04.019710064,b,m
2227157,2948.29000,0.03585279,2025-01-06 19:12:38.884170771,s,l
2227158,2949.65000,0.32995190,2025-01-06 19:12:47.139958143,b,l
2227159,2949.14000,0.01695410,2025-01-06 19:14:09.392949343,b,m
2227160,2949.99000,0.00323496,2025-01-06 19:17:13.369437933,s,l
2227161,2950.00000,0.08349336,2025-01-06 19:18:10.025348902,b,l
2227162,2950.00000,0.19794631,2025-01-06 19:18:50.578249693,b,l
2227163,2950.00000,0.03284210,2025-01-06 19:20:12.953384399,b,l
2227164,2950.00000,0.03690418,2025-01-06 19:22:55.763085365,b,l
2227165,2950.00000,0.00333973,2025-01-06 19:23:11.045733929,b,l
2227166,2950.00000,0.50797971,2025-01-06 19:25:19.973523617,b,l
2227167,2949.03000,0.00847736,2025-01-06 19:26:04.202973366,s,m
2227168,2949.00000,0.01500139,2025-01-06 19:26:04.202973604,s,m
2227169,2949.01000,0.02373843,2025-01-06 19:26:35.621041775,b,l
2227170,2949.01000,1.33148661,2025-01-06 19:26:43.916393518,b,m
2227171,2949.01000,0.02490079,2025-01-06 19:26:43.916393518,b,m
2227172,2949.01000,0.00330021,2025-01-06 19:27:13.917510748,b,l
2227173,2950.00000,0.00667947,2025-01-06 19:29:20.031761169,b,l
2227174,2949.99000,0.01271025,2025-01-06 19:29:34.558436394,s,l
2227175,2950.00000,0.00329911,2025-01-06 19:29:45.109237909,b,l
2227176,2949.01000,0.03207221,2025-01-06 19:32:45.431051731,b,l
2227177,2949.01000,0.01650106,2025-01-06 19:34:22.007896662,b,l
2227178,2949.00000,0.01185710,2025-01-06 19:35:09.680784702,s,l
2227179,2949.01000,0.00542554,2025-01-06 19:35:23.195738077,b,l
2227180,2950.00000,0.09897315,2025-01-06 19:37:12.187691927,b,l
2227181,2949.99000,0.13535593,2025-01-06 19:37:44.790632248,s,l
2227182,2950.00000,9.02854288,2025-01-06 19:38:50.978384733,b,l
2227183,2952.00000,0.04365046,2025-01-06 19:39:14.709763050,b,l
2227184,2952.00000,0.00659374,2025-01-06 19:39:20.732523203,b,l
2227185,2952.00000,0.01902359,2025-01-06 19:40:14.625413418,b,l
2227186,2952.00000,0.01692075,2025-01-06 19:40:26.156718731,b,l
2227187,2952.00000,0.03296870,2025-01-06 19:40:50.829776049,b,l
2227188,2951.99000,0.51168804,2025-01-06 19:41:04.558134079,s,l
2227189,2951.99000,2.00000000,2025-01-06 19:41:18.141674995,s,l
2227190,2952.00000,0.66383184,2025-01-06 19:41:50.435893059,b,l
2227191,2951.97000,0.00794663,2025-01-06 19:43:33.023665190,b,l
2227192,2953.46000,0.40638348,2025-01-06 19:44:57.157715559,s,l
2227193,2952.86000,0.01647866,2025-01-06 19:46:33.671791792,b,l
2227194,2952.56000,0.03908811,2025-01-06 19:47:36.486901283,b,m
2227195,2951.25000,0.07978776,2025-01-06 19:49:09.379283428,b,l
2227196,2951.06000,0.01477902,2025-01-06 19:49:12.084401131,b,l
2227197,2951.55000,0.10000000,2025-01-06 19:49:25.248293638,s,m
2227198,2953.06000,0.03345319,2025-01-06 19:50:42.193592787,b,l
2227199,2951.97000,1.00042005,2025-01-06 19:51:43.457120657,b,l
2227200,2951.97000,0.00308943,2025-01-06 19:51:43.878053427,b,l
2227201,2950.76000,0.32978531,2025-01-06 19:52:24.349642515,b,l
2227202,2950.58000,0.00329874,2025-01-06 19:52:42.166122437,b,l
2227203,2953.64000,0.09170906,2025-01-06 19:54:16.721754789,b,l
2227204,2954.00000,0.07308475,2025-01-06 19:54:16.721754789,b,l
2227205,2953.69000,0.65894729,2025-01-06 19:54:28.845673800,b,l
2227206,2952.04000,0.00995778,2025-01-06 19:55:32.749668837,b,l
2227207,2952.15000,0.13000000,2025-01-06 19:55:42.918594122,s,l
2227208,2952.59000,0.01100000,2025-01-06 19:56:29.520828961,s,m
2227209,2952.77000,0.01736862,2025-01-06 19:56:56.229984999,b,l
2227210,2951.45000,0.19311246,2025-01-06 19:57:23.577711582,b,l
2227211,2950.23000,1.14028636,2025-01-06 19:57:45.968728304,b,m
2227212,2949.55000,0.02073247,2025-01-06 19:58:14.875271320,b,m
2227213,2948.71000,0.03190045,2025-01-06 19:58:41.784271002,b,l
2227214,2946.75000,0.03222574,2025-01-06 20:01:37.506983042,s,l
2227215,2947.85000,0.00313139,2025-01-06 20:02:01.843038082,b,l
2227216,2948.28000,0.48474613,2025-01-06 20:03:02.274954319,b,m
2227217,2949.52000,1.60868688,2025-01-06 20:04:12.815361738,s,l
2227218,2949.51000,1.09680906,2025-01-06 20:04:12.815361738,s,l
2227219,2948.62000,0.01742340,2025-01-06 20:05:40.979733706,s,l
2227220,2948.84000,1.60881150,2025-01-06 20:05:45.506829023,s,m
2227221,2948.83000,1.39118850,2025-01-06 20:05:45.506829023,s,m
2227222,2950.12000,0.23811280,2025-01-06 20:07:33.160615206,b,l
2227223,2951.39000,0.06596131,2025-01-06 20:08:40.093865633,b,l
2227224,2951.97000,0.00824215,2025-01-06 20:09:50.148058653,b,l
2227225,2951.80000,0.85000852,2025-01-06 20:11:28.473328114,s,l
2227226,2951.13000,0.48230536,2025-01-06 20:12:06.129001141,b,m
2227227,2951.53000,0.00312806,2025-01-06 20:12:28.205921888,b,l
2227228,2952.32000,0.05605000,2025-01-06 20:17:02.941208839,b,m
2227229,2953.15000,1.99242248,2025-01-06 20:17:02.941208839,b,m
2227230,2953.06000,0.04781046,2025-01-06 20:19:10.917499542,b,l
2227231,2953.99000,0.08823962,2025-01-06 20:21:02.694176197,s,l
2227232,2953.99000,0.06575600,2025-01-06 20:21:02.694176197,s,l
2227233,2953.99000,0.04600438,2025-01-06 20:21:02.694176435,s,l
2227234,2953.99000,0.42285000,2025-01-06 20:21:13.036803246,s,m
2227235,2954.00000,0.00995074,2025-01-06 20:22:00.053942919,b,l
2227236,2953.99000,0.00948438,2025-01-06 20:22:23.416635036,s,l
2227237,2953.99000,1.00000000,2025-01-06 20:22:33.973645926,s,l
2227238,2954.00000,0.02073070,2025-01-06 20:24:12.518881083,b,l
2227239,2954.00000,4.38224337,2025-01-06 20:24:52.827048302,b,l
2227240,2954.41000,0.11912000,2025-01-06 20:24:53.029122829,b,l
2227241,2955.83000,0.00845614,2025-01-06 20:25:24.894780397,b,l
2227242,2952.77000,0.32960102,2025-01-06 20:28:11.896968126,b,l
2227243,2954.25000,0.00033349,2025-01-06 20:29:56.034103870,b,l
2227244,2954.25000,0.06541751,2025-01-06 20:30:08.023562670,b,m
2227245,2954.56000,0.27304923,2025-01-06 20:30:08.023562670,b,m
2227246,2952.77000,0.00245455,2025-01-06 20:31:09.470896482,b,l
2227247,2952.77000,0.10547233,2025-01-06 20:31:47.599293709,b,l
2227248,2952.76000,0.00846665,2025-01-06 20:33:46.679062843,s,l
2227249,2951.30000,1.24159524,2025-01-06 20:33:46.679062843,s,l
2227250,2951.30000,0.02840000,2025-01-06 20:34:00.208712101,b,m
2227251,2951.65000,0.10981652,2025-01-06 20:34:00.208712101,b,m
2227252,2951.49000,0.50069540,2025-01-06 20:34:20.363009453,b,l
2227253,2953.67000,0.14054184,2025-01-06 20:35:51.877887487,s,l
2227254,2953.57000,0.52478865,2025-01-06 20:36:13.764251471,b,m
2227255,2951.10000,0.01063068,2025-01-06 20:37:46.868446112,b,l
2227256,2948.03000,0.00854825,2025-01-06 20:38:35.790414572,b,l
2227257,2948.94000,0.49504554,2025-01-06 20:39:16.235217810,b,l
2227258,2948.16000,0.00627140,2025-01-06 20:39:22.716997385,b,l
2227259,2947.43000,0.01580734,2025-01-06 20:40:30.653414488,b,l
2227260,2947.69000,0.01898472,2025-01-06 20:41:39.675056696,b,l
2227261,2947.30000,0.00627323,2025-01-06 20:42:08.013032675,b,l
2227262,2945.35000,0.69776918,2025-01-06 20:42:54.584410667,s,l
2227263,2945.49000,0.01400768,2025-01-06 20:44:50.387197018,b,l
2227264,2944.14000,0.00627884,2025-01-06 20:45:43.476887465,b,l
2227265,2943.05000,0.00330617,2025-01-06 20:46:16.316058159,b,l
2227266,2940.23000,0.39714598,2025-01-06 20:46:37.517979859,b,l
2227267,2940.21000,0.08078571,2025-01-06 20:48:11.375924587,b,l
2227268,2939.01000,0.03362903,2025-01-06 20:48:59.435705900,s,l
2227269,2938.80000,0.00500236,2025-01-06 20:51:30.037245512,b,l
2227270,2940.50000,0.01655068,2025-01-06 20:53:02.397638083,b,l
2227271,2941.98000,0.40788856,2025-01-06 20:53:10.627286196,b,m
2227272,2943.66000,0.03198441,2025-01-06 20:54:11.497742414,b,l
2227273,2941.20000,0.07610981,2025-01-06 20:57:20.473148108,b,l
2227274,2944.31000,0.22081954,2025-01-06 20:59:49.331223965,s,m
2227275,2945.83000,0.00330472,2025-01-06 21:00:05.684760809,b,l
2227276,2946.39000,0.05869283,2025-01-06 21:00:24.463880301,b,l
2227277,2947.24000,0.00825526,2025-01-06 21:00:54.493526936,b,l
2227278,2947.27000,0.02283469,2025-01-06 21:02:19.527072667,b,m
2227279,2947.67000,0.12704375,2025-01-06 21:02:41.220551491,b,l
2227280,2946.41000,0.00264135,2025-01-06 21:03:20.824840307,b,l
2227281,2945.71000,0.44186576,2025-01-06 21:03:27.541020870,s,m
2227282,2942.97000,0.16081032,2025-01-06 21:04:48.839642048,b,l
2227283,2943.48000,0.00992818,2025-01-06 21:05:17.035854578,b,l
2227284,2944.18000,0.10473721,2025-01-06 21:05:48.938033581,s,l
2227285,2944.26000,0.00036964,2025-01-06 21:05:57.666739941,s,l
2227286,2944.55000,0.00957575,2025-01-06 21:06:18.776595831,b,l
2227287,2942.59000,0.05869477,2025-01-06 21:09:31.610673904,s,l
2227288,2942.52000,0.00958275,2025-01-06 21:09:48.835224152,b,l
2227289,2939.21000,0.33327861,2025-01-06 21:14:12.719476700,b,l
2227290,2941.56000,0.00992541,2025-01-06 21:16:42.951550007,b,l
2227291,2940.63000,0.06619165,2025-01-06 21:20:41.848348618,b,l
2227292,2940.63000,0.03400632,2025-01-06 21:20:42.125727415,b,m
2227293,2940.09000,0.00827295,2025-01-06 21:20:56.524818659,s,l
2227294,2939.11000,0.04770762,2025-01-06 21:21:29.261435032,b,l
2227295,2937.36000,0.06004407,2025-01-06 21:22:07.816040993,b,l
2227296,2933.00000,0.04814199,2025-01-06 21:23:24.982954025,b,l
2227297,2934.98000,0.01587347,2025-01-06 21:24:17.627261639,b,l
2227298,2935.16000,0.00167830,2025-01-06 21:24:26.035012484,b,l
2227299,2933.93000,0.33176955,2025-01-06 21:25:02.765680790,b,l
2227300,2934.27000,0.03183468,2025-01-06 21:26:42.840476990,b,l
2227301,2933.56000,0.15760814,2025-01-06 21:26:55.540764332,s,l
2227302,2933.41000,0.00254652,2025-01-06 21:27:42.738809109,s,l
2227303,2932.68000,0.07061553,2025-01-06 21:27:42.738809109,s,l
2227304,2932.67000,0.92867795,2025-01-06 21:27:42.738809109,s,l
2227305,2932.33000,0.01697350,2025-01-06 21:28:16.731739998,s,l
2227306,2933.30000,0.05675678,2025-01-06 21:28:20.735890627,b,l
2227307,2932.85000,0.05255181,2025-01-06 21:28:43.450559378,s,l
2227308,2932.82000,0.02795000,2025-01-06 21:29:48.669971466,s,l
2227309,2934.41000,0.19467054,2025-01-06 21:30:54.228831053,s,m
2227310,2934.40000,1.00000000,2025-01-06 21:30:54.228831053,s,m
2227311,2934.30000,1.00000000,2025-01-06 21:30:54.228831053,s,m
2227312,2934.30000,0.43470900,2025-01-06 21:30:54.228831053,s,m
2227313,2934.29000,0.90569250,2025-01-06 21:30:54.228831053,s,m
2227314,2934.27000,1.01633283,2025-01-06 21:30:54.228831053,s,m
2227315,2937.76000,0.08338091,2025-01-06 21:32:20.128775835,b,l
2227316,2938.38000,0.10002033,2025-01-06 21:32:42.046079874,b,l
2227317,2936.97000,0.03818463,2025-01-06 21:35:16.828292131,b,l
2227318,2935.79000,0.03832017,2025-01-06 21:36:45.897488594,s,l
2227319,2935.51000,0.13285596,2025-01-06 21:36:45.975084543,s,l
2227320,2933.87000,0.03316802,2025-01-06 21:37:20.887271404,b,l
2227321,2934.91000,0.01587964,2025-01-06 21:39:49.131906509,b,l
2227322,2932.88000,0.04307497,2025-01-06 21:41:10.204656124,s,l
2227323,2933.08000,0.04814445,2025-01-06 21:42:28.851730585,b,l
2227324,2933.86000,0.06634599,2025-01-06 21:44:14.435157776,b,l
2227325,2933.86000,0.03823188,2025-01-06 21:44:17.567026138,b,l
2227326,2932.62000,0.00250282,2025-01-06 21:45:36.825322151,b,l
2227327,2932.67000,0.14000000,2025-01-06 21:46:29.373221397,b,l
2227328,2935.59000,0.19468448,2025-01-06 21:47:38.866978645,b,l
2227329,2935.91000,0.09566953,2025-01-06 21:48:18.580250025,b,l
2227330,2935.67000,0.04809968,2025-01-06 21:51:26.430605888,b,l
2227331,2936.70000,0.11677502,2025-01-06 21:51:52.410735846,b,l
2227332,2934.83000,0.01016071,2025-01-06 21:55:48.738161802,b,l
2227333,2934.82000,0.15949535,2025-01-06 21:56:16.937370062,s,l
2227334,2934.83000,0.01736239,2025-01-06 21:56:28.952208757,b,l
2227335,2934.83000,0.02517748,2025-01-06 21:56:31.182255745,b,l
2227336,2934.82000,2.29175890,2025-01-06 21:56:51.165311337,s,l
2227337,2932.72000,2.91109586,2025-01-06 21:57:30.408583641,s,l
2227338,2932.68000,0.01704925,2025-01-06 21:57:37.057834387,b,m
2227339,2932.68000,1.08545206,2025-01-06 21:58:23.454614878,b,m
2227340,2932.67000,0.03049368,2025-01-06 21:58:46.565339565,s,l
2227341,2932.26000,0.00248942,2025-01-06 21:59:01.749470472,b,l
2227342,2932.26000,0.01269542,2025-01-06 21:59:55.966079950,b,l
2227343,2932.30000,0.50398408,2025-01-06 22:00:15.409254313,b,l
2227344,2932.26000,0.00165953,2025-01-06 22:00:44.669792891,b,l
2227345,2933.30000,0.01658944,2025-01-06 22:01:06.029861450,b,l
2227346,2933.91000,0.00067161,2025-01-06 22:03:52.593097687,b,l
2227347,2933.15000,0.05100192,2025-01-06 22:04:23.797451735,b,l
2227348,2933.02000,0.00033182,2025-01-06 22:04:28.761312485,b,l
2227349,2932.26000,0.00331906,2025-01-06 22:05:19.349216223,b,l
2227350,2933.44000,0.90569250,2025-01-06 22:05:34.258856058,b,l
2227351,2933.44000,0.00554268,2025-01-06 22:05:35.765398741,s,m
2227352,2932.72000,0.45242543,2025-01-06 22:06:38.372352839,b,l
2227353,2933.84000,0.00476180,2025-01-06 22:07:58.941000223,b,l
2227354,2935.44000,0.03943203,2025-01-06 22:10:24.667738914,b,l
2227355,2935.34000,0.03182894,2025-01-06 22:10:57.975879908,b,l
2227356,2936.74000,0.08341641,2025-01-06 22:11:16.388567924,b,l
2227357,2937.06000,0.00132536,2025-01-06 22:12:24.658107996,b,l
2227358,2933.56000,0.22498000,2025-01-06 22:13:47.893159389,s,l
2227359,2935.52000,0.00948978,2025-01-06 22:14:09.176980972,b,l
2227360,2936.16000,0.01855001,2025-01-06 22:15:39.558196545,b,l
2227361,2936.03000,0.06629447,2025-01-06 22:15:44.831490040,b,l
2227362,2936.03000,0.50000000,2025-01-06 22:16:08.760054111,b,m
2227363,2939.94000,0.06405081,2025-01-06 22:17:55.830605507,b,l
2227364,2939.35000,0.03787548,2025-01-06 22:18:12.062999009,b,l
2227365,2939.48000,0.00781381,2025-01-06 22:21:06.508586644,b,l
2227366,2938.51000,0.15409000,2025-01-06 22:23:04.836752892,s,l
2227367,2939.56000,0.00850467,2025-01-06 22:25:36.734139681,b,m
2227368,2937.41000,0.32010053,2025-01-06 22:26:21.263028145,s,l
2227369,2936.62000,0.06593400,2025-01-06 22:26:21.272526503,s,l
2227370,2937.24000,0.08339397,2025-01-06 22:26:31.492544651,b,l
2227371,2936.09000,0.10027935,2025-01-06 22:27:19.535278082,b,l
2227372,2936.41000,0.34055190,2025-01-06 22:28:04.889621496,b,m
2227373,2936.40000,0.00310552,2025-01-06 22:28:05.894906521,b,l
2227374,2936.46000,0.03220929,2025-01-06 22:28:40.970972538,b,l
2227375,2937.23000,0.00662696,2025-01-06 22:29:46.318095446,b,l
2227376,2938.14000,0.00670643,2025-01-06 22:30:00.039217710,b,l
2227377,2940.15000,0.02096832,2025-01-06 22:32:32.876414061,s,l
2227378,2940.56000,0.12922416,2025-01-06 22:33:21.442072392,b,l
2227379,2940.43000,0.00167530,2025-01-06 22:35:02.030592442,b,l
2227380,2941.87000,0.83264709,2025-01-06 22:36:41.459963799,b,l
2227381,2943.73000,0.06612197,2025-01-06 22:38:29.421038866,b,l
2227382,2940.50000,0.01265933,2025-01-06 22:40:26.068963051,b,l
2227383,2939.10000,0.00034957,2025-01-06 22:44:23.951431036,s,l
2227384,2939.11000,0.29846803,2025-01-06 22:44:25.994629145,s,m
2227385,2939.60000,0.02499853,2025-01-06 22:44:41.488281250,b,l
2227386,2940.51000,0.00340136,2025-01-06 22:46:18.568702459,b,m
2227387,2941.45000,0.03215465,2025-01-06 22:48:21.979177475,b,l
2227388,2941.42000,0.12730939,2025-01-06 22:50:50.190042019,b,l
2227389,2941.43000,0.09926152,2025-01-06 22:55:47.436522245,b,l
2227390,2941.43000,0.08271793,2025-01-06 22:56:07.836271048,b,l
2227391,2941.43000,0.03215486,2025-01-06 22:56:11.193225622,b,l
2227392,2941.43000,0.65479514,2025-01-06 22:58:28.290784836,b,l
2227393,2938.71000,0.11864164,2025-01-06 23:00:08.419145584,s,l
2227394,2940.45000,0.05445384,2025-01-06 23:00:29.799180746,b,l
2227395,2941.06000,0.02665205,2025-01-06 23:00:51.168282986,b,l
2227396,2934.25000,0.20127000,2025-01-06 23:04:12.184876680,s,l
2227397,2933.86000,0.20000000,2025-01-06 23:04:17.351258993,s,m
2227398,2933.55000,0.00799647,2025-01-06 23:06:10.496718407,b,l
2227399,2935.99000,0.26584742,2025-01-06 23:09:34.916319609,b,l
2227400,2935.75000,0.06594800,2025-01-06 23:09:54.447023869,b,l
2227401,2935.99000,0.50250038,2025-01-06 23:09:54.447024107,b,l
2227402,2937.10000,0.05773929,2025-01-06 23:10:07.308025122,b,l
2227403,2935.51000,0.01121919,2025-01-06 23:10:33.160081148,b,l
2227404,2935.97000,0.00200000,2025-01-06 23:11:13.980609655,s,l
2227405,2934.50000,0.21845155,2025-01-06 23:14:18.973317385,b,m
2227406,2934.50000,0.02008993,2025-01-06 23:14:18.973317385,b,m
2227407,2937.47000,0.00502186,2025-01-06 23:15:38.289142847,b,l
2227408,2939.14000,0.08278125,2025-01-06 23:16:46.144387960,b,l
2227409,2939.28000,0.01062537,2025-01-06 23:18:33.213898897,b,l
2227410,2940.08000,0.01062371,2025-01-06 23:18:59.436912775,b,l
2227411,2940.53000,0.01583910,2025-01-06 23:19:46.476590872,b,l
2227412,2940.59000,0.07687449,2025-01-06 23:20:07.045727730,b,l
2227413,2940.39000,0.00100000,2025-01-06 23:21:40.229790211,s,l
2227414,2940.28000,0.00670155,2025-01-06 23:22:00.032835483,b,l
2227415,2939.46000,0.03495821,2025-01-06 23:22:36.060182571,s,m
2227416,2941.67000,0.00496304,2025-01-06 23:26:01.194967747,b,l
2227417,2939.67000,0.00400000,2025-01-06 23:27:21.152147293,s,l
2227418,2940.02000,0.10204012,2025-01-06 23:28:46.200121641,b,m
2227419,2940.77000,0.00200000,2025-01-06 23:32:07.997359514,s,l
2227420,2941.83000,0.06783124,2025-01-06 23:35:14.481453180,b,l
2227421,2941.81000,0.03308267,2025-01-06 23:35:17.871213913,b,l
2227422,2942.30000,0.06616175,2025-01-06 23:35:23.833773613,b,l
2227423,2942.54000,0.19224122,2025-01-06 23:35:31.578203201,b,l
2227424,2943.24000,1.61562966,2025-01-06 23:40:47.431329012,b,l
2227425,2943.25000,6.78817682,2025-01-06 23:40:47.431329012,b,l
2227426,2943.27000,0.08923716,2025-01-06 23:40:47.431329012,b,l
2227427,2943.17000,0.33476668,2025-01-06 23:42:53.656219244,b,l
2227428,2945.17000,0.18000000,2025-01-06 23:45:48.802113295,s,l
2227429,2946.55000,0.00334364,2025-01-06 23:50:37.034141779,b,l
2227430,2947.53000,0.25000000,2025-01-06 23:51:21.830574274,s,l
2227431,2948.65000,0.01358316,2025-01-06 23:53:16.410430431,s,l
2227432,2948.23000,0.01584467,2025-01-06 23:54:04.242670536,b,l
2227433,2948.41000,0.33916586,2025-01-06 23:54:34.457999468,b,m
2227434,2947.71000,0.18816895,2025-01-06 23:55:01.880555630,s,l
2227435,2948.36000,0.01288291,2025-01-06 23:57:18.250515938,b,l
2227436,2948.07000,0.03341898,2025-01-06 23:58:12.202610731,b,l
2227437,2949.16000,0.00083517,2025-01-06 23:59:00.051879406,b,l
2227438,2949.38000,0.00033017,2025-01-07 00:00:00.033462048,b,l
2227439,2949.30000,0.00033405,2025-01-07 00:00:00.286800861,b,l
2227440,2949.30000,0.01670264,2025-01-07 00:00:00.346589088,b,l
2227441,2949.23000,0.03206895,2025-01-07 00:00:02.088995695,b,l
2227442,2948.75000,0.00050117,2025-01-07 00:00:10.047676802,b,l
2227443,2945.12000,0.01188407,2025-01-07 00:02:05.340060711,b,m
2227444,2943.91000,0.00322323,2025-01-07 00:02:31.215171576,s,l
2227445,2940.52000,0.03665454,2025-01-07 00:10:14.193624496,b,l
2227446,2941.98000,0.07734334,2025-01-07 00:11:13.215037584,b,l
2227447,2941.19000,0.09291296,2025-01-07 00:11:30.400936604,b,l
2227448,2941.51000,0.01562591,2025-01-07 00:13:38.127739191,b,l
2227449,2940.64000,0.00646117,2025-01-07 00:16:29.451239347,s,l
2227450,2948.11000,0.00309452,2025-01-07 00:21:26.370213985,b,l
2227451,2948.32000,0.06783524,2025-01-07 00:26:33.168620348,s,l
2227452,2947.06000,0.46383316,2025-01-07 00:26:33.168620348,s,l
2227453,2947.05000,0.41000000,2025-01-07 00:26:33.168620348,s,l
2227454,2947.04000,0.34950462,2025-01-07 00:26:33.168620348,s,l
2227455,2947.38000,0.20055879,2025-01-07 00:27:38.979040384,b,l
2227456,2950.52000,0.03796000,2025-01-07 00:29:10.636700392,s,l
2227457,2946.82000,0.30541397,2025-01-07 00:31:22.097010136,b,m
2227458,2946.52000,0.03393834,2025-01-07 00:32:13.489390135,b,m
2227459,2947.54000,0.00705000,2025-01-07 00:32:58.759325743,s,l
2227460,2947.22000,0.01537000,2025-01-07 00:33:18.286946535,b,l
2227461,2948.16000,0.00495183,2025-01-07 00:35:05.396308184,b,l
2227462,2951.74000,0.17402394,2025-01-07 00:35:16.274561167,s,l
2227463,2950.84000,0.06778069,2025-01-07 00:37:00.284374475,s,l
2227464,2950.84000,0.21688739,2025-01-07 00:37:00.284374475,s,l
2227465,2948.35000,0.00660157,2025-01-07 00:37:56.598666906,b,l
2227466,2949.34000,0.27105725,2025-01-07 00:38:39.258433104,b,m
2227467,2948.38000,0.08407376,2025-01-07 00:39:01.788007021,b,l
2227468,2946.99000,0.15720000,2025-01-07 00:39:20.913709879,s,m
2227469,2946.95000,0.20639520,2025-01-07 00:40:00.616578579,b,l
2227470,2944.11000,0.17066606,2025-01-07 00:41:55.818256617,b,l
2227471,2945.36000,0.41000000,2025-01-07 00:42:16.960317612,b,m
2227472,2945.44000,0.20112526,2025-01-07 00:42:16.960317612,b,m
2227473,2943.84000,0.00313587,2025-01-07 00:44:22.198592663,b,l
2227474,2944.08000,0.82500145,2025-01-07 00:45:58.954824209,s,l
2227475,2943.56000,0.01817675,2025-01-07 00:51:53.834370375,b,l
2227476,2945.71000,0.01651932,2025-01-07 00:54:48.113722801,b,l
2227477,2943.54000,1.29139000,2025-01-07 00:55:40.891054869,s,l
2227478,2941.00000,0.03400204,2025-01-07 00:59:27.848479509,s,l
2227479,2938.36000,0.06294113,2025-01-07 00:59:50.034993649,s,l
2227480,2937.05000,0.01538000,2025-01-07 01:02:36.864112139,s,l
2227481,2932.00000,0.01227830,2025-01-07 01:03:55.828638792,s,l
2227482,2933.39000,0.08525527,2025-01-07 01:04:49.337630749,b,l
2227483,2933.12000,0.00033590,2025-01-07 01:05:00.032738924,b,l
2227484,2933.15000,0.00165918,2025-01-07 01:05:42.263453722,b,l
2227485,2940.24000,0.30609746,2025-01-07 01:08:08.216215611,b,m
2227486,2941.82000,0.01735069,2025-01-07 01:15:56.248909950,b,m
2227487,2943.13000,0.04756841,2025-01-07 01:16:15.143628120,b,m
2227488,2944.50000,0.00309687,2025-01-07 01:18:42.883853436,b,l
2227489,2944.06000,0.36000000,2025-01-07 01:20:02.337436676,s,m
2227490,2943.06000,0.09395414,2025-01-07 01:21:00.430668354,s,m
2227491,2945.73000,0.06394514,2025-01-07 01:23:38.849395037,b,l
2227492,2945.90000,0.27156387,2025-01-07 01:25:11.205719233,b,m
2227493,2945.18000,0.13022701,2025-01-07 01:31:16.797621965,b,l
2227494,2944.75000,0.00796608,2025-01-07 01:32:02.353082895,b,l
2227495,2947.94000,0.31054639,2025-01-07 01:36:14.957662821,b,l
2227496,2948.68000,1.61192396,2025-01-07 01:37:47.914204597,b,m
2227497,2948.69000,0.54232012,2025-01-07 01:37:47.914204597,b,m
2227498,2948.71000,0.41000000,2025-01-07 01:37:47.914204597,b,m
2227499,2948.77000,1.43575592,2025-01-07 01:37:47.914204836,b,m
2227500,2950.09000,0.23091779,2025-01-07 01:39:30.994227171,b,l
2227501,2951.15000,0.16942548,2025-01-07 01:40:36.265128613,b,m
2227502,2950.61000,0.06703225,2025-01-07 01:41:47.872639179,b,l
2227503,2951.47000,0.52220626,2025-01-07 01:42:22.384567976,s,l
2227504,2949.55000,0.11750000,2025-01-07 01:43:08.108636141,b,m
2227505,2951.50000,0.16939103,2025-01-07 01:53:59.933055162,b,l
2227506,2951.02000,1.50000000,2025-01-07 01:54:19.131501675,s,m
2227507,2950.86000,0.06575400,2025-01-07 01:54:19.131501675,s,m
2227508,2950.61000,0.67074567,2025-01-07 01:54:19.131501675,s,m
2227509,2949.72000,0.36890281,2025-01-07 01:56:48.577457428,b,m
2227510,2952.20000,0.00705000,2025-01-07 01:58:25.599427938,b,l
2227511,2952.48000,0.01767371,2025-01-07 01:58:25.599427938,b,l
2227512,2952.26000,0.00109793,2025-01-07 02:00:41.032660245,b,l
2227513,2952.26000,0.00033372,2025-01-07 02:00:41.038100958,b,l
2227514,2951.93000,0.08803677,2025-01-07 02:13:53.608973503,s,l
2227515,2952.84000,0.13465034,2025-01-07 02:19:24.268076181,b,m
2227516,2944.78000,0.06717294,2025-01-07 02:28:17.065730095,b,l
2227517,2946.33000,0.23740000,2025-01-07 02:29:12.215784550,b,m
2227518,2945.75000,0.02028406,2025-01-07 02:39:46.040540695,s,l
2227519,2946.06000,0.06352759,2025-01-07 02:40:55.726723671,b,l
2227520,2940.59000,0.02433959,2025-01-07 02:52:46.438391685,b,l
2227521,2938.19000,0.17017279,2025-01-07 02:56:56.939771891,b,m
2227522,2939.95000,0.02221974,2025-01-07 02:59:18.857384920,b,l
2227523,2940.23000,0.00033508,2025-01-07 03:00:32.034884214,b,l
2227524,2939.72000,0.00110597,2025-01-07 03:00:59.035356998,b,l
2227525,2945.44000,0.67741085,2025-01-07 03:10:41.062015295,s,l
2227526,2939.89000,0.01833088,2025-01-07 03:16:10.236653566,b,l
2227527,2939.45000,0.03507110,2025-01-07 03:25:55.915407896,s,l
2227528,2938.13000,0.00266638,2025-01-07 03:28:17.165071964,b,l
2227529,2939.33000,0.48146000,2025-01-07 03:29:57.950676441,s,m
2227530,2940.95000,0.09503765,2025-01-07 03:39:58.056978464,s,l
2227531,2940.37000,0.00066191,2025-01-07 03:41:51.936005592,b,l
2227532,2937.94000,0.15745316,2025-01-07 03:51:46.516758919,s,l
2227533,2939.34000,0.00662200,2025-01-07 03:53:00.075034618,b,l
2227534,2941.08000,0.04291416,2025-01-07 03:56:24.908347368,b,l
2227535,2940.11000,0.01903269,2025-01-07 04:00:36.352562428,b,l
2227536,2940.17000,1.22206773,2025-01-07 04:01:45.035664320,s,m
2227537,2941.19000,0.34936621,2025-01-07 04:12:12.057741642,s,l
2227538,2940.58000,0.02021558,2025-01-07 04:13:11.709081650,s,l
2227539,2940.35000,0.01743738,2025-01-07 04:15:05.467664480,b,l
2227540,2936.41000,0.02470099,2025-01-07 04:22:40.457106590,s,l
2227541,2938.15000,0.00048651,2025-01-07 04:33:17.256009816,s,l
2227542,2934.68000,0.54357428,2025-01-07 04:52:09.573871613,s,m
2227543,2933.79000,0.67354480,2025-01-07 04:58:46.373539925,s,l
2227544,2931.70000,0.02000000,2025-01-07 05:00:00.213664055,s,l
2227545,2930.20000,0.09181924,2025-01-07 05:00:47.314707994,s,m
2227546,2930.00000,0.68259385,2025-01-07 05:00:47.314707994,s,m
2227547,2929.30000,1.11665484,2025-01-07 05:00:47.314707994,s,m
2227548,2929.29000,0.15412699,2025-01-07 05:00:47.314707994,s,m
2227549,2929.33000,0.00033633,2025-01-07 05:00:58.033470869,b,l
2227550,2933.42000,0.00335861,2025-01-07 05:07:02.030603409,b,l
2227551,2931.12000,0.27194309,2025-01-07 05:11:57.639235258,s,m
2227552,2933.24000,0.08007000,2025-01-07 05:19:54.569226742,b,l
2227553,2926.89000,0.01540000,2025-01-07 05:24:23.160180092,s,l
2227554,2926.43000,0.00033666,2025-01-07 05:32:00.039883137,b,l
2227555,2924.05000,0.17222923,2025-01-07 05:38:36.779170275,s,l
2227556,2924.04000,0.07777077,2025-01-07 05:38:36.779170275,s,l
2227557,2921.37000,0.13415840,2025-01-07 05:43:14.806692600,b,l
2227558,2921.36000,0.09209708,2025-01-07 05:43:21.109760284,s,l
2227559,2921.35000,0.00499767,2025-01-07 05:46:20.862055063,b,l
2227560,2923.10000,0.29968571,2025-01-07 05:46:49.922338486,b,l
2227561,2923.48000,0.00499321,2025-01-07 05:47:18.759699821,b,l
2227562,2923.76000,0.00499317,2025-01-07 06:06:06.799122572,b,l
2227563,2923.69000,0.01593635,2025-01-07 06:07:02.350360870,b,l
2227564,2924.64000,0.35011862,2025-01-07 06:13:33.301872492,s,m
2227565,2924.63000,1.50000000,2025-01-07 06:13:33.301872492,s,m
2227566,2923.88000,0.05793500,2025-01-07 06:13:33.301872492,s,m
2227567,2926.87000,0.05354468,2025-01-07 06:15:55.842365026,s,l
2227568,2928.39000,0.93969191,2025-01-07 06:17:12.682380915,s,l
2227569,2928.38000,1.50000000,2025-01-07 06:17:12.682380915,s,l
2227570,2927.50000,0.06031698,2025-01-07 06:17:12.682380915,s,l
2227571,2928.39000,0.02910881,2025-01-07 06:19:10.776666880,b,l
2227572,2929.92000,0.27421840,2025-01-07 06:21:42.219162226,b,l
2227573,2928.38000,1.61448980,2025-01-07 06:23:10.720996857,s,m
2227574,2928.37000,0.42564031,2025-01-07 06:23:10.720996857,s,m
2227575,2928.51000,0.15988965,2025-01-07 06:31:38.102370501,b,l
2227576,2930.01000,0.14000000,2025-01-07 06:38:59.289651632,s,m
2227577,2928.90000,0.01906881,2025-01-07 06:46:08.407715559,b,l
2227578,2928.09000,0.01673131,2025-01-07 06:49:16.364995718,b,l
2227579,2927.59000,0.08310841,2025-01-07 06:51:17.752513170,b,l
2227580,2928.51000,0.47457693,2025-01-07 06:53:59.750630617,s,m
2227581,2928.50000,0.41000000,2025-01-07 06:53:59.750630617,s,m
2227582,2928.46000,0.20542307,2025-01-07 06:53:59.750630617,s,m
2227583,2930.30000,0.06430291,2025-01-07 06:56:00.844744444,b,l
2227584,2930.18000,0.01681162,2025-01-07 07:00:22.033172369,b,l
2227585,2930.12000,0.00033624,2025-01-07 07:00:25.034349918,b,l
2227586,2929.74000,0.03362830,2025-01-07 07:00:36.031196833,b,l
2227587,2931.18000,0.01671339,2025-01-07 07:06:40.333841085,b,l
2227588,2931.82000,0.01680176,2025-01-07 07:08:11.341163158,b,l
2227589,2931.97000,0.16597813,2025-01-07 07:08:13.241572857,b,l
2227590,2930.62000,1.34923339,2025-01-07 07:14:58.670813322,b,l
2227591,2929.40000,0.01706834,2025-01-07 07:16:39.816133022,s,l
2227592,2928.60000,0.04809595,2025-01-07 07:16:39.816133022,s,l
2227593,2929.80000,0.00336276,2025-01-07 07:19:25.034308910,b,l
2227594,2929.79000,0.04982624,2025-01-07 07:20:12.602150917,b,l
2227595,2928.08000,0.43441069,2025-01-07 07:21:20.535996914,s,m
2227596,2927.90000,0.03806969,2025-01-07 07:23:02.999896049,s,l
2227597,2927.75000,0.49423618,2025-01-07 07:23:02.999896049,s,l
2227598,2927.14000,0.32358782,2025-01-07 07:23:02.999896049,s,l
2227599,2926.44000,0.00373578,2025-01-07 07:26:30.706457615,b,l
2227600,2926.43000,0.00572084,2025-01-07 07:26:59.617273808,s,l
2227601,2925.08000,0.00134727,2025-01-07 07:28:47.032060384,b,l
2227602,2925.16000,0.01612346,2025-01-07 07:30:44.502236605,b,l
2227603,2919.17000,0.35901345,2025-01-07 07:37:40.905661345,s,l
2227604,2921.01000,0.00316038,2025-01-07 07:39:31.350795746,b,l
2227605,2919.47000,0.23153331,2025-01-07 07:41:08.361111164,s,l
2227606,2919.30000,0.00440730,2025-01-07 07:44:23.309236050,b,l
2227607,2918.94000,0.00316263,2025-01-07 07:44:45.791129351,b,l
2227608,2920.04000,0.00244969,2025-01-07 07:45:25.269302130,b,l
2227609,2921.90000,0.00640632,2025-01-07 07:49:31.860888720,b,l
2227610,2922.50000,0.00312035,2025-01-07 07:54:16.737795115,b,l
2227611,2922.49000,0.90569250,2025-01-07 07:55:18.489794970,s,m
2227612,2922.49000,0.29430750,2025-01-07 07:55:18.489794970,s,m
2227613,2921.68000,0.00315966,2025-01-07 08:01:57.714194298,b,l
2227614,2921.67000,0.00744288,2025-01-07 08:03:06.919273853,s,l
2227615,2920.32000,0.08087775,2025-01-07 08:03:06.919273853,s,l
2227616,2921.96000,0.02997914,2025-01-07 08:08:45.412917137,b,l
2227617,2922.50000,0.00674232,2025-01-07 08:09:24.041434765,b,l
2227618,2922.13000,0.00249805,2025-01-07 08:10:33.433734655,b,l
2227619,2921.60000,0.02127879,2025-01-07 08:14:19.732887030,s,l
2227620,2921.55000,0.06831726,2025-01-07 08:18:11.906402826,s,l
2227621,2920.09000,0.44478040,2025-01-07 08:18:11.906403065,s,l
2227622,2920.08000,0.23690234,2025-01-07 08:18:11.906403065,s,l
2227623,2920.02000,0.32500000,2025-01-07 08:18:22.865033865,s,l
2227624,2920.18000,0.00099984,2025-01-07 08:18:38.973392725,b,l
2227625,2921.14000,0.00033326,2025-01-07 08:19:38.715425253,b,l
2227626,2922.50000,0.70453733,2025-01-07 08:21:09.682045937,b,l
2227627,2924.01000,0.06608800,2025-01-07 08:21:09.682045937,b,l
2227628,2924.01000,1.50000000,2025-01-07 08:21:09.682046175,b,l
2227629,2924.09000,0.02664147,2025-01-07 08:21:09.682046175,b,l
2227630,2925.21000,1.03135049,2025-01-07 08:21:09.682046175,b,l
2227631,2923.58000,0.01694324,2025-01-07 08:22:44.861412525,b,l
2227632,2925.80000,0.01663117,2025-01-07 08:24:52.902165413,b,l
2227633,2927.39000,0.00332498,2025-01-07 08:32:12.831879854,b,l
2227634,2928.99000,0.08306698,2025-01-07 08:34:54.091085911,b,l
2227635,2927.78000,0.00247633,2025-01-07 08:39:26.172032118,b,l
2227636,2927.17000,0.04823474,2025-01-07 08:42:31.019036770,b,l
2227637,2927.72000,0.02356783,2025-01-07 08:42:47.986234903,b,m
2227638,2927.60000,0.00494402,2025-01-07 08:46:16.115721226,s,l
2227639,2926.84000,0.12505598,2025-01-07 08:46:16.115721226,s,l
2227640,2927.99000,0.00134594,2025-01-07 08:47:00.034068346,b,l
2227641,2929.99000,0.06599800,2025-01-07 08:48:35.403874159,s,m
2227642,2929.99000,0.93400200,2025-01-07 08:48:35.403874159,s,m
2227643,2929.17000,0.11178361,2025-01-07 08:51:14.088577509,b,l
2227644,2928.95000,0.00033227,2025-01-07 08:51:18.902287245,b,l
2227645,2929.46000,0.00166108,2025-01-07 08:51:40.563722134,b,l
2227646,2927.87000,1.61191540,2025-01-07 08:54:19.534468411,b,m
2227647,2927.88000,6.80190493,2025-01-07 08:54:19.534468411,b,m
2227648,2927.90000,0.41000000,2025-01-07 08:54:19.534468411,b,m
2227649,2927.95000,1.50000000,2025-01-07 08:54:19.534468411,b,m
2227650,2927.99000,3.67772972,2025-01-07 08:54:19.534468411,b,m
2227651,2927.19000,0.10000000,2025-01-07 08:55:19.244596720,s,l
2227652,2927.15000,0.13619252,2025-01-07 08:55:41.502292395,s,l
2227653,2927.15000,0.03191733,2025-01-07 08:55:54.656786203,b,l
2227654,2926.46000,0.10251922,2025-01-07 08:58:11.177629709,b,m
2227655,2926.48000,0.01662810,2025-01-07 08:58:42.348910093,b,l
2227656,2925.69000,0.00801809,2025-01-07 09:00:02.643432617,b,l
2227657,2925.89000,0.00639831,2025-01-07 09:00:04.669373989,b,l
2227658,2925.95000,0.00240417,2025-01-07 09:00:37.031565905,b,l
2227659,2925.92000,0.02840000,2025-01-07 09:00:59.692961454,s,l
2227660,2925.91000,0.01460000,2025-01-07 09:00:59.692961454,s,l
2227661,2925.01000,0.00388628,2025-01-07 09:02:48.849366426,b,l
2227662,2925.00000,0.01500000,2025-01-07 09:03:28.048741102,s,l
2227663,2925.01000,0.01461679,2025-01-07 09:03:53.830547810,b,l
2227664,2925.00000,0.66876068,2025-01-07 09:04:04.075748205,s,l
2227665,2919.10000,0.54141367,2025-01-07 09:09:49.859510422,s,l
2227666,2919.40000,0.02483758,2025-01-07 09:12:34.472185135,b,l
2227667,2920.83000,0.02915527,2025-01-07 09:14:30.838479280,b,l
2227668,2920.83000,0.02749401,2025-01-07 09:14:32.508401632,b,l
2227669,2920.82000,0.03002323,2025-01-07 09:14:37.053962946,b,l
2227670,2920.84000,0.02859069,2025-01-07 09:14:39.071795940,b,l
2227671,2920.84000,0.00356242,2025-01-07 09:14:40.531235933,b,l
2227672,2920.85000,0.02705371,2025-01-07 09:14:40.531235933,b,l
2227673,2920.85000,0.02887161,2025-01-07 09:14:41.802627563,b,l
2227674,2919.51000,0.00684714,2025-01-07 09:15:15.910499573,b,l
2227675,2918.17000,0.41000000,2025-01-07 09:20:24.745619535,b,l
2227676,2918.22000,0.09024296,2025-01-07 09:20:24.745619535,b,l
2227677,2917.63000,0.11107563,2025-01-07 09:20:48.119484425,b,l
2227678,2917.55000,0.18982387,2025-01-07 09:23:14.237833738,b,l
2227679,2916.73000,0.01545000,2025-01-07 09:24:04.147380829,s,l
2227680,2915.60000,1.34894050,2025-01-07 09:24:04.147380829,s,l
2227681,2915.59000,0.09560950,2025-01-07 09:24:04.147380829,s,l
2227682,2916.70000,0.01668054,2025-01-07 09:26:14.694558620,b,l
2227683,2916.21000,0.00479062,2025-01-07 09:26:24.858513355,b,l
2227684,2915.96000,0.02631740,2025-01-07 09:27:17.374422789,s,l
2227685,2916.53000,0.00342940,2025-01-07 09:28:12.191545963,b,m
2227686,2917.53000,0.02335913,2025-01-07 09:30:20.991843700,s,l
2227687,2918.12000,0.00675244,2025-01-07 09:30:57.033265590,b,l
2227688,2917.42000,0.00514153,2025-01-07 09:31:35.408140421,b,m
2227689,2915.31000,0.07049041,2025-01-07 09:34:32.328852892,s,l
2227690,2914.82000,0.01680748,2025-01-07 09:35:36.875089884,b,l
2227691,2914.82000,0.00166946,2025-01-07 09:36:48.330032825,b,l
2227692,2914.82000,0.01609148,2025-01-07 09:37:42.304445267,b,l
2227693,2914.82000,0.00316710,2025-01-07 09:41:15.630977631,b,l
2227694,2914.81000,0.09238338,2025-01-07 09:41:35.117587805,s,m
2227695,2914.81000,0.02573066,2025-01-07 09:41:35.117587805,s,m
2227696,2913.91000,0.19494058,2025-01-07 09:41:35.117587805,s,m
2227697,2913.90000,0.41000000,2025-01-07 09:41:35.117587805,s,m
2227698,2913.85000,0.02524253,2025-01-07 09:41:35.117588043,s,m
2227699,2913.39000,0.11967883,2025-01-07 09:42:46.746692181,s,l
2227700,2912.55000,0.03261329,2025-01-07 09:44:24.378587484,b,l
2227701,2912.54000,0.09237598,2025-01-07 09:45:14.219558954,s,l
2227702,2909.84000,0.18139968,2025-01-07 09:46:56.358420372,s,l
2227703,2908.23000,0.96979006,2025-01-07 09:48:24.270520687,b,l
2227704,2913.97000,0.05300628,2025-01-07 09:50:45.614713192,b,l
2227705,2915.43000,0.11000000,2025-01-07 09:55:28.141371489,s,m
2227706,2915.44000,0.01713294,2025-01-07 09:57:24.300715923,b,l
2227707,2915.43000,0.03264584,2025-01-07 09:59:06.516971111,s,l
2227708,2915.44000,0.00337932,2025-01-07 10:00:00.092400074,b,l
2227709,2915.44000,0.02195263,2025-01-07 10:00:13.183543921,b,l
2227710,2915.43000,0.00669729,2025-01-07 10:00:22.029091597,s,l
2227711,2913.09000,0.01195803,2025-01-07 10:00:42.136169434,b,l
2227712,2913.09000,0.02627966,2025-01-07 10:00:51.978878736,b,l
2227713,2913.08000,0.00070544,2025-01-07 10:01:17.306800842,s,l
2227714,2909.60000,0.00855963,2025-01-07 10:02:51.008746624,b,l
2227715,2909.59000,0.00045844,2025-01-07 10:03:11.143780708,s,l
2227716,2911.29000,0.01671377,2025-01-07 10:05:30.488393068,b,l
2227717,2910.96000,0.02554921,2025-01-07 10:07:14.321988821,s,l
2227718,2911.24000,0.00547266,2025-01-07 10:07:38.509078264,s,m
2227719,2911.79000,0.00686863,2025-01-07 10:07:44.927974701,b,m
2227720,2911.29000,0.03529291,2025-01-07 10:07:54.685032129,s,l
2227721,2907.22000,0.01602267,2025-01-07 10:11:42.197089911,b,l
2227722,2908.02000,0.30009415,2025-01-07 10:13:02.065930605,b,l
2227723,2909.27000,0.03212862,2025-01-07 10:14:24.965182543,b,l
2227724,2909.56000,0.16931931,2025-01-07 10:16:15.761313200,b,l
2227725,2909.66000,0.26540833,2025-01-07 10:18:17.320959806,s,l
2227726,2911.23000,0.08199200,2025-01-07 10:20:17.497009754,s,l
2227727,2910.50000,0.12528027,2025-01-07 10:20:17.497009754,s,l
2227728,2910.77000,0.00317151,2025-01-07 10:23:13.020422697,b,l
2227729,2910.76000,0.08200100,2025-01-07 10:23:58.813855886,s,m
2227730,2910.75000,0.08588851,2025-01-07 10:23:58.813855886,s,m
2227731,2910.22000,0.02995821,2025-01-07 10:23:58.813855886,s,m
2227732,2911.34000,0.42171303,2025-01-07 10:25:00.680127144,b,m
2227733,2913.31000,0.33410322,2025-01-07 10:27:39.938701868,b,l
2227734,2915.38000,0.06676426,2025-01-07 10:28:54.977798223,b,l
2227735,2915.29000,0.00033384,2025-01-07 10:29:04.593133926,b,l
2227736,2915.36000,0.01220909,2025-01-07 10:29:09.696838140,s,l
2227737,2915.22000,0.01437513,2025-01-07 10:30:39.096776009,b,l
2227738,2914.03000,0.00349254,2025-01-07 10:32:28.244814634,b,l
2227739,2913.28000,0.00033406,2025-01-07 10:33:09.514289856,b,l
2227740,2913.92000,0.01336014,2025-01-07 10:34:19.151168346,b,l
2227741,2915.44000,0.03426588,2025-01-07 10:40:22.333952904,b,l
2227742,2915.44000,1.92326923,2025-01-07 10:42:01.215667486,b,l
2227743,2916.85000,0.08570890,2025-01-07 10:43:13.214799166,b,m
2227744,2917.25000,0.00067545,2025-01-07 10:44:08.037898779,b,l
2227745,2917.21000,0.00067545,2025-01-07 10:44:35.034096241,b,l
2227746,2915.88000,0.00506822,2025-01-07 10:46:44.033080339,b,l
2227747,2915.37000,0.02665979,2025-01-07 10:47:19.238915920,b,l
2227748,2914.85000,0.01051936,2025-01-07 10:48:02.979045153,b,l
2227749,2914.47000,0.01598386,2025-01-07 10:48:18.444327593,b,l
2227750,2914.71000,0.00667801,2025-01-07 10:48:51.826052189,b,l
2227751,2914.44000,0.00134906,2025-01-07 10:49:01.733329296,b,l
2227752,2915.38000,0.16525629,2025-01-07 10:50:12.313313246,b,l
2227753,2915.25000,0.01762297,2025-01-07 10:50:38.996249914,s,l
2227754,2913.60000,0.66788317,2025-01-07 10:51:48.897168875,b,l
2227755,2913.45000,0.00338163,2025-01-07 10:52:14.030622721,b,l
2227756,2912.65000,0.00313082,2025-01-07 10:52:52.122599602,b,l
2227757,2914.03000,0.02605368,2025-01-07 10:58:04.281539202,s,l
2227758,2912.43000,0.00479698,2025-01-07 11:00:16.868800402,b,l
2227759,2911.92000,0.01691693,2025-01-07 11:00:30.033012629,b,l
2227760,2911.33000,0.16824149,2025-01-07 11:01:49.851265192,b,l
2227761,2911.48000,0.00033839,2025-01-07 11:03:21.034419060,b,l
2227762,2911.10000,0.07970387,2025-01-07 11:03:53.140674353,s,l
2227763,2911.32000,0.01872000,2025-01-07 11:04:00.785594940,s,l
2227764,2912.09000,0.22180959,2025-01-07 11:04:35.903376102,s,l
2227765,2912.10000,0.39957650,2025-01-07 11:04:45.060705423,b,l
2227766,2913.46000,0.23541363,2025-01-07 11:04:45.060705423,b,l
2227767,2912.74000,0.00977584,2025-01-07 11:05:20.826000929,s,m
2227768,2910.77000,0.12464698,2025-01-07 11:09:22.636770725,b,l
2227769,2912.30000,0.20630086,2025-01-07 11:11:26.337791204,b,m
2227770,2912.40000,0.70173240,2025-01-07 11:13:24.652810335,b,l
2227771,2912.58000,0.23217246,2025-01-07 11:14:21.276993990,s,l
2227772,2912.57000,0.43470900,2025-01-07 11:14:21.276993990,s,l
2227773,2912.55000,0.08198300,2025-01-07 11:14:21.276993990,s,l
2227774,2912.52000,0.43470900,2025-01-07 11:14:21.276993990,s,l
2227775,2912.50000,0.11642654,2025-01-07 11:14:21.276993990,s,l
2227776,2913.00000,0.03242999,2025-01-07 11:17:00.517180681,b,m
2227777,2913.21000,0.13359539,2025-01-07 11:17:00.517180681,b,m
2227778,2914.53000,0.23662458,2025-01-07 11:18:42.903702021,s,l
2227779,2914.52000,1.50000000,2025-01-07 11:18:42.903702021,s,l
2227780,2914.49000,0.41000000,2025-01-07 11:18:42.903702021,s,l
2227781,2914.48000,1.25337542,2025-01-07 11:18:42.903702021,s,l
2227782,2913.63000,0.06179510,2025-01-07 11:19:58.270290136,b,l
2227783,2913.91000,0.00067622,2025-01-07 11:22:53.654461622,b,l
2227784,2913.81000,0.33899122,2025-01-07 11:24:08.618735075,s,l
2227785,2913.06000,0.38964138,2025-01-07 11:24:08.618735075,s,l
2227786,2913.05000,0.17136740,2025-01-07 11:24:08.618735075,s,l
2227787,2913.27000,0.01477010,2025-01-07 11:25:59.598192692,b,l
2227788,2914.23000,0.03206741,2025-01-07 11:27:18.148150921,b,l
2227789,2914.56000,0.01669679,2025-01-07 11:27:30.865209103,b,l
2227790,2913.69000,0.33862284,2025-01-07 11:28:03.733276844,s,l
2227791,2913.68000,0.09437716,2025-01-07 11:28:03.733276844,s,l
2227792,2913.58000,0.00634617,2025-01-07 11:29:04.758395672,b,l
2227793,2914.21000,0.00300573,2025-01-07 11:29:22.240258932,b,l
2227794,2913.86000,0.31884006,2025-01-07 11:30:35.566326857,s,m
2227795,2913.85000,6.84272308,2025-01-07 11:30:35.566327095,s,m
2227796,2913.75000,0.90569250,2025-01-07 11:30:35.566327095,s,m
2227797,2913.56000,0.43470900,2025-01-07 11:30:35.566327095,s,m
2227798,2913.55000,1.79401032,2025-01-07 11:30:35.566327095,s,m
2227799,2913.74000,0.25768496,2025-01-07 11:32:31.718142033,s,l
2227800,2913.73000,0.07526006,2025-01-07 11:32:31.718142271,s,l
2227801,2911.15000,0.26577768,2025-01-07 11:33:25.732242584,s,l
2227802,2911.14000,2.89132183,2025-01-07 11:33:25.732242584,s,l
2227803,2909.60000,0.44679681,2025-01-07 11:34:35.567677498,b,m
2227804,2907.87000,0.35951609,2025-01-07 11:35:00.712520361,b,l
2227805,2907.62000,0.00161936,2025-01-07 11:35:09.241023302,s,l
2227806,2909.37000,0.08598481,2025-01-07 11:36:45.551992655,b,l
2227807,2907.19000,1.50094421,2025-01-07 11:38:09.857954264,s,l
2227808,2903.75000,0.09265561,2025-01-07 11:38:40.074840784,s,l
2227809,2900.57000,0.11652361,2025-01-07 11:38:54.512610674,s,m
2227810,2900.56000,0.29659639,2025-01-07 11:38:54.512610674,s,m
2227811,2900.56000,0.36525114,2025-01-07 11:38:54.512813807,s,m
2227812,2900.68000,0.02000666,2025-01-07 11:38:58.517171621,s,m
2227813,2902.91000,0.00318048,2025-01-07 11:39:22.108964205,b,l
2227814,2903.14000,0.00688909,2025-01-07 11:39:59.026981592,s,m
2227815,2900.82000,0.00314116,2025-01-07 11:40:56.419558764,b,l
2227816,2900.00000,0.01034482,2025-01-07 11:41:34.108486414,s,l
2227817,2900.00000,0.28000000,2025-01-07 11:41:34.108486414,s,l
2227818,2897.43000,0.08389937,2025-01-07 11:41:36.260455847,b,l
2227819,2899.97000,0.03356276,2025-01-07 11:42:02.713682652,b,l
2227820,2898.14000,0.09717539,2025-01-07 11:42:23.552312136,s,m
2227821,2898.13000,0.41000000,2025-01-07 11:42:23.552312136,s,m
2227822,2898.07000,0.38941061,2025-01-07 11:42:23.552312136,s,m
2227823,2903.01000,0.08621046,2025-01-07 11:43:16.407760143,b,l
2227824,2902.71000,0.00689011,2025-01-07 11:44:18.291421890,b,m
2227825,2902.02000,0.09884272,2025-01-07 11:44:24.741558313,s,l
2227826,2902.01000,2.00000000,2025-01-07 11:44:24.741558313,s,l
2227827,2898.88000,0.02014196,2025-01-07 11:45:19.614659071,b,l
2227828,2895.00000,0.00500000,2025-01-07 11:47:45.655082226,s,l
2227829,2894.99000,0.09293598,2025-01-07 11:47:45.655082226,s,l
2227830,2892.30000,0.00200000,2025-01-07 11:49:11.601122379,b,l
2227831,2893.85000,1.50000000,2025-01-07 11:49:45.428876400,b,l
2227832,2893.89000,1.52654241,2025-01-07 11:49:45.428876400,b,l
2227833,2892.32000,0.10213806,2025-01-07 11:50:11.545624733,s,m
2227834,2897.65000,0.00200000,2025-01-07 11:51:24.706994534,b,l
2227835,2898.99000,0.00471517,2025-01-07 11:51:24.706994534,b,l
2227836,2900.00000,0.02900000,2025-01-07 11:51:54.580790043,b,l
2227837,2900.82000,0.13874429,2025-01-07 11:51:54.580790043,b,l
2227838,2901.21000,0.10071047,2025-01-07 11:53:03.698077440,b,l
2227839,2898.88000,0.00314155,2025-01-07 11:53:40.193295479,b,l
2227840,2896.96000,0.30535615,2025-01-07 11:55:40.912106276,s,l
2227841,2896.95000,5.19783418,2025-01-07 11:55:40.912106276,s,l
2227842,2897.47000,0.33483694,2025-01-07 11:55:44.345742226,b,m
2227843,2897.46000,0.03223047,2025-01-07 11:55:45.190698624,b,l
2227844,2898.05000,0.17560774,2025-01-07 11:55:47.546915531,b,m
2227845,2898.24000,0.00345037,2025-01-07 11:56:01.964195490,b,m
2227846,2897.46000,0.13750000,2025-01-07 11:56:09.475299358,s,l
2227847,2897.80000,0.03245733,2025-01-07 11:56:10.163305759,b,l
2227848,2897.81000,0.03553940,2025-01-07 11:56:10.163305759,b,l
2227849,2901.28000,0.08218800,2025-01-07 11:56:39.861925602,b,l
2227850,2901.49000,0.08562925,2025-01-07 11:56:39.861925602,b,l
2227851,2902.98000,0.00636864,2025-01-07 11:57:54.358744860,b,l
2227852,2902.72000,0.25725049,2025-01-07 11:57:56.422243834,s,m
2227853,2902.71000,0.69047487,2025-01-07 11:57:56.422243834,s,m
2227854,2903.41000,0.00167606,2025-01-07 11:59:08.120849609,b,l
2227855,2901.28000,0.01377323,2025-01-07 12:00:23.273369551,b,m
2227856,2901.11000,0.00171499,2025-01-07 12:00:30.032683134,b,l
2227857,2900.85000,0.00452836,2025-01-07 12:01:17.784406185,b,l
2227858,2901.63000,0.10603817,2025-01-07 12:02:35.911407471,s,l
2227859,2903.52000,0.01675959,2025-01-07 12:03:48.331973314,b,l
2227860,2903.29000,0.55206377,2025-01-07 12:04:36.592335224,b,l
2227861,2900.80000,0.03542077,2025-01-07 12:06:30.683928013,s,l
2227862,2900.71000,0.03242880,2025-01-07 12:07:47.811936617,b,l
2227863,2900.99000,0.42505955,2025-01-07 12:08:03.113612890,s,l
2227864,2900.88000,0.19368223,2025-01-07 12:08:34.989576340,b,l
2227865,2900.97000,0.01771552,2025-01-07 12:12:08.488193989,s,l
2227866,2900.74000,0.01605890,2025-01-07 12:12:55.910267115,b,l
2227867,2900.28000,0.03792776,2025-01-07 12:14:23.385544538,s,m
2227868,2901.52000,0.12096752,2025-01-07 12:15:49.633766413,s,l
2227869,2900.33000,1.00000000,2025-01-07 12:16:40.769567013,b,l
2227870,2897.94000,0.00318555,2025-01-07 12:17:42.668741465,b,l
2227871,2896.54000,0.02871381,2025-01-07 12:19:05.793612480,b,l
2227872,2895.00000,0.50000000,2025-01-07 12:19:25.316469669,s,l
2227873,2895.02000,0.22187687,2025-01-07 12:19:41.733187914,b,l
2227874,2895.00000,0.50000000,2025-01-07 12:20:43.971345663,s,l
2227875,2896.68000,0.01691315,2025-01-07 12:21:20.345469236,b,l
2227876,2895.01000,0.33596452,2025-01-07 12:22:01.998162031,s,l
2227877,2895.00000,1.00000000,2025-01-07 12:22:01.998162031,s,l
2227878,2894.73000,0.08231400,2025-01-07 12:22:01.998162031,s,l
2227879,2894.69000,0.60520524,2025-01-07 12:22:01.998162031,s,l
2227880,2894.86000,0.29303341,2025-01-07 12:23:20.399659157,s,l
2227881,2894.85000,1.86675097,2025-01-07 12:23:20.399659157,s,l
2227882,2895.07000,0.30885771,2025-01-07 12:24:30.657760143,s,l
2227883,2895.06000,0.87703290,2025-01-07 12:24:30.657760143,s,l
2227884,2894.06000,0.00318980,2025-01-07 12:26:16.962942839,b,l
2227885,2893.83000,0.03507087,2025-01-07 12:26:24.028448343,s,l
2227886,2893.34000,0.23338610,2025-01-07 12:28:01.930441856,s,m
2227887,2893.33000,1.76661390,2025-01-07 12:28:01.930441856,s,m
2227888,2893.24000,0.00051079,2025-01-07 12:30:00.048784494,b,l
2227889,2894.92000,0.03412184,2025-01-07 12:31:25.995755672,b,m
2227890,2895.00000,0.08640831,2025-01-07 12:31:37.452326059,b,l
2227891,2894.99000,0.13629749,2025-01-07 12:31:59.127303122,s,l
2227892,2895.00000,9.91359169,2025-01-07 12:33:49.678063393,b,l
2227893,2898.47000,0.42494707,2025-01-07 12:33:55.293707132,b,l
2227894,2897.48000,0.09112091,2025-01-07 12:34:36.997277975,s,l
2227895,2897.11000,0.00085018,2025-01-07 12:35:00.045028448,b,l
2227896,2896.29000,0.13622427,2025-01-07 12:37:18.425863504,s,l
2227897,2896.28000,2.00000000,2025-01-07 12:37:18.425863743,s,l
2227898,2896.04000,0.08228400,2025-01-07 12:37:18.425863743,s,l
2227899,2895.24000,0.43470900,2025-01-07 12:37:18.425863743,s,l
2227900,2895.11000,0.90569250,2025-01-07 12:37:18.425863743,s,l
2227901,2895.00000,2.06864023,2025-01-07 12:37:18.425863743,s,l
2227902,2896.49000,0.00748315,2025-01-07 12:38:44.785789013,b,l
2227903,2896.48000,0.00277889,2025-01-07 12:40:25.818232059,s,l
2227904,2896.49000,0.04902145,2025-01-07 12:40:25.830136776,b,l
2227905,2896.49000,0.03249130,2025-01-07 12:40:25.834003687,b,l
2227906,2899.12000,0.01292232,2025-01-07 12:42:08.376657486,b,l
2227907,2901.02000,0.00960222,2025-01-07 12:43:13.371934891,b,l
2227908,2899.47000,0.00972527,2025-01-07 12:43:51.034554482,b,l
2227909,2899.34000,0.00067962,2025-01-07 12:44:00.034418821,b,l
2227910,2900.00000,0.43103448,2025-01-07 12:45:02.697825193,b,m
2227911,2900.00000,0.00838997,2025-01-07 12:46:38.016288042,b,l
2227912,2900.00000,0.00689655,2025-01-07 12:46:44.298057079,b,m
2227913,2899.96000,0.24164980,2025-01-07 12:46:52.215626240,s,l
2227914,2899.95000,0.26187900,2025-01-07 12:46:52.215626240,s,l
2227915,2900.00000,9.55367900,2025-01-07 12:48:12.339916706,b,l
2227916,2902.67000,0.00193802,2025-01-07 12:48:22.413686752,b,l
2227917,2902.00000,0.02573723,2025-01-07 12:49:15.709012032,b,l
2227918,2902.67000,0.25456521,2025-01-07 12:49:59.276501179,b,l
2227919,2902.67000,0.12636186,2025-01-07 12:51:57.918058872,b,l
2227920,2902.74000,0.01070000,2025-01-07 12:53:29.676301003,s,m
2227921,2903.51000,1.63998236,2025-01-07 12:53:34.298462629,b,l
2227922,2903.52000,0.50058480,2025-01-07 12:53:34.298462629,b,l
2227923,2903.56000,6.32667594,2025-01-07 12:53:34.298462868,b,l
2227924,2901.71000,0.44611081,2025-01-07 12:55:34.985231400,b,l
2227925,2899.01000,0.03221758,2025-01-07 12:57:28.377857924,b,l
2227926,2900.62000,0.00081206,2025-01-07 13:02:49.567964077,b,l
2227927,2901.68000,0.01854688,2025-01-07 13:04:36.155630350,s,l
2227928,2899.00000,0.05000000,2025-01-07 13:09:29.220602989,s,m
2227929,2898.51000,1.50000000,2025-01-07 13:09:29.220602989,s,m
2227930,2897.97000,0.08223500,2025-01-07 13:09:29.220602989,s,m
2227931,2897.15000,0.69403507,2025-01-07 13:09:29.220602989,s,m
2227932,2897.14000,13.76846510,2025-01-07 13:09:29.220602989,s,m
2227933,2896.76000,1.00000000,2025-01-07 13:09:29.220602989,s,m
2227934,2896.48000,0.00005558,2025-01-07 13:09:29.220602989,s,m
2227935,2896.06000,2.69820000,2025-01-07 13:09:29.220602989,s,m
2227936,2895.97000,1.37740570,2025-01-07 13:09:29.220602989,s,m
2227937,2895.70000,2.74830000,2025-01-07 13:09:29.220602989,s,m
2227938,2895.63000,0.08130355,2025-01-07 13:09:29.220602989,s,m
2227939,2899.13000,0.17240067,2025-01-07 13:10:01.703641653,s,l
2227940,2896.97000,0.05039245,2025-01-07 13:12:09.411911011,b,l
2227941,2900.34000,0.03243472,2025-01-07 13:13:38.199412823,b,l
2227942,2900.30000,0.00503344,2025-01-07 13:14:14.589586973,b,l
2227943,2900.31000,0.20000000,2025-01-07 13:14:20.530508041,s,m
2227944,2900.33000,0.35430000,2025-01-07 13:18:23.719471693,s,l
2227945,2900.34000,0.00314419,2025-01-07 13:19:16.050560474,b,l
2227946,2900.34000,0.00860581,2025-01-07 13:20:03.902789831,b,l
2227947,2900.34000,0.07526092,2025-01-07 13:20:03.902789831,b,l
2227948,2901.66000,0.01697675,2025-01-07 13:22:05.044049501,b,l
2227949,2902.18000,0.02932623,2025-01-07 13:23:17.251674414,b,m
2227950,2902.67000,0.00185077,2025-01-07 13:23:44.975511074,b,l
2227951,2903.00000,0.00670504,2025-01-07 13:24:47.138447285,b,l
2227952,2903.00000,1.28074517,2025-01-07 13:25:01.210557461,b,l
2227953,2903.39000,0.05000000,2025-01-07 13:25:07.435746193,s,l
2227954,2903.39000,0.05106810,2025-01-07 13:26:52.257400273,s,l
2227955,2903.40000,0.01175000,2025-01-07 13:27:17.575975418,b,l
2227956,2904.97000,0.00317784,2025-01-07 13:28:29.743162870,b,l
2227957,2904.09000,0.05240177,2025-01-07 13:28:31.246044636,s,l
2227958,2904.99000,0.00945412,2025-01-07 13:29:43.947846413,s,l
2227959,2904.73000,0.00670220,2025-01-07 13:31:05.528546095,b,l
2227960,2903.26000,0.58999040,2025-01-07 13:32:30.731446505,b,l
2227961,2903.27000,0.09589739,2025-01-07 13:32:30.731446505,b,l
2227962,2903.24000,0.01604784,2025-01-07 13:32:31.504261017,b,l
2227963,2903.07000,0.69256533,2025-01-07 13:32:46.691893578,s,m
2227964,2903.06000,0.03256908,2025-01-07 13:35:04.028631210,s,l
2227965,2900.13000,0.00033972,2025-01-07 13:35:37.032950400,b,l
2227966,2901.13000,0.05000000,2025-01-07 13:35:57.865666628,s,m
2227967,2901.69000,0.44522994,2025-01-07 13:35:58.542045593,b,l
2227968,2901.70000,0.13549601,2025-01-07 13:35:58.542045593,b,l
2227969,2901.52000,0.02839999,2025-01-07 13:36:20.769587517,s,l
2227970,2901.10000,1.32084058,2025-01-07 13:36:20.769587517,s,l
2227971,2900.17000,0.03035469,2025-01-07 13:37:20.102635622,s,l
2227972,2898.47000,0.10105767,2025-01-07 13:39:37.112038374,s,l
2227973,2901.65000,0.00339538,2025-01-07 13:43:02.035435200,b,l
2227974,2901.91000,0.11007472,2025-01-07 13:43:16.341339350,s,l
2227975,2901.86000,0.03446065,2025-01-07 13:44:16.133166552,b,l
2227976,2901.88000,0.89577731,2025-01-07 13:45:36.808838844,s,m
2227977,2902.53000,0.34438604,2025-01-07 13:45:43.110743046,s,l
2227978,2903.35000,0.01722130,2025-01-07 13:46:49.190410614,b,l
2227979,2903.47000,0.16127112,2025-01-07 13:48:39.999268055,b,l
2227980,2903.45000,0.00093852,2025-01-07 13:49:07.547075748,b,l
2227981,2901.94000,0.37170287,2025-01-07 13:51:48.071196795,s,l
2227982,2899.63000,0.27589726,2025-01-07 13:54:20.934938431,s,l
2227983,2899.00000,0.01034839,2025-01-07 13:54:20.934938431,s,l
2227984,2898.28000,1.64125973,2025-01-07 13:54:20.934938431,s,l
2227985,2898.27000,1.09903703,2025-01-07 13:54:20.934938431,s,l
2227986,2897.35000,0.00116294,2025-01-07 13:55:29.035094023,b,l
2227987,2897.71000,0.01020000,2025-01-07 13:56:14.029546022,b,l
2227988,2897.24000,0.08245926,2025-01-07 13:56:30.769885778,s,l
2227989,2899.34000,0.20693082,2025-01-07 13:58:34.629921913,s,m
2227990,2898.18000,0.03545206,2025-01-07 13:59:38.851001263,s,l
2227991,2898.82000,0.00179970,2025-01-07 14:00:07.439660311,s,l
2227992,2900.00000,0.01682086,2025-01-07 14:00:39.707355022,b,l
2227993,2900.00000,1.50000000,2025-01-07 14:01:54.881628275,b,l
2227994,2900.00000,1.50000000,2025-01-07 14:01:54.909880877,b,l
2227995,2900.00000,1.50000000,2025-01-07 14:01:54.933255911,b,l
2227996,2900.00000,1.50000000,2025-01-07 14:01:54.957810879,b,l
2227997,2900.00000,1.50000000,2025-01-07 14:01:54.962419271,b,l
2227998,2900.00000,1.50000000,2025-01-07 14:01:55.006029606,b,l
2227999,2900.00000,0.98317914,2025-01-07 14:01:55.011148453,b,l
2228000,2903.34000,0.50000000,2025-01-07 14:02:40.038900614,s,m
2228001,2901.17000,1.50000000,2025-01-07 14:04:10.456029177,s,l
2228002,2901.01000,1.63937823,2025-01-07 14:04:10.456029177,s,l
2228003,2901.00000,0.86062177,2025-01-07 14:04:10.456029177,s,l
2228004,2903.48000,0.34069028,2025-01-07 14:06:54.118013620,s,l
2228005,2900.86000,0.00349660,2025-01-07 14:06:58.817360878,b,l
2228006,2901.25000,0.16817040,2025-01-07 14:07:12.890254021,b,l
2228007,2900.43000,0.06145032,2025-01-07 14:10:29.412347555,s,l
2228008,2899.10000,0.01983925,2025-01-07 14:11:26.254920959,s,l
2228009,2899.00000,0.01034839,2025-01-07 14:12:17.166557312,s,l
2228010,2895.42000,0.00637832,2025-01-07 14:15:00.135228872,b,l
2228011,2896.13000,0.00379817,2025-01-07 14:16:02.002991676,b,m
2228012,2895.55000,0.11338785,2025-01-07 14:19:21.534416914,b,l
2228013,2896.03000,0.00170099,2025-01-07 14:21:15.034961939,b,l
2228014,2896.29000,0.13648336,2025-01-07 14:21:32.752984524,s,m
2228015,2896.13000,0.01864557,2025-01-07 14:21:55.169092417,b,m
2228016,2896.12000,0.50000000,2025-01-07 14:22:07.764004230,s,l
2228017,2896.61000,0.15122151,2025-01-07 14:23:59.741697311,b,l
2228018,2896.62000,0.33979102,2025-01-07 14:23:59.741697311,b,l
2228019,2897.78000,0.17654369,2025-01-07 14:25:26.919370174,b,l
2228020,2897.79000,0.30950569,2025-01-07 14:25:26.919370174,b,l
2228021,2897.53000,0.03451560,2025-01-07 14:26:06.228074551,b,m
2228022,2897.70000,0.68343859,2025-01-07 14:26:43.013855219,b,m
2228023,2902.60000,0.42515909,2025-01-07 14:28:25.511612176,b,l
2228024,2902.61000,2.93596575,2025-01-07 14:28:25.511612415,b,l
2228025,2897.50000,1.03349796,2025-01-07 14:31:00.913197279,b,l
2228026,2897.50000,0.02800396,2025-01-07 14:31:19.061433077,b,l
2228027,2899.10000,0.01919982,2025-01-07 14:31:58.076832771,s,l
2228028,2900.00000,10.00000000,2025-01-07 14:32:14.063413620,b,l
2228029,2902.49000,0.16181665,2025-01-07 14:32:32.518022298,b,l
2228030,2901.88000,0.18002435,2025-01-07 14:33:00.690999746,b,l
2228031,2901.89000,0.49278043,2025-01-07 14:33:00.690999746,b,l
2228032,2900.00000,0.00315103,2025-01-07 14:33:27.982595921,b,l
2228033,2899.99000,0.02819747,2025-01-07 14:33:35.959603071,s,m
2228034,2900.00000,0.06895457,2025-01-07 14:33:38.153567076,b,l
2228035,2899.99000,0.01716396,2025-01-07 14:33:43.715157270,s,l
2228036,2900.00000,0.01622299,2025-01-07 14:34:03.160525084,b,l
2228037,2900.00000,0.00072703,2025-01-07 14:34:13.032125235,b,l
2228038,2899.99000,0.29843285,2025-01-07 14:34:29.499168634,s,l
2228039,2896.12000,0.00492728,2025-01-07 14:34:45.494026184,s,l
2228040,2891.53000,0.09312716,2025-01-07 14:34:47.369651079,s,l
2228041,2891.27000,0.08230700,2025-01-07 14:34:47.369651079,s,l
2228042,2890.21000,0.22456584,2025-01-07 14:34:47.369651079,s,l
2228043,2890.00000,0.04439792,2025-01-07 14:34:49.088955164,s,l
2228044,2890.00000,0.03460207,2025-01-07 14:34:49.088955164,s,l
2228045,2890.00000,0.51903114,2025-01-07 14:34:49.088955164,s,l
2228046,2889.72000,0.01747568,2025-01-07 14:34:49.091774225,s,l
2228047,2886.25000,0.09321740,2025-01-07 14:34:49.449509621,s,l
2228048,2885.00000,0.01039861,2025-01-07 14:34:50.588495970,s,l
2228049,2879.49000,0.00235708,2025-01-07 14:34:52.811931849,s,l
2228050,2879.25000,0.21690551,2025-01-07 14:34:52.811931849,s,l
2228051,2879.24000,0.08789941,2025-01-07 14:34:52.811931849,s,l
2228052,2892.31000,0.29897004,2025-01-07 14:35:38.457290411,b,l
2228053,2892.32000,0.60000000,2025-01-07 14:35:38.457290411,b,l
2228054,2892.33000,6.89457024,2025-01-07 14:35:38.457290411,b,l
2228055,2892.35000,0.14661684,2025-01-07 14:35:38.457290411,b,l
2228056,2892.55000,0.08233300,2025-01-07 14:35:38.457290411,b,l
2228057,2893.26000,0.49470947,2025-01-07 14:35:38.457290649,b,l
2228058,2886.51000,0.33000000,2025-01-07 14:36:43.519926071,s,l
2228059,2886.51000,0.01175000,2025-01-07 14:39:03.045992136,b,l
2228060,2889.52000,0.03240806,2025-01-07 14:39:32.577838659,b,l
2228061,2885.85000,0.03644484,2025-01-07 14:40:26.611148357,s,l
2228062,2886.25000,0.12826678,2025-01-07 14:40:44.680804729,s,l
2228063,2889.55000,0.01175000,2025-01-07 14:41:30.313566923,b,l
2228064,2892.11000,0.55634929,2025-01-07 14:44:21.947084188,b,l
2228065,2892.12000,0.02505654,2025-01-07 14:44:21.947084188,b,l
2228066,2892.13000,0.41000000,2025-01-07 14:44:21.947084188,b,l
2228067,2892.22000,0.55183070,2025-01-07 14:44:21.947084188,b,l
2228068,2892.24000,0.60000000,2025-01-07 14:44:21.947084427,b,l
2228069,2892.34000,1.81371193,2025-01-07 14:44:21.947084427,b,l
2228070,2886.34000,0.01552173,2025-01-07 14:47:06.223237991,s,l
2228071,2886.71000,0.90569250,2025-01-07 14:48:05.938390255,s,l
2228072,2886.51000,0.08872444,2025-01-07 14:48:05.938390255,s,l
2228073,2889.04000,0.05777154,2025-01-07 14:48:21.807319880,s,m
2228074,2888.81000,0.47381600,2025-01-07 14:49:40.762469053,b,l
2228075,2888.82000,0.41000000,2025-01-07 14:49:40.762469053,b,l
2228076,2888.90000,0.12922728,2025-01-07 14:49:40.762469292,b,l
2228077,2887.98000,0.03609962,2025-01-07 14:51:29.076676846,s,l
2228078,2890.18000,0.00478594,2025-01-07 14:52:07.787247181,b,l
2228079,2889.97000,0.00173101,2025-01-07 14:52:09.513603210,s,l
2228080,2891.95000,0.08650369,2025-01-07 14:52:42.335815907,b,l
2228081,2892.46000,0.08169305,2025-01-07 14:52:51.490220785,b,l
2228082,2892.25000,0.09463230,2025-01-07 14:53:17.040065050,s,l
2228083,2890.03000,0.01864557,2025-01-07 14:53:47.563386440,s,l
2228084,2884.73000,0.03369892,2025-01-07 14:53:51.841534138,b,l
2228085,2887.64000,0.00804157,2025-01-07 14:55:08.676500082,b,l
2228086,2884.12000,0.17336310,2025-01-07 14:56:18.533019066,s,l
2228087,2879.96000,1.65539573,2025-01-07 14:56:23.153796434,s,l
2228088,2878.99000,0.24982720,2025-01-07 14:57:18.968165636,s,l
2228089,2879.00000,0.02840000,2025-01-07 14:57:23.479995728,b,l
2228090,2880.69000,0.41139298,2025-01-07 14:57:48.850589037,b,l
2228091,2882.67000,0.17331022,2025-01-07 14:58:08.114567995,b,l
2228092,2882.11000,0.00170920,2025-01-07 14:58:13.887965918,b,l
2228093,2881.81000,0.65000000,2025-01-07 14:58:15.713540077,s,l
2228094,2878.40000,0.03474152,2025-01-07 14:58:50.128828287,s,l
2228095,2878.17000,0.75156088,2025-01-07 14:59:11.271678448,s,l
2228096,2877.54000,0.09349956,2025-01-07 14:59:12.147303820,s,l
2228097,2877.15000,0.03122076,2025-01-07 14:59:12.150551319,s,l
2228098,2875.10000,0.02840000,2025-01-07 14:59:13.171792269,s,l
2228099,2873.16000,1.52904196,2025-01-07 14:59:13.186450243,s,l
2228100,2872.79000,0.00200000,2025-01-07 14:59:13.186450243,s,l
2228101,2871.55000,0.08270200,2025-01-07 14:59:13.286421061,s,m
2228102,2869.23000,0.30239800,2025-01-07 14:59:13.286421061,s,m
2228103,2869.21000,0.01636374,2025-01-07 14:59:14.066713095,s,l
2228104,2868.86000,0.09378245,2025-01-07 14:59:14.184982777,s,l
2228105,2868.45000,0.03716892,2025-01-07 14:59:14.293360949,s,m
2228106,2868.45000,0.05670756,2025-01-07 14:59:16.554250240,s,l
2228107,2866.81000,0.33853547,2025-01-07 14:59:16.566059113,s,l
2228108,2862.16000,0.28297708,2025-01-07 14:59:17.792168379,s,m
2228109,2862.15000,0.62026897,2025-01-07 14:59:17.792168379,s,m
2228110,2861.06000,0.08284300,2025-01-07 14:59:17.792168379,s,m
2228111,2860.20000,0.02612735,2025-01-07 14:59:17.792168379,s,m
2228112,2860.21000,0.30716200,2025-01-07 14:59:17.891259909,b,l
2228113,2860.20000,0.06793905,2025-01-07 14:59:17.902081728,s,l
2228114,2860.20000,1.66383281,2025-01-07 14:59:18.186372995,b,l
2228115,2860.21000,0.45376645,2025-01-07 14:59:18.186372995,b,l
2228116,2857.02000,0.30716200,2025-01-07 14:59:19.917933941,s,l
2228117,2857.05000,0.25860061,2025-01-07 14:59:20.174105406,s,l
2228118,2857.04000,0.22987498,2025-01-07 14:59:20.174105644,s,l
2228119,2857.00000,0.52196709,2025-01-07 14:59:20.174105644,s,l
2228120,2852.58000,0.25006900,2025-01-07 14:59:21.086317778,s,l
2228121,2852.57000,1.64784265,2025-01-07 14:59:21.086317778,s,l
2228122,2852.49000,0.04618204,2025-01-07 14:59:21.086318016,s,l
2228123,2852.49000,0.04348300,2025-01-07 14:59:21.086318016,s,l
2228124,2851.57000,0.09435109,2025-01-07 14:59:21.092629910,s,l
2228125,2850.01000,0.00665711,2025-01-07 14:59:21.097674608,s,l
2228126,2850.00000,0.43859649,2025-01-07 14:59:21.097674608,s,l
2228127,2850.00000,0.03000000,2025-01-07 14:59:21.097674608,s,l
2228128,2850.00000,0.01754385,2025-01-07 14:59:21.097674608,s,l
2228129,2850.00000,0.28070175,2025-01-07 14:59:21.097674608,s,l
2228130,2845.64000,0.41000000,2025-01-07 14:59:21.629001141,s,l
2228131,2845.55000,0.25068680,2025-01-07 14:59:21.629001141,s,l
2228132,2845.54000,0.09463230,2025-01-07 14:59:21.629001141,s,l
2228133,2843.66000,0.41000000,2025-01-07 14:59:21.814434052,b,l
2228134,2843.66000,0.41000000,2025-01-07 14:59:21.831709146,b,l
2228135,2843.66000,0.15623722,2025-01-07 14:59:21.844244480,b,l
2228136,2843.66000,0.41000000,2025-01-07 14:59:21.846969604,b,l
2228137,2844.15000,0.15621030,2025-01-07 14:59:22.131888866,s,l
2228138,2843.27000,0.00510897,2025-01-07 14:59:22.143427134,s,l
2228139,2842.96000,0.09463683,2025-01-07 14:59:22.658832550,s,l
2228140,2841.70000,0.00992985,2025-01-07 14:59:22.800024271,s,m
2228141,2840.56000,3.99007015,2025-01-07 14:59:22.800024271,s,m
2228142,2840.56000,3.64987802,2025-01-07 14:59:22.969221830,s,l
2228143,2834.90000,1.06618469,2025-01-07 14:59:23.735848904,b,l
2228144,2842.96000,0.77678731,2025-01-07 14:59:23.735848904,b,l
2228145,2834.90000,0.01424908,2025-01-07 14:59:23.801446199,s,m
2228146,2834.88000,0.03216633,2025-01-07 14:59:24.693683863,s,l
2228147,2834.38000,0.09492331,2025-01-07 14:59:24.996806383,s,l
2228148,2830.01000,1.41149269,2025-01-07 14:59:25.472176552,b,l
2228149,2830.00000,0.00557620,2025-01-07 14:59:26.693512201,s,l
2228150,2827.05000,0.92704760,2025-01-07 14:59:27.185721397,b,l
2228151,2827.04000,0.30716200,2025-01-07 14:59:27.270511150,s,l
2228152,2832.59000,0.00608356,2025-01-07 14:59:27.589186907,b,m
2228153,2827.00000,1.00000000,2025-01-07 14:59:28.031522989,s,l
2228154,2827.00000,0.68113401,2025-01-07 14:59:28.031522989,s,l
2228155,2827.01000,0.10000000,2025-01-07 14:59:28.176219225,b,l
2228156,2827.00000,0.31886599,2025-01-07 14:59:28.243153572,s,l
2228157,2825.84000,0.92524750,2025-01-07 14:59:28.472119808,b,l
2228158,2825.83000,0.09521051,2025-01-07 14:59:28.733123064,s,l
2228159,2825.00000,1.30000000,2025-01-07 14:59:28.847984314,s,l
2228160,2825.00000,0.18936561,2025-01-07 14:59:28.847984314,s,l
2228161,2825.00000,1.08036890,2025-01-07 14:59:28.904776335,s,l
2228162,2824.00000,1.25000000,2025-01-07 14:59:29.061943769,s,l
2228163,2823.79000,0.04898399,2025-01-07 14:59:29.061943769,s,l
2228164,2822.95000,1.41366573,2025-01-07 14:59:29.124153614,s,l
2228165,2822.82000,0.09539396,2025-01-07 14:59:29.124153614,s,l
2228166,2822.53000,0.33391231,2025-01-07 14:59:29.124153614,s,l
2228167,2834.33000,0.97451704,2025-01-07 14:59:30.697584629,b,l
2228168,2834.34000,0.86845496,2025-01-07 14:59:30.697584629,b,l
2228169,2833.75000,0.61432400,2025-01-07 14:59:32.214910984,b,l
2228170,2822.76000,0.53366467,2025-01-07 14:59:33.770222902,s,l
2228171,2822.69000,0.41000000,2025-01-07 14:59:33.770222902,s,l
2228172,2822.63000,0.89930733,2025-01-07 14:59:33.770222902,s,l
2228173,2833.58000,0.05000000,2025-01-07 14:59:34.089666128,b,l
2228174,2833.55000,0.30716200,2025-01-07 14:59:35.967671633,b,l
2228175,2834.34000,0.30716200,2025-01-07 14:59:37.574239731,b,l
2228176,2834.34000,1.10910901,2025-01-07 14:59:37.746951580,b,l
2228177,2834.34000,1.10910901,2025-01-07 14:59:37.947336912,b,l
2228178,2837.84000,0.08332100,2025-01-07 14:59:38.200496674,b,l
2228179,2842.03000,1.68123118,2025-01-07 14:59:39.075801849,b,l
2228180,2842.04000,0.08319900,2025-01-07 14:59:39.075801849,b,l
2228181,2842.04000,0.07854182,2025-01-07 14:59:39.075801849,b,l
2228182,2849.57000,0.00693099,2025-01-07 14:59:44.464677334,b,l
2228183,2844.69000,0.02289278,2025-01-07 14:59:45.979148626,s,l
2228184,2844.19000,0.08312000,2025-01-07 14:59:46.006260872,s,l
2228185,2844.69000,1.67546478,2025-01-07 14:59:46.040256262,b,l
2228186,2844.70000,1.40353974,2025-01-07 14:59:46.040256262,b,l
2228187,2849.57000,0.09509625,2025-01-07 14:59:53.297075033,s,l
2228188,2849.91000,1.40259449,2025-01-07 14:59:56.429719210,b,l
2228189,2850.02000,0.75574748,2025-01-07 14:59:59.630077124,s,l
2228190,2853.73000,0.47600000,2025-01-07 15:00:06.989778042,s,l
2228191,2853.73000,0.41000000,2025-01-07 15:00:07.019054651,s,l
2228192,2857.03000,0.02840000,2025-01-07 15:00:13.287467003,b,l
2228193,2857.03000,0.22756288,2025-01-07 15:00:13.287467003,b,l
2228194,2857.05000,0.09480941,2025-01-07 15:00:13.287467003,b,l
2228195,2856.80000,0.44586127,2025-01-07 15:00:19.347831249,s,l
2228196,2862.64000,0.35124816,2025-01-07 15:00:25.267955065,b,l
2228197,2853.08000,0.03453283,2025-01-07 15:00:58.846470356,b,l
2228198,2853.17000,0.08632693,2025-01-07 15:00:58.948587656,b,l
2228199,2853.17000,0.17265387,2025-01-07 15:00:58.952124596,b,l
2228200,2853.16000,0.03000000,2025-01-07 15:00:58.962646246,b,l
2228201,2853.23000,0.08632512,2025-01-07 15:00:59.372526646,b,l
2228202,2853.23000,0.34530048,2025-01-07 15:00:59.380368948,b,l
2228203,2849.68000,0.09539396,2025-01-07 15:01:01.169322491,s,l
2228204,2854.43000,0.21014731,2025-01-07 15:01:03.792096138,b,l
2228205,2850.00000,0.05000000,2025-01-07 15:01:46.089165211,s,l
2228206,2845.66000,0.02840000,2025-01-07 15:01:47.875261545,s,l
2228207,2838.86000,0.01422269,2025-01-07 15:01:50.847492695,s,l
2228208,2834.38000,0.09492331,2025-01-07 15:01:52.576898336,s,l
2228209,2834.01000,0.01351446,2025-01-07 15:01:52.576898336,s,l
2228210,2834.39000,0.35087103,2025-01-07 15:01:52.689463377,b,l
2228211,2840.30000,0.23275284,2025-01-07 15:02:02.720100880,b,l
2228212,2840.30000,0.19804368,2025-01-07 15:02:02.926850080,b,l
2228213,2840.30000,0.18913405,2025-01-07 15:02:03.276089191,b,l
2228214,2847.29000,0.08310600,2025-01-07 15:02:06.777067423,b,l
2228215,2849.80000,0.02840000,2025-01-07 15:02:37.403911591,s,l
2228216,2853.85000,0.39504961,2025-01-07 15:02:50.034172773,s,l
2228217,2853.84000,0.16495039,2025-01-07 15:02:50.034172773,s,l
2228218,2857.05000,0.09480941,2025-01-07 15:02:57.110833406,b,l
2228219,2861.28000,0.06548875,2025-01-07 15:03:05.768257618,b,l
2228220,2860.93000,1.00000000,2025-01-07 15:03:09.476302385,b,l
2228221,2848.10000,1.40464555,2025-01-07 15:04:27.510329247,b,l
2228222,2849.19000,1.11468895,2025-01-07 15:04:27.510329247,b,l
2228223,2848.21000,0.03384000,2025-01-07 15:04:53.998410225,s,l
2228224,2848.16000,0.35110510,2025-01-07 15:05:05.187469482,b,l
2228225,2842.46000,0.02432107,2025-01-07 15:05:37.029185534,b,l
2228226,2846.74000,0.00309765,2025-01-07 15:05:58.414639235,b,l
2228227,2847.27000,0.03216633,2025-01-07 15:06:13.178952456,b,l
2228228,2840.01000,0.70422287,2025-01-07 15:07:26.207107067,s,l
2228229,2834.39000,0.61236741,2025-01-07 15:07:26.473721981,s,m
2228230,2834.38000,0.09492331,2025-01-07 15:07:26.473721981,s,m
2228231,2833.92000,0.08327700,2025-01-07 15:07:26.473721981,s,m
2228232,2832.41000,0.20943228,2025-01-07 15:07:26.473721981,s,m
2228233,2832.37000,0.69366183,2025-01-07 15:07:32.548742771,s,l
2228234,2832.36000,2.00000000,2025-01-07 15:07:32.548742771,s,l
2228235,2827.48000,0.01087692,2025-01-07 15:07:37.214939833,s,l
2228236,2825.83000,0.09521051,2025-01-07 15:07:37.806999922,s,l
2228237,2822.82000,0.09539396,2025-01-07 15:07:38.416142941,s,l
2228238,2821.43000,0.03183733,2025-01-07 15:07:38.419418573,s,l
2228239,2820.62000,0.08338900,2025-01-07 15:07:38.419418573,s,l
2228240,2820.00000,1.00000000,2025-01-07 15:07:38.420316696,s,l
2228241,2820.00000,0.03546099,2025-01-07 15:07:38.420316935,s,l
2228242,2817.30000,0.09549878,2025-01-07 15:07:40.427721977,s,l
2228243,2812.34000,0.09551654,2025-01-07 15:07:44.256055593,b,l
2228244,2812.34000,1.32798909,2025-01-07 15:07:44.260517836,b,l
2228245,2812.54000,1.42328428,2025-01-07 15:07:44.260517836,b,l
2228246,2822.96000,0.00854039,2025-01-07 15:07:56.515265226,b,l
2228247,2822.95000,0.00530592,2025-01-07 15:07:56.584346294,b,l
2228248,2834.93000,0.08331300,2025-01-07 15:08:19.383852482,b,l
2228249,2834.00000,0.03786934,2025-01-07 15:09:02.560093641,s,l
2228250,2833.99000,0.23235665,2025-01-07 15:09:05.052307367,s,l
2228251,2830.59000,1.69274045,2025-01-07 15:09:05.052307367,s,l
2228252,2830.58000,0.41000000,2025-01-07 15:09:05.052307367,s,l
2228253,2830.26000,0.02956657,2025-01-07 15:09:05.052307367,s,l
2228254,2830.25000,0.62200145,2025-01-07 15:09:05.052307367,s,l
2228255,2829.11000,0.21844230,2025-01-07 15:09:05.052307606,s,l
2228256,2829.10000,0.39628425,2025-01-07 15:09:05.052307606,s,l
2228257,2825.24000,0.01646352,2025-01-07 15:09:27.392660618,b,l
2228258,2831.52000,0.08334700,2025-01-07 15:10:04.645541191,b,l
2228259,2835.48000,1.05074273,2025-01-07 15:10:17.792784929,b,m
2228260,2826.52000,0.01643118,2025-01-07 15:10:37.394725800,b,l
2228261,2830.08000,1.00000000,2025-01-07 15:11:12.681767702,s,m
2228262,2833.20000,0.00823532,2025-01-07 15:11:26.878849268,b,l
2228263,2829.02000,0.51878575,2025-01-07 15:12:44.318944454,s,m
2228264,2830.47000,0.00652674,2025-01-07 15:14:02.270102978,b,l
2228265,2825.12000,0.08849182,2025-01-07 15:14:12.370984554,b,m
2228266,2826.00000,0.80000000,2025-01-07 15:14:51.024560213,b,l
2228267,2824.99000,0.01171482,2025-01-07 15:15:14.253420353,b,l
2228268,2815.82000,0.07485919,2025-01-07 15:15:49.789657116,b,m
2228269,2810.00000,10.00000000,2025-01-07 15:15:54.589977741,s,l
2228270,2809.91000,0.00241545,2025-01-07 15:15:54.610252142,s,l
2228271,2809.45000,0.00355941,2025-01-07 15:15:54.630345583,s,l
2228272,2808.80000,0.09578778,2025-01-07 15:15:54.655263424,s,l
2228273,2806.59000,0.00847586,2025-01-07 15:15:55.056345224,s,l
2228274,2808.35000,1.70544471,2025-01-07 15:15:58.328127146,b,l
2228275,2808.36000,1.50000000,2025-01-07 15:15:58.328127384,b,l
2228276,2823.08000,0.00918955,2025-01-07 15:16:12.867358685,s,l
2228277,2816.53000,0.82814207,2025-01-07 15:17:57.126083851,b,l
2228278,2816.52000,0.02840000,2025-01-07 15:17:57.586636543,s,m
2228279,2814.39000,1.69814946,2025-01-07 15:17:57.586636543,s,m
2228280,2814.38000,1.42164996,2025-01-07 15:17:57.586636543,s,m
2228281,2814.17000,0.01046459,2025-01-07 15:17:57.586636543,s,m
2228282,2814.14000,0.41000000,2025-01-07 15:17:57.586636543,s,m
2228283,2814.01000,0.00174564,2025-01-07 15:17:57.586636543,s,m
2228284,2822.45000,0.03448330,2025-01-07 15:18:52.719350576,b,l
2228285,2821.73000,0.08728849,2025-01-07 15:18:55.705873728,b,l
2228286,2820.93000,0.58800000,2025-01-07 15:18:56.557445526,s,l
2228287,2820.93000,0.41000000,2025-01-07 15:18:56.572957039,s,l
2228288,2820.94000,0.41000000,2025-01-07 15:18:56.607632160,s,l
2228289,2816.70000,0.44379748,2025-01-07 15:19:11.426873922,s,m
2228290,2816.25000,0.37214000,2025-01-07 15:19:17.950649738,s,l
2228291,2826.16000,0.01075090,2025-01-07 15:19:40.622439146,b,l
2228292,2831.19000,1.03184479,2025-01-07 15:20:20.222384453,b,l
2228293,2825.00000,0.05309734,2025-01-07 15:20:41.140837193,s,l
2228294,2817.53000,0.00069935,2025-01-07 15:22:50.326201916,b,l
2228295,2815.82000,0.18183527,2025-01-07 15:23:46.362566710,s,l
2228296,2820.98000,0.00322818,2025-01-07 15:25:43.102452755,b,l
2228297,2823.61000,0.06632658,2025-01-07 15:26:05.490629673,b,l
2228298,2823.61000,0.08818144,2025-01-07 15:26:05.491492510,b,m
2228299,2820.48000,1.15339404,2025-01-07 15:26:16.671769381,b,l
2228300,2820.49000,0.92111203,2025-01-07 15:26:16.671769381,b,l
2228301,2824.88000,0.00609984,2025-01-07 15:27:35.005031109,b,l
2228302,2824.73000,0.18891839,2025-01-07 15:27:40.123449802,s,m
2228303,2819.70000,0.26206031,2025-01-07 15:29:35.238466501,b,l
2228304,2820.75000,1.41736945,2025-01-07 15:29:35.238466501,b,l
2228305,2820.97000,0.90569250,2025-01-07 15:29:35.238466501,b,l
2228306,2820.98000,0.23322061,2025-01-07 15:29:35.238466501,b,l
2228307,2821.36000,1.41706362,2025-01-07 15:29:35.238466501,b,l
2228308,2822.38000,0.62187589,2025-01-07 15:29:35.238466501,b,l
2228309,2822.39000,1.41654420,2025-01-07 15:29:35.238466501,b,l
2228310,2822.75000,1.41636286,2025-01-07 15:29:35.238466501,b,l
2228311,2822.82000,1.04139361,2025-01-07 15:29:35.238466501,b,l
2228312,2818.15000,0.53226407,2025-01-07 15:29:42.822266817,b,m
2228313,2818.95000,0.00172531,2025-01-07 15:31:02.022895813,b,l
2228314,2816.46000,0.01650786,2025-01-07 15:31:10.562471867,b,l
2228315,2816.62000,0.00495743,2025-01-07 15:31:22.635845900,b,l
2228316,2816.62000,0.12658878,2025-01-07 15:31:23.219247580,b,l
2228317,2816.63000,0.04830662,2025-01-07 15:31:23.219247580,b,l
2228318,2814.74000,0.01653892,2025-01-07 15:31:25.834209681,b,l
2228319,2814.67000,0.12945862,2025-01-07 15:31:45.295239925,s,m
2228320,2812.50000,0.06033636,2025-01-07 15:31:53.439211845,s,l
2228321,2811.39000,0.06600330,2025-01-07 15:32:12.846179962,s,l
2228322,2815.55000,0.10389036,2025-01-07 15:32:32.095223427,b,m
2228323,2815.56000,1.13920197,2025-01-07 15:32:32.095223427,b,m
2228324,2813.83000,0.00525203,2025-01-07 15:34:00.033964396,b,l
2228325,2809.37000,0.25565000,2025-01-07 15:34:57.741192102,s,m
2228326,2809.37000,0.01143000,2025-01-07 15:34:57.741192102,s,m
2228327,2809.37000,0.01818000,2025-01-07 15:34:57.741192102,s,m
2228328,2809.37000,0.01818000,2025-01-07 15:34:57.741192102,s,m
2228329,2809.37000,0.01818000,2025-01-07 15:34:57.741192102,s,m
2228330,2809.37000,0.01818000,2025-01-07 15:34:57.741192341,s,m
2228331,2809.37000,0.01818000,2025-01-07 15:34:57.741192341,s,m
2228332,2809.37000,0.01537000,2025-01-07 15:34:57.741192341,s,m
2228333,2809.37000,0.01537000,2025-01-07 15:34:57.741192341,s,m
2228334,2809.37000,0.01538000,2025-01-07 15:34:57.741192341,s,m
2228335,2809.37000,0.01540000,2025-01-07 15:34:57.741192341,s,m
2228336,2809.37000,0.02306000,2025-01-07 15:34:57.741192341,s,m
2228337,2809.37000,0.02307000,2025-01-07 15:34:57.741192341,s,m
2228338,2809.37000,0.00769000,2025-01-07 15:34:57.741192341,s,m
2228339,2809.37000,0.00769000,2025-01-07 15:34:57.741192341,s,m
2228340,2809.37000,0.00769000,2025-01-07 15:34:57.741192341,s,m
2228341,2809.37000,0.00769000,2025-01-07 15:34:57.741192341,s,m
2228342,2809.37000,0.00770000,2025-01-07 15:34:57.741192341,s,m
2228343,2809.37000,0.00773000,2025-01-07 15:34:57.741192341,s,m
2228344,2809.37000,0.00778000,2025-01-07 15:34:57.741192341,s,m
2228345,2809.37000,0.02285000,2025-01-07 15:34:57.741192341,s,m
2228346,2809.37000,0.02285000,2025-01-07 15:34:57.741192341,s,m
2228347,2809.37000,0.02286000,2025-01-07 15:34:57.741192341,s,m
2228348,2809.37000,0.02290000,2025-01-07 15:34:57.741192341,s,m
2228349,2809.37000,0.02296000,2025-01-07 15:34:57.741192341,s,m
2228350,2809.37000,0.02307000,2025-01-07 15:34:57.741192579,s,m
2228351,2809.37000,0.02323000,2025-01-07 15:34:57.741192579,s,m
2228352,2809.37000,0.02346000,2025-01-07 15:34:57.741192579,s,m
2228353,2809.37000,0.02376000,2025-01-07 15:34:57.741192579,s,m
2228354,2809.37000,0.02415000,2025-01-07 15:34:57.741192579,s,m
2228355,2809.37000,0.02463000,2025-01-07 15:34:57.741192579,s,m
2228356,2809.37000,0.02522000,2025-01-07 15:34:57.741192579,s,m
2228357,2809.37000,0.02593000,2025-01-07 15:34:57.741192579,s,m
2228358,2809.37000,0.02677000,2025-01-07 15:34:57.741192579,s,m
2228359,2809.37000,0.02775000,2025-01-07 15:34:57.741192579,s,m
2228360,2809.37000,0.01537000,2025-01-07 15:34:57.741192579,s,m
2228361,2809.37000,0.01538000,2025-01-07 15:34:57.741192579,s,m
2228362,2809.37000,0.01540000,2025-01-07 15:34:57.741192579,s,m
2228363,2809.37000,0.01545000,2025-01-07 15:34:57.741192579,s,m
2228364,2805.90000,0.66713753,2025-01-07 15:35:31.029608727,b,l
2228365,2806.16000,0.08370200,2025-01-07 15:36:03.998698473,b,l
2228366,2807.44000,0.02840000,2025-01-07 15:36:12.786677599,b,l
2228367,2811.90000,0.03136035,2025-01-07 15:36:17.425810099,b,l
2228368,2810.98000,0.36965745,2025-01-07 15:36:41.112602711,b,l
2228369,2810.99000,0.29596076,2025-01-07 15:36:41.112602711,b,l
2228370,2808.29000,0.02290537,2025-01-07 15:36:52.217666388,b,l
2228371,2812.42000,0.33293860,2025-01-07 15:37:35.841845512,b,l
2228372,2805.47000,1.50000000,2025-01-07 15:38:10.699583769,b,m
2228373,2807.84000,0.28199434,2025-01-07 15:38:10.699583769,b,m
2228374,2806.32000,0.02840000,2025-01-07 15:38:29.622927427,s,l
2228375,2805.81000,0.08372700,2025-01-07 15:38:42.415694237,b,l
2228376,2804.38000,1.50000000,2025-01-07 15:38:55.245090961,b,l
2228377,2805.91000,0.68168249,2025-01-07 15:38:55.245091200,b,l
2228378,2805.92000,1.30133824,2025-01-07 15:38:55.245091200,b,l
2228379,2803.00000,0.71352122,2025-01-07 15:39:11.154365301,s,l
2228380,2801.92000,0.08382300,2025-01-07 15:39:11.311837435,s,l
2228381,2800.32000,0.09607785,2025-01-07 15:39:11.514959811,s,l
2228382,2800.28000,0.09616181,2025-01-07 15:39:11.514959811,s,l
2228383,2800.00000,0.08928571,2025-01-07 15:39:11.536815166,s,l
2228384,2800.00000,0.03571428,2025-01-07 15:39:11.536815166,s,l
2228385,2800.00000,0.05357142,2025-01-07 15:39:11.536815166,s,l
2228386,2801.93000,0.08381800,2025-01-07 15:39:11.571764231,s,l
2228387,2795.57000,0.08394700,2025-01-07 15:39:12.109017134,s,l
2228388,2795.56000,2.08095762,2025-01-07 15:39:12.109017134,s,l
2228389,2795.00000,0.05000000,2025-01-07 15:39:12.145148993,s,l
2228390,2793.21000,0.79411906,2025-01-07 15:39:12.291434526,s,l
2228391,2793.09000,0.05199851,2025-01-07 15:39:12.299278498,s,l
2228392,2792.00000,0.17908309,2025-01-07 15:39:12.557182074,s,l
2228393,2791.87000,0.09636864,2025-01-07 15:39:12.557182074,s,l
2228394,2790.39000,0.01421683,2025-01-07 15:39:12.632591009,s,l
2228395,2790.00000,0.01792114,2025-01-07 15:39:12.649178505,s,l
2228396,2790.40000,0.07729400,2025-01-07 15:39:13.062074900,s,m
2228397,2787.69000,0.45497007,2025-01-07 15:39:13.062074900,s,m
2228398,2783.50000,1.69917140,2025-01-07 15:39:14.974703312,s,l
2228399,2783.44000,0.09666051,2025-01-07 15:39:14.974703312,s,l
2228400,2780.00000,0.00996015,2025-01-07 15:39:14.981255293,s,l
2228401,2780.00000,0.07194244,2025-01-07 15:39:14.981255293,s,l
2228402,2780.00000,0.53956834,2025-01-07 15:39:14.981255293,s,l
2228403,2777.92000,0.09693583,2025-01-07 15:39:14.982721329,s,l
2228404,2777.39000,1.65206607,2025-01-07 15:39:14.984009743,s,l
2228405,2777.37000,1.50000000,2025-01-07 15:39:14.984009743,s,l
2228406,2779.81000,0.05000000,2025-01-07 15:39:15.020124435,b,l
2228407,2793.22000,0.00324226,2025-01-07 15:39:16.219453335,b,l
2228408,2785.67000,1.69771706,2025-01-07 15:39:18.061653137,s,m
2228409,2785.66000,2.00000000,2025-01-07 15:39:18.061653137,s,m
2228410,2780.00000,0.41000000,2025-01-07 15:39:18.061653137,s,m
2228411,2779.83000,1.43948967,2025-01-07 15:39:18.061653376,s,m
2228412,2779.83000,1.43948967,2025-01-07 15:39:18.061653376,s,m
2228413,2779.83000,1.43948967,2025-01-07 15:39:18.061653376,s,m
2228414,2779.83000,3.51394730,2025-01-07 15:39:18.061653376,s,m
2228415,2780.35000,0.88867451,2025-01-07 15:39:28.366824627,s,l
2228416,2780.34000,1.50000000,2025-01-07 15:39:28.366824627,s,l
2228417,2775.04000,0.09695310,2025-01-07 15:39:29.694634438,s,l
2228418,2772.85000,0.57182601,2025-01-07 15:39:29.872483253,s,l
2228419,2772.84000,2.68176448,2025-01-07 15:39:29.874155283,s,l
2228420,2767.58000,0.01156683,2025-01-07 15:39:30.582540274,s,l
2228421,2766.79000,0.03246607,2025-01-07 15:39:31.228935719,s,l
2228422,2766.67000,0.09724641,2025-01-07 15:39:31.228935719,s,l
2228423,2760.48000,0.48377378,2025-01-07 15:39:31.581954241,s,m
2228424,2760.47000,0.05579456,2025-01-07 15:39:31.581954241,s,m
2228425,2764.84000,0.08412600,2025-01-07 15:39:36.794598341,b,l
2228426,2776.63000,0.90517069,2025-01-07 15:39:54.539580584,b,l
2228427,2775.86000,0.06598340,2025-01-07 15:39:55.589469671,s,l
2228428,2776.12000,0.01989053,2025-01-07 15:39:56.602203608,b,l
2228429,2776.62000,0.02840000,2025-01-07 15:39:58.968821049,b,l
2228430,2782.24000,0.00375597,2025-01-07 15:40:05.517614841,b,m
2228431,2781.15000,0.00664355,2025-01-07 15:40:13.809140205,b,l
2228432,2779.66000,0.01841639,2025-01-07 15:40:13.937253952,s,l
2228433,2777.99000,0.22749504,2025-01-07 15:40:15.225797892,s,l
2228434,2777.98000,0.41000000,2025-01-07 15:40:15.225797892,s,l
2228435,2777.79000,0.47099580,2025-01-07 15:40:15.225797892,s,l
2228436,2782.91000,0.00331779,2025-01-07 15:40:27.319256783,b,l
2228437,2779.96000,0.14155889,2025-01-07 15:40:41.698148251,s,l
2228438,2779.96000,0.03485128,2025-01-07 15:41:02.744362116,s,l
2228439,2778.28000,0.56486865,2025-01-07 15:41:05.850538254,s,l
2228440,2777.49000,0.00709433,2025-01-07 15:41:11.238261223,b,l
2228441,2777.49000,0.03547166,2025-01-07 15:41:11.247361183,b,l
2228442,2777.80000,0.71276449,2025-01-07 15:41:35.883960247,b,l
2228443,2781.02000,1.50000000,2025-01-07 15:41:45.654160500,b,l
2228444,2778.87000,0.00387000,2025-01-07 15:42:07.137678146,s,l
2228445,2773.62000,0.02840000,2025-01-07 15:42:17.855682611,s,l
2228446,2773.58000,0.23749352,2025-01-07 15:42:17.869763136,s,l
2228447,2770.60000,0.01235747,2025-01-07 15:42:19.227685213,s,l
2228448,2769.35000,0.04199765,2025-01-07 15:42:22.037834167,b,l
2228449,2764.84000,0.01537000,2025-01-07 15:42:23.088378668,s,m
2228450,2763.93000,1.05165183,2025-01-07 15:42:23.088378668,s,m
2228451,2760.24000,0.05524822,2025-01-07 15:42:30.543713570,s,l
2228452,2758.32000,0.09754079,2025-01-07 15:42:30.689094782,s,l
2228453,2755.73000,0.09771639,2025-01-07 15:42:30.837076187,s,l
2228454,2755.30000,0.01538000,2025-01-07 15:42:31.061539650,s,l
2228455,2752.73000,0.08428400,2025-01-07 15:42:31.337462664,s,l
2228456,2750.53000,0.00727132,2025-01-07 15:42:31.350043535,s,l
2228457,2750.01000,0.08599743,2025-01-07 15:42:31.350043535,s,l
2228458,2750.00000,0.25818181,2025-01-07 15:42:31.350043535,s,l
2228459,2750.00000,0.18518518,2025-01-07 15:42:31.350043535,s,l
2228460,2750.00000,0.09783590,2025-01-07 15:42:31.350043535,s,l
2228461,2748.83000,0.01057197,2025-01-07 15:42:31.752014399,s,l
2228462,2745.77000,0.01540000,2025-01-07 15:42:32.110193014,s,l
2228463,2743.20000,0.15898293,2025-01-07 15:42:32.201229095,s,l
2228464,2742.03000,0.03340085,2025-01-07 15:42:32.235703468,s,l
2228465,2742.02000,0.00247525,2025-01-07 15:42:32.235703468,s,l
2228466,2739.87000,0.03278506,2025-01-07 15:42:32.241230726,s,l
2228467,2743.00000,0.15899453,2025-01-07 15:42:32.248282433,s,l
2228468,2748.68000,0.00613729,2025-01-07 15:42:32.422027349,b,m
2228469,2736.27000,0.03104455,2025-01-07 15:42:34.741354704,s,m
2228470,2736.23000,0.01545000,2025-01-07 15:42:49.400420904,s,l
2228471,2742.57000,0.01685693,2025-01-07 15:42:50.810157537,b,l
2228472,2745.44000,0.04225448,2025-01-07 15:43:04.428733587,b,l
2228473,2745.44000,0.04209652,2025-01-07 15:43:04.431592941,b,l
2228474,2755.42000,0.89868805,2025-01-07 15:43:08.792580128,b,m
2228475,2754.40000,0.00840911,2025-01-07 15:43:11.230669975,s,l
2228476,2755.17000,0.16650003,2025-01-07 15:43:23.529884814,s,l
2228477,2756.11000,0.05938885,2025-01-07 15:43:26.598095894,s,l
2228478,2753.50000,0.01763583,2025-01-07 15:43:46.530646085,b,l
2228479,2758.48000,0.02840000,2025-01-07 15:44:24.575572729,s,l
2228480,2763.49000,0.03377968,2025-01-07 15:44:25.671005249,b,l
2228481,2760.74000,0.07237277,2025-01-07 15:44:27.499205351,b,l
2228482,2763.39000,0.01004835,2025-01-07 15:44:29.243344307,b,l
2228483,2765.73000,0.17807056,2025-01-07 15:44:40.793962717,b,l
2228484,2761.29000,0.00202020,2025-01-07 15:44:58.677064657,b,l
2228485,2760.52000,0.08134679,2025-01-07 15:45:03.193135977,s,m
2228486,2760.52000,0.15730852,2025-01-07 15:45:03.392064333,s,l
2228487,2758.19000,0.23885691,2025-01-07 15:45:04.164050341,s,l
2228488,2756.04000,0.20000000,2025-01-07 15:45:04.838500500,s,l
2228489,2755.16000,0.02840000,2025-01-07 15:45:05.101564169,s,l
2228490,2757.69000,0.00035200,2025-01-07 15:45:06.266309738,b,l
2228491,2754.51000,0.06757606,2025-01-07 15:45:08.773369312,b,l
2228492,2752.98000,0.00674024,2025-01-07 15:45:17.028851032,b,l
2228493,2745.01000,0.00990346,2025-01-07 15:45:19.108458996,b,l
2228494,2745.01000,0.00645048,2025-01-07 15:45:19.177325964,b,l
2228495,2745.01000,0.01875857,2025-01-07 15:45:20.276741266,b,l
2228496,2746.15000,0.01627217,2025-01-07 15:45:21.192250013,b,l
2228497,2746.15000,0.01460466,2025-01-07 15:45:21.376936197,b,l
2228498,2746.15000,0.01460466,2025-01-07 15:45:21.576763391,b,l
2228499,2748.24000,0.01431946,2025-01-07 15:45:22.272314072,b,l
2228500,2748.24000,0.01412975,2025-01-07 15:45:22.719587088,b,l
2228501,2748.24000,0.05588379,2025-01-07 15:45:22.828267336,b,l
2228502,2752.79000,0.63074044,2025-01-07 15:45:25.860208750,b,l
2228503,2752.00000,0.01299780,2025-01-07 15:45:28.782499075,s,l
2228504,2751.99000,1.81686706,2025-01-07 15:45:28.782499075,s,l
2228505,2751.98000,1.00000000,2025-01-07 15:45:28.782499075,s,l
2228506,2750.41000,1.45591524,2025-01-07 15:45:28.782499075,s,l
2228507,2750.03000,6.63029709,2025-01-07 15:45:28.782499075,s,l
2228508,2758.92000,0.01331344,2025-01-07 15:45:37.148322344,s,l
2228509,2754.89000,0.23456555,2025-01-07 15:45:48.946101665,b,l
2228510,2761.13000,0.38681466,2025-01-07 15:45:59.516629219,b,l
2228511,2764.46000,0.89097118,2025-01-07 15:46:00.583992720,b,l
2228512,2761.33000,0.11121795,2025-01-07 15:46:00.961580753,s,l
2228513,2760.33000,0.25290608,2025-01-07 15:46:01.387360811,s,l
2228514,2760.30000,0.23873167,2025-01-07 15:46:01.387360811,s,l
2228515,2759.14000,0.08421700,2025-01-07 15:46:01.389860392,s,l
2228516,2758.89000,0.21612373,2025-01-07 15:46:01.391525984,s,l
2228517,2758.62000,0.62924073,2025-01-07 15:46:01.464737892,s,l
2228518,2750.00000,0.03595199,2025-01-07 15:46:08.280041456,s,l
2228519,2750.01000,0.23456555,2025-01-07 15:46:10.668796778,b,l
2228520,2749.01000,0.41000000,2025-01-07 15:46:13.535779238,b,l
2228521,2757.42000,0.02840000,2025-01-07 15:46:37.836597681,b,l
2228522,2758.99000,0.22520021,2025-01-07 15:46:41.542157412,s,l
2228523,2758.98000,1.00000000,2025-01-07 15:46:41.542157412,s,l
2228524,2758.97000,0.41000000,2025-01-07 15:46:41.542157412,s,l
2228525,2758.73000,0.13212979,2025-01-07 15:46:41.542157412,s,l
2228526,2759.81000,0.05354815,2025-01-07 15:46:43.721963882,b,l
2228527,2756.46000,0.07474655,2025-01-07 15:46:45.118596554,s,l
2228528,2761.86000,0.80000000,2025-01-07 15:46:50.729117393,b,l
2228529,2759.72000,0.00667161,2025-01-07 15:47:15.051909924,b,l
2228530,2758.66000,0.01448687,2025-01-07 15:47:21.668276072,b,l
2228531,2762.09000,0.01867417,2025-01-07 15:47:29.533976793,s,l
2228532,2761.02000,0.35205159,2025-01-07 15:47:38.752360106,b,l
2228533,2762.51000,0.03340085,2025-01-07 15:47:44.556133747,b,l
2228534,2757.76000,0.03516334,2025-01-07 15:48:04.484659910,b,l
2228535,2757.07000,0.00143634,2025-01-07 15:48:06.602966070,b,l
2228536,2758.39000,0.03521486,2025-01-07 15:48:16.065683125,b,l
2228537,2762.86000,0.00329835,2025-01-07 15:48:24.902982473,b,l
2228538,2759.37000,0.04411759,2025-01-07 15:48:31.712413311,s,l
2228539,2763.95000,0.09450000,2025-01-07 15:49:02.288067579,s,m
2228540,2772.00000,0.03427128,2025-01-07 15:49:36.680553198,b,m
2228541,2772.00000,0.06344722,2025-01-07 15:49:39.980754614,b,l
2228542,2774.24000,0.02028115,2025-01-07 15:50:04.670744896,b,l
2228543,2770.01000,0.03503404,2025-01-07 15:50:17.859424114,b,l
2228544,2770.00000,1.50000000,2025-01-07 15:50:17.879088402,s,l
2228545,2770.00000,0.30505415,2025-01-07 15:50:17.904680967,s,l
2228546,2766.10000,0.03713958,2025-01-07 15:50:26.093882561,s,l
2228547,2771.81000,0.00360538,2025-01-07 15:51:31.777996302,b,l
2228548,2770.58000,0.00243992,2025-01-07 15:51:44.179883242,b,m
2228549,2775.63000,0.01459488,2025-01-07 15:52:04.733714819,b,m
2228550,2776.84000,0.08394800,2025-01-07 15:52:19.244431019,b,l
2228551,2777.92000,0.09771639,2025-01-07 15:52:19.375858545,b,l
2228552,2779.74000,1.66976715,2025-01-07 15:52:19.455912590,b,l
2228553,2779.75000,2.68401409,2025-01-07 15:52:19.455912590,b,l
2228554,2780.38000,0.09742375,2025-01-07 15:52:19.461582661,b,l
2228555,2779.74000,1.66976715,2025-01-07 15:52:19.479959726,b,l
2228556,2779.74000,1.66976719,2025-01-07 15:52:19.546717405,b,l
2228557,2780.11000,0.08389500,2025-01-07 15:52:19.615664959,b,l
2228558,2780.49000,0.03274571,2025-01-07 15:52:19.615779638,b,l
2228559,2776.27000,0.08778749,2025-01-07 15:52:26.302408695,s,l
2228560,2780.56000,0.05236041,2025-01-07 15:52:48.588830233,b,l
2228561,2780.72000,0.10626422,2025-01-07 15:53:04.002157688,b,l
2228562,2777.66000,0.03599064,2025-01-07 15:53:08.029441595,b,l
2228563,2776.41000,0.00070971,2025-01-07 15:53:24.086356878,b,l
2228564,2776.35000,0.00609600,2025-01-07 15:53:24.993791580,b,l
2228565,2773.25000,0.01803087,2025-01-07 15:53:47.294402599,b,m
2228566,2773.45000,0.00360562,2025-01-07 15:54:07.538980722,b,m
2228567,2778.19000,0.00705820,2025-01-07 15:54:36.992330790,b,l
2228568,2774.85000,0.01673589,2025-01-07 15:55:31.056319475,b,l
2228569,2776.94000,0.36761165,2025-01-07 15:55:39.738693476,s,m
2228570,2776.08000,0.10517415,2025-01-07 15:55:48.830242872,b,l
2228571,2775.10000,0.09000000,2025-01-07 15:55:51.478786230,b,l
2228572,2776.22000,0.10603592,2025-01-07 15:56:13.588483334,s,l
2228573,2773.29000,0.03367914,2025-01-07 15:58:05.172215700,b,l
2228574,2773.29000,0.00582196,2025-01-07 15:58:12.320551157,b,l
2228575,2773.28000,0.61375699,2025-01-07 15:58:29.860012770,s,l
2228576,2773.24000,0.03605890,2025-01-07 15:58:29.860012770,s,l
2228577,2773.00000,0.00360259,2025-01-07 15:58:29.860012770,s,l
2228578,2771.34000,0.01450802,2025-01-07 15:58:41.102627516,s,l
2228579,2771.84000,0.74309481,2025-01-07 15:59:21.406328917,s,l
2228580,2771.67000,0.00291834,2025-01-07 15:59:29.067454815,b,l
2228581,2771.17000,1.50000000,2025-01-07 15:59:44.573131561,b,l
2228582,2771.21000,0.01755863,2025-01-07 15:59:49.257249355,b,l
2228583,2764.28000,0.01808789,2025-01-07 16:00:38.932770014,s,l
2228584,2762.28000,0.17793268,2025-01-07 16:00:50.372224808,b,l
2228585,2766.92000,0.03369798,2025-01-07 16:01:21.591473818,b,l
2228586,2768.66000,0.71840886,2025-01-07 16:01:45.712105513,b,m
2228587,2771.00000,0.55527557,2025-01-07 16:01:46.794396877,b,m
2228588,2765.18000,0.00185563,2025-01-07 16:02:15.927952528,s,l
2228589,2764.64000,0.04010287,2025-01-07 16:02:43.401237488,b,m
2228590,2763.23000,0.00704590,2025-01-07 16:02:59.657304049,b,l
2228591,2763.17000,0.03371767,2025-01-07 16:03:13.711702585,b,l
2228592,2763.15000,1.50000000,2025-01-07 16:03:19.486696005,b,m
2228593,2764.56000,0.80000000,2025-01-07 16:03:19.486696005,b,m
2228594,2766.25000,1.66017793,2025-01-07 16:03:19.486696005,b,m
2228595,2766.26000,1.44590015,2025-01-07 16:03:19.486696005,b,m
2228596,2766.88000,0.08409700,2025-01-07 16:03:19.486696005,b,m
2228597,2766.96000,0.62911586,2025-01-07 16:03:19.486696005,b,m
2228598,2766.97000,0.93921428,2025-01-07 16:03:19.486696005,b,m
2228599,2767.01000,1.44561084,2025-01-07 16:03:19.486696005,b,m
2228600,2767.57000,1.39383396,2025-01-07 16:03:19.486696005,b,m
2228601,2767.63000,1.44528595,2025-01-07 16:03:19.486696005,b,m
2228602,2768.40000,0.12462015,2025-01-07 16:03:19.486696005,b,m
2228603,2768.41000,2.71820000,2025-01-07 16:03:19.486696005,b,m
2228604,2768.56000,2.97510000,2025-01-07 16:03:19.486696005,b,m
2228605,2768.69000,2.81010000,2025-01-07 16:03:19.486696243,b,m
2228606,2768.84000,5.69988127,2025-01-07 16:03:19.486696243,b,m
2228607,2769.11000,1.42734083,2025-01-07 16:03:19.486696243,b,m
2228608,2764.74000,0.00499762,2025-01-07 16:03:37.300475836,b,l
2228609,2764.39000,0.03383452,2025-01-07 16:03:45.978530407,b,l
2228610,2765.15000,0.54382945,2025-01-07 16:03:58.757528782,b,m
2228611,2762.91000,0.02312819,2025-01-07 16:03:59.753787994,b,l
2228612,2768.51000,0.03365028,2025-01-07 16:04:25.988875628,b,l
2228613,2766.41000,0.00175474,2025-01-07 16:05:12.775864601,b,l
2228614,2764.97000,0.38630421,2025-01-07 16:06:09.789285660,b,l
2228615,2767.67000,0.07115900,2025-01-07 16:06:55.550525427,s,m
2228616,2765.95000,1.21851980,2025-01-07 16:07:06.576320887,b,l
2228617,2765.96000,7.23264304,2025-01-07 16:07:06.576320887,b,l
2228618,2765.98000,0.43470900,2025-01-07 16:07:06.576320887,b,l
2228619,2767.24000,1.00000000,2025-01-07 16:07:06.576320887,b,l
2228620,2767.29000,2.39138670,2025-01-07 16:07:06.576320887,b,l
2228621,2767.06000,0.03613944,2025-01-07 16:07:10.262381315,b,m
2228622,2764.87000,0.00666778,2025-01-07 16:07:30.230324745,b,l
2228623,2769.40000,0.00350550,2025-01-07 16:08:05.789722204,b,l
2228624,2774.73000,0.00644747,2025-01-07 16:08:56.733464241,b,m
2228625,2772.04000,0.00035541,2025-01-07 16:10:22.034445047,b,l
2228626,2770.37000,0.00876069,2025-01-07 16:11:10.051732540,b,l
2228627,2773.24000,1.65537647,2025-01-07 16:12:56.936795712,b,l
2228628,2773.25000,0.29883326,2025-01-07 16:12:56.936795712,b,l
2228629,2771.19000,0.54128370,2025-01-07 16:13:16.684091091,s,l
2228630,2768.86000,0.00667734,2025-01-07 16:13:29.477119684,b,l
2228631,2772.08000,0.00541110,2025-01-07 16:13:44.031504631,b,m
2228632,2775.67000,0.03506399,2025-01-07 16:14:16.886719704,b,l
2228633,2777.37000,0.95414316,2025-01-07 16:14:42.276836395,b,m
2228634,2777.38000,1.00000000,2025-01-07 16:14:44.838347435,b,l
2228635,2776.37000,0.01752000,2025-01-07 16:14:52.097515821,b,l
2228636,2773.47000,0.35528193,2025-01-07 16:16:17.008410692,b,l
2228637,2775.22000,0.61914106,2025-01-07 16:16:29.048365116,s,m
2228638,2774.02000,0.05032949,2025-01-07 16:17:50.090852022,b,m
2228639,2774.85000,0.00481005,2025-01-07 16:18:54.635122061,s,l
2228640,2777.99000,0.03503659,2025-01-07 16:20:22.604130268,b,l
2228641,2780.49000,0.00354334,2025-01-07 16:20:47.033410548,b,l
2228642,2781.73000,0.01797443,2025-01-07 16:20:55.887932062,b,m
2228643,2781.64000,0.03358761,2025-01-07 16:21:26.600333691,b,l
2228644,2781.64000,0.01676610,2025-01-07 16:21:27.130594729,b,l
2228645,2782.38000,0.02615087,2025-01-07 16:21:45.198116541,b,l
2228646,2785.22000,0.00044217,2025-01-07 16:22:24.043832302,b,l
2228647,2783.26000,0.00699370,2025-01-07 16:22:48.787343025,b,l
2228648,2784.01000,0.35833205,2025-01-07 16:23:39.365298510,b,m
2228649,2782.54000,0.03358013,2025-01-07 16:23:59.790158987,b,l
2228650,2783.28000,1.50000000,2025-01-07 16:24:19.642004728,b,l
2228651,2784.67000,0.08383800,2025-01-07 16:25:35.326731205,s,m
2228652,2784.67000,0.00562061,2025-01-07 16:25:35.326731205,s,m
2228653,2784.43000,1.00000000,2025-01-07 16:25:35.695348501,b,m
2228654,2784.74000,0.00664034,2025-01-07 16:26:06.869162083,b,l
2228655,2787.12000,0.05039351,2025-01-07 16:26:24.495959759,b,l
2228656,2787.12000,0.00690000,2025-01-07 16:26:24.725558281,b,m
2228657,2786.19000,0.00034817,2025-01-07 16:26:29.183142900,b,l
2228658,2787.81000,0.01393587,2025-01-07 16:26:34.158883810,b,l
2228659,2787.06000,1.50000000,2025-01-07 16:27:08.294846058,b,l
2228660,2787.06000,1.50000000,2025-01-07 16:27:19.904824972,s,l
2228661,2787.06000,1.50000000,2025-01-07 16:27:21.504041433,s,l
2228662,2787.06000,1.50000000,2025-01-07 16:27:21.527529716,s,l
2228663,2787.06000,1.50000000,2025-01-07 16:27:21.552072525,s,l
2228664,2787.06000,1.50000000,2025-01-07 16:27:21.595209360,s,l
2228665,2787.06000,1.50000000,2025-01-07 16:27:21.620813370,s,l
2228666,2787.06000,0.24544911,2025-01-07 16:27:21.645427465,s,l
2228667,2787.05000,0.89048635,2025-01-07 16:27:22.473652840,s,l
2228668,2785.04000,0.02544559,2025-01-07 16:27:45.975141764,b,l
2228669,2785.27000,1.05184558,2025-01-07 16:27:59.968848705,b,l
2228670,2785.02000,0.01759413,2025-01-07 16:28:02.213071108,b,m
2228671,2785.00000,0.08382700,2025-01-07 16:28:12.477823973,s,m
2228672,2784.97000,0.02840000,2025-01-07 16:28:12.477823973,s,m
2228673,2784.39000,1.14450549,2025-01-07 16:28:12.477823973,s,m
2228674,2785.50000,0.26213087,2025-01-07 16:29:59.812939405,b,l
2228675,2783.69000,0.17482235,2025-01-07 16:30:09.913040400,b,l
2228676,2784.01000,0.00174790,2025-01-07 16:30:20.007416248,b,l
2228677,2784.01000,1.00000000,2025-01-07 16:30:24.850503206,b,m
2228678,2783.55000,0.08739516,2025-01-07 16:30:26.698698044,b,l
2228679,2780.16000,0.01797377,2025-01-07 16:31:12.778651714,b,l
2228680,2782.11000,0.01712666,2025-01-07 16:31:22.379202604,b,l
2228681,2788.73000,0.03022716,2025-01-07 16:31:32.587292671,b,l
2228682,2783.48000,1.65050846,2025-01-07 16:31:36.660411835,s,l
2228683,2783.48000,1.31115154,2025-01-07 16:31:36.660411835,s,l
2228684,2783.79000,0.01673767,2025-01-07 16:31:50.918378830,b,l
2228685,2784.52000,0.01573215,2025-01-07 16:32:03.441545725,b,l
2228686,2786.68000,0.02704093,2025-01-07 16:32:35.074730158,b,l
2228687,2788.80000,0.03342078,2025-01-07 16:34:03.030479670,b,l
2228688,2788.80000,0.03489802,2025-01-07 16:34:21.444692850,b,l
2228689,2788.80000,0.02881092,2025-01-07 16:34:22.673262119,b,l
2228690,2782.03000,0.00738794,2025-01-07 16:35:50.082414389,s,l
2228691,2783.59000,0.03539392,2025-01-07 16:36:01.931292772,b,l
2228692,2783.69000,0.00278946,2025-01-07 16:37:15.360103369,b,l
2228693,2786.31000,0.05239569,2025-01-07 16:38:06.452547789,b,l
2228694,2786.85000,0.01672121,2025-01-07 16:38:17.425493240,b,l
2228695,2789.24000,0.00460387,2025-01-07 16:38:29.947754383,b,l
2228696,2788.12000,0.08726664,2025-01-07 16:38:48.410951853,b,l
2228697,2787.04000,0.30000000,2025-01-07 16:39:07.251657962,s,l
2228698,2788.63000,0.35859903,2025-01-07 16:39:36.817705870,b,m
2228699,2791.85000,0.05027358,2025-01-07 16:40:40.551181316,b,l
2228700,2791.86000,0.03487514,2025-01-07 16:41:10.083757162,b,l
2228701,2789.47000,0.00330946,2025-01-07 16:42:18.833519697,b,l
2228702,2790.17000,0.02949930,2025-01-07 16:42:45.255528927,b,l
2228703,2790.17000,1.00000000,2025-01-07 16:43:02.029909372,b,l
2228704,2788.89000,0.25380106,2025-01-07 16:43:56.346587181,b,l
2228705,2788.29000,0.00326952,2025-01-07 16:44:22.677050829,b,l
2228706,2787.64000,0.17926030,2025-01-07 16:44:23.948944569,b,l
2228707,2786.90000,0.16757960,2025-01-07 16:44:42.285775900,b,l
2228708,2787.24000,0.08969446,2025-01-07 16:44:52.812809706,b,m
2228709,2787.24000,0.01745621,2025-01-07 16:44:59.444186211,b,l
2228710,2787.23000,0.16153165,2025-01-07 16:45:02.017208576,s,l
2228711,2785.43000,0.00663796,2025-01-07 16:45:20.850324392,b,l
2228712,2786.56000,0.01692501,2025-01-07 16:46:12.304180861,b,l
2228713,2784.89000,1.07472827,2025-01-07 16:46:35.641849518,b,m
2228714,2782.16000,0.01000000,2025-01-07 16:47:54.736935616,b,l
2228715,2783.90000,0.05041506,2025-01-07 16:47:59.793339968,b,l
2228716,2779.81000,0.08752721,2025-01-07 16:48:31.966278315,b,l
2228717,2777.91000,0.04393662,2025-01-07 16:50:10.060132265,b,l
2228718,2778.18000,0.00886571,2025-01-07 16:50:29.036228657,b,l
2228719,2775.65000,0.04240881,2025-01-07 16:51:03.632787466,b,l
2228720,2774.27000,0.00840839,2025-01-07 16:54:06.506793499,b,l
2228721,2774.02000,0.02591714,2025-01-07 16:54:12.804883003,s,l
2228722,2775.00000,10.00000000,2025-01-07 16:56:30.843856335,b,l
2228723,2774.14000,0.50972605,2025-01-07 16:57:15.903044939,b,m
2228724,2774.00000,0.02936193,2025-01-07 16:57:28.780889273,s,m
2228725,2772.02000,0.68904693,2025-01-07 16:57:28.780889273,s,m
2228726,2771.52000,0.06455216,2025-01-07 16:58:02.043523788,b,l
2228727,2767.50000,0.01018863,2025-01-07 17:00:12.847437620,b,l
2228728,2768.23000,0.07031468,2025-01-07 17:00:52.061086893,b,l
2228729,2767.02000,0.00178029,2025-01-07 17:02:14.846469879,b,l
2228730,2767.08000,0.15482163,2025-01-07 17:02:15.698968649,b,m
2228731,2769.35000,0.00333346,2025-01-07 17:05:23.919815063,b,l
2228732,2768.66000,0.03550353,2025-01-07 17:05:46.251289129,b,l
2228733,2769.31000,0.00035576,2025-01-07 17:06:03.034704924,b,l
2228734,2767.93000,0.03507150,2025-01-07 17:07:16.122602940,b,l
2228735,2767.77000,0.04906934,2025-01-07 17:07:18.904179573,b,m
2228736,2768.14000,0.00900000,2025-01-07 17:07:23.984213352,s,m
2228737,2768.15000,0.08792225,2025-01-07 17:07:26.100473881,b,l
2228738,2769.85000,0.00665952,2025-01-07 17:08:20.760383844,b,l
2228739,2775.04000,0.03603552,2025-01-07 17:09:11.950893641,b,m
2228740,2771.52000,0.36081284,2025-01-07 17:10:25.483026743,b,m
2228741,2776.14000,0.07039257,2025-01-07 17:11:26.424559832,b,l
2228742,2775.98000,0.02511545,2025-01-07 17:12:16.004055022,b,m
2228743,2776.40000,0.01490412,2025-01-07 17:12:26.479136705,b,m
2228744,2774.62000,0.00800000,2025-01-07 17:13:02.210677147,s,l
2228745,2771.49000,0.43470900,2025-01-07 17:14:49.762300491,b,l
2228746,2771.50000,0.08405600,2025-01-07 17:14:49.762300491,b,l
2228747,2771.52000,0.35697693,2025-01-07 17:14:49.762300491,b,l
2228748,2771.32000,0.16237749,2025-01-07 17:14:50.476851463,s,m
2228749,2770.75000,0.48119256,2025-01-07 17:14:50.476851463,s,m
2228750,2771.90000,0.02114253,2025-01-07 17:15:06.696992397,b,l
2228751,2772.11000,0.23104824,2025-01-07 17:15:14.779066324,b,l
2228752,2770.98000,0.00475504,2025-01-07 17:17:27.050448418,b,m
2228753,2770.76000,1.05440723,2025-01-07 17:18:15.412982941,s,l
2228754,2772.10000,0.01744248,2025-01-07 17:18:18.800686359,b,l
2228755,2771.82000,0.01345686,2025-01-07 17:18:39.687260866,b,m
2228756,2771.69000,0.11787033,2025-01-07 17:18:42.841457129,b,l
2228757,2772.12000,0.05463819,2025-01-07 17:19:25.351508617,s,l
2228758,2771.63000,0.00875526,2025-01-07 17:21:46.121615171,b,l
2228759,2769.31000,0.01752828,2025-01-07 17:22:11.303147793,b,l
2228760,2767.39000,0.11798395,2025-01-07 17:24:51.306327105,b,l
2228761,2767.89000,0.00175433,2025-01-07 17:25:17.054682016,b,l
2228762,2767.68000,0.35070866,2025-01-07 17:25:32.592571020,b,l
2228763,2767.46000,0.17540312,2025-01-07 17:25:48.633260250,b,l
2228764,2766.67000,0.09724641,2025-01-07 17:26:50.200036287,s,l
2228765,2763.83000,1.67002903,2025-01-07 17:27:02.390151262,b,l
2228766,2763.84000,3.75165118,2025-01-07 17:27:02.390151262,b,l
2228767,2764.57000,0.03367728,2025-01-07 17:27:10.177261591,b,l
2228768,2768.14000,0.17547984,2025-01-07 17:27:57.894005537,b,l
2228769,2765.68000,0.12098436,2025-01-07 17:28:14.238810301,s,l
2228770,2763.33000,0.00626377,2025-01-07 17:29:00.990764856,s,l
2228771,2765.09000,0.00470871,2025-01-07 17:29:28.533807755,b,m
2228772,2764.61000,0.03684501,2025-01-07 17:29:49.887335062,b,m
2228773,2764.23000,0.01344029,2025-01-07 17:30:36.597505093,b,l
2228774,2763.65000,0.61214272,2025-01-07 17:30:58.907519817,b,l
2228775,2763.65000,0.00281045,2025-01-07 17:31:20.196363926,b,l
2228776,2763.05000,1.66994873,2025-01-07 17:31:34.696571827,s,m
2228777,2763.04000,0.33005127,2025-01-07 17:31:34.696571827,s,m
2228778,2762.25000,0.08496534,2025-01-07 17:34:24.650929213,b,l
2228779,2761.88000,0.01157504,2025-01-07 17:35:39.641092777,s,l
2228780,2764.57000,0.08950263,2025-01-07 17:36:33.224453926,s,l
2228781,2762.60000,0.01682416,2025-01-07 17:37:50.945871830,b,l
2228782,2762.19000,0.10213714,2025-01-07 17:37:59.932952642,b,l
2228783,2760.00000,0.36231884,2025-01-07 17:38:13.590948105,s,l
2228784,2758.32000,0.09754079,2025-01-07 17:38:14.374816179,s,l
2228785,2756.62000,0.08435500,2025-01-07 17:38:15.227848291,s,l
2228786,2755.73000,0.09771639,2025-01-07 17:38:15.500756025,s,l
2228787,2755.00000,0.03629764,2025-01-07 17:38:15.704436541,s,l
2228788,2759.62000,0.00850034,2025-01-07 17:38:57.852284431,b,l
2228789,2769.13000,0.00924258,2025-01-07 17:40:05.609066486,b,l
2228790,2770.00000,0.50453723,2025-01-07 17:40:05.609178305,b,m
2228791,2770.00000,9.49546277,2025-01-07 17:40:18.842584133,b,l
2228792,2766.92000,0.03508785,2025-01-07 17:42:19.440711260,b,l
2228793,2762.02000,0.17574603,2025-01-07 17:44:00.808676004,b,l
2228794,2762.44000,0.03374043,2025-01-07 17:44:54.800440788,b,l
2228795,2762.13000,0.09050986,2025-01-07 17:45:17.355926991,b,m
2228796,2762.42000,0.01556640,2025-01-07 17:46:16.437505484,b,l
2228797,2758.64000,1.67242224,2025-01-07 17:46:44.223896980,s,l
2228798,2757.52000,0.08432800,2025-01-07 17:46:44.230775356,s,l
2228799,2750.70000,0.01007122,2025-01-07 17:46:47.266309738,s,l
2228800,2750.00000,0.00363636,2025-01-07 17:46:47.315739393,s,l
2228801,2750.00000,0.09783590,2025-01-07 17:46:47.315739393,s,l
2228802,2750.00000,0.43636363,2025-01-07 17:46:47.315739393,s,l
2228803,2750.00000,0.07272727,2025-01-07 17:46:47.315739393,s,l
2228804,2750.00000,0.20000000,2025-01-07 17:46:47.315739393,s,l
2228805,2750.00000,0.09090909,2025-01-07 17:46:47.315739393,s,l
2228806,2750.70000,1.05728800,2025-01-07 17:46:47.438270330,b,l
2228807,2750.54000,0.00945269,2025-01-07 17:47:38.485633850,b,m
2228808,2745.72000,0.00363942,2025-01-07 17:47:58.840378284,b,l
2228809,2740.98000,0.01009687,2025-01-07 17:48:13.093273163,s,l
2228810,2739.87000,0.03191754,2025-01-07 17:48:13.349978924,s,l
2228811,2749.30000,0.01767024,2025-01-07 17:48:43.666738510,b,l
2228812,2749.33000,0.08449600,2025-01-07 17:48:44.726097822,b,l
2228813,2753.14000,0.41000000,2025-01-07 17:48:44.883517265,b,l
2228814,2749.93000,0.00291834,2025-01-07 17:48:51.611468315,s,l
2228815,2754.43000,0.17884311,2025-01-07 17:48:59.666432381,b,l
2228816,2750.98000,0.08859137,2025-01-07 17:49:53.043068647,s,l
2228817,2752.81000,0.07000000,2025-01-07 17:50:58.179475069,s,m
2228818,2755.47000,0.30418348,2025-01-07 17:51:55.408248663,b,l
2228819,2754.43000,0.32380434,2025-01-07 17:52:08.254009961,b,l
2228820,2749.00000,0.03637686,2025-01-07 17:53:20.771722078,s,l
2228821,2749.85000,0.00706275,2025-01-07 17:54:05.957104445,b,l
2228822,2749.45000,0.07829889,2025-01-07 17:54:14.794375896,s,l
2228823,2748.78000,0.07921177,2025-01-07 17:54:14.794375896,s,l
2228824,2750.00000,10.00000000,2025-01-07 17:54:30.939128637,b,l
2228825,2755.03000,0.03629500,2025-01-07 17:58:45.624723911,b,l
2228826,2754.80000,0.00876855,2025-01-07 17:58:52.121993065,b,l
2228827,2754.80000,0.00683680,2025-01-07 17:58:52.130727291,b,l
2228828,2754.80000,0.00394874,2025-01-07 17:58:52.145595074,b,l
2228829,2753.68000,0.01600000,2025-01-07 17:59:16.189971447,s,l
2228830,2754.28000,0.02818958,2025-01-07 17:59:55.652801514,b,l
2228831,2754.35000,0.01687627,2025-01-07 18:00:02.893707275,b,l
2228832,2754.29000,0.04934287,2025-01-07 18:00:19.282457829,b,l
2228833,2753.31000,0.09747085,2025-01-07 18:00:26.515629768,s,l
2228834,2753.54000,0.69400000,2025-01-07 18:00:45.915080547,b,l
2228835,2754.50000,0.17877821,2025-01-07 18:00:58.246001720,b,l
2228836,2754.22000,0.93511995,2025-01-07 18:01:21.084440708,s,m
2228837,2758.99000,0.03522406,2025-01-07 18:02:21.805791616,b,l
2228838,2758.46000,0.01347359,2025-01-07 18:03:33.067888737,b,l
2228839,2757.59000,0.14166572,2025-01-07 18:03:41.788313150,b,l
2228840,2759.32000,0.00668382,2025-01-07 18:05:14.349005461,b,l
2228841,2761.07000,0.00329533,2025-01-07 18:05:50.103482246,b,l
2228842,2760.97000,0.02109418,2025-01-07 18:05:52.625892401,b,l
2228843,2762.60000,0.00667859,2025-01-07 18:07:19.634543419,b,l
2228844,2760.44000,0.03677017,2025-01-07 18:07:27.291039944,s,l
2228845,2760.43000,0.00668302,2025-01-07 18:07:48.775873423,b,l
2228846,2761.00000,0.01757861,2025-01-07 18:07:59.427982807,b,l
2228847,2761.58000,0.37752801,2025-01-07 18:08:47.621875763,s,l
2228848,2765.63000,0.13502393,2025-01-07 18:10:27.451197624,b,l
2228849,2767.14000,0.35281626,2025-01-07 18:10:55.080229044,b,l
2228850,2767.18000,0.01341596,2025-01-07 18:11:02.869100809,b,l
2228851,2766.85000,0.00087658,2025-01-07 18:11:09.498501778,b,l
2228852,2759.32000,0.00495693,2025-01-07 18:15:20.868600130,s,l
2228853,2760.49000,0.00668345,2025-01-07 18:15:31.137700796,b,l
2228854,2759.80000,0.00035699,2025-01-07 18:15:40.042060375,b,l
2228855,2759.25000,8.96898302,2025-01-07 18:16:09.779605627,s,l
2228856,2755.26000,0.01105911,2025-01-07 18:19:15.586484909,b,m
2228857,2755.29000,0.00708792,2025-01-07 18:19:15.586484909,b,m
2228858,2754.54000,1.47000000,2025-01-07 18:20:02.038649559,s,m
2228859,2754.33000,1.06866269,2025-01-07 18:20:06.247964382,s,m
2228860,2754.32000,0.55306224,2025-01-07 18:20:06.247964382,s,m
2228861,2751.59000,0.01790277,2025-01-07 18:22:24.339926243,b,l
2228862,2752.55000,0.02368673,2025-01-07 18:22:47.158130407,b,l
2228863,2752.09000,0.03387015,2025-01-07 18:23:45.541842937,b,l
2228864,2748.43000,0.22270893,2025-01-07 18:24:41.543236971,s,m
2228865,2748.08000,0.00302029,2025-01-07 18:25:57.370685816,b,m
2228866,2746.40000,0.03641130,2025-01-07 18:29:02.366768599,s,l
2228867,2742.68000,0.00212879,2025-01-07 18:31:20.282295942,s,l
2228868,2744.72000,0.01794758,2025-01-07 18:31:25.906245470,b,l
2228869,2741.78000,0.01037858,2025-01-07 18:33:46.453886032,b,m
2228870,2742.04000,0.00373265,2025-01-07 18:33:46.888087749,b,l
2228871,2742.72000,0.92372163,2025-01-07 18:33:55.742127895,s,l
2228872,2742.71000,0.94846687,2025-01-07 18:33:55.742127895,s,l
2228873,2747.74000,0.03532827,2025-01-07 18:35:07.681417942,b,l
2228874,2744.24000,0.15435459,2025-01-07 18:36:22.383719921,s,l
2228875,2742.85000,0.75116744,2025-01-07 18:36:54.603397846,s,l
2228876,2738.10000,0.86034651,2025-01-07 18:37:25.680293322,b,m
2228877,2736.40000,0.18002019,2025-01-07 18:37:40.305974245,b,l
2228878,2735.00000,0.00307864,2025-01-07 18:37:41.454860926,s,l
2228879,2735.00000,0.00057766,2025-01-07 18:37:41.454971790,s,l
2228880,2733.75000,0.00549350,2025-01-07 18:37:41.454971790,s,l
2228881,2739.25000,0.03553240,2025-01-07 18:38:45.243455887,b,l
2228882,2738.72000,0.03651341,2025-01-07 18:39:02.788985968,b,m
2228883,2735.09000,0.01801077,2025-01-07 18:39:16.652064800,b,l
2228884,2734.88000,0.03490678,2025-01-07 18:39:50.421493053,s,l
2228885,2736.69000,0.00940000,2025-01-07 18:40:32.434518337,s,l
2228886,2736.37000,0.00605535,2025-01-07 18:40:54.207171202,b,l
2228887,2735.50000,0.31918414,2025-01-07 18:42:24.953146219,b,m
2228888,2735.79000,0.02689505,2025-01-07 18:42:33.908880234,s,m
2228889,2735.79000,0.40310495,2025-01-07 18:42:33.908880234,s,m
2228890,2736.61000,0.41000000,2025-01-07 18:45:31.042003870,b,l
2228891,2735.45000,0.10427601,2025-01-07 18:45:32.092955828,s,l
2228892,2735.44000,0.13994165,2025-01-07 18:45:32.092955828,s,l
2228893,2737.10000,0.09832631,2025-01-07 18:47:25.483425379,b,m
2228894,2740.52000,0.75553972,2025-01-07 18:47:47.881213427,b,l
2228895,2739.19000,0.02200695,2025-01-07 18:47:49.541965723,s,l
2228896,2738.50000,0.01697626,2025-01-07 18:48:39.428742409,b,l
2228897,2740.70000,0.03443775,2025-01-07 18:52:24.996696234,b,m
2228898,2744.41000,0.13617972,2025-01-07 18:54:52.520954131,b,l
2228899,2738.68000,0.01278835,2025-01-07 18:57:24.503134011,b,m
2228900,2738.70000,0.11444538,2025-01-07 18:58:09.526363849,s,m
2228901,2738.77000,0.00332137,2025-01-07 18:58:27.039613247,b,l
2228902,2738.58000,0.01776899,2025-01-07 18:59:17.307615042,b,l
2228903,2738.11000,0.17988871,2025-01-07 18:59:36.402053833,b,l
2228904,2738.55000,0.00365157,2025-01-07 18:59:55.090744734,b,m
2228905,2738.29000,0.09375715,2025-01-07 19:00:19.191518784,b,m
2228906,2739.16000,0.02840000,2025-01-07 19:00:43.463576317,b,l
2228907,2739.28000,0.00714006,2025-01-07 19:00:43.463576317,b,l
2228908,2739.41000,0.07300975,2025-01-07 19:01:00.070765734,s,m
2228909,2739.53000,0.00333379,2025-01-07 19:01:47.879298687,s,l
2228910,2739.54000,0.01697353,2025-01-07 19:02:07.519963264,b,l
2228911,2739.54000,1.44312561,2025-01-07 19:02:08.548278570,b,l
2228912,2744.09000,0.03143076,2025-01-07 19:02:21.398228168,b,m
2228913,2744.09000,1.46856924,2025-01-07 19:02:21.398228168,b,m
2228914,2744.09000,0.15229845,2025-01-07 19:02:21.398228168,b,m
2228915,2744.10000,0.84770155,2025-01-07 19:02:21.398228168,b,m
2228916,2744.10000,0.30716200,2025-01-07 19:02:21.398228168,b,m
2228917,2744.10000,0.69283800,2025-01-07 19:02:21.398228168,b,m
2228918,2743.99000,0.00484633,2025-01-07 19:02:25.067323923,b,m
2228919,2747.29000,0.07074586,2025-01-07 19:02:50.042283058,b,l
2228920,2744.00000,0.08455900,2025-01-07 19:03:30.285825253,b,m
2228921,2744.00000,0.02805762,2025-01-07 19:03:30.285825253,b,m
2228922,2744.00000,0.01773389,2025-01-07 19:03:42.443306446,b,l
2228923,2743.99000,0.00769000,2025-01-07 19:03:54.695190430,s,l
2228924,2743.24000,0.05500000,2025-01-07 19:03:57.529602527,s,l
2228925,2743.24000,0.24500000,2025-01-07 19:04:04.556161404,s,l
2228926,2738.54000,0.03597577,2025-01-07 19:05:00.232522011,b,l
2228927,2733.81000,0.01801921,2025-01-07 19:05:36.548856258,b,l
2228928,2734.24000,0.02381137,2025-01-07 19:05:59.101224899,b,l
2228929,2734.44000,0.03417674,2025-01-07 19:06:17.237183094,b,l
2228930,2737.26000,0.01799643,2025-01-07 19:06:35.033327341,b,l
2228931,2743.36000,0.01728091,2025-01-07 19:07:30.499366045,b,l
2228932,2742.75000,0.00071842,2025-01-07 19:07:39.041577816,b,l
2228933,2742.50000,0.03548395,2025-01-07 19:07:51.676749945,b,l
2228934,2742.91000,1.11889224,2025-01-07 19:08:23.303355455,s,l
2228935,2743.17000,0.03399517,2025-01-07 19:08:24.148813486,b,l
2228936,2742.97000,0.08531236,2025-01-07 19:08:37.169132710,b,l
2228937,2744.19000,0.04422245,2025-01-07 19:09:12.702340364,b,l
2228938,2745.65000,0.05172947,2025-01-07 19:10:00.114894152,b,l
2228939,2745.61000,0.08146095,2025-01-07 19:10:01.697397947,b,m
2228940,2743.28000,1.45000000,2025-01-07 19:10:15.346352339,s,m
2228941,2746.76000,0.70680454,2025-01-07 19:11:23.378920555,b,l
2228942,2749.89000,0.01500408,2025-01-07 19:14:29.645910501,s,l
2228943,2749.80000,0.08444100,2025-01-07 19:14:29.645910501,s,l
2228944,2749.75000,0.66345585,2025-01-07 19:14:29.645910501,s,l
2228945,2749.26000,0.01220751,2025-01-07 19:16:14.652760267,s,l
2228946,2749.02000,0.42566029,2025-01-07 19:16:14.652760267,s,l
2228947,2747.24000,0.03370292,2025-01-07 19:18:49.210870028,b,m
2228948,2746.68000,0.07965856,2025-01-07 19:19:42.070197344,b,l
2228949,2746.69000,0.41000000,2025-01-07 19:19:42.070197344,b,l
2228950,2746.80000,0.51034144,2025-01-07 19:19:42.070197344,b,l
2228951,2743.06000,0.03398377,2025-01-07 19:20:49.904782057,b,l
2228952,2742.11000,0.05469881,2025-01-07 19:21:19.895511627,s,l
2228953,2739.01000,0.00730191,2025-01-07 19:22:02.969507217,b,m
2228954,2738.30000,0.04819017,2025-01-07 19:22:04.920636892,s,l
2228955,2738.19000,0.17479044,2025-01-07 19:22:19.599661112,s,l
2228956,2738.27000,0.08563337,2025-01-07 19:22:50.022328854,b,l
2228957,2738.28000,0.43470900,2025-01-07 19:22:50.022328854,b,l
2228958,2738.30000,0.41000000,2025-01-07 19:22:50.022328854,b,l
2228959,2738.40000,0.17771737,2025-01-07 19:22:50.022328854,b,l
2228960,2737.28000,0.00231418,2025-01-07 19:22:55.549551964,s,l
2228961,2737.00000,2.42698940,2025-01-07 19:23:27.315922737,s,l
2228962,2733.74000,0.01061213,2025-01-07 19:23:34.069085836,s,l
2228963,2733.73000,0.09850277,2025-01-07 19:23:34.069085836,s,l
2228964,2733.08000,0.08472300,2025-01-07 19:23:34.069085836,s,l
2228965,2732.30000,0.16793368,2025-01-07 19:23:34.069085836,s,l
2228966,2735.99000,0.05354557,2025-01-07 19:23:59.415602446,b,l
2228967,2737.51000,0.09848421,2025-01-07 19:24:24.448192596,b,l
2228968,2737.52000,0.07230386,2025-01-07 19:24:24.448192596,b,l
2228969,2736.55000,0.07771828,2025-01-07 19:24:50.391244650,b,l
2228970,2736.56000,0.08466900,2025-01-07 19:24:50.391244650,b,l
2228971,2736.58000,0.12947609,2025-01-07 19:24:50.391244650,b,l
2228972,2735.40000,0.07097835,2025-01-07 19:25:57.103172779,b,l
2228973,2739.77000,0.03544059,2025-01-07 19:26:53.153236866,b,l
2228974,2741.22000,0.00885414,2025-01-07 19:27:51.186577797,b,l
2228975,2738.40000,0.09874000,2025-01-07 19:30:56.106952190,s,l
2228976,2738.40000,1.90126000,2025-01-07 19:32:05.337774277,s,l
2228977,2737.46000,0.50000000,2025-01-07 19:32:18.839803219,b,m
2228978,2737.74000,0.23756838,2025-01-07 19:32:18.839803457,b,m
2228979,2741.77000,0.01695662,2025-01-07 19:34:02.617200851,b,l
2228980,2741.75000,0.06825392,2025-01-07 19:34:04.810207367,b,l
2228981,2741.76000,0.27279709,2025-01-07 19:34:04.810207367,b,l
2228982,2740.61000,0.02818705,2025-01-07 19:34:36.566162109,s,l
2228983,2741.63000,0.15935354,2025-01-07 19:35:58.425402403,b,l
2228984,2741.64000,0.18949220,2025-01-07 19:35:58.425402403,b,l
2228985,2740.61000,0.33487080,2025-01-07 19:36:34.604017496,s,l
2228986,2737.92000,0.14179498,2025-01-07 19:36:48.924584627,b,l
2228987,2737.11000,0.13755432,2025-01-07 19:36:59.272155523,b,l
2228988,2736.16000,0.16248446,2025-01-07 19:37:24.780592442,b,m
2228989,2736.17000,0.13260947,2025-01-07 19:37:24.780592442,b,m
2228990,2735.54000,1.43890996,2025-01-07 19:37:37.647894144,s,l
2228991,2734.76000,0.04570785,2025-01-07 19:37:51.828707695,b,m
2228992,2734.55000,0.01828606,2025-01-07 19:37:58.495107174,b,m
2228993,2735.10000,0.01015849,2025-01-07 19:38:29.566843748,b,l
2228994,2730.00000,1.05000000,2025-01-07 19:38:56.569339514,s,l
2228995,2730.00000,0.02550348,2025-01-07 19:38:56.569339752,s,l
2228996,2729.80000,0.02893985,2025-01-07 19:38:57.765427828,b,m
2228997,2729.79000,0.00769000,2025-01-07 19:38:59.902824163,s,l
2228998,2728.67000,0.00722126,2025-01-07 19:39:27.364175797,b,l
2228999,2728.92000,0.01702214,2025-01-07 19:39:35.777041197,b,l
2229000,2731.02000,0.00523471,2025-01-07 19:39:42.278799295,b,l
2229001,2731.02000,0.00669658,2025-01-07 19:39:42.289841890,b,l
2229002,2730.00000,0.01777506,2025-01-07 19:39:45.777253151,b,l
2229003,2726.48000,0.06210259,2025-01-07 19:40:37.328787088,b,l
2229004,2725.09000,0.05875889,2025-01-07 19:40:46.373227596,s,l
2229005,2724.09000,0.08491200,2025-01-07 19:40:46.426304817,s,l
2229006,2722.48000,0.08494500,2025-01-07 19:40:46.874740362,s,l
2229007,2717.65000,0.01731808,2025-01-07 19:40:46.945061684,s,l
2229008,2717.65000,0.01731808,2025-01-07 19:40:46.945061684,s,l
2229009,2717.65000,0.01731808,2025-01-07 19:40:46.945061684,s,l
2229010,2717.65000,0.01731808,2025-01-07 19:40:46.945061684,s,l
2229011,2717.65000,0.01731808,2025-01-07 19:40:46.945061684,s,l
2229012,2716.87000,0.01011413,2025-01-07 19:40:46.945061684,s,l
2229013,2716.57000,0.59288204,2025-01-07 19:40:46.945061684,s,l
2229014,2716.57000,0.29644102,2025-01-07 19:40:46.945061684,s,l
2229015,2716.58000,1.66618630,2025-01-07 19:40:46.954850674,s,l
2229016,2717.43000,0.08500100,2025-01-07 19:40:47.410118341,s,l
2229017,2715.60000,0.00770000,2025-01-07 19:40:47.414493561,s,l
2229018,2715.00000,0.00368324,2025-01-07 19:40:47.862335443,s,l
2229019,2713.21000,0.03310720,2025-01-07 19:40:48.314541817,s,l
2229020,2712.12000,0.27405480,2025-01-07 19:40:48.314541817,s,l
2229021,2711.90000,0.09929569,2025-01-07 19:40:48.492826223,s,l
2229022,2709.66000,0.00510400,2025-01-07 19:40:49.189162970,s,l
2229023,2707.74000,1.67162648,2025-01-07 19:40:49.201610327,s,l
2229024,2707.73000,0.41000000,2025-01-07 19:40:49.201610327,s,l
2229025,2707.59000,8.30644149,2025-01-07 19:40:49.201610327,s,l
2229026,2707.58000,0.07386670,2025-01-07 19:40:49.201610327,s,l
2229027,2707.85000,0.41000000,2025-01-07 19:40:49.204921246,s,l
2229028,2703.04000,1.48405380,2025-01-07 19:40:50.783621550,b,l
2229029,2703.28000,0.35891820,2025-01-07 19:40:50.783621550,b,l
2229030,2703.03000,0.00200000,2025-01-07 19:40:50.837218046,s,m
2229031,2701.50000,0.36230244,2025-01-07 19:40:50.837218046,s,m
2229032,2703.52000,0.41000000,2025-01-07 19:40:52.285242319,b,l
2229033,2701.98000,0.30716200,2025-01-07 19:40:52.338860512,s,l
2229034,2709.40000,3.52396936,2025-01-07 19:40:54.025788307,b,l
2229035,2713.20000,0.61432400,2025-01-07 19:40:56.104109526,s,l
2229036,2713.45000,0.00036309,2025-01-07 19:40:57.036545515,b,l
2229037,2713.03000,0.08511800,2025-01-07 19:40:58.347752810,b,l
2229038,2715.56000,0.09206204,2025-01-07 19:40:59.763724089,b,m
2229039,2712.89000,0.43470900,2025-01-07 19:41:01.818000555,b,l
2229040,2713.69000,0.01618095,2025-01-07 19:41:09.032734156,s,l
2229041,2715.12000,0.00178815,2025-01-07 19:41:18.328464508,b,l
2229042,2712.00000,0.12602323,2025-01-07 19:42:32.281029224,b,m
2229043,2716.93000,0.00607041,2025-01-07 19:43:07.122447729,b,l
2229044,2716.93000,0.00273367,2025-01-07 19:43:07.149273396,b,l
2229045,2718.79000,0.03573646,2025-01-07 19:43:19.068450689,b,l
2229046,2718.67000,0.07141430,2025-01-07 19:43:19.842620373,b,l
2229047,2718.67000,0.02672299,2025-01-07 19:43:20.476725340,b,m
2229048,2718.47000,0.09623002,2025-01-07 19:43:34.055295229,b,l
2229049,2719.99000,0.01024621,2025-01-07 19:43:44.630354643,b,l
2229050,2722.96000,0.00239999,2025-01-07 19:44:07.144549847,b,l
2229051,2723.09000,0.01709559,2025-01-07 19:44:09.024189472,b,l
2229052,2722.57000,0.03565339,2025-01-07 19:44:10.657463789,b,l
2229053,2722.11000,0.07567603,2025-01-07 19:44:54.318028212,s,l
2229054,2720.85000,0.00724201,2025-01-07 19:45:12.063993692,b,l
2229055,2721.25000,0.30716200,2025-01-07 19:46:53.312718391,s,l
2229056,2721.25000,0.69283800,2025-01-07 19:46:53.566560984,s,l
2229057,2718.64000,0.04199680,2025-01-07 19:47:09.966850996,b,m
2229058,2715.02000,0.01025927,2025-01-07 19:47:54.700089216,b,l
2229059,2715.01000,0.01792325,2025-01-07 19:48:03.275675297,b,l
2229060,2715.00000,0.01255082,2025-01-07 19:48:15.011213779,s,l
2229061,2715.00000,0.03744918,2025-01-07 19:48:16.287612200,s,l
2229062,2711.58000,0.34429734,2025-01-07 19:48:51.402865648,b,l
2229063,2712.28000,0.01024554,2025-01-07 19:50:00.411545038,b,l
2229064,2712.18000,0.01143013,2025-01-07 19:50:09.584751844,b,l
2229065,2711.21000,0.06898680,2025-01-07 19:50:23.480996370,b,l
2229066,2711.44000,0.01025204,2025-01-07 19:50:27.199866533,b,l
2229067,2709.41000,0.05947620,2025-01-07 19:51:17.310481310,b,l
2229068,2708.59000,0.18184836,2025-01-07 19:51:31.893525600,b,l
2229069,2708.30000,0.11077059,2025-01-07 19:51:47.511405468,s,l
2229070,2708.06000,0.01457209,2025-01-07 19:52:16.972810745,b,m
2229071,2708.28000,0.00746349,2025-01-07 19:52:27.060262203,b,l
2229072,2706.09000,0.03604350,2025-01-07 19:52:50.535673380,b,l
2229073,2706.17000,0.06500000,2025-01-07 19:52:53.994366646,s,l
2229074,2706.72000,0.00340984,2025-01-07 19:53:01.064446211,b,l
2229075,2710.72000,0.01714415,2025-01-07 19:54:39.580709457,b,l
2229076,2711.64000,1.00000000,2025-01-07 19:54:49.065143108,b,m
2229077,2710.62000,0.17216676,2025-01-07 19:54:59.602057457,b,l
2229078,2711.49000,0.00510000,2025-01-07 19:55:36.258926392,s,l
2229079,2712.98000,0.00507838,2025-01-07 19:56:31.929863691,b,l
2229080,2715.45000,0.00357789,2025-01-07 19:57:00.783763409,b,l
2229081,2714.31000,0.00538718,2025-01-07 19:57:19.072355747,b,m
2229082,2710.61000,0.03583115,2025-01-07 19:57:58.193168640,b,l
2229083,2710.76000,0.00792878,2025-01-07 19:57:59.004883051,b,l
2229084,2707.07000,0.03686624,2025-01-07 19:58:47.692767620,b,l
2229085,2708.52000,0.30716200,2025-01-07 20:00:43.746016264,s,l
2229086,2708.52000,0.02512279,2025-01-07 20:00:43.978312969,s,l
2229087,2704.21000,0.06922767,2025-01-07 20:01:24.115096569,s,l
2229088,2704.22000,0.00967912,2025-01-07 20:01:25.303737640,b,l
2229089,2705.09000,0.03700914,2025-01-07 20:01:26.669924498,b,l
2229090,2706.09000,0.27815402,2025-01-07 20:02:07.732439756,s,l
2229091,2705.22000,0.00501914,2025-01-07 20:02:25.338910103,b,m
2229092,2705.69000,0.50000000,2025-01-07 20:02:35.216538191,b,l
2229093,2706.17000,0.24346789,2025-01-07 20:02:46.199823856,s,m
2229094,2705.92000,0.00363355,2025-01-07 20:02:46.199823856,s,m
2229095,2705.70000,0.75289856,2025-01-07 20:02:46.199823856,s,m
2229096,2705.69000,0.17779753,2025-01-07 20:03:09.964128017,s,l
2229097,2715.37000,0.00684029,2025-01-07 20:05:49.374327183,b,l
2229098,2717.35000,0.01071971,2025-01-07 20:06:12.445496082,b,l
2229099,2717.40000,0.00142914,2025-01-07 20:06:21.461985826,b,l
2229100,2719.40000,0.18386409,2025-01-07 20:06:49.893059015,b,m
2229101,2719.82000,0.00357050,2025-01-07 20:07:24.323592663,b,l
2229102,2719.32000,0.01028260,2025-01-07 20:07:39.907727480,b,l
2229103,2719.10000,0.01024546,2025-01-07 20:07:51.429214954,b,l
2229104,2719.64000,0.07140038,2025-01-07 20:08:16.469672918,b,l
2229105,2720.32000,0.27570285,2025-01-07 20:09:47.276347637,s,l
2229106,2716.84000,0.01840373,2025-01-07 20:10:26.823889732,s,l
2229107,2711.32000,0.37423155,2025-01-07 20:10:59.849832773,b,l
2229108,2711.33000,0.50000000,2025-01-07 20:10:59.849832773,b,l
2229109,2712.70000,0.03686364,2025-01-07 20:11:01.739606380,b,m
2229110,2711.33000,0.04782515,2025-01-07 20:11:31.169988632,s,l
2229111,2708.40000,0.05236899,2025-01-07 20:11:35.265882015,b,l
2229112,2708.52000,0.00415999,2025-01-07 20:11:42.472072124,b,m
2229113,2711.21000,0.25436849,2025-01-07 20:12:12.867720366,b,m
2229114,2711.22000,0.90569250,2025-01-07 20:12:12.867720366,b,m
2229115,2711.23000,0.55483367,2025-01-07 20:12:12.867720366,b,m
2229116,2714.35000,0.04295246,2025-01-07 20:13:30.780840635,b,l
2229117,2717.72000,0.18397775,2025-01-07 20:13:58.440410852,b,m
2229118,2716.40000,0.16431546,2025-01-07 20:15:16.970601320,b,l
2229119,2716.41000,0.01701206,2025-01-07 20:15:16.970601320,b,l
2229120,2718.32000,0.03573001,2025-01-07 20:15:33.813172579,b,l
2229121,2717.58000,0.11055577,2025-01-07 20:15:36.415583134,s,m
2229122,2720.28000,0.07143190,2025-01-07 20:15:42.862128019,b,l
2229123,2720.18000,0.00855238,2025-01-07 20:16:05.891558886,b,l
2229124,2716.02000,0.04044253,2025-01-07 20:17:18.050061941,b,m
2229125,2716.03000,0.23010257,2025-01-07 20:17:18.050061941,b,m
2229126,2715.72000,0.03431445,2025-01-07 20:17:26.759000540,b,l
2229127,2715.86000,0.00898426,2025-01-07 20:17:43.220645666,b,m
2229128,2715.52000,0.01841267,2025-01-07 20:18:06.867058754,s,l
2229129,2712.87000,0.01109306,2025-01-07 20:18:12.968554974,b,l
2229130,2712.88000,0.13226548,2025-01-07 20:18:12.968555212,b,l
2229131,2712.08000,0.01092894,2025-01-07 20:18:18.847545385,b,l
2229132,2712.09000,0.41000000,2025-01-07 20:18:18.847545385,b,l
2229133,2712.19000,0.03305851,2025-01-07 20:18:18.847545385,b,l
2229134,2709.79000,0.00921430,2025-01-07 20:18:49.048710585,b,m
2229135,2709.80000,0.02768883,2025-01-07 20:18:49.048710585,b,m
2229136,2711.27000,0.00358216,2025-01-07 20:20:04.625754356,b,l
2229137,2709.32000,0.08520200,2025-01-07 20:20:14.740085363,b,l
2229138,2709.32000,0.12462110,2025-01-07 20:20:14.740085363,b,l
2229139,2709.71000,0.04584000,2025-01-07 20:20:28.116325378,s,m
2229140,2709.31000,0.36909766,2025-01-07 20:20:43.883513212,s,l
2229141,2707.08000,0.00855907,2025-01-07 20:21:21.744562387,b,l
2229142,2706.59000,0.50000000,2025-01-07 20:21:43.767207861,b,m
2229143,2707.51000,0.00733763,2025-01-07 20:21:43.767207861,b,m
2229144,2707.52000,0.49266237,2025-01-07 20:21:43.767208099,b,m
2229145,2706.69000,0.18472747,2025-01-07 20:21:45.167141914,b,m
2229146,2708.15000,0.11077673,2025-01-07 20:22:07.258240937,b,m
2229147,2705.85000,0.09231734,2025-01-07 20:22:24.264857292,b,m
2229148,2710.73000,0.00199946,2025-01-07 20:22:52.291464806,b,m
2229149,2708.05000,0.07456904,2025-01-07 20:24:24.583848000,s,l
2229150,2705.94000,0.07913433,2025-01-07 20:24:30.937070847,b,l
2229151,2709.75000,0.02420266,2025-01-07 20:25:18.433197975,b,l
2229152,2705.78000,0.02551894,2025-01-07 20:26:25.648731470,b,l
2229153,2705.79000,0.00555709,2025-01-07 20:26:25.648731470,b,l
2229154,2708.14000,0.02273309,2025-01-07 20:27:11.062652348,b,m
2229155,2708.15000,0.01103807,2025-01-07 20:27:11.062652348,b,m
2229156,2707.37000,1.69043078,2025-01-07 20:27:55.438788176,s,l
2229157,2707.36000,0.70956922,2025-01-07 20:27:55.438788176,s,l
2229158,2705.77000,0.06960573,2025-01-07 20:28:27.219971895,b,l
2229159,2705.09000,0.05382997,2025-01-07 20:28:52.988648415,b,l
2229160,2705.59000,0.00036414,2025-01-07 20:29:56.044496298,b,l
2229161,2705.59000,2.59963586,2025-01-07 20:30:02.366410255,b,l
2229162,2712.09000,0.00309687,2025-01-07 20:31:21.923421383,s,l
2229163,2716.02000,0.00302396,2025-01-07 20:32:18.305694342,b,m
2229164,2716.03000,0.00969513,2025-01-07 20:32:18.305694342,b,m
2229165,2718.89000,0.00297804,2025-01-07 20:32:38.068247557,b,l
2229166,2718.90000,0.08635128,2025-01-07 20:32:38.068247557,b,l
2229167,2717.05000,0.00329964,2025-01-07 20:33:36.142941952,b,l
2229168,2717.06000,0.03243946,2025-01-07 20:33:36.142941952,b,l
2229169,2715.70000,0.00256438,2025-01-07 20:33:45.290561199,b,l
2229170,2715.71000,0.03493460,2025-01-07 20:33:45.290561199,b,l
2229171,2710.88000,0.01400000,2025-01-07 20:36:12.249550104,s,l
2229172,2710.12000,1.84493675,2025-01-07 20:36:46.201235056,s,l
2229173,2709.80000,0.00470871,2025-01-07 20:37:24.850221157,b,m
2229174,2708.85000,0.01007780,2025-01-07 20:37:37.301985264,b,l
2229175,2708.86000,0.02629258,2025-01-07 20:37:37.301985264,b,l
2229176,2709.50000,0.53213474,2025-01-07 20:37:56.103475332,s,l
2229177,2708.50000,0.01358510,2025-01-07 20:38:53.808820963,b,m
2229178,2708.51000,0.01225942,2025-01-07 20:38:53.808821201,b,m
2229179,2713.16000,0.00922605,2025-01-07 20:39:58.725018740,b,l
2229180,2715.29000,0.00938164,2025-01-07 20:39:58.725018740,b,l
2229181,2715.30000,0.41000000,2025-01-07 20:39:58.725018740,b,l
2229182,2715.41000,1.37121601,2025-01-07 20:39:58.725018740,b,l
2229183,2716.96000,0.00731706,2025-01-07 20:41:00.862509012,b,l
2229184,2716.97000,0.02894321,2025-01-07 20:41:00.862509012,b,l
2229185,2710.00000,0.10000000,2025-01-07 20:43:11.373439074,s,l
2229186,2706.00000,0.03695491,2025-01-07 20:44:05.972884893,s,l
2229187,2705.00000,0.60000000,2025-01-07 20:44:07.467550278,s,l
2229188,2701.41000,0.00773000,2025-01-07 20:44:09.326291323,s,l
2229189,2700.00000,0.00277777,2025-01-07 20:44:10.101957798,s,l
2229190,2700.00000,0.50000000,2025-01-07 20:44:10.101957798,s,l
2229191,2700.00000,0.09259259,2025-01-07 20:44:10.101957798,s,l
2229192,2700.00000,0.00370370,2025-01-07 20:44:10.101957798,s,l
2229193,2700.00000,0.10000000,2025-01-07 20:44:10.101957798,s,l
2229194,2700.00000,0.02222222,2025-01-07 20:44:10.101957798,s,l
2229195,2700.00000,0.18518518,2025-01-07 20:44:10.101957798,s,l
2229196,2700.00000,4.00000000,2025-01-07 20:44:10.101957798,s,l
2229197,2700.00000,0.37037037,2025-01-07 20:44:10.101957798,s,l
2229198,2700.00000,0.12962962,2025-01-07 20:44:10.101957798,s,l
2229199,2699.50000,0.37043897,2025-01-07 20:44:10.248817921,s,l
2229200,2699.25000,0.01003427,2025-01-07 20:44:10.251114367,s,l
2229201,2702.77000,0.00359115,2025-01-07 20:44:26.402086258,b,l
2229202,2698.27000,0.02425648,2025-01-07 20:44:32.133372068,b,l
2229203,2699.88000,0.09122828,2025-01-07 20:45:02.551647902,b,l
2229204,2702.40000,0.02326095,2025-01-07 20:45:40.019299984,b,l
2229205,2702.41000,0.06437119,2025-01-07 20:45:40.019299984,b,l
2229206,2701.16000,1.00000000,2025-01-07 20:46:23.169356823,s,l
2229207,2699.77000,1.69700609,2025-01-07 20:47:05.860318899,s,l
2229208,2699.76000,0.43470900,2025-01-07 20:47:05.860318899,s,l
2229209,2699.56000,0.06557015,2025-01-07 20:47:05.860318899,s,l
2229210,2709.97000,0.01792060,2025-01-07 20:48:57.214796782,b,l
2229211,2710.96000,0.00160347,2025-01-07 20:49:22.469621420,b,l
2229212,2715.16000,0.01786718,2025-01-07 20:50:25.487415791,b,l
2229213,2717.74000,0.00181258,2025-01-07 20:50:53.030861616,b,l
2229214,2716.40000,0.00339842,2025-01-07 20:51:25.623840332,b,l
2229215,2718.86000,0.03918615,2025-01-07 20:51:41.961291313,b,m
2229216,2718.87000,0.14471392,2025-01-07 20:51:41.961291313,b,m
2229217,2719.30000,0.03918270,2025-01-07 20:51:42.457463741,b,l
2229218,2719.31000,0.67942558,2025-01-07 20:51:42.457463741,b,l
2229219,2720.65000,0.04571857,2025-01-07 20:51:59.871170521,b,m
2229220,2720.66000,0.13806053,2025-01-07 20:51:59.871170521,b,m
2229221,2718.76000,0.04109655,2025-01-07 20:52:06.929397345,b,l
2229222,2718.77000,0.04468651,2025-01-07 20:52:06.929397345,b,l
2229223,2716.95000,0.00357711,2025-01-07 20:53:04.974364042,b,l
2229224,2716.19000,0.03748038,2025-01-07 20:53:20.924675226,b,m
2229225,2716.20000,0.14660046,2025-01-07 20:53:20.924675465,b,m
2229226,2719.32000,0.00035722,2025-01-07 20:53:53.690163136,b,l
2229227,2710.48000,0.01301870,2025-01-07 20:58:35.499119520,b,m
2229228,2710.49000,0.17144984,2025-01-07 20:58:35.499119520,b,m
2229229,2709.39000,0.00335509,2025-01-07 20:58:49.549859524,b,l
2229230,2718.40000,0.00826060,2025-01-07 21:00:40.739822626,b,l
2229231,2718.41000,0.00959465,2025-01-07 21:00:40.739822626,b,l
2229232,2719.24000,0.00178521,2025-01-07 21:01:11.124628067,b,l
2229233,2719.54000,0.00590785,2025-01-07 21:03:03.984358549,s,l
2229234,2722.16000,0.01566841,2025-01-07 21:03:41.887238741,b,l
2229235,2722.17000,0.05291911,2025-01-07 21:03:41.887238741,b,l
2229236,2724.11000,0.01197279,2025-01-07 21:04:31.488393784,b,l
2229237,2724.12000,0.07709334,2025-01-07 21:04:31.488394022,b,l
2229238,2724.36000,0.01173391,2025-01-07 21:04:39.374230862,b,m
2229239,2724.37000,0.09838333,2025-01-07 21:04:39.374230862,b,m
2229240,2727.62000,0.00897501,2025-01-07 21:06:33.362654686,b,m
2229241,2727.63000,0.16758236,2025-01-07 21:06:33.362654686,b,m
2229242,2727.61000,0.00311298,2025-01-07 21:06:50.793022156,s,l
2229243,2728.00000,25.00000000,2025-01-07 21:07:13.066655636,s,l
2229244,2724.54000,0.00990499,2025-01-07 21:07:39.319157362,b,m
2229245,2724.55000,0.17287752,2025-01-07 21:07:39.319157362,b,m
2229246,2724.38000,0.00980415,2025-01-07 21:07:40.351477385,b,l
2229247,2724.39000,0.02582271,2025-01-07 21:07:40.351477385,b,l
2229248,2724.85000,0.00849440,2025-01-07 21:08:00.360773802,b,l
2229249,2724.86000,0.02571906,2025-01-07 21:08:00.360773802,b,l
2229250,2724.89000,0.00718559,2025-01-07 21:08:01.431079388,b,l
2229251,2724.90000,0.00316244,2025-01-07 21:08:01.431079388,b,l
2229252,2724.96000,0.00286044,2025-01-07 21:08:44.524723530,b,l
2229253,2727.67000,0.00356063,2025-01-07 21:10:10.838651657,b,l
2229254,2728.05000,0.03412956,2025-01-07 21:10:31.819417000,b,m
2229255,2728.06000,0.13082295,2025-01-07 21:10:31.819417000,b,m
2229256,2729.34000,0.00355685,2025-01-07 21:10:46.468063354,b,l
2229257,2727.58000,0.01510275,2025-01-07 21:10:50.919111252,s,l
2229258,2727.20000,0.01833496,2025-01-07 21:10:57.131088018,s,m
2229259,2728.28000,0.00733063,2025-01-07 21:11:08.796752930,b,m
2229260,2728.28000,0.01557792,2025-01-07 21:12:09.849888325,b,l
2229261,2728.29000,0.00221277,2025-01-07 21:12:09.849888325,b,l
2229262,2728.21000,0.01648739,2025-01-07 21:12:48.055353403,b,l
2229263,2728.22000,0.00091373,2025-01-07 21:12:48.055353403,b,l
2229264,2730.56000,0.01750834,2025-01-07 21:13:40.443145990,b,l
2229265,2730.57000,0.01911270,2025-01-07 21:13:40.443145990,b,l
2229266,2729.95000,0.01124544,2025-01-07 21:15:05.006944656,b,l
2229267,2729.96000,0.16655795,2025-01-07 21:15:05.006944656,b,l
2229268,2732.74000,0.00579601,2025-01-07 21:16:46.235962391,b,m
2229269,2732.75000,0.17716988,2025-01-07 21:16:46.235962391,b,m
2229270,2733.20000,0.01041386,2025-01-07 21:17:16.835452795,b,m
2229271,2733.21000,0.00056228,2025-01-07 21:17:16.835452795,b,m
2229272,2732.85000,0.00842818,2025-01-07 21:17:41.189469814,b,m
2229273,2732.86000,0.41000000,2025-01-07 21:17:41.189469814,b,m
2229274,2732.87000,0.31340475,2025-01-07 21:17:41.189469814,b,m
2229275,2733.73000,0.01725209,2025-01-07 21:18:40.133945942,b,l
2229276,2727.79000,0.00785424,2025-01-07 21:21:10.886230946,b,l
2229277,2725.25000,0.71681112,2025-01-07 21:22:45.658536673,b,l
2229278,2727.14000,0.00356250,2025-01-07 21:22:48.948747158,b,l
2229279,2726.52000,0.01068182,2025-01-07 21:23:17.193923712,b,l
2229280,2726.53000,0.01362141,2025-01-07 21:23:50.529801846,b,l
2229281,2727.02000,0.01820275,2025-01-07 21:24:00.854611635,b,m
2229282,2727.03000,0.05513718,2025-01-07 21:24:00.854611635,b,m
2229283,2725.01000,0.00180774,2025-01-07 21:24:26.036672592,b,l
2229284,2725.00000,0.00366972,2025-01-07 21:24:50.086870432,s,l
2229285,2724.00000,0.02692121,2025-01-07 21:24:50.086870432,s,l
2229286,2724.00000,0.00061182,2025-01-07 21:25:08.281610250,s,m
2229287,2723.11000,0.02995011,2025-01-07 21:25:08.281610250,s,m
2229288,2724.47000,0.00187439,2025-01-07 21:26:06.112043858,b,l
2229289,2725.79000,0.00944241,2025-01-07 21:27:13.788609028,b,l
2229290,2725.80000,0.00075204,2025-01-07 21:27:13.788609028,b,l
2229291,2725.18000,0.03562670,2025-01-07 21:28:27.040859699,b,l
2229292,2725.15000,0.43470900,2025-01-07 21:28:37.237928867,b,l
2229293,2725.16000,0.25089926,2025-01-07 21:28:37.237928867,b,l
2229294,2725.91000,0.01195308,2025-01-07 21:29:01.410262585,b,l
2229295,2725.92000,0.02367283,2025-01-07 21:29:01.410262585,b,l
2229296,2725.40000,0.00658292,2025-01-07 21:29:23.967745066,b,l
2229297,2728.03000,0.00574425,2025-01-07 21:31:20.997537851,b,l
2229298,2728.04000,0.04633301,2025-01-07 21:31:20.997537851,b,l
2229299,2730.43000,0.00366243,2025-01-07 21:32:09.426973104,b,m
2229300,2730.45000,0.20526570,2025-01-07 21:32:23.289045095,b,l
2229301,2730.42000,0.00525268,2025-01-07 21:32:39.683860064,b,l
2229302,2730.43000,0.00363944,2025-01-07 21:32:39.683860064,b,l
2229303,2728.97000,0.00478946,2025-01-07 21:33:51.496780396,b,l
2229304,2728.98000,0.03786295,2025-01-07 21:33:51.496780396,b,l
2229305,2727.44000,0.00446722,2025-01-07 21:34:10.210518360,b,l
2229306,2727.45000,0.08159128,2025-01-07 21:34:10.210518360,b,l
2229307,2725.77000,0.00595565,2025-01-07 21:35:51.407964945,b,l
2229308,2725.78000,0.00423673,2025-01-07 21:35:51.407964945,b,l
2229309,2720.79000,0.01779069,2025-01-07 21:36:32.651777506,s,l
2229310,2720.00000,0.00368014,2025-01-07 21:38:13.458939314,s,l
2229311,2718.00000,0.00367917,2025-01-07 21:38:17.587777376,s,l
2229312,2715.18000,1.69648973,2025-01-07 21:39:01.737556696,s,l
2229313,2715.17000,7.37823964,2025-01-07 21:39:01.737556696,s,l
2229314,2715.15000,0.02840000,2025-01-07 21:39:01.737556696,s,l
2229315,2715.00000,0.03683241,2025-01-07 21:39:01.737556696,s,l
2229316,2715.00000,0.00367955,2025-01-07 21:39:01.737556696,s,l
2229317,2714.53000,1.47599060,2025-01-07 21:39:01.737556696,s,l
2229318,2714.38000,2.62740000,2025-01-07 21:39:01.737556696,s,l
2229319,2714.36000,2.65170000,2025-01-07 21:39:01.737556696,s,l
2229320,2714.35000,0.90569250,2025-01-07 21:39:01.737556696,s,l
2229321,2714.28000,0.43470900,2025-01-07 21:39:01.737556696,s,l
2229322,2713.84000,0.27405404,2025-01-07 21:39:01.737556696,s,l
2229323,2713.83000,1.47637190,2025-01-07 21:39:01.737556696,s,l
2229324,2713.82000,0.01582067,2025-01-07 21:39:01.737556696,s,l
2229325,2713.70000,2.58710000,2025-01-07 21:39:01.737556696,s,l
2229326,2713.39000,1.47661576,2025-01-07 21:39:01.737556696,s,l
2229327,2713.25000,0.91748827,2025-01-07 21:39:01.737556934,s,l
2229328,2713.24000,1.43136071,2025-01-07 21:39:01.737556934,s,l
2229329,2712.57000,1.47706041,2025-01-07 21:39:01.737556934,s,l
2229330,2712.35000,0.22784571,2025-01-07 21:39:01.737556934,s,l
2229331,2712.34000,0.64165082,2025-01-07 21:39:01.737556934,s,l
2229332,2711.63000,1.47757089,2025-01-07 21:39:01.737556934,s,l
2229333,2710.50000,2.26264204,2025-01-07 21:39:01.737556934,s,l
2229334,2710.00000,0.00369003,2025-01-07 21:39:01.737556934,s,l
2229335,2708.81000,1.47911030,2025-01-07 21:39:01.737556934,s,l
2229336,2707.78000,3.54726504,2025-01-07 21:39:01.737556934,s,l
2229337,2707.65000,0.01392819,2025-01-07 21:39:01.737556934,s,l
2229338,2707.65000,0.01392819,2025-01-07 21:39:01.737556934,s,l
2229339,2707.65000,0.01392819,2025-01-07 21:39:01.737556934,s,l
2229340,2707.65000,0.01392819,2025-01-07 21:39:01.737556934,s,l
2229341,2707.65000,0.01392818,2025-01-07 21:39:01.737556934,s,l
2229342,2707.01000,0.00993089,2025-01-07 21:39:01.737556934,s,l
2229343,2706.95000,0.88321953,2025-01-07 21:39:01.737556934,s,l
2229344,2706.95000,0.29440651,2025-01-07 21:39:01.737556934,s,l
2229345,2706.95000,0.58881302,2025-01-07 21:39:01.737557173,s,l
2229346,2706.85000,1.48018173,2025-01-07 21:39:01.737557173,s,l
2229347,2706.83000,1.48019030,2025-01-07 21:39:01.737557173,s,l
2229348,2705.33000,1.17790008,2025-01-07 21:39:01.737557173,s,l
2229349,2705.07000,1.47238984,2025-01-07 21:39:01.737557173,s,l
2229350,2704.57000,1.76698662,2025-01-07 21:39:01.737557173,s,l
2229351,2704.10000,2.06154413,2025-01-07 21:39:01.737557173,s,l
2229352,2703.58000,2.35608520,2025-01-07 21:39:01.737557173,s,l
2229353,2702.47000,2.94408091,2025-01-07 21:39:01.737557173,s,l
2229354,2702.47000,0.56694008,2025-01-07 21:39:01.737557173,s,l
2229355,2714.89000,0.35753434,2025-01-07 21:40:06.826300621,b,l
2229356,2713.92000,0.00368471,2025-01-07 21:40:24.409685612,b,m
2229357,2713.80000,0.17886993,2025-01-07 21:40:27.792700052,b,l
2229358,2709.17000,0.09262317,2025-01-07 21:41:39.866537571,s,l
2229359,2709.32000,0.00358319,2025-01-07 21:42:07.250590800,b,l
2229360,2707.27000,0.00732251,2025-01-07 21:43:09.904952765,b,l
2229361,2710.11000,0.37535746,2025-01-07 21:43:33.517930507,b,m
2229362,2710.41000,0.05238696,2025-01-07 21:44:03.766303539,b,l
2229363,2709.29000,0.00340734,2025-01-07 21:46:52.056603670,b,l
2229364,2707.89000,0.09122368,2025-01-07 21:46:56.716066122,b,l
2229365,2707.90000,0.36477632,2025-01-07 21:46:56.716066122,b,l
2229366,2707.20000,0.04157921,2025-01-07 21:47:26.336121082,b,l
2229367,2707.21000,0.32234605,2025-01-07 21:47:26.336121082,b,l
2229368,2709.58000,0.07167051,2025-01-07 21:49:13.687984705,b,l
2229369,2711.10000,0.03202835,2025-01-07 21:49:25.162853241,b,l
2229370,2711.11000,0.03959284,2025-01-07 21:49:25.162853241,b,l
2229371,2709.96000,1.22063828,2025-01-07 21:49:51.706766367,s,l
2229372,2710.17000,0.07164459,2025-01-07 21:50:54.369470358,b,l
2229373,2708.09000,0.01025257,2025-01-07 21:51:19.541333914,b,l
2229374,2709.04000,0.50000000,2025-01-07 21:51:32.561935186,b,l
2229375,2709.04000,0.00716763,2025-01-07 21:51:33.154037714,b,l
2229376,2709.05000,0.00716766,2025-01-07 21:51:36.640666723,b,l
2229377,2711.31000,0.05236590,2025-01-07 21:53:17.641701698,b,l
2229378,2710.01000,0.00089782,2025-01-07 21:53:53.152218580,b,l
2229379,2710.17000,0.87464234,2025-01-07 21:54:23.941430092,b,l
2229380,2710.48000,0.55833411,2025-01-07 21:54:23.941430092,b,l
2229381,2712.80000,1.69731598,2025-01-07 21:54:52.684071779,s,l
2229382,2712.67000,0.43470900,2025-01-07 21:54:52.686298370,s,l
2229383,2712.59000,0.01182807,2025-01-07 21:54:52.686298370,s,l
2229384,2712.22000,2.89695450,2025-01-07 21:54:52.703080416,s,l
2229385,2712.81000,1.69730935,2025-01-07 21:54:52.716841221,s,l
2229386,2710.08000,0.18804610,2025-01-07 21:54:52.794700623,s,l
2229387,2710.00000,0.03690036,2025-01-07 21:54:52.794700623,s,l
2229388,2710.00000,0.75000000,2025-01-07 21:54:52.794700623,s,l
2229389,2710.00000,0.18450184,2025-01-07 21:54:52.794700623,s,l
2229390,2709.39000,2.59160000,2025-01-07 21:54:52.794700623,s,l
2229391,2709.03000,2.49440000,2025-01-07 21:54:52.794700623,s,l
2229392,2708.82000,0.04743102,2025-01-07 21:54:52.837450743,s,l
2229393,2707.99000,0.57696976,2025-01-07 21:54:53.010037899,s,l
2229394,2707.62000,0.05644941,2025-01-07 21:54:53.017821074,s,l
2229395,2706.03000,0.52052035,2025-01-07 21:54:53.106766701,s,l
2229396,2706.05000,0.12518094,2025-01-07 21:54:53.237877607,s,l
2229397,2704.61000,0.01117318,2025-01-07 21:54:53.237877607,s,l
2229398,2704.61000,0.01117318,2025-01-07 21:54:53.237877607,s,l
2229399,2704.61000,0.01117318,2025-01-07 21:54:53.237877607,s,l
2229400,2704.61000,0.01117318,2025-01-07 21:54:53.237877607,s,l
2229401,2704.61000,0.01117318,2025-01-07 21:54:53.237877607,s,l
2229402,2705.20000,0.00993551,2025-01-07 21:54:53.657297134,s,l
2229403,2702.55000,1.61052544,2025-01-07 21:54:53.657297134,s,l
2229404,2702.30000,1.61541746,2025-01-07 21:54:53.752599001,s,l
2229405,2702.30000,2.42379212,2025-01-07 21:54:53.752599001,s,l
2229406,2702.88000,0.01118035,2025-01-07 21:54:53.855894089,s,l
2229407,2702.88000,0.01118035,2025-01-07 21:54:53.855894089,s,l
2229408,2702.88000,0.01118035,2025-01-07 21:54:53.855894089,s,l
2229409,2702.88000,0.01118035,2025-01-07 21:54:53.855894089,s,l
2229410,2702.88000,0.01118035,2025-01-07 21:54:53.855894089,s,l
2229411,2705.17000,1.00000000,2025-01-07 21:54:54.840716124,b,l
2229412,2705.17000,0.67664027,2025-01-07 21:54:54.840716124,b,l
2229413,2704.72000,0.38920689,2025-01-07 21:54:55.624383926,b,l
2229414,2704.47000,0.03589421,2025-01-07 21:55:34.738334179,b,l
2229415,2700.00000,0.00370000,2025-01-07 21:56:00.262786627,s,m
2229416,2700.00000,0.01851851,2025-01-07 21:56:00.262786627,s,m
2229417,2698.77000,0.87473068,2025-01-07 21:56:00.262786627,s,m
2229418,2698.76000,0.18527027,2025-01-07 21:56:00.262786864,s,m
2229419,2697.21000,0.22912467,2025-01-07 21:56:00.262786864,s,m
2229420,2697.20000,0.41966633,2025-01-07 21:56:00.262786864,s,m
2229421,2696.82000,1.48585899,2025-01-07 21:56:00.262786864,s,m
2229422,2696.57000,0.01019383,2025-01-07 21:56:00.262786864,s,m
2229423,2695.96000,0.89704326,2025-01-07 21:56:00.262786864,s,m
2229424,2701.32000,0.01849509,2025-01-07 21:56:19.011355162,b,l
2229425,2703.85000,0.00186717,2025-01-07 21:56:43.362577677,b,l
2229426,2703.14000,0.00091118,2025-01-07 21:57:31.032558441,b,l
2229427,2701.11000,0.00682573,2025-01-07 21:58:43.537035465,b,l
2229428,2701.72000,0.08637727,2025-01-07 21:59:41.829629660,b,l
2229429,2693.18000,0.36582095,2025-01-07 22:00:20.992801428,b,l
2229430,2696.36000,0.00730776,2025-01-07 22:00:56.353388071,b,l
2229431,2695.79000,0.01086964,2025-01-07 22:01:16.686928988,b,l
2229432,2695.63000,0.74194159,2025-01-07 22:01:23.135735273,b,m
2229433,2694.48000,0.18554872,2025-01-07 22:01:24.185505867,b,l
2229434,2693.13000,0.40508960,2025-01-07 22:02:25.568054914,b,m
2229435,2692.69000,0.21117078,2025-01-07 22:03:08.327637911,s,m
2229436,2699.90000,0.41000000,2025-01-07 22:03:32.408972979,b,l
2229437,2702.15000,0.01796444,2025-01-07 22:03:51.489104271,b,l
2229438,2702.51000,0.00386116,2025-01-07 22:04:04.611299276,b,l
2229439,2702.51000,0.00251398,2025-01-07 22:04:04.885208607,b,l
2229440,2702.51000,0.00408036,2025-01-07 22:04:05.142892122,b,l
2229441,2702.51000,1.59474118,2025-01-07 22:04:05.278991222,b,l
2229442,2706.02000,0.00341155,2025-01-07 22:04:09.370498896,b,l
2229443,2702.46000,0.02500000,2025-01-07 22:05:10.168241739,s,l
2229444,2708.41000,0.05379994,2025-01-07 22:05:56.044405460,b,l
2229445,2706.30000,0.20058752,2025-01-07 22:07:11.647581577,b,m
2229446,2705.52000,0.14905890,2025-01-07 22:07:25.300574064,b,m
2229447,2703.49000,0.01204930,2025-01-07 22:07:25.741125822,s,m
2229448,2707.19000,0.00516118,2025-01-07 22:07:59.003466845,b,l
2229449,2710.84000,0.00179063,2025-01-07 22:08:36.203814268,b,l
2229450,2709.67000,0.01791465,2025-01-07 22:09:10.521757602,b,l
2229451,2711.26000,0.90907400,2025-01-07 22:09:32.932721138,b,l
2229452,2711.72000,0.12638962,2025-01-07 22:09:32.932721138,b,l
2229453,2711.87000,0.08608731,2025-01-07 22:09:37.077552795,b,l
2229454,2709.28000,0.01791756,2025-01-07 22:10:09.335530519,b,l
2229455,2707.34000,0.01529816,2025-01-07 22:11:58.633602381,s,l
2229456,2704.69000,0.05349083,2025-01-07 22:12:25.303714752,b,m
2229457,2704.29000,0.01795049,2025-01-07 22:12:36.685976505,b,l
2229458,2706.42000,0.02795000,2025-01-07 22:14:24.967036724,s,l
2229459,2707.27000,0.01846878,2025-01-07 22:16:29.796622753,s,l
2229460,2706.67000,0.01802553,2025-01-07 22:16:30.982206821,b,l
2229461,2708.31000,0.18397082,2025-01-07 22:16:54.190365553,b,m
2229462,2707.92000,0.02355359,2025-01-07 22:17:25.243662596,b,m
2229463,2707.38000,0.01846804,2025-01-07 22:18:53.779348850,b,m
2229464,2707.19000,0.18395458,2025-01-07 22:18:57.660881042,b,m
2229465,2708.89000,0.46322734,2025-01-07 22:19:36.818147182,b,m
2229466,2709.43000,0.01791816,2025-01-07 22:20:33.499227762,b,l
2229467,2709.81000,0.00753300,2025-01-07 22:21:03.802633047,b,m
2229468,2713.01000,0.01027897,2025-01-07 22:22:22.124846697,b,m
2229469,2712.96000,0.17213503,2025-01-07 22:22:32.716653109,b,l
2229470,2712.57000,0.00952206,2025-01-07 22:22:39.916685104,s,l
2229471,2715.64000,0.18411866,2025-01-07 22:23:30.326807976,b,m
2229472,2715.58000,0.00683321,2025-01-07 22:23:35.710621357,b,l
2229473,2715.45000,0.00863660,2025-01-07 22:23:36.345762730,b,l
2229474,2714.60000,0.08962978,2025-01-07 22:25:47.249717236,b,l
2229475,2714.59000,0.01841898,2025-01-07 22:26:38.422916174,s,l
2229476,2714.54000,0.03683865,2025-01-07 22:26:38.429378271,s,l
2229477,2714.02000,0.00369194,2025-01-07 22:26:38.743626118,s,l
2229478,2709.99000,0.00463138,2025-01-07 22:27:25.767990351,b,m
2229479,2708.10000,0.04301802,2025-01-07 22:27:54.955571413,b,l
2229480,2708.28000,0.00738476,2025-01-07 22:28:25.774975538,b,m
2229481,2708.41000,0.00727528,2025-01-07 22:30:02.996170044,b,l
2229482,2708.09000,0.00369263,2025-01-07 22:30:16.587167978,s,l
2229483,2708.09000,3.69263946,2025-01-07 22:30:16.587167978,s,l
2229484,2705.01000,0.17920604,2025-01-07 22:30:41.458780766,b,l
2229485,2706.61000,0.59204002,2025-01-07 22:31:36.385724068,s,l
2229486,2707.34000,0.00681348,2025-01-07 22:33:39.779927492,b,l
2229487,2708.99000,0.01748948,2025-01-07 22:34:41.270336866,b,l
2229488,2710.16000,0.00181764,2025-01-07 22:35:02.031641006,b,l
2229489,2712.69000,0.00143167,2025-01-07 22:36:18.409324646,b,l
2229490,2711.40000,0.00179024,2025-01-07 22:36:34.689955473,b,l
2229491,2710.58000,0.41000000,2025-01-07 22:36:42.296235800,b,l
2229492,2713.39000,0.01789042,2025-01-07 22:37:33.792349339,b,l
2229493,2716.00000,0.01228494,2025-01-07 22:38:27.432557821,b,l
2229494,2715.42000,0.00863886,2025-01-07 22:39:52.290619612,b,l
2229495,2717.05000,0.01282008,2025-01-07 22:40:28.512190104,s,l
2229496,2718.94000,0.00893073,2025-01-07 22:40:32.922419310,b,l
2229497,2718.92000,0.10712263,2025-01-07 22:40:36.073716402,b,l
2229498,2721.37000,0.03426676,2025-01-07 22:41:18.634028912,b,l
2229499,2720.20000,0.12560560,2025-01-07 22:41:21.821803093,b,l
2229500,2720.21000,0.01177914,2025-01-07 22:41:21.821803093,b,l
2229501,2719.01000,0.11663487,2025-01-07 22:41:29.855212927,b,m
2229502,2719.02000,0.38336513,2025-01-07 22:41:29.855212927,b,m
2229503,2720.35000,0.18379987,2025-01-07 22:45:17.193838835,s,l
2229504,2718.23000,0.01796645,2025-01-07 22:45:59.657488108,b,l
2229505,2716.24000,0.00716605,2025-01-07 22:46:42.790586233,b,l
2229506,2720.01000,0.16366670,2025-01-07 22:49:07.986911535,s,l
2229507,2719.11000,0.01745900,2025-01-07 22:49:21.697342157,b,l
2229508,2719.12000,0.00311477,2025-01-07 22:49:21.697342157,b,l
2229509,2718.77000,0.00367941,2025-01-07 22:52:08.497513294,b,l
2229510,2719.02000,0.80000000,2025-01-07 22:52:46.870704651,b,l
2229511,2719.02000,0.85627951,2025-01-07 22:52:46.870704651,b,l
2229512,2719.03000,1.96712078,2025-01-07 22:52:46.870704651,b,l
2229513,2718.80000,0.25000000,2025-01-07 22:53:26.723870277,s,l
2229514,2718.91000,0.01451241,2025-01-07 22:53:44.660343170,b,m
2229515,2718.92000,0.04043593,2025-01-07 22:53:44.660343170,b,m
2229516,2720.51000,0.00285514,2025-01-07 22:54:36.734821558,b,l
2229517,2721.26000,0.02840000,2025-01-07 22:56:18.539914370,b,m
2229518,2721.47000,0.00561445,2025-01-07 22:56:18.539914370,b,m
2229519,2721.48000,1.48772849,2025-01-07 22:56:18.539914370,b,m
2229520,2721.49000,0.31519253,2025-01-07 22:56:18.539914370,b,m
2229521,2720.41000,0.01061970,2025-01-07 22:57:48.719903231,b,m
2229522,2720.42000,0.07943996,2025-01-07 22:57:48.719903231,b,m
2229523,2721.09000,0.01121518,2025-01-07 22:58:10.045384884,b,m
2229524,2721.10000,0.06228455,2025-01-07 22:58:10.045384884,b,m
2229525,2721.07000,0.01112266,2025-01-07 22:58:11.552692175,b,m
2229526,2721.08000,0.06237761,2025-01-07 22:58:11.552692175,b,m
2229527,2722.67000,0.01431315,2025-01-07 23:00:06.116747856,b,l
2229528,2722.68000,0.00377977,2025-01-07 23:00:06.116747856,b,l
2229529,2722.67000,0.00723717,2025-01-07 23:00:06.137977362,b,l
2229530,2721.39000,0.01388192,2025-01-07 23:00:14.561962843,b,l
2229531,2721.40000,0.05466605,2025-01-07 23:00:14.561962843,b,l
2229532,2718.60000,0.01360391,2025-01-07 23:00:38.785637617,b,l
2229533,2718.61000,0.03164791,2025-01-07 23:00:38.785637617,b,l
2229534,2718.44000,0.01347687,2025-01-07 23:00:41.126397848,b,l
2229535,2718.45000,0.90569250,2025-01-07 23:00:41.126397848,b,l
2229536,2718.47000,0.09419998,2025-01-07 23:00:41.126397848,b,l
2229537,2715.00000,0.03683241,2025-01-07 23:01:09.109921694,s,l
2229538,2713.29000,0.01350116,2025-01-07 23:01:21.277054310,b,l
2229539,2713.30000,0.16255905,2025-01-07 23:01:21.277054310,b,l
2229540,2714.63000,0.01271217,2025-01-07 23:02:01.827595472,b,l
2229541,2714.64000,0.53168143,2025-01-07 23:02:01.827595472,b,l
2229542,2713.35000,0.01277764,2025-01-07 23:03:30.308740616,b,l
2229543,2713.36000,0.34720297,2025-01-07 23:03:30.308740616,b,l
2229544,2711.90000,0.01223822,2025-01-07 23:03:56.731353283,b,l
2229545,2711.91000,0.05935940,2025-01-07 23:03:56.731353283,b,l
2229546,2710.98000,0.30825109,2025-01-07 23:05:21.117143869,s,l
2229547,2711.22000,0.00700000,2025-01-07 23:05:41.395965576,s,l
2229548,2712.07000,0.00331850,2025-01-07 23:05:42.533624172,b,m
2229549,2712.29000,0.00852907,2025-01-07 23:06:51.640123367,b,l
2229550,2709.68000,0.01713941,2025-01-07 23:08:03.901458502,b,l
2229551,2712.29000,0.03588245,2025-01-07 23:09:28.639748335,b,l
2229552,2711.44000,0.01475230,2025-01-07 23:13:50.591021061,s,l
2229553,2710.83000,0.00537063,2025-01-07 23:18:38.691479683,b,l
2229554,2709.23000,0.10630326,2025-01-07 23:18:59.777182579,s,l
2229555,2708.40000,0.01054192,2025-01-07 23:19:14.692699194,b,l
2229556,2710.00000,0.00785771,2025-01-07 23:20:01.829164028,b,l
2229557,2710.00000,0.30716200,2025-01-07 23:20:43.387269258,b,l
2229558,2710.00000,0.68498029,2025-01-07 23:20:43.454344511,b,l
2229559,2712.29000,0.03606904,2025-01-07 23:20:55.001697063,b,l
2229560,2712.29000,0.83951944,2025-01-07 23:21:07.112329721,b,l
2229561,2715.45000,0.45874000,2025-01-07 23:21:34.767305374,s,l
2229562,2715.90000,0.04724965,2025-01-07 23:21:49.508647680,b,l
2229563,2715.91000,0.31024934,2025-01-07 23:21:49.508647680,b,l
2229564,2715.34000,0.00725671,2025-01-07 23:22:00.032484054,b,l
2229565,2716.18000,0.02032433,2025-01-07 23:22:43.392381191,b,l
2229566,2719.54000,0.01811376,2025-01-07 23:25:14.305533171,b,l
2229567,2718.57000,0.03600306,2025-01-07 23:25:41.380130768,b,l
2229568,2718.58000,0.02371627,2025-01-07 23:25:41.380130768,b,l
2229569,2716.88000,0.37361367,2025-01-07 23:26:12.722655296,s,l
2229570,2715.86000,0.40000000,2025-01-07 23:26:36.836850643,s,m
2229571,2715.17000,3.68301064,2025-01-07 23:30:09.680051327,b,m
2229572,2715.16000,0.00368302,2025-01-07 23:30:25.834368944,s,l
2229573,2713.04000,0.06557429,2025-01-07 23:30:55.883232832,b,l
2229574,2713.05000,0.53442571,2025-01-07 23:30:55.883232832,b,l
2229575,2717.35000,0.00906418,2025-01-07 23:32:50.032643795,b,l
2229576,2717.15000,0.03429703,2025-01-07 23:32:56.621912003,b,l
2229577,2715.07000,0.05162324,2025-01-07 23:34:10.148155212,b,m
2229578,2715.08000,3.63150968,2025-01-07 23:34:10.148155212,b,m
2229579,2717.23000,0.05168963,2025-01-07 23:36:15.300919294,b,l
2229580,2717.24000,0.30561332,2025-01-07 23:36:15.300919294,b,l
2229581,2716.86000,0.00678908,2025-01-07 23:36:51.539134502,b,l
2229582,2716.91000,0.03451285,2025-01-07 23:38:08.310934067,b,l
2229583,2717.04000,1.47518160,2025-01-07 23:38:30.580954552,s,l
2229584,2717.04000,5.52481840,2025-01-07 23:38:30.580954552,s,l
2229585,2717.56000,0.15862433,2025-01-07 23:40:35.005312443,b,l
2229586,2718.25000,0.17858434,2025-01-07 23:41:18.278405428,b,l
2229587,2717.01000,0.00266860,2025-01-07 23:44:17.768059492,b,l
2229588,2717.00000,0.17904306,2025-01-07 23:44:32.106373549,s,l
2229589,2715.69000,0.01075126,2025-01-07 23:44:50.188311100,b,l
2229590,2715.68000,0.00920579,2025-01-07 23:45:01.614213943,s,l
2229591,2709.14000,0.01537000,2025-01-07 23:47:01.502072811,s,m
2229592,2709.14000,0.01538000,2025-01-07 23:47:01.502072811,s,m
2229593,2709.14000,0.01540000,2025-01-07 23:47:01.502072811,s,m
2229594,2709.14000,0.01545000,2025-01-07 23:47:01.502072811,s,m
2229595,2709.14000,0.00769000,2025-01-07 23:47:01.502072811,s,m
2229596,2709.14000,0.00769000,2025-01-07 23:47:01.502072811,s,m
2229597,2709.14000,0.00770000,2025-01-07 23:47:01.502072811,s,m
2229598,2709.14000,0.00773000,2025-01-07 23:47:01.502072811,s,m
2229599,2709.14000,0.50000000,2025-01-07 23:47:01.502073050,s,m
2229600,2708.14000,0.00363800,2025-01-07 23:50:37.035538197,b,l
2229601,2710.08000,0.00627717,2025-01-07 23:52:56.471518993,b,m
2229602,2710.09000,0.04372283,2025-01-07 23:52:56.471518993,b,m
2229603,2710.04000,0.17241848,2025-01-07 23:55:00.546941996,b,l
2229604,2710.87000,0.00863477,2025-01-07 23:56:03.016674518,b,l
2229605,2710.88000,0.00161140,2025-01-07 23:56:03.016674518,b,l
2229606,2710.94000,0.00379967,2025-01-07 23:58:57.602245569,s,l
2229607,2711.48000,0.00090838,2025-01-07 23:59:00.046803713,b,l
2229608,2710.89000,0.10621829,2025-01-07 23:59:09.579136372,s,l
2229609,2711.36000,0.01790340,2025-01-07 23:59:10.791914940,b,l
2229610,2710.78000,0.34076818,2025-01-07 23:59:40.387583256,s,l
2229611,2710.39000,0.00179000,2025-01-07 23:59:54.306054592,s,l
2229612,2711.10000,0.01714345,2025-01-07 23:59:58.088617325,b,l
2229613,2711.09000,0.00035919,2025-01-08 00:00:00.107445240,b,l
2229614,2711.08000,0.00036341,2025-01-08 00:00:00.332090855,b,l
2229615,2711.08000,0.01817028,2025-01-08 00:00:00.453889132,b,l
2229616,2710.58000,0.00054521,2025-01-08 00:00:10.035754442,b,l
2229617,2712.04000,0.60000000,2025-01-08 00:03:54.389131546,s,l
2229618,2711.79000,2.30843920,2025-01-08 00:04:35.826878548,b,l
2229619,2714.87000,0.03280000,2025-01-08 00:07:05.597920179,b,m
2229620,2715.92000,0.00885802,2025-01-08 00:07:13.834910631,b,l
2229621,2715.93000,0.03280000,2025-01-08 00:07:15.722826004,b,m
2229622,2716.21000,0.03240000,2025-01-08 00:07:26.024582148,s,m
2229623,2718.37000,0.00535861,2025-01-08 00:07:50.452203751,b,l
2229624,2721.50000,0.08503600,2025-01-08 00:08:08.015964507,b,l
2229625,2722.49000,0.04099090,2025-01-08 00:08:08.015964507,b,l
2229626,2723.22000,0.12462015,2025-01-08 00:08:08.015964507,b,l
2229627,2723.23000,0.40335295,2025-01-08 00:08:08.015964507,b,l
2229628,2724.05000,0.01663118,2025-01-08 00:08:11.606626272,b,l
2229629,2724.06000,0.01928402,2025-01-08 00:08:11.606626511,b,l
2229630,2721.85000,0.01018394,2025-01-08 00:10:35.127593756,b,l
2229631,2721.86000,0.39981606,2025-01-08 00:10:35.127593756,b,l
2229632,2722.62000,0.00518125,2025-01-08 00:11:17.059354305,b,l
2229633,2722.63000,0.17311516,2025-01-08 00:11:17.059354544,b,l
2229634,2722.16000,0.12658518,2025-01-08 00:11:47.739766836,s,l
2229635,2725.09000,0.00351594,2025-01-08 00:12:07.980954170,b,m
2229636,2725.09000,1.83128585,2025-01-08 00:12:07.980954170,b,m
2229637,2726.10000,0.00297507,2025-01-08 00:14:16.556787968,b,l
2229638,2726.19000,0.40702493,2025-01-08 00:14:16.556787968,b,l
2229639,2726.19000,0.41000000,2025-01-08 00:14:16.564507008,b,l
2229640,2727.61000,0.17797152,2025-01-08 00:17:59.868598700,b,l
2229641,2729.47000,0.02004785,2025-01-08 00:18:27.860272646,b,m
2229642,2731.71000,0.12462015,2025-01-08 00:18:35.648287058,b,m
2229643,2731.72000,0.43470900,2025-01-08 00:18:35.648287058,b,m
2229644,2731.73000,1.00000000,2025-01-08 00:18:35.648287058,b,m
2229645,2731.74000,2.45483389,2025-01-08 00:18:35.648287058,b,m
2229646,2730.60000,0.78000000,2025-01-08 00:19:31.976877928,s,m
2229647,2733.60000,0.00397127,2025-01-08 00:25:56.139766455,b,m
2229648,2733.61000,0.41000000,2025-01-08 00:25:56.139766455,b,m
2229649,2733.71000,0.31727146,2025-01-08 00:25:56.139766455,b,m
2229650,2733.59000,0.00397127,2025-01-08 00:25:57.537318945,b,l
2229651,2733.60000,0.01303961,2025-01-08 00:25:57.537319183,b,l
2229652,2729.18000,0.00322132,2025-01-08 00:27:13.551632404,b,m
2229653,2729.19000,0.01826859,2025-01-08 00:27:13.551632404,b,m
2229654,2727.42000,0.00344417,2025-01-08 00:27:46.223161459,b,m
2229655,2727.43000,0.02405426,2025-01-08 00:27:46.223161459,b,m
2229656,2727.22000,0.27720535,2025-01-08 00:30:35.902827263,s,l
2229657,2730.89000,1.63887124,2025-01-08 00:37:22.351369619,s,l
2229658,2730.88000,0.08473500,2025-01-08 00:37:22.351369619,s,l
2229659,2730.83000,0.77713662,2025-01-08 00:37:22.351369619,s,l
2229660,2733.68000,0.03230592,2025-01-08 00:37:51.562032223,b,l
2229661,2733.69000,0.00180394,2025-01-08 00:37:51.562032223,b,l
2229662,2733.72000,0.00751357,2025-01-08 00:38:47.782495022,b,m
2229663,2733.73000,0.08204360,2025-01-08 00:39:31.001263618,b,m
2229664,2734.67000,0.06755431,2025-01-08 00:39:31.001263618,b,m
2229665,2734.68000,0.03282878,2025-01-08 00:39:31.001263618,b,m
2229666,2734.14000,0.00914364,2025-01-08 00:43:27.397508144,s,m
2229667,2734.37000,0.00337624,2025-01-08 00:44:22.352598190,b,l
2229668,2731.67000,0.01210000,2025-01-08 00:45:52.487861633,s,l
2229669,2730.25000,0.60000000,2025-01-08 00:46:54.995873451,s,l
2229670,2730.25000,0.43330000,2025-01-08 00:46:54.995873451,s,l
2229671,2733.31000,0.09397946,2025-01-08 00:49:55.755466223,s,l
2229672,2736.40000,0.05630477,2025-01-08 00:51:22.993620157,b,m
2229673,2736.41000,0.07123480,2025-01-08 00:51:22.993620157,b,m
2229674,2735.58000,0.21933191,2025-01-08 00:52:55.373454571,b,m
2229675,2732.73000,0.01019244,2025-01-08 00:54:53.359369516,b,l
2229676,2736.46000,0.03654356,2025-01-08 00:56:45.439851522,b,m
2229677,2731.18000,0.01777343,2025-01-08 01:03:26.355625153,b,l
2229678,2730.77000,2.01649844,2025-01-08 01:04:14.378551006,s,l
2229679,2726.91000,0.10040823,2025-01-08 01:04:53.642846346,b,m
2229680,2726.92000,0.60000000,2025-01-08 01:04:53.642846346,b,m
2229681,2726.94000,0.29959177,2025-01-08 01:04:53.642846346,b,m
2229682,2727.01000,0.00036128,2025-01-08 01:05:00.047000408,b,l
2229683,2726.57000,0.17803614,2025-01-08 01:05:37.082592010,b,l
2229684,2731.82000,0.00565949,2025-01-08 01:08:06.074876785,s,l
2229685,2728.40000,0.02748864,2025-01-08 01:09:38.157768726,b,m
2229686,2729.26000,0.01020926,2025-01-08 01:09:54.207998991,b,l
2229687,2726.43000,0.36678000,2025-01-08 01:11:08.911266804,b,m
2229688,2727.12000,0.17139655,2025-01-08 01:11:36.239773512,b,l
2229689,2721.71000,0.00356694,2025-01-08 01:17:05.888473511,b,l
2229690,2722.31000,0.08493500,2025-01-08 01:17:23.321823597,s,m
2229691,2722.01000,0.28910871,2025-01-08 01:17:23.321823597,s,m
2229692,2728.96000,0.00678430,2025-01-08 01:21:13.250057220,b,l
2229693,2729.11000,0.26172844,2025-01-08 01:22:10.139141321,b,l
2229694,2724.94000,0.08564438,2025-01-08 01:26:03.547761679,b,l
2229695,2724.47000,0.00299703,2025-01-08 01:26:49.730681896,b,l
2229696,2725.54000,0.12853091,2025-01-08 01:27:13.519157887,b,l
2229697,2724.46000,0.08737295,2025-01-08 01:27:59.204671383,s,l
2229698,2723.23000,0.01705719,2025-01-08 01:30:32.266944408,b,l
2229699,2725.04000,0.17615000,2025-01-08 01:31:22.123689651,s,l
2229700,2726.51000,0.17803157,2025-01-08 01:33:48.456784725,b,l
2229701,2725.09000,0.10276341,2025-01-08 01:34:30.996392965,b,l
2229702,2724.58000,0.02835518,2025-01-08 01:34:40.993987322,s,l
2229703,2720.00000,0.00294117,2025-01-08 01:36:48.425757170,s,l
2229704,2720.00000,0.00294117,2025-01-08 01:36:48.425757170,s,l
2229705,2717.75000,0.00181257,2025-01-08 01:39:40.032019615,b,l
2229706,2713.81000,0.73124273,2025-01-08 01:41:06.863576174,s,m
2229707,2712.34000,1.24996323,2025-01-08 01:47:03.985924959,s,l
2229708,2711.91000,0.17217501,2025-01-08 01:47:40.639116764,b,l
2229709,2711.91000,0.26253399,2025-01-08 01:47:45.363823652,b,m
2229710,2711.91000,0.90569250,2025-01-08 01:47:45.363823652,b,m
2229711,2711.91000,0.41000000,2025-01-08 01:47:45.363823652,b,m
2229712,2711.91000,6.50039552,2025-01-08 01:47:45.363823652,b,m
2229713,2711.91000,1.00000000,2025-01-08 01:47:45.363823652,b,m
2229714,2711.91000,0.24324699,2025-01-08 01:47:45.363823652,b,m
2229715,2711.91000,6.27809824,2025-01-08 01:47:45.363823652,b,m
2229716,2711.91000,1.65375741,2025-01-08 01:47:45.363823652,b,m
2229717,2711.92000,0.91423518,2025-01-08 01:47:45.363823652,b,m
2229718,2712.11000,11.83204017,2025-01-08 01:47:45.363823652,b,m
2229719,2711.90000,0.09929569,2025-01-08 01:47:46.305278063,s,l
2229720,2711.90000,0.01843725,2025-01-08 01:47:46.305278063,s,l
2229721,2710.66000,0.54524919,2025-01-08 01:48:05.633500576,b,l
2229722,2711.68000,0.00358202,2025-01-08 01:49:34.276175499,b,l
2229723,2708.88000,0.10000000,2025-01-08 01:52:03.720530510,s,l
2229724,2708.83000,0.17926891,2025-01-08 01:52:59.687357426,b,l
2229725,2713.17000,0.02000000,2025-01-08 01:57:07.801846743,s,l
2229726,2713.79000,0.01142314,2025-01-08 01:57:08.209684610,b,m
2229727,2715.99000,0.47000535,2025-01-08 01:59:01.835522890,b,l
2229728,2715.71000,0.00036279,2025-01-08 02:00:41.032421112,b,l
2229729,2715.71000,0.00119357,2025-01-08 02:00:41.034304380,b,l
2229730,2712.85000,0.54490541,2025-01-08 02:04:20.349358797,b,l
2229731,2715.90000,0.01023339,2025-01-08 02:06:07.979391098,b,l
2229732,2725.26000,0.00712461,2025-01-08 02:10:27.563657999,b,l
2229733,2726.58000,0.49479885,2025-01-08 02:12:33.573966265,b,m
2229734,2726.59000,0.24010890,2025-01-08 02:12:33.573966265,b,m
2229735,2722.54000,0.07175362,2025-01-08 02:18:43.489347935,b,l
2229736,2722.77000,0.06032410,2025-01-08 02:19:26.501511096,b,l
2229737,2720.14000,0.84567199,2025-01-08 02:20:14.719335318,s,l
2229738,2721.18000,0.00356801,2025-01-08 02:20:19.492797375,b,l
2229739,2726.58000,0.04767878,2025-01-08 02:26:19.297228336,b,m
2229740,2724.52000,0.01966679,2025-01-08 02:26:53.977419376,s,l
2229741,2720.59000,0.02141644,2025-01-08 02:29:47.553843021,b,l
2229742,2720.71000,0.03425581,2025-01-08 02:37:23.300572872,b,l
2229743,2720.44000,0.03350700,2025-01-08 02:39:25.946616411,s,l
2229744,2712.24000,0.18925849,2025-01-08 02:51:28.441229820,s,l
2229745,2714.09000,0.00507430,2025-01-08 02:52:55.147490263,b,l
2229746,2713.56000,0.07370392,2025-01-08 02:53:03.186433792,b,m
2229747,2711.38000,0.01314355,2025-01-08 02:59:05.762620687,s,l
2229748,2710.14000,0.00036353,2025-01-08 03:00:32.034911394,b,l
2229749,2706.99000,0.00120105,2025-01-08 03:00:59.032798529,b,l
2229750,2705.00000,0.02772643,2025-01-08 03:02:07.276454687,s,l
2229751,2704.00000,0.03698224,2025-01-08 03:02:09.667238712,s,l
2229752,2702.28000,0.00370057,2025-01-08 03:02:11.147448540,s,l
2229753,2700.02000,5.13810216,2025-01-08 03:02:17.985607624,s,l
2229754,2700.00000,1.09162962,2025-01-08 03:02:18.670926332,s,l
2229755,2700.00000,0.18333333,2025-01-08 03:02:18.670926332,s,l
2229756,2700.73000,0.01724566,2025-01-08 03:04:43.338559628,b,l
2229757,2695.59000,0.00370976,2025-01-08 03:06:03.232920170,s,l
2229758,2697.09000,0.00300000,2025-01-08 03:06:17.713993073,b,m
2229759,2690.24000,0.10009515,2025-01-08 03:08:02.470641136,s,l
2229760,2695.72000,0.07634248,2025-01-08 03:09:23.518105507,s,m
2229761,2696.50000,0.50000000,2025-01-08 03:09:27.421741009,b,l
2229762,2697.43000,0.59580672,2025-01-08 03:09:27.421741009,b,l
2229763,2696.49000,0.01749029,2025-01-08 03:09:28.892187834,b,l
2229764,2693.33000,0.09941125,2025-01-08 03:11:07.530023098,s,l
2229765,2691.98000,0.05567267,2025-01-08 03:11:30.826487780,b,l
2229766,2699.44000,0.01511519,2025-01-08 03:12:45.593772888,b,l
2229767,2700.06000,0.50000000,2025-01-08 03:13:54.521298409,b,l
2229768,2701.61000,0.06165580,2025-01-08 03:20:36.499510765,b,l
2229769,2708.94000,1.47847081,2025-01-08 03:27:25.640983105,s,l
2229770,2708.94000,0.43470900,2025-01-08 03:27:25.640983105,s,l
2229771,2708.94000,0.17057789,2025-01-08 03:27:25.640983105,s,l
2229772,2702.76000,0.00035893,2025-01-08 03:33:24.721215010,b,l
2229773,2702.85000,0.09999445,2025-01-08 03:38:48.409955025,b,m
2229774,2693.19000,0.14414440,2025-01-08 03:46:22.877130747,b,l
2229775,2690.00000,0.15214910,2025-01-08 03:47:01.352022648,s,l
2229776,2688.34000,0.90910606,2025-01-08 03:47:07.778266907,s,l
2229777,2687.48000,0.06256026,2025-01-08 03:47:07.824123859,s,l
2229778,2685.21000,0.00998214,2025-01-08 03:47:08.200489759,s,l
2229779,2682.88000,1.67242320,2025-01-08 03:47:09.125337601,s,l
2229780,2688.59000,0.07328910,2025-01-08 03:47:18.570680857,b,l
2229781,2688.43000,0.08570400,2025-01-08 03:51:11.755279303,s,l
2229782,2683.63000,0.01757417,2025-01-08 03:53:28.644798517,b,l
2229783,2684.46000,0.03492536,2025-01-08 03:54:23.669651985,b,l
2229784,2686.51000,0.01731404,2025-01-08 03:55:16.042510033,b,l
2229785,2684.35000,0.20782441,2025-01-08 03:55:44.769909143,b,l
2229786,2684.55000,0.08578700,2025-01-08 03:55:44.769909143,b,l
2229787,2685.48000,0.11638859,2025-01-08 03:55:44.769909143,b,l
2229788,2686.40000,0.37783047,2025-01-08 03:56:14.561063051,s,l
2229789,2690.38000,0.02294017,2025-01-08 03:57:37.224279881,s,l
2229790,2698.27000,0.00357099,2025-01-08 04:10:19.547269583,b,l
2229791,2700.40000,0.52060580,2025-01-08 04:12:19.896675587,s,l
2229792,2694.84000,0.01484318,2025-01-08 04:16:01.784359217,b,m
2229793,2694.80000,0.08246069,2025-01-08 04:18:24.947744846,b,m
2229794,2694.81000,0.06682287,2025-01-08 04:18:24.947744846,b,m
2229795,2694.36000,0.00538161,2025-01-08 04:18:48.303162336,s,l
2229796,2684.69000,0.60000000,2025-01-08 04:25:54.917706728,s,l
2229797,2684.55000,1.51611530,2025-01-08 04:25:54.917706728,s,l
2229798,2687.62000,0.33636539,2025-01-08 04:35:03.577910185,b,l
2229799,2687.63000,1.10889930,2025-01-08 04:35:03.577910423,b,l
2229800,2692.62000,0.05049965,2025-01-08 04:38:16.610308409,b,l
2229801,2691.62000,0.05225478,2025-01-08 04:41:28.278057814,b,l
2229802,2689.90000,0.11716125,2025-01-08 04:41:53.896635532,b,l
2229803,2685.17000,0.00397681,2025-01-08 04:46:09.302314043,b,l
2229804,2687.76000,0.02718998,2025-01-08 04:50:17.616818190,b,l
2229805,2687.52000,0.01806250,2025-01-08 04:50:53.820909500,b,l
2229806,2682.84000,0.01447483,2025-01-08 04:53:22.704821587,b,l
2229807,2683.48000,0.15277292,2025-01-08 04:55:31.519234180,s,l
2229808,2684.12000,0.05247196,2025-01-08 04:56:57.860658169,b,l
2229809,2682.60000,0.02000000,2025-01-08 05:00:00.186449289,s,l
2229810,2683.51000,0.00036714,2025-01-08 05:00:58.031569719,b,l
2229811,2683.98000,0.05439423,2025-01-08 05:03:03.699925423,b,l
2229812,2681.00000,0.00372995,2025-01-08 05:06:53.693113804,s,l
2229813,2680.00000,0.01865671,2025-01-08 05:06:54.180262804,s,l
2229814,2680.00000,0.37522014,2025-01-08 05:06:54.180262804,s,l
2229815,2680.00000,0.03731343,2025-01-08 05:06:54.180262804,s,l
2229816,2678.00000,0.25466766,2025-01-08 05:06:56.407476425,s,l
2229817,2677.21000,0.00368003,2025-01-08 05:07:02.047050953,b,l
2229818,2679.08000,0.62033000,2025-01-08 05:09:09.916013956,s,l
2229819,2685.58000,0.09003982,2025-01-08 05:12:45.257597685,b,l
2229820,2695.24000,0.01801283,2025-01-08 05:16:05.191838503,b,l
2229821,2699.70000,0.08110194,2025-01-08 05:21:29.681505442,b,l
2229822,2698.91000,0.00730089,2025-01-08 05:21:37.032791375,b,l
2229823,2700.16000,0.37033745,2025-01-08 05:28:29.169843912,b,l
2229824,2700.55000,0.00036482,2025-01-08 05:32:00.042785168,b,l
2229825,2696.50000,0.00927127,2025-01-08 05:37:06.073343515,s,l
2229826,2697.25000,0.08551700,2025-01-08 05:44:23.400395155,s,l
2229827,2697.15000,0.16704598,2025-01-08 05:44:23.400395155,s,l
2229828,2696.53000,0.11258113,2025-01-08 05:46:40.733086586,b,l
2229829,2696.54000,0.08741887,2025-01-08 05:46:40.733086586,b,l
2229830,2695.00000,2.00000000,2025-01-08 05:50:29.202417135,s,l
2229831,2684.83000,0.80000000,2025-01-08 05:51:48.138595819,s,l
2229832,2684.83000,0.80000000,2025-01-08 05:51:51.463887215,s,l
2229833,2684.49000,0.08839316,2025-01-08 06:10:09.447686911,b,l
2229834,2684.50000,0.09351823,2025-01-08 06:10:09.447687149,b,l
2229835,2685.01000,0.01363800,2025-01-08 06:13:50.919759989,s,l
2229836,2684.41000,0.00923852,2025-01-08 06:17:10.341629267,s,l
2229837,2681.85000,0.00734733,2025-01-08 06:17:53.645039797,b,l
2229838,2681.85000,0.00918416,2025-01-08 06:17:53.647636175,b,l
2229839,2680.67000,0.00687847,2025-01-08 06:18:07.874568224,b,l
2229840,2675.77000,0.00253654,2025-01-08 06:18:45.555101871,s,l
2229841,2675.89000,0.01136137,2025-01-08 06:20:23.601018906,s,m
2229842,2677.15000,0.01840057,2025-01-08 06:20:33.307319403,b,l
2229843,2677.54000,0.00689201,2025-01-08 06:20:46.096635818,b,l
2229844,2675.28000,0.03734189,2025-01-08 06:23:10.429586411,b,m
2229845,2675.08000,0.00181451,2025-01-08 06:24:26.852251291,b,l
2229846,2676.15000,0.09341778,2025-01-08 06:26:32.190086842,b,m
2229847,2675.15000,0.11904260,2025-01-08 06:27:58.768680096,b,l
2229848,2675.00000,0.05607476,2025-01-08 06:28:19.285518169,s,l
2229849,2673.86000,0.03684642,2025-01-08 06:29:32.445091486,b,l
2229850,2673.60000,0.35000000,2025-01-08 06:32:50.849734306,s,m
2229851,2671.00000,0.01923076,2025-01-08 06:33:02.392669439,s,l
2229852,2668.76000,0.10090079,2025-01-08 06:33:03.861605883,s,l
2229853,2667.28000,0.00591225,2025-01-08 06:33:05.285228729,b,m
2229854,2666.59000,0.08606300,2025-01-08 06:33:05.367839575,s,l
2229855,2666.43000,0.60000000,2025-01-08 06:33:05.492125034,s,l
2229856,2665.25000,0.00992992,2025-01-08 06:33:05.691869259,s,l
2229857,2673.94000,0.21902671,2025-01-08 06:33:35.813141108,b,l
2229858,2675.69000,0.01104637,2025-01-08 06:33:43.126411915,b,l
2229859,2660.66000,0.03376110,2025-01-08 06:39:32.094060898,s,l
2229860,2659.31000,0.08611400,2025-01-08 06:39:32.693678379,s,l
2229861,2662.38000,0.08609700,2025-01-08 06:40:10.294136524,b,l
2229862,2659.50000,0.01710938,2025-01-08 06:41:14.846675634,s,l
2229863,2662.73000,0.07400087,2025-01-08 06:41:52.285892725,b,l
2229864,2668.54000,0.00345937,2025-01-08 06:42:25.782419443,b,l
2229865,2668.19000,0.07382564,2025-01-08 06:42:37.222217798,b,l
2229866,2667.29000,0.01820000,2025-01-08 06:42:37.310629129,s,l
2229867,2660.30000,0.01787405,2025-01-08 06:48:24.280626535,b,m
2229868,2661.33000,0.00167197,2025-01-08 06:48:24.280626535,b,m
2229869,2657.83000,0.08619100,2025-01-08 06:50:17.185953856,s,l
2229870,2654.85000,0.43470900,2025-01-08 06:50:44.402276278,s,l
2229871,2655.34000,0.00074207,2025-01-08 06:51:51.735131741,b,l
2229872,2655.34000,0.55316731,2025-01-08 06:51:51.742190361,b,l
2229873,2655.34000,0.37103410,2025-01-08 06:51:51.790228128,b,l
2229874,2653.86000,0.01884048,2025-01-08 06:54:34.043841124,s,l
2229875,2652.18000,0.61433182,2025-01-08 06:55:00.493118763,s,l
2229876,2651.28000,0.00917704,2025-01-08 06:57:42.132534742,b,l
2229877,2651.28000,0.05657645,2025-01-08 06:58:05.780219316,b,m
2229878,2651.27000,0.13278162,2025-01-08 06:58:13.026370287,s,l
2229879,2651.00000,0.00377216,2025-01-08 06:58:13.037148714,s,l
2229880,2650.01000,0.02137737,2025-01-08 06:58:15.321732759,b,l
2229881,2650.01000,0.03680626,2025-01-08 06:58:20.632559299,b,l
2229882,2650.01000,0.00527185,2025-01-08 06:58:22.841145754,b,l
2229883,2650.01000,0.03717804,2025-01-08 06:58:25.886862278,b,l
2229884,2650.01000,0.00706185,2025-01-08 06:58:27.784213781,b,l
2229885,2650.01000,0.02862906,2025-01-08 06:58:27.784213781,b,l
2229886,2651.87000,0.01857598,2025-01-08 07:00:22.037423134,b,l
2229887,2651.44000,0.00037158,2025-01-08 07:00:25.040436268,b,l
2229888,2661.38000,0.02496548,2025-01-08 07:05:17.658437729,s,l
2229889,2663.35000,0.00911311,2025-01-08 07:07:56.581640959,b,l
2229890,2665.36000,0.18214448,2025-01-08 07:08:42.513894081,b,l
2229891,2668.00000,0.18749625,2025-01-08 07:10:00.235170364,b,l
2229892,2666.45000,0.03423922,2025-01-08 07:10:26.383235693,s,l
2229893,2671.31000,0.06988116,2025-01-08 07:12:24.541356802,b,l
2229894,2670.12000,1.46762781,2025-01-08 07:14:51.029242039,b,l
2229895,2665.72000,0.00485499,2025-01-08 07:16:50.243196726,b,l
2229896,2662.45000,0.09389848,2025-01-08 07:17:55.648445129,b,m
2229897,2668.32000,0.00369171,2025-01-08 07:19:25.036577702,b,l
2229898,2672.04000,0.01819269,2025-01-08 07:20:51.937534332,b,l
2229899,2670.65000,0.03633809,2025-01-08 07:23:11.737646103,b,l
2229900,2669.23000,0.74927975,2025-01-08 07:23:58.794404984,b,m
2229901,2668.56000,0.00964893,2025-01-08 07:25:40.742734671,s,l
2229902,2669.80000,0.12728621,2025-01-08 07:27:52.193838596,b,l
2229903,2671.01000,0.00147543,2025-01-08 07:28:47.038427114,b,l
2229904,2673.26000,0.03587988,2025-01-08 07:30:19.509907007,s,l
2229905,2673.26000,0.14287566,2025-01-08 07:30:19.509907007,s,l
2229906,2678.21000,0.09062441,2025-01-08 07:32:42.809525728,b,l
2229907,2678.80000,0.80000000,2025-01-08 07:40:03.445393562,b,m
2229908,2679.03000,0.08593000,2025-01-08 07:40:03.445393562,b,m
2229909,2679.62000,0.11407000,2025-01-08 07:40:03.445393562,b,m
2229910,2679.61000,0.02578978,2025-01-08 07:41:48.749814272,b,l
2229911,2681.95000,0.00341215,2025-01-08 07:44:27.491040945,b,l
2229912,2682.96000,0.04072623,2025-01-08 07:46:34.521030188,s,l
2229913,2683.77000,0.00338165,2025-01-08 07:46:47.484424591,b,l
2229914,2685.90000,0.01282038,2025-01-08 07:47:26.194979191,b,l
2229915,2685.80000,0.03723285,2025-01-08 07:48:03.420709133,b,m
2229916,2688.37000,0.03602466,2025-01-08 07:52:27.717497826,b,l
2229917,2688.75000,0.01801153,2025-01-08 07:52:45.615986347,b,l
2229918,2690.24000,0.10090079,2025-01-08 07:53:16.507199049,b,l
2229919,2693.86000,0.00719014,2025-01-08 07:53:59.270812035,b,l
2229920,2693.61000,0.18525325,2025-01-08 07:54:59.183953762,b,m
2229921,2691.88000,0.00887860,2025-01-08 07:56:27.839305162,s,l
2229922,2691.61000,0.00200000,2025-01-08 07:58:31.522971869,s,m
2229923,2691.18000,0.01281325,2025-01-08 08:00:01.916226387,b,l
2229924,2692.21000,0.00182976,2025-01-08 08:00:26.032509804,b,l
2229925,2690.95000,0.00885843,2025-01-08 08:00:29.932811499,s,m
2229926,2691.53000,0.00337137,2025-01-08 08:01:22.398558140,b,l
2229927,2696.56000,0.00342342,2025-01-08 08:01:57.795966864,b,l
2229928,2695.58000,0.02621734,2025-01-08 08:02:17.777492762,s,l
2229929,2694.80000,0.73793714,2025-01-08 08:02:17.777492762,s,l
2229930,2691.58000,0.00326569,2025-01-08 08:03:38.555148363,s,m
2229931,2694.01000,0.01721849,2025-01-08 08:08:41.109627247,b,l
2229932,2692.43000,0.00731846,2025-01-08 08:09:24.034598112,b,l
2229933,2699.95000,0.00896784,2025-01-08 08:14:13.526866436,b,l
2229934,2699.58000,0.03503348,2025-01-08 08:15:10.663390636,b,l
2229935,2699.58000,0.12135423,2025-01-08 08:16:36.233569860,b,l
2229936,2699.59000,0.41000000,2025-01-08 08:16:36.233569860,b,l
2229937,2699.60000,0.04277290,2025-01-08 08:16:36.233569860,b,l
2229938,2700.10000,0.03372058,2025-01-08 08:17:26.566728830,b,l
2229939,2704.41000,0.08559500,2025-01-08 08:17:39.890200138,b,m
2229940,2705.11000,0.03183591,2025-01-08 08:17:39.890200377,b,m
2229941,2705.12000,0.38256909,2025-01-08 08:17:39.890200377,b,m
2229942,2703.80000,0.04163264,2025-01-08 08:18:13.935323238,s,l
2229943,2707.52000,0.00849035,2025-01-08 08:18:50.003697395,s,l
2229944,2707.59000,0.00178814,2025-01-08 08:19:07.762024164,b,l
2229945,2705.06000,0.00852329,2025-01-08 08:20:37.996893883,b,l
2229946,2703.75000,0.01206954,2025-01-08 08:20:50.224673748,b,m
2229947,2703.76000,0.11824046,2025-01-08 08:20:50.224673748,b,m
2229948,2705.53000,0.01159399,2025-01-08 08:21:07.189461708,b,l
2229949,2705.54000,0.43470900,2025-01-08 08:21:07.189461708,b,l
2229950,2705.55000,0.41541502,2025-01-08 08:21:07.189461708,b,l
2229951,2701.93000,0.00627226,2025-01-08 08:22:31.267008066,b,l
2229952,2701.94000,0.10125939,2025-01-08 08:22:31.267008066,b,l
2229953,2701.39000,0.00650411,2025-01-08 08:23:05.695057631,b,l
2229954,2701.40000,0.01074321,2025-01-08 08:23:05.695057631,b,l
2229955,2701.88000,0.00179228,2025-01-08 08:23:26.481893063,b,l
2229956,2701.82000,0.00367588,2025-01-08 08:24:32.493154764,b,m
2229957,2701.70000,1.67543039,2025-01-08 08:24:35.566488743,s,m
2229958,2701.70000,0.19299445,2025-01-08 08:24:35.566488743,s,m
2229959,2701.69000,0.41000000,2025-01-08 08:24:35.566488981,s,m
2229960,2701.58000,0.80000000,2025-01-08 08:24:35.566488981,s,m
2229961,2701.48000,5.17157516,2025-01-08 08:24:35.566488981,s,m
2229962,2702.46000,0.01618536,2025-01-08 08:25:56.637068987,b,m
2229963,2702.47000,4.05416515,2025-01-08 08:25:56.637068987,b,m
2229964,2703.74000,0.01607640,2025-01-08 08:27:01.598822594,b,l
2229965,2703.75000,0.02369652,2025-01-08 08:27:01.598822594,b,l
2229966,2702.97000,0.01591354,2025-01-08 08:27:29.824685335,b,l
2229967,2702.98000,0.02106870,2025-01-08 08:27:29.824685335,b,l
2229968,2703.42000,0.00764674,2025-01-08 08:29:36.118638277,b,m
2229969,2703.43000,0.08445850,2025-01-08 08:29:36.118638277,b,m
2229970,2703.36000,0.00759913,2025-01-08 08:29:38.195782185,b,l
2229971,2703.37000,0.02678569,2025-01-08 08:29:38.195782185,b,l
2229972,2702.91000,0.00687330,2025-01-08 08:30:51.402259588,b,m
2229973,2702.92000,0.03012375,2025-01-08 08:30:51.402259588,b,m
2229974,2705.52000,0.03128967,2025-01-08 08:33:16.035373211,s,l
2229975,2704.82000,0.51871033,2025-01-08 08:33:16.035373211,s,l
2229976,2707.83000,0.03000000,2025-01-08 08:37:20.268785000,s,l
2229977,2707.84000,0.04672384,2025-01-08 08:38:19.744545937,b,l
2229978,2709.19000,0.00501585,2025-01-08 08:42:09.199948072,b,l
2229979,2709.20000,0.03073160,2025-01-08 08:42:09.199948072,b,l
2229980,2708.92000,0.41000000,2025-01-08 08:42:29.760933638,b,m
2229981,2708.93000,0.80000000,2025-01-08 08:42:29.760933638,b,m
2229982,2708.94000,0.63574638,2025-01-08 08:42:29.760933638,b,m
2229983,2709.02000,1.03596504,2025-01-08 08:42:38.179753065,b,m
2229984,2709.77000,0.00312070,2025-01-08 08:44:53.523550749,b,l
2229985,2709.78000,0.01398794,2025-01-08 08:44:53.523550749,b,l
2229986,2708.84000,0.00682635,2025-01-08 08:46:50.173337698,b,l
2229987,2708.83000,0.06460353,2025-01-08 08:47:13.581295252,s,l
2229988,2708.58000,0.00220626,2025-01-08 08:50:23.558960676,b,l
2229989,2708.59000,0.55042881,2025-01-08 08:50:23.558960676,b,l
2229990,2708.41000,0.36922032,2025-01-08 08:50:39.857364416,b,m
2229991,2709.97000,0.00228852,2025-01-08 08:52:10.284900904,b,m
2229992,2709.98000,0.27476888,2025-01-08 08:52:10.284900904,b,m
2229993,2709.01000,0.00348909,2025-01-08 08:53:55.491800070,b,l
2229994,2708.62000,0.00768473,2025-01-08 08:54:39.522159815,b,l
2229995,2708.63000,0.00254825,2025-01-08 08:54:39.522159815,b,l
2229996,2710.38000,0.36894651,2025-01-08 08:56:19.329732656,b,l
2229997,2709.59000,0.01000000,2025-01-08 08:58:00.916261435,s,l
2229998,2709.59000,0.36905952,2025-01-08 08:58:00.916261435,s,l
2229999,2707.83000,0.00692994,2025-01-08 08:58:30.291487217,s,l
2230000,2707.83000,0.03251809,2025-01-08 08:58:30.291487217,s,l
2230001,2707.83000,3.66047593,2025-01-08 08:58:54.872164249,s,l
2230002,2707.83000,0.01846497,2025-01-08 08:58:54.872164249,s,l
2230003,2707.83000,0.03692994,2025-01-08 08:58:54.872164249,s,l
2230004,2706.12000,0.00517455,2025-01-08 08:59:17.661951065,b,l
2230005,2706.13000,0.16973014,2025-01-08 08:59:17.661951065,b,l
2230006,2704.28000,0.00728639,2025-01-08 09:00:51.031044245,b,l
2230007,2708.14000,0.08962485,2025-01-08 09:02:51.941395760,b,l
2230008,2708.68000,0.00340817,2025-01-08 09:02:55.809129477,b,l
2230009,2708.27000,0.01596138,2025-01-08 09:03:28.392148495,b,l
2230010,2708.28000,0.01132228,2025-01-08 09:03:28.392148495,b,l
2230011,2708.23000,0.07234550,2025-01-08 09:04:27.544096231,b,l
2230012,2708.65000,0.01378045,2025-01-08 09:06:56.638624668,b,l
2230013,2708.66000,0.07261524,2025-01-08 09:06:56.638624668,b,l
2230014,2708.71000,0.00342129,2025-01-08 09:07:15.839298010,b,l
2230015,2708.91000,0.00369152,2025-01-08 09:07:50.502152681,b,m
2230016,2708.88000,2.52207554,2025-01-08 09:07:54.458671808,b,m
2230017,2709.03000,0.73827163,2025-01-08 09:08:25.927418470,b,m
2230018,2709.39000,0.00181816,2025-01-08 09:08:28.031557797,b,l
2230019,2704.54000,0.00358096,2025-01-08 09:10:44.964960814,b,l
2230020,2703.81000,0.03599499,2025-01-08 09:12:17.746807098,b,l
2230021,2711.01000,0.10955327,2025-01-08 09:17:43.354799271,b,m
2230022,2708.52000,0.01803093,2025-01-08 09:23:27.116969824,b,l
2230023,2708.52000,0.00515796,2025-01-08 09:26:24.764081478,b,l
2230024,2708.51000,0.00553810,2025-01-08 09:28:09.319133997,s,l
2230025,2705.78000,0.00728235,2025-01-08 09:30:57.032821893,b,l
2230026,2704.49000,0.08558300,2025-01-08 09:31:23.968907118,s,l
2230027,2703.91000,0.00428981,2025-01-08 09:31:23.976197720,s,l
2230028,2703.90000,0.01291098,2025-01-08 09:31:23.976197720,s,l
2230029,2703.80000,0.00617279,2025-01-08 09:31:23.976197720,s,l
2230030,2704.51000,0.10895658,2025-01-08 09:31:23.979185581,s,l
2230031,2704.51000,0.10895658,2025-01-08 09:31:23.982235432,s,l
2230032,2704.51000,1.45859782,2025-01-08 09:31:23.983760834,s,l
2230033,2703.57000,1.67709388,2025-01-08 09:31:24.032344817,s,l
2230034,2702.92000,0.03582598,2025-01-08 09:31:46.691954851,b,l
2230035,2701.24000,0.01110601,2025-01-08 09:32:43.866573811,s,l
2230036,2701.21000,0.03702044,2025-01-08 09:32:43.869171143,s,l
2230037,2700.00000,0.09259259,2025-01-08 09:33:10.102459908,s,l
2230038,2695.93000,0.00600000,2025-01-08 09:34:48.765459776,s,m
2230039,2697.39000,0.04432028,2025-01-08 09:40:04.588713408,s,l
2230040,2697.43000,0.38614055,2025-01-08 09:40:40.542910814,s,l
2230041,2698.55000,0.00342092,2025-01-08 09:41:15.413805008,b,l
2230042,2700.72000,0.03947122,2025-01-08 09:43:17.023240566,s,l
2230043,2701.58000,0.03118694,2025-01-08 09:45:16.602985144,b,l
2230044,2700.97000,0.01793149,2025-01-08 09:46:00.654159307,b,l
2230045,2700.93000,0.03441662,2025-01-08 09:46:01.199912310,b,l
2230046,2699.83000,0.18024491,2025-01-08 09:50:04.409720659,b,l
2230047,2699.76000,0.10814695,2025-01-08 09:50:24.876075268,b,l
2230048,2699.75000,0.36947865,2025-01-08 09:51:10.421241522,s,l
2230049,2697.65000,0.01852023,2025-01-08 09:51:14.345252514,b,l
2230050,2697.64000,0.00370694,2025-01-08 09:52:10.219083786,s,l
2230051,2697.52000,0.00698420,2025-01-08 09:52:10.219083786,s,l
2230052,2699.04000,0.00912567,2025-01-08 09:55:15.036249161,b,l
2230053,2697.81000,0.35910841,2025-01-08 09:56:18.115392685,b,l
2230054,2694.07000,0.09389499,2025-01-08 09:58:33.581420422,s,l
2230055,2694.06000,0.01855934,2025-01-08 09:59:22.912386179,s,l
2230056,2691.80000,0.03714986,2025-01-08 09:59:44.297096014,s,l
2230057,2690.95000,0.09740887,2025-01-08 09:59:49.272981167,s,l
2230058,2691.57000,0.02196239,2025-01-08 10:01:10.598758936,b,l
2230059,2693.13000,0.91870481,2025-01-08 10:03:13.746662617,s,m
2230060,2693.25000,0.05050304,2025-01-08 10:03:16.978819847,s,m
2230061,2694.54000,0.00361190,2025-01-08 10:06:06.321038246,b,l
2230062,2694.73000,0.02166976,2025-01-08 10:06:45.874257803,b,l
2230063,2695.39000,0.01033617,2025-01-08 10:07:19.867713451,b,l
2230064,2697.19000,0.43470900,2025-01-08 10:09:48.911980629,s,l
2230065,2697.18000,7.44828208,2025-01-08 10:09:48.911980629,s,l
2230066,2697.08000,1.67702473,2025-01-08 10:09:48.911980629,s,l
2230067,2697.07000,0.43956853,2025-01-08 10:09:48.911980629,s,l
2230068,2695.09000,0.00336626,2025-01-08 10:13:20.430785179,b,l
2230069,2693.81000,0.00509462,2025-01-08 10:15:31.977852106,b,l
2230070,2698.61000,0.03068000,2025-01-08 10:18:10.829084873,b,l
2230071,2698.61000,0.46372351,2025-01-08 10:18:17.258929968,b,l
2230072,2699.04000,1.83149215,2025-01-08 10:18:17.767523289,b,l
2230073,2700.57000,0.69315781,2025-01-08 10:18:55.762333393,b,l
2230074,2699.59000,0.74700009,2025-01-08 10:21:01.287850618,s,l
2230075,2700.48000,0.00271798,2025-01-08 10:21:35.413465261,b,l
2230076,2702.14000,0.01317694,2025-01-08 10:24:28.247462749,s,l
2230077,2701.82000,0.03810000,2025-01-08 10:25:45.490282059,s,l
2230078,2702.24000,1.67224585,2025-01-08 10:27:39.311800480,b,l
2230079,2702.25000,0.14087000,2025-01-08 10:27:39.311800480,b,l
2230080,2701.26000,1.67267572,2025-01-08 10:27:55.910490990,s,l
2230081,2701.25000,0.66732428,2025-01-08 10:27:55.910490990,s,l
2230082,2703.39000,0.01370912,2025-01-08 10:28:25.899694681,b,l
2230083,2705.23000,0.00537831,2025-01-08 10:29:14.686843157,s,l
2230084,2709.19000,0.00507376,2025-01-08 10:29:57.965594530,b,l
2230085,2706.18000,0.00182032,2025-01-08 10:30:27.035904646,b,l
2230086,2700.70000,0.00378022,2025-01-08 10:34:50.037364960,b,l
2230087,2700.69000,0.00899337,2025-01-08 10:34:56.244624138,s,l
2230088,2700.69000,0.06506177,2025-01-08 10:35:00.388161659,s,l
2230089,2699.95000,0.16437341,2025-01-08 10:37:14.812615395,b,m
2230090,2701.31000,0.50000000,2025-01-08 10:38:04.279101610,s,l
2230091,2702.78000,0.07168801,2025-01-08 10:39:45.900031328,b,l
2230092,2702.78000,0.07168112,2025-01-08 10:41:31.171849728,b,l
2230093,2701.57000,0.34786882,2025-01-08 10:43:14.984890699,b,l
2230094,2701.57000,0.00072937,2025-01-08 10:44:08.032838582,b,l
2230095,2701.56000,0.03701565,2025-01-08 10:44:22.813592911,s,l
2230096,2699.67000,0.00072988,2025-01-08 10:44:35.035409927,b,l
2230097,2697.96000,0.12525979,2025-01-08 10:45:07.294692278,s,l
2230098,2699.01000,0.00089709,2025-01-08 10:45:40.568742514,b,l
2230099,2697.47000,0.00514556,2025-01-08 10:46:31.502262114,b,m
2230100,2697.47000,0.00547859,2025-01-08 10:46:44.032667398,b,l
2230101,2698.88000,0.17978807,2025-01-08 10:49:04.361092091,b,l
2230102,2698.64000,0.03599055,2025-01-08 10:49:48.778755665,b,l
2230103,2698.15000,0.01794884,2025-01-08 10:50:09.572898626,b,l
2230104,2699.58000,0.36072450,2025-01-08 10:51:38.008017778,b,l
2230105,2700.23000,0.00364866,2025-01-08 10:52:14.033833504,b,l
2230106,2698.53000,0.00442710,2025-01-08 10:55:07.742859602,b,l
2230107,2698.52000,0.00738923,2025-01-08 10:55:10.183571100,s,l
2230108,2699.48000,0.01902237,2025-01-08 10:56:36.016165018,s,l
2230109,2702.91000,0.01822520,2025-01-08 11:00:30.032279491,b,l
2230110,2701.04000,0.19164982,2025-01-08 11:00:48.049364567,s,l
2230111,2701.24000,0.02840000,2025-01-08 11:01:39.605249166,s,l
2230112,2701.05000,0.24965570,2025-01-08 11:01:39.605249405,s,l
2230113,2705.21000,0.00036419,2025-01-08 11:03:21.036292315,b,l
2230114,2705.87000,0.01789538,2025-01-08 11:03:46.323877335,b,l
2230115,2706.14000,0.02517480,2025-01-08 11:04:38.344978809,b,l
2230116,2705.75000,0.01226835,2025-01-08 11:05:28.380785704,s,l
2230117,2705.43000,0.05826396,2025-01-08 11:06:21.512946844,b,l
2230118,2703.33000,0.01369948,2025-01-08 11:10:11.040400982,b,l
2230119,2703.92000,0.00179117,2025-01-08 11:10:57.517425299,b,l
2230120,2702.92000,0.05119330,2025-01-08 11:11:56.600259304,s,l
2230121,2702.63000,0.07166812,2025-01-08 11:12:53.056904078,b,l
2230122,2699.65000,0.90569250,2025-01-08 11:13:43.712960005,b,l
2230123,2699.66000,0.02840000,2025-01-08 11:13:43.712960005,b,l
2230124,2699.70000,0.06590750,2025-01-08 11:13:43.712960005,b,l
2230125,2700.29000,0.66856163,2025-01-08 11:14:20.347400904,b,m
2230126,2700.30000,0.80000000,2025-01-08 11:14:20.347400904,b,m
2230127,2700.32000,0.17596373,2025-01-08 11:14:20.347400904,b,m
2230128,2702.28000,0.00551918,2025-01-08 11:16:05.518642187,b,l
2230129,2702.45000,0.17244925,2025-01-08 11:16:09.934198618,b,l
2230130,2702.50000,0.46201156,2025-01-08 11:16:15.066597699,b,m
2230131,2701.99000,0.02622673,2025-01-08 11:16:19.851782560,b,l
2230132,2704.03000,0.00906676,2025-01-08 11:18:13.783593655,b,l
2230133,2704.06000,0.80000000,2025-01-08 11:18:13.783593655,b,l
2230134,2704.72000,0.08566900,2025-01-08 11:18:13.783593655,b,l
2230135,2704.80000,0.32097927,2025-01-08 11:18:13.783593655,b,l
2230136,2704.39000,0.80000000,2025-01-08 11:20:32.198225260,b,m
2230137,2706.29000,0.72098039,2025-01-08 11:20:32.198225260,b,m
2230138,2706.30000,0.08887929,2025-01-08 11:20:32.198225498,b,m
2230139,2704.39000,0.03456796,2025-01-08 11:20:42.630097628,b,l
2230140,2704.87000,0.00959051,2025-01-08 11:21:59.835273027,b,l
2230141,2703.69000,0.00182199,2025-01-08 11:22:53.030503511,b,l
2230142,2703.51000,0.22193371,2025-01-08 11:23:16.911044121,b,m
2230143,2707.74000,0.64157960,2025-01-08 11:26:47.590431929,b,m
2230144,2708.83000,0.01133301,2025-01-08 11:27:03.790029287,b,l
2230145,2708.02000,0.03773997,2025-01-08 11:27:10.501169443,b,m
2230146,2706.67000,0.00894551,2025-01-08 11:28:45.955873013,b,l
2230147,2706.46000,0.03682670,2025-01-08 11:32:39.917071104,s,l
2230148,2706.08000,0.00960799,2025-01-08 11:32:40.467232466,s,l
2230149,2699.01000,0.08585100,2025-01-08 11:34:19.583062172,s,l
2230150,2699.00000,1.85253797,2025-01-08 11:34:19.583062172,s,l
2230151,2697.46000,0.18535956,2025-01-08 11:34:20.546235800,s,l
2230152,2696.06000,0.05298136,2025-01-08 11:35:01.653798580,s,l
2230153,2704.54000,0.00681965,2025-01-08 11:35:24.469606876,b,l
2230154,2703.44000,0.90541449,2025-01-08 11:35:59.831258774,b,m
2230155,2701.64000,0.06345211,2025-01-08 11:36:48.421296597,b,l
2230156,2699.96000,0.01026307,2025-01-08 11:40:42.759671450,b,l
2230157,2707.88000,0.17204611,2025-01-08 11:43:20.347048044,b,l
2230158,2706.45000,0.01788870,2025-01-08 11:43:36.699896574,b,l
2230159,2705.86000,0.10318008,2025-01-08 11:43:51.037372112,b,l
2230160,2705.09000,0.00716037,2025-01-08 11:44:04.127259970,b,l
2230161,2704.75000,0.03455825,2025-01-08 11:45:06.401203632,b,l
2230162,2704.15000,0.11094059,2025-01-08 11:45:18.773911953,b,m
2230163,2706.39000,0.14313976,2025-01-08 11:47:28.263585805,b,l
2230164,2707.43000,0.71944225,2025-01-08 11:47:53.565054178,b,l
2230165,2706.95000,1.68789676,2025-01-08 11:49:39.162591934,s,l
2230166,2706.44000,0.08571100,2025-01-08 11:49:39.169587851,s,l
2230167,2705.95000,6.20248091,2025-01-08 11:49:39.174101114,s,l
2230168,2709.29000,0.11136669,2025-01-08 11:50:43.469851732,s,m
2230169,2708.30000,0.00369491,2025-01-08 11:57:51.817967415,b,l
2230170,2708.20000,0.08943162,2025-01-08 11:57:54.757457733,b,l
2230171,2708.14000,0.01711906,2025-01-08 11:57:59.629091024,b,l
2230172,2707.29000,0.00038145,2025-01-08 11:58:06.473679781,s,l
2230173,2707.79000,0.00183743,2025-01-08 12:00:30.033483744,b,l
2230174,2707.86000,0.00071913,2025-01-08 12:02:17.200761557,b,l
2230175,2707.84000,0.05602543,2025-01-08 12:02:18.642156363,b,l
2230176,2709.08000,0.03434466,2025-01-08 12:02:36.890720606,b,l
2230177,2710.00000,10.00000000,2025-01-08 12:02:56.306106567,b,l
2230178,2711.90000,0.00340408,2025-01-08 12:03:00.803572893,b,l
2230179,2711.15000,0.01816974,2025-01-08 12:03:49.696511984,b,l
2230180,2711.90000,0.04162027,2025-01-08 12:05:01.176554203,b,m
2230181,2711.90000,0.01352487,2025-01-08 12:05:13.418820858,b,l
2230182,2711.90000,0.04154593,2025-01-08 12:06:12.561407089,b,l
2230183,2713.75000,0.05171091,2025-01-08 12:06:26.269346714,b,l
2230184,2713.23000,0.00494726,2025-01-08 12:07:54.501564264,s,l
2230185,2715.00000,0.00679433,2025-01-08 12:08:33.018934250,b,l
2230186,2715.00000,0.00689474,2025-01-08 12:08:38.363559484,b,l
2230187,2714.70000,0.03139999,2025-01-08 12:10:03.842370749,s,l
2230188,2715.00000,1.64058806,2025-01-08 12:10:24.561230183,b,l
2230189,2718.09000,0.02270612,2025-01-08 12:10:55.191712379,s,m
2230190,2717.17000,0.78832437,2025-01-08 12:11:59.173419237,s,m
2230191,2715.85000,1.68501220,2025-01-08 12:12:05.669800520,s,l
2230192,2715.84000,0.80000000,2025-01-08 12:12:05.669800520,s,l
2230193,2715.82000,2.01498780,2025-01-08 12:12:05.669800520,s,l
2230194,2714.72000,0.73666453,2025-01-08 12:12:39.707268238,b,l
2230195,2716.51000,0.00360538,2025-01-08 12:17:29.126798391,b,m
2230196,2716.98000,0.03320081,2025-01-08 12:17:29.126798391,b,m
2230197,2719.00000,0.01705947,2025-01-08 12:18:01.301325798,b,l
2230198,2719.18000,1.68563523,2025-01-08 12:18:40.018900871,b,l
2230199,2719.19000,0.09584446,2025-01-08 12:18:40.018901110,b,l
2230200,2717.57000,0.00333980,2025-01-08 12:20:12.519921541,b,l
2230201,2716.56000,1.00000000,2025-01-08 12:23:26.320125103,b,l
2230202,2715.72000,1.00000000,2025-01-08 12:23:37.478534937,b,l
2230203,2716.23000,0.00677443,2025-01-08 12:24:13.360484362,b,l
2230204,2716.30000,0.09138426,2025-01-08 12:28:02.590017319,b,l
2230205,2717.93000,0.00054373,2025-01-08 12:30:00.043667078,b,l
2230206,2713.32000,0.08569800,2025-01-08 12:34:50.881193876,b,m
2230207,2713.40000,0.91548640,2025-01-08 12:34:50.881194115,b,m
2230208,2713.34000,1.10564839,2025-01-08 12:35:06.033649206,b,m
2230209,2713.40000,0.03631404,2025-01-08 12:35:11.945308685,b,l
2230210,2713.18000,0.85400155,2025-01-08 12:37:38.405281544,s,m
2230211,2715.41000,0.00913490,2025-01-08 12:37:53.226094007,b,l
2230212,2716.63000,1.64056146,2025-01-08 12:39:26.250162125,s,l
2230213,2717.28000,0.18128555,2025-01-08 12:39:28.803312540,b,l
2230214,2717.68000,0.07359218,2025-01-08 12:40:46.843501091,s,l
2230215,2716.79000,0.30514799,2025-01-08 12:40:46.843501091,s,l
2230216,2715.92000,0.36275799,2025-01-08 12:42:22.661381006,b,l
2230217,2716.57000,0.03681113,2025-01-08 12:42:43.949197292,b,m
2230218,2716.27000,0.10561451,2025-01-08 12:43:54.403832197,s,l
2230219,2716.28000,0.07731162,2025-01-08 12:43:54.460566998,b,m
2230220,2716.28000,0.00072542,2025-01-08 12:44:00.036600351,b,l
2230221,2716.28000,0.00143319,2025-01-08 12:44:01.338491440,b,l
2230222,2715.91000,0.00476971,2025-01-08 12:45:37.499429703,s,l
2230223,2715.70000,0.18411459,2025-01-08 12:45:40.407801867,s,l
2230224,2712.18000,1.64414062,2025-01-08 12:50:04.547496557,s,l
2230225,2712.30000,1.69158214,2025-01-08 12:50:25.455309629,b,l
2230226,2713.65000,0.90569250,2025-01-08 12:50:28.342279673,s,l
2230227,2713.65000,0.41000000,2025-01-08 12:50:28.342279673,s,l
2230228,2713.12000,1.68990740,2025-01-08 12:52:47.865302086,s,l
2230229,2713.11000,0.00001245,2025-01-08 12:52:47.865302086,s,l
2230230,2713.17000,1.68987626,2025-01-08 12:52:50.404773474,s,l
2230231,2713.16000,0.00002492,2025-01-08 12:52:50.404773474,s,l
2230232,2713.38000,1.68974548,2025-01-08 12:52:51.925661802,s,l
2230233,2713.37000,0.00013078,2025-01-08 12:52:51.925661802,s,l
2230234,2713.41000,1.68980152,2025-01-08 12:52:53.272755146,s,l
2230235,2708.86000,1.69307696,2025-01-08 12:55:38.560849667,s,l
2230236,2709.03000,1.69308053,2025-01-08 12:55:41.140094280,s,l
2230237,2709.02000,0.00006989,2025-01-08 12:55:41.140094280,s,l
2230238,2709.08000,0.90569250,2025-01-08 12:55:42.500476598,s,l
2230239,2709.20000,0.99003012,2025-01-08 12:55:44.186365128,s,l
2230240,2709.19000,0.00008855,2025-01-08 12:55:44.186365128,s,l
2230241,2709.19000,0.40991145,2025-01-08 12:55:45.646501541,s,l
2230242,2709.21000,0.59321265,2025-01-08 12:55:47.187286377,s,l
2230243,2706.84000,0.02000000,2025-01-08 12:58:39.590672970,s,l
2230244,2709.07000,0.90569250,2025-01-08 13:00:28.815836430,s,l
2230245,2709.07000,7.47748160,2025-01-08 13:00:28.815836430,s,l
2230246,2709.07000,0.41000000,2025-01-08 13:00:28.815836430,s,l
2230247,2708.53000,0.49143566,2025-01-08 13:00:30.850698233,s,l
2230248,2711.28000,0.02683068,2025-01-08 13:01:08.920958996,b,l
2230249,2717.99000,0.00678683,2025-01-08 13:03:01.887139320,b,l
2230250,2718.00000,0.18519985,2025-01-08 13:03:10.750878572,b,l
2230251,2720.00000,10.00000000,2025-01-08 13:03:12.560778141,b,l
2230252,2722.89000,0.07168514,2025-01-08 13:03:34.265684843,b,l
2230253,2724.03000,0.01022676,2025-01-08 13:04:40.565133333,b,l
2230254,2725.00000,0.36855495,2025-01-08 13:06:15.397107363,b,l
2230255,2725.00000,10.00000000,2025-01-08 13:06:15.397107363,b,l
2230256,2721.74000,0.08559800,2025-01-08 13:07:46.003186941,s,l
2230257,2721.26000,0.07076117,2025-01-08 13:07:46.003186941,s,l
2230258,2722.29000,0.17782941,2025-01-08 13:08:17.125370264,b,l
2230259,2724.00000,0.00200000,2025-01-08 13:08:47.463713646,b,m
2230260,2724.00000,0.00885843,2025-01-08 13:08:47.463713646,b,m
2230261,2724.00000,0.00326569,2025-01-08 13:08:47.463713646,b,m
2230262,2722.97000,0.02391000,2025-01-08 13:08:52.991506815,s,m
2230263,2721.64000,0.00533737,2025-01-08 13:10:04.170012712,b,l
2230264,2721.22000,5.38906389,2025-01-08 13:10:16.190031767,s,l
2230265,2721.22000,0.10743504,2025-01-08 13:10:22.950776577,s,l
2230266,2718.21000,0.01046340,2025-01-08 13:11:58.238932610,b,l
2230267,2718.70000,0.00333844,2025-01-08 13:12:41.202459574,b,l
2230268,2718.76000,0.00269972,2025-01-08 13:14:08.985114813,b,l
2230269,2718.76000,0.09730028,2025-01-08 13:14:30.418357134,b,l
2230270,2725.03000,0.02665767,2025-01-08 13:15:51.800661564,b,l
2230271,2724.26000,0.05424712,2025-01-08 13:16:21.281294346,b,l
2230272,2723.31000,0.10852451,2025-01-08 13:17:46.887318611,b,l
2230273,2722.53000,0.03673054,2025-01-08 13:18:04.649960995,s,l
2230274,2719.22000,0.00675749,2025-01-08 13:18:19.336242914,b,l
2230275,2719.35000,0.00505061,2025-01-08 13:18:26.576307535,b,l
2230276,2723.64000,0.16363250,2025-01-08 13:23:47.688184738,b,l
2230277,2722.75000,0.03576154,2025-01-08 13:23:54.670308590,b,l
2230278,2722.86000,1.35323642,2025-01-08 13:26:10.560558558,s,l
2230279,2722.85000,0.41000000,2025-01-08 13:26:10.560558558,s,l
2230280,2722.76000,0.23488917,2025-01-08 13:26:10.560558558,s,l
2230281,2724.22000,0.81417293,2025-01-08 13:26:52.917622089,s,l
2230282,2724.21000,0.59436801,2025-01-08 13:26:52.917622328,s,l
2230283,2724.17000,0.59145906,2025-01-08 13:26:52.917622328,s,l
2230284,2722.42000,0.02400182,2025-01-08 13:28:10.477057934,b,l
2230285,2722.02000,0.01779045,2025-01-08 13:29:01.477992773,b,l
2230286,2722.05000,0.00333394,2025-01-08 13:29:18.845593691,b,l
2230287,2722.96000,0.03672352,2025-01-08 13:29:50.848772287,b,l
2230288,2721.27000,0.14699019,2025-01-08 13:31:01.290533304,s,l
2230289,2718.63000,0.20212754,2025-01-08 13:31:04.044277430,b,m
2230290,2718.47000,0.01017925,2025-01-08 13:33:16.175375700,b,l
2230291,2717.88000,0.00683810,2025-01-08 13:33:16.697798014,s,l
2230292,2718.97000,0.03562318,2025-01-08 13:33:17.253404617,b,l
2230293,2724.09000,0.00036167,2025-01-08 13:35:37.034373760,b,l
2230294,2723.20000,0.07506227,2025-01-08 13:36:29.342108011,b,l
2230295,2722.54000,0.11019122,2025-01-08 13:37:33.778101683,b,m
2230296,2722.29000,0.03455734,2025-01-08 13:41:06.379744291,b,l
2230297,2720.65000,0.03475477,2025-01-08 13:41:32.351821899,b,l
2230298,2722.55000,3.94309914,2025-01-08 13:42:37.548680067,b,l
2230299,2724.43000,0.00361625,2025-01-08 13:43:02.032180308,b,l
2230300,2724.30000,0.00183533,2025-01-08 13:44:33.502150297,b,m
2230301,2723.41000,0.36534437,2025-01-08 13:44:49.866770029,b,m
2230302,2722.59000,0.03726891,2025-01-08 13:46:42.608468056,s,l
2230303,2722.17000,0.01531681,2025-01-08 13:49:10.628866196,b,l
2230304,2724.41000,0.01778105,2025-01-08 13:50:01.186871290,b,l
2230305,2725.00000,10.00000000,2025-01-08 13:50:25.033656597,b,l
2230306,2723.97000,1.06643997,2025-01-08 13:51:17.245497227,b,l
2230307,2723.79000,0.00687234,2025-01-08 13:51:22.851926804,b,l
2230308,2724.24000,0.03432793,2025-01-08 13:53:11.062606096,b,l
2230309,2721.88000,0.02578978,2025-01-08 13:53:22.824774981,s,l
2230310,2724.41000,0.00123676,2025-01-08 13:55:29.030974865,b,l
2230311,2723.91000,0.35556351,2025-01-08 13:55:44.809047937,b,l
2230312,2724.94000,0.01084672,2025-01-08 13:56:14.032172680,b,l
2230313,2723.75000,0.03432226,2025-01-08 13:57:04.564124823,b,l
2230314,2722.26000,0.00711516,2025-01-08 13:58:22.100651503,b,l
2230315,2721.15000,0.03353048,2025-01-08 13:58:55.646818161,s,m
2230316,2721.68000,0.08896044,2025-01-08 13:59:10.979277849,b,l
2230317,2719.94000,0.02897775,2025-01-08 14:00:00.064463854,b,l
2230318,2721.09000,0.06864422,2025-01-08 14:02:47.104152679,b,l
2230319,2718.94000,0.10686659,2025-01-08 14:03:15.998429060,b,l
2230320,2725.01000,0.09174278,2025-01-08 14:04:43.924992323,b,m
2230321,2723.25000,0.10800000,2025-01-08 14:07:01.334194660,s,l
2230322,2719.31000,0.70000000,2025-01-08 14:08:56.304964066,s,l
2230323,2719.74000,0.09055546,2025-01-08 14:09:26.761797190,b,l
2230324,2719.25000,0.03569953,2025-01-08 14:09:35.378149033,b,l
2230325,2717.46000,0.03791113,2025-01-08 14:10:21.436655283,s,l
2230326,2718.42000,0.02176248,2025-01-08 14:11:15.076622963,b,m
2230327,2716.79000,0.01710610,2025-01-08 14:11:46.024266005,b,l
2230328,2718.36000,0.00357142,2025-01-08 14:13:39.890914679,b,l
2230329,2717.58000,0.37072808,2025-01-08 14:14:55.409863710,b,l
2230330,2720.86000,0.73506711,2025-01-08 14:15:35.122490168,s,m
2230331,2723.74000,0.04570008,2025-01-08 14:16:33.229521751,s,m
2230332,2727.47000,0.07124320,2025-01-08 14:18:35.988419533,b,l
2230333,2725.10000,0.00813810,2025-01-08 14:18:50.589965582,b,l
2230334,2726.34000,0.01781616,2025-01-08 14:20:00.626963377,b,l
2230335,2724.63000,0.60176970,2025-01-08 14:20:31.485914946,b,l
2230336,2724.47000,0.01731047,2025-01-08 14:21:06.843183517,b,l
2230337,2724.02000,0.04172941,2025-01-08 14:21:13.932160378,b,l
2230338,2724.00000,0.00180841,2025-01-08 14:21:15.033102274,b,l
2230339,2724.00000,0.00605892,2025-01-08 14:21:29.589036942,b,l
2230340,2723.06000,0.00723614,2025-01-08 14:22:49.032308577,b,l
2230341,2724.18000,0.02049453,2025-01-08 14:23:59.827101469,b,l
2230342,2727.02000,0.02000000,2025-01-08 14:26:08.133500099,s,l
2230343,2725.93000,0.09417657,2025-01-08 14:26:51.607734203,b,l
2230344,2724.63000,2.56306197,2025-01-08 14:27:07.382416248,b,m
2230345,2726.03000,0.18070632,2025-01-08 14:27:21.586369514,b,l
2230346,2726.02000,0.10796692,2025-01-08 14:30:09.224915743,s,l
2230347,2723.05000,0.05506325,2025-01-08 14:30:57.665929317,s,l
2230348,2718.50000,0.03678499,2025-01-08 14:31:19.145682335,s,l
2230349,2717.27000,0.00895417,2025-01-08 14:31:24.298367023,b,l
2230350,2717.27000,0.00677228,2025-01-08 14:31:47.878783941,b,l
2230351,2726.03000,0.81929368,2025-01-08 14:33:26.116589785,b,l
2230352,2726.67000,0.00077324,2025-01-08 14:34:13.033265590,b,l
2230353,2729.94000,0.37512824,2025-01-08 14:34:32.179969072,s,l
2230354,2731.09000,0.00911695,2025-01-08 14:34:38.597264767,b,l
2230355,2733.73000,0.09929569,2025-01-08 14:34:51.943776608,b,l
2230356,2735.53000,0.17743355,2025-01-08 14:36:26.881714344,b,l
2230357,2734.99000,0.02163074,2025-01-08 14:37:07.927920103,s,m
2230358,2730.28000,1.26091160,2025-01-08 14:38:12.072274208,s,l
2230359,2730.27000,0.41000000,2025-01-08 14:38:12.072274208,s,l
2230360,2730.26000,1.00000000,2025-01-08 14:38:12.072274446,s,l
2230361,2730.11000,1.32908840,2025-01-08 14:38:12.072274446,s,l
2230362,2726.44000,0.00333389,2025-01-08 14:38:36.751324177,b,l
2230363,2727.50000,0.50205000,2025-01-08 14:38:52.156014204,s,l
2230364,2728.04000,0.08550000,2025-01-08 14:38:53.395448923,b,m
2230365,2728.40000,1.74819083,2025-01-08 14:38:53.395448923,b,m
2230366,2729.35000,0.16630917,2025-01-08 14:38:53.395448923,b,m
2230367,2727.66000,0.20000000,2025-01-08 14:39:02.936694384,b,l
2230368,2726.44000,1.15077839,2025-01-08 14:39:38.863383532,b,m
2230369,2726.43000,0.09900000,2025-01-08 14:39:45.588457823,s,l
2230370,2721.64000,1.03890572,2025-01-08 14:43:55.056382895,s,m
2230371,2724.25000,0.01500517,2025-01-08 14:44:24.021584988,s,l
2230372,2726.60000,0.08615481,2025-01-08 14:44:58.451120138,b,l
2230373,2728.67000,0.00912626,2025-01-08 14:45:14.750168324,b,l
2230374,2730.66000,0.00790618,2025-01-08 14:45:14.750168324,b,l
2230375,2722.56000,0.01120086,2025-01-08 14:46:43.672537565,b,l
2230376,2722.92000,0.75000001,2025-01-08 14:48:14.942186356,s,m
2230377,2725.36000,0.00333429,2025-01-08 14:48:17.468127251,b,l
2230378,2722.66000,0.00534980,2025-01-08 14:48:50.819027901,b,l
2230379,2727.30000,0.09766436,2025-01-08 14:49:57.896971941,b,m
2230380,2732.31000,0.00916106,2025-01-08 14:50:31.850547075,b,l
2230381,2734.79000,0.08539700,2025-01-08 14:50:31.850547075,b,l
2230382,2736.11000,0.79382736,2025-01-08 14:50:31.850547075,b,l
2230383,2731.11000,0.18307574,2025-01-08 14:52:05.370243788,s,l
2230384,2731.02000,0.03411889,2025-01-08 14:55:41.423981905,b,l
2230385,2733.79000,0.03551761,2025-01-08 14:57:16.702423573,b,l
2230386,2732.02000,0.01421271,2025-01-08 14:58:08.603211880,b,l
2230387,2730.23000,0.35549990,2025-01-08 14:58:42.797120333,b,l
2230388,2732.81000,0.03659237,2025-01-08 15:00:28.323253870,b,m
2230389,2733.66000,0.00771880,2025-01-08 15:00:35.824220419,s,l
2230390,2734.97000,0.00933332,2025-01-08 15:01:17.058032036,b,l
2230391,2735.00000,0.16050000,2025-01-08 15:01:17.731194496,b,l
2230392,2736.80000,1.20000000,2025-01-08 15:01:46.258013963,s,m
2230393,2736.92000,0.53981989,2025-01-08 15:02:14.423069000,b,l
2230394,2740.40000,0.08531400,2025-01-08 15:03:23.384487152,s,m
2230395,2740.40000,0.52535908,2025-01-08 15:03:23.384487152,s,m
2230396,2740.41000,0.20000000,2025-01-08 15:03:34.236864805,b,l
2230397,2741.72000,0.27566726,2025-01-08 15:03:47.394482136,b,l
2230398,2740.04000,0.02840000,2025-01-08 15:07:24.240024805,s,l
2230399,2737.08000,0.00367941,2025-01-08 15:08:17.862947941,b,l
2230400,2738.25000,0.04832762,2025-01-08 15:08:17.862947941,b,l
2230401,2738.40000,0.05189393,2025-01-08 15:09:34.459455013,b,l
2230402,2736.47000,0.01190102,2025-01-08 15:10:01.171990395,b,l
2230403,2734.31000,0.03657230,2025-01-08 15:10:22.098819017,b,m
2230404,2730.07000,0.01009023,2025-01-08 15:11:32.406283617,s,l
2230405,2725.52000,0.89708288,2025-01-08 15:12:16.185492277,b,m
2230406,2725.53000,0.41000000,2025-01-08 15:12:16.185492277,b,m
2230407,2725.66000,0.90569250,2025-01-08 15:12:16.185492277,b,m
2230408,2725.68000,1.00000000,2025-01-08 15:12:16.185492277,b,m
2230409,2725.68000,1.09407959,2025-01-08 15:12:16.185492277,b,m
2230410,2724.18000,0.08746298,2025-01-08 15:12:17.024031162,s,l
2230411,2717.26000,0.36801778,2025-01-08 15:15:26.120052814,s,l
2230412,2712.97000,0.12900000,2025-01-08 15:16:18.015847445,s,l
2230413,2715.98000,0.02840000,2025-01-08 15:18:04.029173851,b,l
2230414,2718.11000,0.29600000,2025-01-08 15:18:31.590080261,s,l
2230415,2712.95000,0.02840000,2025-01-08 15:20:47.134495735,s,m
2230416,2711.90000,0.09929569,2025-01-08 15:20:47.134495735,s,m
2230417,2711.83000,1.00000000,2025-01-08 15:20:47.134495735,s,m
2230418,2711.43000,0.88880275,2025-01-08 15:20:47.134495735,s,m
2230419,2712.65000,0.03460030,2025-01-08 15:22:22.891874075,b,l
2230420,2710.75000,0.00072690,2025-01-08 15:22:50.039410591,b,l
2230421,2711.22000,0.02840000,2025-01-08 15:23:32.148639917,b,l
2230422,2714.89000,0.20243335,2025-01-08 15:24:27.005673647,s,m
2230423,2717.49000,0.03933701,2025-01-08 15:27:15.213038206,s,l
2230424,2710.74000,0.00920043,2025-01-08 15:33:25.827867985,s,l
2230425,2708.09000,1.76609796,2025-01-08 15:33:25.827867985,s,l
2230426,2708.08000,1.23671976,2025-01-08 15:33:25.827867985,s,l
2230427,2709.64000,0.00537269,2025-01-08 15:33:30.547827244,b,l
2230428,2708.69000,0.00545589,2025-01-08 15:34:00.035376072,b,l
2230429,2707.06000,1.17843503,2025-01-08 15:34:58.771450281,s,l
2230430,2714.19000,0.03684340,2025-01-08 15:35:21.112257719,b,m
2230431,2713.10000,1.47803820,2025-01-08 15:36:38.504402637,s,l
2230432,2715.09000,0.18139770,2025-01-08 15:37:16.670302868,b,l
2230433,2717.86000,0.03126611,2025-01-08 15:37:41.580954313,b,l
2230434,2713.65000,0.03577056,2025-01-08 15:39:51.123996496,b,l
2230435,2706.73000,0.07077580,2025-01-08 15:41:37.372641087,s,l
2230436,2708.29000,0.00855623,2025-01-08 15:42:17.303156614,b,l
2230437,2708.29000,0.30716200,2025-01-08 15:42:24.963506699,b,l
2230438,2708.29000,0.39695673,2025-01-08 15:42:26.258700847,b,l
2230439,2708.29000,0.41000000,2025-01-08 15:42:26.416262388,b,l
2230440,2708.29000,0.32249594,2025-01-08 15:42:26.445381641,b,l
2230441,2709.60000,0.05375665,2025-01-08 15:43:00.839444876,b,l
2230442,2708.63000,0.21714795,2025-01-08 15:43:48.579824448,s,m
2230443,2708.62000,0.81715955,2025-01-08 15:43:48.579824448,s,m
2230444,2711.89000,0.01713858,2025-01-08 15:52:43.208315134,b,l
2230445,2711.89000,0.30716200,2025-01-08 15:52:52.425106525,b,l
2230446,2711.89000,0.41000000,2025-01-08 15:52:52.448882818,b,l
2230447,2711.89000,0.41000000,2025-01-08 15:52:52.451935053,b,l
2230448,2711.89000,0.62038388,2025-01-08 15:52:52.493324280,b,l
2230449,2713.90000,0.02840000,2025-01-08 15:53:08.120161295,s,l
2230450,2713.88000,0.35103814,2025-01-08 15:53:08.120161295,s,l
2230451,2713.14000,0.00072626,2025-01-08 15:53:24.038822651,b,l
2230452,2711.06000,0.02685761,2025-01-08 15:56:18.295256615,b,l
2230453,2709.11000,0.11615983,2025-01-08 15:56:26.907941580,s,l
2230454,2709.80000,0.04725411,2025-01-08 15:57:14.725185633,s,l
2230455,2710.41000,0.13442074,2025-01-08 16:01:38.577364922,b,l
2230456,2706.98000,0.01717373,2025-01-08 16:02:34.396400928,b,l
2230457,2706.94000,0.00681466,2025-01-08 16:02:35.717967987,b,l
2230458,2709.98000,0.03581727,2025-01-08 16:03:30.608447075,b,l
2230459,2710.10000,0.00336265,2025-01-08 16:03:32.049150705,b,l
2230460,2706.90000,0.53021000,2025-01-08 16:04:30.877644539,s,m
2230461,2704.51000,0.27749719,2025-01-08 16:05:22.753745317,b,l
2230462,2705.30000,0.46669835,2025-01-08 16:05:27.403448820,b,l
2230463,2700.00000,0.09259259,2025-01-08 16:08:11.746783972,s,m
2230464,2699.14000,0.80920706,2025-01-08 16:08:11.746783972,s,m
2230465,2710.91000,0.00036317,2025-01-08 16:10:22.032538652,b,l
2230466,2709.45000,0.08061831,2025-01-08 16:11:56.434093714,b,l
2230467,2704.73000,0.30000000,2025-01-08 16:12:30.728410959,s,l
2230468,2705.56000,0.41000000,2025-01-08 16:12:31.198866129,b,l
2230469,2705.57000,1.75645723,2025-01-08 16:12:31.198866367,b,l
2230470,2704.68000,0.03808298,2025-01-08 16:14:29.646964073,s,l
2230471,2702.64000,0.29677069,2025-01-08 16:19:08.907188177,s,l
2230472,2706.98000,0.25000000,2025-01-08 16:21:02.462756395,b,l
2230473,2710.28000,0.11068967,2025-01-08 16:21:03.217228651,b,m
2230474,2709.57000,1.09669431,2025-01-08 16:21:16.970889807,b,m
2230475,2708.75000,0.02768677,2025-01-08 16:23:45.369617701,b,l
2230476,2705.26000,0.36077863,2025-01-08 16:27:05.390812874,s,l
2230477,2703.62000,0.57451765,2025-01-08 16:31:08.900287628,b,l
2230478,2702.19000,1.49000000,2025-01-08 16:31:37.301518917,s,l
2230479,2700.84000,0.44433531,2025-01-08 16:32:07.597645760,s,m
2230480,2704.54000,0.28891829,2025-01-08 16:34:47.988177776,b,l
2230481,2704.29000,0.00717959,2025-01-08 16:34:50.593992472,b,l
2230482,2701.81000,0.00336563,2025-01-08 16:35:33.560425520,b,l
2230483,2700.53000,0.02153700,2025-01-08 16:35:49.598034620,b,l
2230484,2706.16000,0.04671413,2025-01-08 16:38:35.630659580,s,l
2230485,2699.54000,0.47694371,2025-01-08 16:42:17.215936184,s,l
2230486,2701.01000,0.00341762,2025-01-08 16:42:18.942311764,b,l
2230487,2692.88000,0.18050870,2025-01-08 16:44:04.299423456,b,l
2230488,2693.53000,0.43470900,2025-01-08 16:47:29.454756021,s,m
2230489,2693.53000,1.50330921,2025-01-08 16:47:29.454756021,s,m
2230490,2693.53000,0.06198179,2025-01-08 16:47:29.454756021,s,m
2230491,2690.24000,0.10009515,2025-01-08 16:49:52.125068665,s,l
2230492,2686.78000,0.01114107,2025-01-08 16:49:52.677895069,s,l
2230493,2685.77000,0.90691529,2025-01-08 16:49:52.678002834,s,m
2230494,2686.57000,0.00916803,2025-01-08 16:50:29.032564878,b,l
2230495,2686.14000,0.00366780,2025-01-08 16:50:34.033629417,b,l
2230496,2685.77000,0.09308471,2025-01-08 16:51:14.663536787,s,l
2230497,2681.97000,0.01808524,2025-01-08 16:52:06.689899683,b,l
2230498,2682.27000,0.03493395,2025-01-08 16:52:11.532738446,b,l
2230499,2683.46000,0.00681762,2025-01-08 16:53:12.996607304,b,l
2230500,2682.49000,0.09692487,2025-01-08 16:56:08.899932623,b,m
2230501,2681.87000,0.18639328,2025-01-08 16:56:19.359931231,b,l
2230502,2680.92000,1.77626605,2025-01-08 16:58:28.675881147,s,m
2230503,2680.91000,0.22373395,2025-01-08 16:58:28.675881147,s,m
2230504,2683.18000,0.07238979,2025-01-08 16:58:34.125186205,b,l
2230505,2682.38000,0.03472380,2025-01-08 16:58:53.880481243,b,l
2230506,2682.40000,0.07996030,2025-01-08 16:59:14.289218426,s,l
2230507,2678.22000,0.09567000,2025-01-08 17:02:54.151671886,s,l
2230508,2679.15000,0.00516787,2025-01-08 17:03:00.851091385,b,l
2230509,2676.34000,0.00429691,2025-01-08 17:03:40.597474098,s,l
2230510,2676.10000,0.08632900,2025-01-08 17:03:40.597474337,s,l
2230511,2675.01000,0.23102618,2025-01-08 17:03:40.625271797,s,l
2230512,2675.00000,0.05607476,2025-01-08 17:03:40.625271797,s,l
2230513,2674.76000,1.78176832,2025-01-08 17:03:40.625271797,s,l
2230514,2674.75000,5.23413403,2025-01-08 17:03:40.625271797,s,l
2230515,2675.14000,0.03036743,2025-01-08 17:03:40.681882381,s,l
2230516,2670.55000,0.52479227,2025-01-08 17:03:41.184790611,s,l
2230517,2670.55000,0.29297619,2025-01-08 17:03:41.184790611,s,l
2230518,2670.55000,0.69323154,2025-01-08 17:03:41.184790611,s,l
2230519,2670.43000,1.04434183,2025-01-08 17:03:41.323220491,s,l
2230520,2669.48000,0.05000000,2025-01-08 17:03:41.355134010,s,l
2230521,2669.48000,0.15888433,2025-01-08 17:03:41.398734808,s,l
2230522,2669.46000,0.41771736,2025-01-08 17:03:41.398734808,s,l
2230523,2669.24000,0.28739831,2025-01-08 17:03:41.398734808,s,l
2230524,2669.03000,0.01118758,2025-01-08 17:03:41.557415247,s,l
2230525,2668.76000,0.10090079,2025-01-08 17:03:41.557415247,s,l
2230526,2668.58000,0.08639400,2025-01-08 17:03:41.569200039,s,l
2230527,2665.98000,0.41000000,2025-01-08 17:03:41.955850363,s,l
2230528,2665.98000,1.67877194,2025-01-08 17:03:42.190028429,s,l
2230529,2665.02000,0.08642800,2025-01-08 17:03:42.536372184,s,l
2230530,2661.39000,0.00715658,2025-01-08 17:03:42.604097605,s,l
2230531,2661.38000,0.03467007,2025-01-08 17:03:42.604097605,s,l
2230532,2661.37000,1.16148449,2025-01-08 17:03:42.604097605,s,l
2230533,2660.66000,0.03286775,2025-01-08 17:03:42.609456062,s,l
2230534,2660.00000,0.03759022,2025-01-08 17:03:42.983155966,s,l
2230535,2653.66000,0.30716200,2025-01-08 17:03:45.444503307,s,l
2230536,2663.28000,0.24841157,2025-01-08 17:03:47.887312174,b,l
2230537,2663.94000,0.08646800,2025-01-08 17:03:48.072371483,b,l
2230538,2668.33000,0.00363808,2025-01-08 17:04:37.411959648,b,l
2230539,2668.02000,0.03513146,2025-01-08 17:04:39.984746695,b,l
2230540,2663.65000,0.00594760,2025-01-08 17:04:55.896586418,s,l
2230541,2662.08000,0.01161719,2025-01-08 17:04:55.896586418,s,l
2230542,2658.15000,0.00303955,2025-01-08 17:05:06.329368114,s,l
2230543,2654.74000,0.01124816,2025-01-08 17:05:06.744418383,s,l
2230544,2657.57000,1.69381744,2025-01-08 17:05:40.741165400,b,l
2230545,2654.77000,0.02163750,2025-01-08 17:05:51.941542864,b,l
2230546,2659.42000,0.00037067,2025-01-08 17:06:03.033808470,b,l
2230547,2659.51000,0.02278202,2025-01-08 17:07:18.790967941,b,l
2230548,2659.71000,0.21082689,2025-01-08 17:07:43.797277927,b,l
2230549,2656.95000,0.00752743,2025-01-08 17:07:54.477151155,b,m
2230550,2656.22000,1.78868643,2025-01-08 17:08:06.808799744,b,l
2230551,2656.23000,0.21131357,2025-01-08 17:08:06.808799744,b,l
2230552,2652.82000,1.78912881,2025-01-08 17:09:44.054271460,s,l
2230553,2652.81000,0.43470900,2025-01-08 17:09:44.054271460,s,l
2230554,2652.11000,0.01391165,2025-01-08 17:09:44.054271460,s,l
2230555,2660.60000,0.15292635,2025-01-08 17:10:29.163935423,b,l
2230556,2661.06000,0.03467007,2025-01-08 17:10:56.690870523,b,l
2230557,2661.23000,0.34129380,2025-01-08 17:10:56.690870523,b,l
2230558,2656.94000,0.00730516,2025-01-08 17:11:20.313603878,b,l
2230559,2654.75000,0.18555828,2025-01-08 17:11:34.003307104,b,l
2230560,2650.00000,0.10000000,2025-01-08 17:12:51.567267656,s,l
2230561,2650.00000,0.31000000,2025-01-08 17:12:51.567267656,s,l
2230562,2650.00000,0.69000000,2025-01-08 17:12:51.602848530,s,l
2230563,2650.00000,0.09433962,2025-01-08 17:12:51.602848530,s,l
2230564,2650.00000,0.05660377,2025-01-08 17:12:51.602848530,s,l
2230565,2650.00000,4.00000000,2025-01-08 17:12:51.602848530,s,l
2230566,2650.00000,0.03773584,2025-01-08 17:12:51.602848530,s,l
2230567,2650.00000,0.03000000,2025-01-08 17:12:51.602848530,s,l
2230568,2650.00000,0.09433962,2025-01-08 17:12:51.602848530,s,l
2230569,2648.00000,0.03776435,2025-01-08 17:12:52.332014799,s,l
2230570,2648.00000,0.18882175,2025-01-08 17:12:52.332014799,s,l
2230571,2647.45000,0.10171296,2025-01-08 17:12:53.583535194,s,l
2230572,2647.23000,0.06668703,2025-01-08 17:12:53.596019268,s,l
2230573,2646.50000,1.78770036,2025-01-08 17:13:35.180600882,s,l
2230574,2646.49000,1.56892383,2025-01-08 17:13:35.180600882,s,l
2230575,2640.00000,0.75935022,2025-01-08 17:15:19.802533150,s,l
2230576,2640.00000,0.01515151,2025-01-08 17:15:19.802533150,s,l
2230577,2640.00000,0.02000000,2025-01-08 17:15:19.802533150,s,l
2230578,2643.10000,0.00277492,2025-01-08 17:15:38.494882345,b,l
2230579,2641.18000,0.00200000,2025-01-08 17:16:02.212099075,s,l
2230580,2645.45000,0.00959881,2025-01-08 17:17:17.625051737,b,m
2230581,2646.35000,0.02976811,2025-01-08 17:17:17.625051737,b,m
2230582,2649.00000,0.23353272,2025-01-08 17:19:03.599500656,s,l
2230583,2649.00000,0.14525515,2025-01-08 17:19:04.886674166,s,l
2230584,2643.25000,0.01537000,2025-01-08 17:19:50.987558842,b,l
2230585,2638.47000,0.51256282,2025-01-08 17:20:38.966823816,b,l
2230586,2641.49000,0.10809558,2025-01-08 17:20:46.104730606,b,l
2230587,2638.77000,0.01866820,2025-01-08 17:21:07.018393517,b,l
2230588,2635.05000,0.30716200,2025-01-08 17:21:15.058127642,s,l
2230589,2635.05000,1.74314065,2025-01-08 17:21:15.124427557,s,l
2230590,2635.00000,0.01000000,2025-01-08 17:21:15.126100063,s,l
2230591,2634.77000,0.00209824,2025-01-08 17:21:15.131748915,s,l
2230592,2634.77000,0.03199460,2025-01-08 17:21:15.548513412,s,l
2230593,2634.32000,0.50000000,2025-01-08 17:21:15.669909954,s,l
2230594,2630.05000,1.00000000,2025-01-08 17:21:15.774257183,s,m
2230595,2634.61000,0.00576744,2025-01-08 17:21:32.995450258,b,l
2230596,2634.61000,0.00317866,2025-01-08 17:21:33.421221972,b,l
2230597,2635.08000,0.03602888,2025-01-08 17:21:49.616923332,s,l
2230598,2637.49000,0.28433323,2025-01-08 17:22:17.170000315,b,l
2230599,2633.53000,0.60200000,2025-01-08 17:22:38.776476860,b,l
2230600,2633.53000,0.38948864,2025-01-08 17:22:39.788171530,b,l
2230601,2630.00000,0.76045627,2025-01-08 17:23:10.291698217,s,l
2230602,2630.00000,0.01901140,2025-01-08 17:23:10.291698456,s,l
2230603,2630.00000,0.22053233,2025-01-08 17:23:10.291698456,s,l
2230604,2630.01000,0.10480000,2025-01-08 17:23:34.176262856,s,l
2230605,2630.00000,0.08365017,2025-01-08 17:23:45.381778240,s,l
2230606,2628.00000,0.03805175,2025-01-08 17:23:46.510964394,s,l
2230607,2627.00000,0.19033117,2025-01-08 17:23:53.309396267,s,l
2230608,2626.88000,0.00380531,2025-01-08 17:23:53.323063612,s,l
2230609,2626.31000,0.10253168,2025-01-08 17:23:53.671112061,s,l
2230610,2625.01000,0.00493831,2025-01-08 17:23:56.339880705,b,l
2230611,2625.01000,0.95237732,2025-01-08 17:23:58.765498638,b,m
2230612,2625.01000,0.07613247,2025-01-08 17:23:59.774748325,b,l
2230613,2625.01000,0.38095092,2025-01-08 17:24:32.764691114,b,l
2230614,2625.00000,0.00609523,2025-01-08 17:24:35.536429644,s,l
2230615,2625.00000,0.00379809,2025-01-08 17:24:35.536429644,s,l
2230616,2625.00000,0.14879181,2025-01-08 17:24:35.536429644,s,l
2230617,2622.63000,0.85608233,2025-01-08 17:24:35.536429644,s,l
2230618,2622.62000,1.00000000,2025-01-08 17:24:35.536429644,s,l
2230619,2620.97000,1.54537702,2025-01-08 17:24:35.677000523,s,l
2230620,2620.77000,2.00000000,2025-01-08 17:24:35.677000523,s,l
2230621,2620.45000,4.17667731,2025-01-08 17:24:35.677000523,s,l
2230622,2624.35000,1.54914931,2025-01-08 17:24:44.855658531,b,m
2230623,2621.34000,0.00701675,2025-01-08 17:24:46.915786266,b,l
2230624,2620.00000,0.00763358,2025-01-08 17:24:53.747645617,s,m
2230625,2620.00000,0.01145038,2025-01-08 17:24:53.747645617,s,m
2230626,2620.00000,0.07074070,2025-01-08 17:24:53.747645617,s,m
2230627,2620.01000,0.29860002,2025-01-08 17:24:58.745963812,s,m
2230628,2627.36000,0.06195445,2025-01-08 17:25:09.852938652,b,l
2230629,2627.97000,0.08226500,2025-01-08 17:25:18.149102449,b,m
2230630,2627.97000,0.00450900,2025-01-08 17:25:18.149102449,b,m
2230631,2629.04000,0.00835305,2025-01-08 17:25:18.149102449,b,m
2230632,2622.76000,0.03850905,2025-01-08 17:26:31.342416048,b,m
2230633,2620.22000,0.05000000,2025-01-08 17:27:36.852571249,s,l
2230634,2620.00000,9.92925930,2025-01-08 17:27:37.220253229,s,l
2230635,2619.29000,0.00277850,2025-01-08 17:29:13.316206217,b,l
2230636,2616.56000,0.65088096,2025-01-08 17:29:56.117217541,s,m
2230637,2615.90000,0.01538000,2025-01-08 17:30:21.728239775,s,m
2230638,2614.12000,1.80365490,2025-01-08 17:30:21.728239775,s,m
2230639,2614.11000,1.54934512,2025-01-08 17:30:21.728240013,s,m
2230640,2613.73000,0.18826780,2025-01-08 17:30:21.728240013,s,m
2230641,2614.17000,0.19113880,2025-01-08 17:30:28.103076458,b,l
2230642,2616.91000,0.14167246,2025-01-08 17:30:41.724633932,s,m
2230643,2611.11000,0.00259935,2025-01-08 17:31:19.864795923,s,l
2230644,2608.00000,0.01533742,2025-01-08 17:31:22.200397730,s,l
2230645,2614.81000,0.00672565,2025-01-08 17:31:36.900261164,b,l
2230646,2612.39000,0.00194267,2025-01-08 17:31:43.785637617,s,l
2230647,2612.39000,0.00203368,2025-01-08 17:31:43.970175505,s,l
2230648,2612.43000,0.01885880,2025-01-08 17:32:01.237665653,b,l
2230649,2616.50000,0.25358083,2025-01-08 17:32:19.435210943,b,l
2230650,2627.63000,0.37493547,2025-01-08 17:33:10.429692745,b,l
2230651,2624.00000,0.01770538,2025-01-08 17:33:34.421563625,b,l
2230652,2623.87000,0.00750968,2025-01-08 17:33:37.939960003,b,l
2230653,2624.51000,0.20000000,2025-01-08 17:33:59.650786161,b,m
2230654,2625.00000,0.05000000,2025-01-08 17:34:16.121969938,s,l
2230655,2621.54000,1.00000000,2025-01-08 17:34:23.480520248,s,l
2230656,2619.29000,0.00116263,2025-01-08 17:34:47.934508562,s,l
2230657,2621.55000,0.00266636,2025-01-08 17:34:52.836413622,s,l
2230658,2615.00000,0.19120458,2025-01-08 17:35:18.449640989,s,l
2230659,2616.48000,0.35695117,2025-01-08 17:35:26.424786329,b,l
2230660,2614.76000,0.03589575,2025-01-08 17:35:31.550906897,b,l
2230661,2616.13000,0.02507398,2025-01-08 17:35:53.891855478,b,l
2230662,2610.00000,0.03831800,2025-01-08 17:36:29.485556364,s,l
2230663,2605.34000,0.00116875,2025-01-08 17:36:35.367258310,s,l
2230664,2605.34000,0.02170159,2025-01-08 17:36:36.266330956,s,m
2230665,2605.34000,0.08048661,2025-01-08 17:36:36.455977917,s,l
2230666,2605.00000,0.23147792,2025-01-08 17:36:36.522693396,s,l
2230667,2605.00000,0.19193857,2025-01-08 17:36:36.522693396,s,l
2230668,2604.17000,0.07117919,2025-01-08 17:36:37.971783400,s,l
2230669,2601.05000,0.31885812,2025-01-08 17:36:41.014469385,s,l
2230670,2601.04000,7.78946685,2025-01-08 17:36:41.014469385,s,l
2230671,2601.02000,1.00000000,2025-01-08 17:36:41.014469385,s,l
2230672,2601.00000,0.00768935,2025-01-08 17:36:41.014469385,s,l
2230673,2600.01000,0.23769036,2025-01-08 17:36:41.014469385,s,l
2230674,2600.00000,0.01538461,2025-01-08 17:36:41.014469385,s,l
2230675,2600.00000,0.03986538,2025-01-08 17:36:41.014469385,s,l
2230676,2600.00000,0.59104533,2025-01-08 17:36:41.014469385,s,l
2230677,2600.01000,0.06419999,2025-01-08 17:36:41.165153503,s,l
2230678,2611.11000,0.00116617,2025-01-08 17:37:01.105325937,s,l
2230679,2616.98000,0.00752946,2025-01-08 17:37:28.932476044,b,l
2230680,2622.68000,0.00589254,2025-01-08 17:37:58.901933908,s,l
2230681,2623.52000,0.00945627,2025-01-08 17:38:08.939140081,b,l
2230682,2619.01000,0.00895687,2025-01-08 17:38:56.137928009,b,l
2230683,2619.00000,0.38182512,2025-01-08 17:39:03.171396732,s,l
2230684,2618.09000,1.80051775,2025-01-08 17:39:41.723042250,b,m
2230685,2618.10000,0.19948225,2025-01-08 17:39:41.723042250,b,m
2230686,2622.51000,0.60900325,2025-01-08 17:40:35.522727728,s,m
2230687,2622.56000,0.04713222,2025-01-08 17:40:51.578699350,s,l
2230688,2626.31000,0.01947737,2025-01-08 17:40:55.527010679,b,l
2230689,2626.31000,0.08387958,2025-01-08 17:41:05.310841799,b,l
2230690,2629.32000,0.00943210,2025-01-08 17:41:06.707024813,b,m
2230691,2630.38000,0.03570317,2025-01-08 17:43:17.141832113,b,l
2230692,2630.53000,0.03782508,2025-01-08 17:43:31.310588837,b,m
2230693,2623.85000,0.01560463,2025-01-08 17:44:27.071756363,s,l
2230694,2628.44000,0.00315777,2025-01-08 17:45:04.334827662,b,m
2230695,2626.52000,0.03659237,2025-01-08 17:45:08.154038668,s,m
2230696,2630.78000,0.30835695,2025-01-08 17:45:30.482984304,s,l
2230697,2631.95000,0.63546297,2025-01-08 17:45:32.580203772,s,l
2230698,2631.63000,0.01871885,2025-01-08 17:45:47.975135326,b,l
2230699,2635.06000,0.37388966,2025-01-08 17:46:03.030887365,b,l
2230700,2635.06000,0.00747779,2025-01-08 17:46:03.037368059,b,l
2230701,2633.55000,0.06414738,2025-01-08 17:46:17.181496620,b,l
2230702,2638.22000,0.01773167,2025-01-08 17:46:42.132912396,b,l
2230703,2633.12000,1.00000000,2025-01-08 17:46:53.881136894,b,l
2230704,2626.30000,0.00966188,2025-01-08 17:47:41.030885458,s,l
2230705,2631.05000,0.03800764,2025-01-08 17:49:46.511161565,b,m
2230706,2632.30000,0.12315700,2025-01-08 17:50:35.119208574,s,m
2230707,2632.31000,0.01947722,2025-01-08 17:50:43.646897793,b,l
2230708,2629.50000,0.47537554,2025-01-08 17:51:32.456885099,s,l
2230709,2628.33000,0.00531135,2025-01-08 17:51:32.465719461,s,l
2230710,2632.31000,0.01765587,2025-01-08 17:52:36.435858727,b,l
2230711,2632.31000,0.01180259,2025-01-08 17:52:43.403989792,b,l
2230712,2635.43000,0.18896347,2025-01-08 17:53:16.087399483,b,m
2230713,2637.16000,0.18959790,2025-01-08 17:56:02.615216017,b,m
2230714,2639.14000,0.43470900,2025-01-08 17:56:48.650042534,s,m
2230715,2637.54000,0.53716100,2025-01-08 17:56:48.650042534,s,m
2230716,2639.28000,1.22618663,2025-01-08 17:56:49.199698210,b,m
2230717,2639.15000,0.02799827,2025-01-08 17:56:50.562869310,b,l
2230718,2642.37000,0.24778545,2025-01-08 17:57:57.797495604,b,l
2230719,2642.37000,0.09185426,2025-01-08 17:58:12.590637207,b,l
2230720,2641.45000,0.01432652,2025-01-08 17:58:19.310712337,s,l
2230721,2642.22000,0.01124055,2025-01-08 17:58:20.122241020,b,m
2230722,2644.13000,0.36715304,2025-01-08 18:00:12.859207392,b,l
2230723,2646.68000,0.00367103,2025-01-08 18:00:35.394387960,b,l
2230724,2647.45000,0.00273408,2025-01-08 18:01:12.491817474,b,l
2230725,2646.50000,0.88993224,2025-01-08 18:01:53.353013039,b,m
2230726,2646.51000,0.07904914,2025-01-08 18:01:53.353013039,b,m
2230727,2647.45000,0.09979760,2025-01-08 18:02:05.896682262,b,l
2230728,2652.38000,0.40748791,2025-01-08 18:03:41.593623400,b,l
2230729,2654.63000,0.00365723,2025-01-08 18:04:05.073713541,b,l
2230730,2660.64000,0.30716200,2025-01-08 18:04:44.076285839,b,l
2230731,2663.35000,0.30716200,2025-01-08 18:04:49.794563532,b,l
2230732,2661.77000,0.00571988,2025-01-08 18:05:36.875610113,s,l
2230733,2665.09000,0.00546130,2025-01-08 18:06:48.484782696,b,l
2230734,2665.34000,1.00000000,2025-01-08 18:07:25.213311672,b,m
2230735,2667.21000,0.06693259,2025-01-08 18:07:44.966417551,b,l
2230736,2666.65000,0.03515147,2025-01-08 18:07:46.758868456,b,l
2230737,2666.72000,0.00727985,2025-01-08 18:08:37.776356697,b,l
2230738,2666.74000,0.92131488,2025-01-08 18:08:44.014515877,b,l
2230739,2666.75000,0.55646891,2025-01-08 18:08:44.014515877,b,l
2230740,2666.49000,0.00364057,2025-01-08 18:09:17.756893873,b,l
2230741,2668.58000,0.17498596,2025-01-08 18:09:45.815069675,b,l
2230742,2668.76000,0.10171296,2025-01-08 18:10:28.187907457,b,l
2230743,2672.79000,0.29022823,2025-01-08 18:12:53.326889515,b,l
2230744,2673.83000,0.03405193,2025-01-08 18:13:39.939135551,b,l
2230745,2675.47000,0.05803563,2025-01-08 18:13:39.939135551,b,l
2230746,2674.34000,0.03683981,2025-01-08 18:13:41.863230228,b,l
2230747,2674.33000,0.00274457,2025-01-08 18:13:43.208523512,b,l
2230748,2674.86000,0.00036833,2025-01-08 18:15:42.054293156,b,l
2230749,2677.83000,0.07358359,2025-01-08 18:16:31.787281275,b,l
2230750,2677.83000,0.01839590,2025-01-08 18:16:31.938560724,b,l
2230751,2676.93000,0.00362687,2025-01-08 18:17:36.711042643,b,l
2230752,2675.17000,0.01161272,2025-01-08 18:18:01.828153372,b,l
2230753,2680.00000,0.00500000,2025-01-08 18:19:40.526225567,b,l
2230754,2684.74000,0.00259286,2025-01-08 18:20:41.772254705,b,l
2230755,2685.20000,0.02172246,2025-01-08 18:20:41.772254944,b,l
2230756,2686.56000,0.10014100,2025-01-08 18:20:51.817544222,b,l
2230757,2686.57000,0.00417013,2025-01-08 18:20:51.817544460,b,l
2230758,2690.24000,0.10090079,2025-01-08 18:26:28.623905182,b,l
2230759,2691.31000,0.00200200,2025-01-08 18:26:42.101054668,b,l
2230760,2692.75000,0.43470900,2025-01-08 18:30:03.429604053,b,l
2230761,2692.78000,0.00459249,2025-01-08 18:30:03.429604053,b,l
2230762,2689.00000,0.00226517,2025-01-08 18:30:36.341259003,s,l
2230763,2683.19000,0.00686914,2025-01-08 18:31:20.609678745,b,l
2230764,2681.32000,0.00189272,2025-01-08 18:31:53.496919632,s,l
2230765,2681.70000,0.17401463,2025-01-08 18:32:09.338461876,b,l
2230766,2680.95000,0.00687885,2025-01-08 18:32:19.730295658,b,l
2230767,2677.82000,0.43836450,2025-01-08 18:32:43.370024920,s,l
2230768,2679.15000,0.07006615,2025-01-08 18:32:46.099175215,b,l
2230769,2678.79000,0.00954466,2025-01-08 18:32:56.931337833,b,l
2230770,2678.10000,0.22450266,2025-01-08 18:33:02.362663746,s,l
2230771,2683.40000,0.01063675,2025-01-08 18:33:46.225960255,b,m
2230772,2682.15000,0.53874690,2025-01-08 18:33:52.009882450,b,m
2230773,2677.94000,0.90330991,2025-01-08 18:35:28.702157497,s,l
2230774,2680.53000,0.03804066,2025-01-08 18:36:01.071330547,b,l
2230775,2678.27000,0.02681211,2025-01-08 18:37:17.679566145,b,l
2230776,2675.53000,0.07529490,2025-01-08 18:37:45.112654209,b,l
2230777,2675.54000,0.03353025,2025-01-08 18:37:45.112654209,b,l
2230778,2676.56000,0.00863845,2025-01-08 18:38:25.806214333,b,l
2230779,2678.26000,0.00339651,2025-01-08 18:39:17.245856762,b,l
2230780,2676.77000,0.00151675,2025-01-08 18:40:25.519340754,s,l
2230781,2676.77000,0.01075116,2025-01-08 18:40:43.336775064,s,l
2230782,2675.21000,0.00865695,2025-01-08 18:40:58.268908501,b,l
2230783,2675.20000,0.46725478,2025-01-08 18:41:04.493835449,s,l
2230784,2672.48000,0.07100000,2025-01-08 18:41:24.474773884,s,l
2230785,2670.52000,0.00114023,2025-01-08 18:41:42.437132835,s,l
2230786,2671.73000,0.17323488,2025-01-08 18:41:48.927930832,b,l
2230787,2671.74000,0.12720931,2025-01-08 18:41:48.927930832,b,l
2230788,2672.04000,0.00336259,2025-01-08 18:42:03.317124605,s,l
2230789,2670.42000,0.32368710,2025-01-08 18:43:15.988539219,s,l
2230790,2668.76000,0.10090079,2025-01-08 18:43:34.948157787,s,l
2230791,2664.33000,0.01200482,2025-01-08 18:44:32.980696201,s,l
2230792,2664.84000,0.00152354,2025-01-08 18:44:54.993028164,s,l
2230793,2661.30000,0.01823977,2025-01-08 18:46:19.042703629,b,l
2230794,2659.54000,0.00152659,2025-01-08 18:46:30.753378153,s,l
2230795,2658.83000,0.35836695,2025-01-08 18:47:29.882245302,s,l
2230796,2654.90000,0.00347620,2025-01-08 18:50:28.166108608,b,l
2230797,2653.40000,0.00152959,2025-01-08 18:51:51.278445244,s,l
2230798,2652.34000,0.00114803,2025-01-08 18:52:57.599914312,s,l
2230799,2647.45000,0.10171296,2025-01-08 18:54:12.440797567,s,l
2230800,2645.61000,0.00115097,2025-01-08 18:54:15.793913364,s,l
2230801,2644.50000,1.77184840,2025-01-08 18:54:25.957725763,s,l
2230802,2644.49000,2.60993029,2025-01-08 18:54:25.957725763,s,l
2230803,2649.21000,0.68962567,2025-01-08 18:56:51.209194660,b,m
2230804,2654.83000,0.00705238,2025-01-08 18:57:12.833947182,b,l
2230805,2654.05000,0.08978101,2025-01-08 18:57:21.340445757,b,m
2230806,2654.06000,0.05852558,2025-01-08 18:57:21.340445757,b,m
2230807,2659.11000,0.02498811,2025-01-08 18:58:34.471905470,b,l
2230808,2662.54000,0.09119029,2025-01-08 19:00:25.199143887,b,l
2230809,2664.11000,0.00693163,2025-01-08 19:05:12.690470934,b,l
2230810,2658.56000,0.04003242,2025-01-08 19:05:55.964270830,b,l
2230811,2664.85000,0.01848550,2025-01-08 19:06:35.031699419,b,l
2230812,2664.85000,0.41000000,2025-01-08 19:07:12.733324051,b,l
2230813,2664.85000,0.41000000,2025-01-08 19:07:13.107681274,b,l
2230814,2664.85000,0.30716200,2025-01-08 19:07:13.108179092,b,l
2230815,2664.85000,0.90219479,2025-01-08 19:07:13.112216711,b,l
2230816,2664.38000,0.05732056,2025-01-08 19:07:31.671666145,s,l
2230817,2667.09000,0.00073880,2025-01-08 19:07:39.036813498,b,l
2230818,2668.76000,0.10171296,2025-01-08 19:08:32.167077303,b,l
2230819,2672.12000,1.11000000,2025-01-08 19:09:10.428236723,s,l
2230820,2673.76000,0.11544466,2025-01-08 19:09:20.055835247,b,m
2230821,2673.77000,0.43925760,2025-01-08 19:09:20.055835247,b,m
2230822,2677.71000,0.03734534,2025-01-08 19:11:13.976547718,b,m
2230823,2667.85000,0.00920533,2025-01-08 19:13:32.363439083,s,l
2230824,2669.25000,0.03658252,2025-01-08 19:14:11.121410608,b,l
2230825,2666.84000,0.12704620,2025-01-08 19:14:12.929993391,s,m
2230826,2672.86000,0.00305401,2025-01-08 19:18:19.137477398,b,l
2230827,2673.35000,0.00910462,2025-01-08 19:18:35.085706472,b,l
2230828,2673.99000,0.00354432,2025-01-08 19:19:05.891017199,b,l
2230829,2674.84000,0.07020264,2025-01-08 19:19:10.639358044,b,l
2230830,2667.66000,0.18743018,2025-01-08 19:20:08.550275803,b,m
2230831,2668.77000,0.12169059,2025-01-08 19:21:19.632881403,b,m
2230832,2668.78000,0.41000000,2025-01-08 19:21:19.632881403,b,m
2230833,2668.90000,0.46830941,2025-01-08 19:21:19.632881403,b,m
2230834,2668.45000,0.11661191,2025-01-08 19:21:24.371995687,b,m
2230835,2668.46000,0.25813651,2025-01-08 19:21:24.371995687,b,m
2230836,2666.95000,0.00738835,2025-01-08 19:21:52.033733368,b,l
2230837,2664.53000,0.02704832,2025-01-08 19:21:56.535315989,s,l
2230838,2664.28000,0.00364350,2025-01-08 19:22:09.735847950,b,l
2230839,2664.28000,0.09243999,2025-01-08 19:22:09.837175608,b,l
2230840,2663.83000,0.95168637,2025-01-08 19:22:22.375130653,s,l
2230841,2667.81000,0.00363900,2025-01-08 19:23:01.262655020,b,l
2230842,2669.58000,0.50000000,2025-01-08 19:24:09.501317501,s,l
2230843,2671.04000,0.07267591,2025-01-08 19:24:41.470635414,b,l
2230844,2670.61000,0.02628357,2025-01-08 19:25:06.218808651,b,l
2230845,2670.71000,0.12721759,2025-01-08 19:25:25.331250191,b,l
2230846,2669.10000,0.03451051,2025-01-08 19:26:45.194182873,s,l
2230847,2673.98000,0.18223217,2025-01-08 19:27:26.742671013,b,l
2230848,2673.43000,0.37405131,2025-01-08 19:29:42.617220879,b,m
2230849,2673.37000,0.01917807,2025-01-08 19:29:54.089938641,b,l
2230850,2667.51000,0.01741545,2025-01-08 19:31:08.921833277,b,l
2230851,2667.50000,0.93720712,2025-01-08 19:31:39.080156803,s,l
2230852,2665.05000,0.09380687,2025-01-08 19:32:05.588232040,b,m
2230853,2664.67000,0.08366203,2025-01-08 19:34:15.456135988,b,l
2230854,2664.68000,0.02909387,2025-01-08 19:34:15.456135988,b,l
2230855,2663.06000,0.01742942,2025-01-08 19:34:23.716420650,b,l
2230856,2658.59000,0.00940127,2025-01-08 19:36:44.807286978,b,l
2230857,2656.09000,0.06282609,2025-01-08 19:37:13.426932096,s,l
2230858,2661.36000,0.23085195,2025-01-08 19:37:21.927700758,b,l
2230859,2661.37000,0.12270203,2025-01-08 19:37:21.927700758,b,l
2230860,2662.89000,0.18979401,2025-01-08 19:38:11.603152752,b,l
2230861,2662.90000,0.03218180,2025-01-08 19:38:11.603152752,b,l
2230862,2662.65000,0.03551855,2025-01-08 19:38:22.626779795,b,l
2230863,2659.65000,0.01829632,2025-01-08 19:39:58.571433306,b,l
2230864,2659.64000,0.03759907,2025-01-08 19:40:02.083814859,s,l
2230865,2657.72000,0.00948645,2025-01-08 19:40:04.405350924,s,l
2230866,2657.72000,0.02813978,2025-01-08 19:41:03.458176136,s,l
2230867,2655.35000,0.01750709,2025-01-08 19:41:24.248616695,b,l
2230868,2657.41000,0.03510094,2025-01-08 19:41:31.225942135,b,l
2230869,2656.57000,0.03763841,2025-01-08 19:41:41.752508640,b,l
2230870,2654.50000,0.11154629,2025-01-08 19:45:09.497539520,b,l
2230871,2654.60000,0.04971235,2025-01-08 19:45:26.450465918,s,l
2230872,2655.71000,0.01600000,2025-01-08 19:46:16.245774508,b,l
2230873,2660.43000,0.12126025,2025-01-08 19:47:59.845964670,s,l
2230874,2661.51000,0.01044119,2025-01-08 19:48:03.708464384,b,l
2230875,2659.64000,0.02840000,2025-01-08 19:48:14.235630989,b,l
2230876,2659.94000,0.00685482,2025-01-08 19:48:14.235630989,b,l
2230877,2660.75000,0.22549211,2025-01-08 19:48:26.178049803,b,l
2230878,2659.29000,0.00739680,2025-01-08 19:48:52.823940039,s,l
2230879,2661.13000,0.26486072,2025-01-08 19:49:35.441952467,b,l
2230880,2665.05000,0.75045496,2025-01-08 19:51:12.327630520,b,m
2230881,2664.40000,0.01821568,2025-01-08 19:51:22.619232655,b,l
2230882,2666.42000,0.03800000,2025-01-08 19:51:43.223198891,s,l
2230883,2666.55000,0.01820045,2025-01-08 19:51:51.356857538,b,l
2230884,2660.84000,0.01824457,2025-01-08 19:53:06.491183281,b,l
2230885,2659.17000,0.87011513,2025-01-08 19:53:39.254758358,b,m
2230886,2659.18000,0.12988487,2025-01-08 19:53:39.254758358,b,m
2230887,2659.03000,0.00752153,2025-01-08 19:54:41.323899031,s,l
2230888,2659.96000,0.01824669,2025-01-08 19:56:41.934842825,b,l
2230889,2656.79000,0.03570032,2025-01-08 19:57:25.111506701,s,l
2230890,2657.36000,0.05141308,2025-01-08 19:58:28.704645157,b,l
2230891,2659.93000,0.00510934,2025-01-08 19:58:54.489410400,b,l
2230892,2659.35000,0.39284538,2025-01-08 19:59:12.552620888,b,l
2230893,2657.78000,0.00182586,2025-01-08 19:59:30.328624487,b,l
2230894,2657.10000,0.00365386,2025-01-08 19:59:51.515856266,b,l
2230895,2657.20000,0.00091365,2025-01-08 20:00:55.555160284,b,l
2230896,2660.50000,0.00869345,2025-01-08 20:03:01.472268343,b,l
2230897,2660.83000,0.54729798,2025-01-08 20:03:42.418202400,b,l
2230898,2661.77000,0.02815903,2025-01-08 20:04:43.432765961,b,l
2230899,2662.98000,0.00145891,2025-01-08 20:05:14.955997229,b,l
2230900,2661.67000,0.01921461,2025-01-08 20:05:34.600438356,b,l
2230901,2655.20000,0.37661946,2025-01-08 20:09:05.789557219,b,m
2230902,2655.19000,0.33895879,2025-01-08 20:09:06.414597273,s,l
2230903,2655.19000,0.02636346,2025-01-08 20:09:06.414597273,s,l
2230904,2652.41000,0.31292364,2025-01-08 20:09:09.676793098,b,m
2230905,2650.00000,0.03773584,2025-01-08 20:09:28.789958239,s,l
2230906,2650.83000,0.09291634,2025-01-08 20:10:35.617775917,b,l
2230907,2650.00000,0.03665874,2025-01-08 20:11:52.251602172,b,l
2230908,2650.09000,0.09158565,2025-01-08 20:12:51.975508690,b,l
2230909,2649.62000,0.00742748,2025-01-08 20:13:26.887410641,b,m
2230910,2647.49000,0.00077797,2025-01-08 20:13:44.993508101,s,l
2230911,2651.31000,0.00919556,2025-01-08 20:15:41.871274471,b,l
2230912,2650.63000,0.05493480,2025-01-08 20:15:51.886279345,b,l
2230913,2650.16000,0.04518802,2025-01-08 20:16:40.754551649,b,l
2230914,2649.04000,0.35467312,2025-01-08 20:17:19.287005186,b,l
2230915,2649.54000,0.17098114,2025-01-08 20:18:07.067040682,b,l
2230916,2649.55000,0.02981056,2025-01-08 20:18:07.067040682,b,l
2230917,2656.56000,0.00272283,2025-01-08 20:21:20.715282202,b,l
2230918,2656.59000,0.01924772,2025-01-08 20:22:01.336407661,b,l
2230919,2655.13000,0.08839691,2025-01-08 20:22:25.487169981,b,l
2230920,2657.91000,0.04835030,2025-01-08 20:25:10.641537428,b,l
2230921,2657.02000,0.03653363,2025-01-08 20:26:03.402331114,b,l
2230922,2657.20000,0.00307324,2025-01-08 20:26:17.436269760,b,l
2230923,2656.56000,0.02747640,2025-01-08 20:26:45.852600336,b,l
2230924,2656.56000,0.23742032,2025-01-08 20:27:36.720366478,b,l
2230925,2656.56000,0.33413195,2025-01-08 20:29:04.815092564,s,l
2230926,2656.56000,0.04041275,2025-01-08 20:30:15.317440271,s,l
2230927,2656.57000,0.00037086,2025-01-08 20:30:18.412273169,b,l
2230928,2656.57000,0.30716200,2025-01-08 20:30:28.104397535,b,l
2230929,2656.57000,0.04546714,2025-01-08 20:30:36.850654125,b,l
2230930,2662.72000,0.18230591,2025-01-08 20:31:25.179999113,b,l
2230931,2658.37000,0.07305515,2025-01-08 20:33:14.085261106,b,l
2230932,2657.20000,0.08478798,2025-01-08 20:34:03.935756922,s,l
2230933,2657.20000,0.29154801,2025-01-08 20:35:15.060968161,s,l
2230934,2656.55000,0.00752856,2025-01-08 20:35:16.465455770,s,l
2230935,2657.59000,0.03653143,2025-01-08 20:36:21.184187412,b,l
2230936,2655.19000,0.07530496,2025-01-08 20:38:38.360994816,b,l
2230937,2656.39000,0.00182772,2025-01-08 20:39:16.335569859,b,l
2230938,2655.27000,0.00301385,2025-01-08 20:39:51.550760031,b,m
2230939,2656.84000,0.14316234,2025-01-08 20:41:15.419642448,s,l
2230940,2660.07000,0.17361691,2025-01-08 20:42:12.120987654,b,l
2230941,2660.08000,0.00188727,2025-01-08 20:42:12.120987654,b,l
2230942,2660.15000,0.03503049,2025-01-08 20:42:14.169975519,b,l
2230943,2660.59000,0.20000000,2025-01-08 20:42:31.398790598,s,m
2230944,2662.50000,0.08769444,2025-01-08 20:42:43.278935909,b,l
2230945,2661.42000,0.01664137,2025-01-08 20:44:51.211725950,s,l
2230946,2662.44000,0.07321985,2025-01-08 20:44:56.914428711,b,l
2230947,2662.45000,0.08622500,2025-01-08 20:44:56.914428711,b,l
2230948,2662.63000,0.02280494,2025-01-08 20:44:56.914428711,b,l
2230949,2662.32000,0.02166816,2025-01-08 20:45:09.522889853,b,l
2230950,2662.13000,0.56373510,2025-01-08 20:47:00.341742516,s,l
2230951,2662.39000,0.02916829,2025-01-08 20:47:10.397130728,b,l
2230952,2662.16000,0.03646105,2025-01-08 20:47:15.562375784,b,l
2230953,2660.78000,0.00751659,2025-01-08 20:47:26.468601942,b,m
2230954,2660.78000,0.03682438,2025-01-08 20:47:39.961711884,b,l
2230955,2659.90000,0.00300763,2025-01-08 20:48:51.073646545,b,m
2230956,2659.90000,0.01047183,2025-01-08 20:49:31.750478268,b,l
2230957,2659.90000,0.00342841,2025-01-08 20:50:09.010316849,b,l
2230958,2659.89000,0.02918812,2025-01-08 20:50:26.860989571,s,l
2230959,2659.89000,2.14496193,2025-01-08 20:50:26.932259560,s,l
2230960,2659.89000,0.01825960,2025-01-08 20:51:18.671103001,b,l
2230961,2663.56000,0.00583199,2025-01-08 20:52:39.446116924,b,l
2230962,2664.80000,0.00275439,2025-01-08 20:52:50.834651709,b,l
2230963,2663.31000,0.00446918,2025-01-08 20:53:43.629759789,b,l
2230964,2662.64000,0.00751134,2025-01-08 20:53:46.140170097,s,m
2230965,2662.65000,0.00911482,2025-01-08 20:55:08.500923395,b,l
2230966,2665.32000,0.03532658,2025-01-08 20:55:24.608008146,b,l
2230967,2662.64000,0.05000000,2025-01-08 20:55:31.214954138,s,l
2230968,2662.64000,0.13778355,2025-01-08 20:56:02.903754234,s,l
2230969,2662.64000,0.01877835,2025-01-08 20:56:02.903754234,s,l
2230970,2660.94000,0.07912182,2025-01-08 20:56:02.903754234,s,l
2230971,2661.59000,0.01823559,2025-01-08 20:56:58.227222443,b,l
2230972,2659.80000,0.45710524,2025-01-08 20:57:04.484217167,s,l
2230973,2659.03000,0.01132918,2025-01-08 20:57:29.777857304,b,l
2230974,2655.82000,0.02287979,2025-01-08 20:59:17.700130224,s,l
2230975,2659.26000,0.01096067,2025-01-08 20:59:28.126802683,b,l
2230976,2659.94000,1.19482754,2025-01-08 21:00:11.400444984,s,l
2230977,2658.06000,0.21331371,2025-01-08 21:00:43.006556273,s,l
2230978,2660.27000,0.02071912,2025-01-08 21:01:37.054445505,b,l
2230979,2660.28000,0.00847677,2025-01-08 21:01:37.054445505,b,l
2230980,2659.74000,0.01923453,2025-01-08 21:02:43.214848280,b,l
2230981,2659.75000,0.00221387,2025-01-08 21:02:43.214848280,b,l
2230982,2659.52000,0.01277672,2025-01-08 21:04:07.060563326,b,l
2230983,2664.45000,0.00978389,2025-01-08 21:05:30.257289886,b,l
2230984,2664.46000,0.08265544,2025-01-08 21:05:30.257289886,b,l
2230985,2664.03000,0.00975447,2025-01-08 21:05:40.774576426,b,l
2230986,2664.04000,0.24911056,2025-01-08 21:05:40.774576426,b,l
2230987,2661.56000,0.00943109,2025-01-08 21:06:18.590651035,b,l
2230988,2661.57000,0.00100614,2025-01-08 21:06:18.590651035,b,l
2230989,2659.14000,0.01138063,2025-01-08 21:06:47.462834120,b,m
2230990,2659.15000,0.06383142,2025-01-08 21:06:47.462834120,b,m
2230991,2658.43000,0.00341448,2025-01-08 21:07:14.660995483,b,l
2230992,2655.64000,0.00954841,2025-01-08 21:08:04.656202555,b,l
2230993,2655.66000,0.00873082,2025-01-08 21:08:04.656202555,b,l
2230994,2658.74000,0.00993719,2025-01-08 21:09:10.676812887,b,m
2230995,2658.75000,0.10289783,2025-01-08 21:09:10.676812887,b,m
2230996,2659.97000,0.00985919,2025-01-08 21:09:25.909917831,b,m
2230997,2659.98000,0.10292365,2025-01-08 21:09:25.909917831,b,m
2230998,2658.53000,0.00182577,2025-01-08 21:09:33.275958061,b,l
2230999,2655.40000,0.00731153,2025-01-08 21:10:16.212707043,b,l
2231000,2655.41000,1.22147875,2025-01-08 21:10:16.212707043,b,l
2231001,2656.56000,0.00706379,2025-01-08 21:10:51.958796024,b,l
2231002,2656.57000,0.09492107,2025-01-08 21:10:51.958796024,b,l
2231003,2656.56000,0.00706379,2025-01-08 21:10:52.386799812,b,l
2231004,2656.57000,0.08084374,2025-01-08 21:10:52.386799812,b,l
2231005,2656.47000,0.00858325,2025-01-08 21:11:45.427712917,b,l
2231006,2656.48000,0.04624177,2025-01-08 21:11:45.427713156,b,l
2231007,2656.69000,0.00829898,2025-01-08 21:12:32.618441105,b,l
2231008,2656.70000,0.02148023,2025-01-08 21:12:32.618441105,b,l
2231009,2655.35000,0.00740662,2025-01-08 21:13:19.721862316,b,l
2231010,2655.36000,0.17540324,2025-01-08 21:13:19.721862316,b,l
2231011,2653.91000,0.05786774,2025-01-08 21:14:17.922141790,s,l
2231012,2653.73000,0.02996796,2025-01-08 21:15:08.456194878,b,m
2231013,2653.74000,0.08684842,2025-01-08 21:15:08.456194878,b,m
2231014,2650.00000,0.03773584,2025-01-08 21:15:46.109139442,s,m
2231015,2649.81000,0.08648500,2025-01-08 21:15:46.109139442,s,m
2231016,2649.03000,0.62277916,2025-01-08 21:15:46.109139442,s,m
2231017,2650.26000,0.08500324,2025-01-08 21:16:59.741179228,s,l
2231018,2653.05000,0.03302128,2025-01-08 21:17:52.353259802,b,l
2231019,2653.06000,0.05503827,2025-01-08 21:17:52.353259802,b,l
2231020,2654.07000,1.29155000,2025-01-08 21:18:47.028538704,s,l
2231021,2654.10000,0.01049471,2025-01-08 21:19:34.716561556,b,l
2231022,2655.20000,0.04562520,2025-01-08 21:20:40.793169975,b,l
2231023,2658.46000,0.06718267,2025-01-08 21:21:04.250509977,b,l
2231024,2658.59000,0.04779176,2025-01-08 21:21:11.658246756,b,l
2231025,2658.60000,0.02485223,2025-01-08 21:21:11.658246756,b,l
2231026,2658.29000,0.09958703,2025-01-08 21:23:17.450387478,s,l
2231027,2659.94000,0.03680697,2025-01-08 21:23:24.257445574,b,l
2231028,2659.73000,0.00185211,2025-01-08 21:24:26.032124996,b,l
2231029,2665.51000,0.00341323,2025-01-08 21:26:45.285475254,b,l
2231030,2665.38000,0.02094507,2025-01-08 21:26:45.752860785,b,l
2231031,2665.39000,0.25219281,2025-01-08 21:26:45.752860785,b,l
2231032,2665.86000,0.02073156,2025-01-08 21:26:57.130897044,b,l
2231033,2665.87000,0.05210409,2025-01-08 21:26:57.130897044,b,l
2231034,2661.78000,0.43470900,2025-01-08 21:29:37.588278294,b,l
2231035,2661.78000,1.41597302,2025-01-08 21:29:37.588278294,b,l
2231036,2661.77000,0.01878449,2025-01-08 21:30:01.856235743,s,l
2231037,2659.14000,0.30716200,2025-01-08 21:30:16.433582544,s,l
2231038,2659.14000,0.07021188,2025-01-08 21:30:16.451493025,s,l
2231039,2657.01000,0.03124669,2025-01-08 21:30:30.354876041,b,l
2231040,2659.60000,0.00525211,2025-01-08 21:32:21.263417481,b,l
2231041,2661.39000,0.03066173,2025-01-08 21:33:07.668258905,b,l
2231042,2661.40000,0.05704534,2025-01-08 21:33:07.668258905,b,l
2231043,2662.52000,0.00341671,2025-01-08 21:33:54.400514364,b,l
2231044,2662.25000,0.02380578,2025-01-08 21:34:01.382621288,b,l
2231045,2662.26000,0.01172984,2025-01-08 21:34:01.382621288,b,l
2231046,2663.45000,0.01148801,2025-01-08 21:34:50.496757030,b,l
2231047,2664.19000,0.02343233,2025-01-08 21:34:55.238972902,b,l
2231048,2664.20000,0.09936380,2025-01-08 21:34:55.238972902,b,l
2231049,2662.55000,1.76930611,2025-01-08 21:34:59.057052612,s,l
2231050,2662.54000,0.90569250,2025-01-08 21:34:59.057052612,s,l
2231051,2662.52000,0.08622900,2025-01-08 21:34:59.057052612,s,l
2231052,2662.51000,0.41000000,2025-01-08 21:34:59.057052612,s,l
2231053,2662.56000,1.76929947,2025-01-08 21:34:59.093117714,s,l
2231054,2662.40000,0.43470900,2025-01-08 21:34:59.104935646,s,l
2231055,2662.41000,1.76939915,2025-01-08 21:34:59.124879122,s,l
2231056,2661.94000,0.02840000,2025-01-08 21:34:59.162775993,s,l
2231057,2666.08000,0.01570538,2025-01-08 21:35:19.177030563,b,l
2231058,2665.88000,0.00516732,2025-01-08 21:35:55.880283833,b,l
2231059,2664.29000,0.17625634,2025-01-08 21:37:17.288735151,b,l
2231060,2664.00000,0.01397665,2025-01-08 21:37:56.657832384,s,l
2231061,2662.27000,0.18342991,2025-01-08 21:38:17.657927513,b,l
2231062,2661.33000,0.27250000,2025-01-08 21:38:22.170063972,s,m
2231063,2659.96000,0.01019505,2025-01-08 21:39:25.309300900,s,l
2231064,2663.56000,0.53319925,2025-01-08 21:40:10.163937569,s,l
2231065,2667.16000,0.00964324,2025-01-08 21:40:42.138524532,b,l
2231066,2667.75000,0.00682864,2025-01-08 21:40:42.138524532,b,l
2231067,2667.68000,0.01047898,2025-01-08 21:40:52.714767694,b,l
2231068,2672.45000,0.02840000,2025-01-08 21:45:20.779690504,s,l
2231069,2671.48000,0.03641723,2025-01-08 21:45:24.077408791,b,l
2231070,2668.49000,0.03747438,2025-01-08 21:46:08.934070587,b,m
2231071,2668.82000,0.01818885,2025-01-08 21:46:44.742525101,b,l
2231072,2670.25000,0.00365599,2025-01-08 21:47:16.809664011,b,l
2231073,2671.20000,0.02091993,2025-01-08 21:48:16.546343565,b,l
2231074,2669.80000,0.06452803,2025-01-08 21:48:31.777081251,b,l
2231075,2669.81000,0.39675114,2025-01-08 21:48:31.777081251,b,l
2231076,2671.75000,0.05417209,2025-01-08 21:49:19.363025427,b,l
2231077,2671.76000,0.03323876,2025-01-08 21:49:19.363025427,b,l
2231078,2671.57000,0.01916116,2025-01-08 21:49:56.076951504,s,l
2231079,2671.10000,0.07144200,2025-01-08 21:50:53.346474886,s,l
2231080,2671.59000,0.11229268,2025-01-08 21:52:47.648959398,b,m
2231081,2671.51000,0.06527504,2025-01-08 21:52:59.503953457,b,l
2231082,2671.51000,0.03509845,2025-01-08 21:52:59.909655809,b,l
2231083,2671.22000,0.02343962,2025-01-08 21:56:15.466864347,s,m
2231084,2671.70000,0.18169356,2025-01-08 21:57:09.069821596,b,l
2231085,2670.89000,0.03488378,2025-01-08 21:57:23.090445995,b,l
2231086,2671.16000,0.12306828,2025-01-08 21:57:28.173283815,b,m
2231087,2671.19000,0.25129807,2025-01-08 21:57:28.173284054,b,m
2231088,2670.95000,0.03634680,2025-01-08 21:57:32.927696705,b,l
2231089,2671.13000,0.03634979,2025-01-08 21:57:52.801737070,b,l
2231090,2670.28000,0.02507406,2025-01-08 21:59:20.680590630,s,l
2231091,2670.32000,0.00433885,2025-01-08 21:59:24.987126827,s,l
2231092,2671.62000,0.00408819,2025-01-08 22:00:34.967709780,b,l
2231093,2671.40000,0.09023566,2025-01-08 22:01:23.957373142,s,l
2231094,2672.38000,0.15657655,2025-01-08 22:04:41.063066243,b,l
2231095,2672.39000,0.30425418,2025-01-08 22:04:41.063066243,b,l
2231096,2677.77000,0.00648950,2025-01-08 22:06:49.737626791,s,l
2231097,2680.73000,0.02446823,2025-01-08 22:06:54.825168848,b,l
2231098,2680.58000,0.03476148,2025-01-08 22:08:30.995117188,b,l
2231099,2680.10000,0.16165112,2025-01-08 22:08:39.971255779,b,m
2231100,2680.11000,0.05848970,2025-01-08 22:08:39.971255779,b,m
2231101,2685.08000,0.00361601,2025-01-08 22:10:50.991837502,b,l
2231102,2686.15000,0.03614154,2025-01-08 22:11:12.971843004,b,l
2231103,2684.68000,0.02253078,2025-01-08 22:13:13.789984465,b,l
2231104,2684.25000,0.11520224,2025-01-08 22:13:21.894327402,b,m
2231105,2684.26000,0.90569250,2025-01-08 22:13:21.894327402,b,m
2231106,2684.30000,1.50692755,2025-01-08 22:13:21.894327402,b,m
2231107,2684.30000,2.95931104,2025-01-08 22:13:21.894327402,b,m
2231108,2683.59000,0.00687168,2025-01-08 22:13:29.530217648,b,l
2231109,2683.71000,0.00687524,2025-01-08 22:14:08.614981413,b,l
2231110,2681.43000,1.75996463,2025-01-08 22:15:47.022739410,s,m
2231111,2681.42000,0.08584100,2025-01-08 22:15:47.022739410,s,m
2231112,2681.40000,1.15419437,2025-01-08 22:15:47.022739410,s,m
2231113,2678.33000,0.00928937,2025-01-08 22:17:30.176873446,s,l
2231114,2676.70000,0.00344113,2025-01-08 22:17:30.176873446,s,l
2231115,2680.33000,0.59077385,2025-01-08 22:18:59.959822416,b,l
2231116,2680.34000,0.15174323,2025-01-08 22:18:59.959822416,b,l
2231117,2684.37000,0.00513050,2025-01-08 22:22:01.979686737,b,l
2231118,2683.73000,0.02001655,2025-01-08 22:22:49.483887672,b,l
2231119,2685.98000,0.08575700,2025-01-08 22:23:32.759119987,b,l
2231120,2686.03000,0.02619467,2025-01-08 22:23:32.759119987,b,l
2231121,2687.96000,0.03037877,2025-01-08 22:24:31.975498915,s,l
2231122,2685.02000,0.08575500,2025-01-08 22:26:17.848936796,s,l
2231123,2684.37000,1.75800245,2025-01-08 22:26:17.848936796,s,l
2231124,2684.36000,0.28447657,2025-01-08 22:26:17.848936796,s,l
2231125,2684.10000,0.41000000,2025-01-08 22:26:17.848936796,s,l
2231126,2683.50000,0.73429205,2025-01-08 22:28:07.443449736,b,l
2231127,2682.96000,0.18092659,2025-01-08 22:29:06.471675396,b,l
2231128,2682.99000,0.01379058,2025-01-08 22:29:59.463132143,b,m
2231129,2683.00000,0.00734418,2025-01-08 22:30:00.038302183,b,l
2231130,2682.93000,0.12467056,2025-01-08 22:30:17.123394728,b,l
2231131,2682.16000,0.09330931,2025-01-08 22:31:50.479962826,s,l
2231132,2683.37000,0.00725383,2025-01-08 22:32:22.149050236,b,l
2231133,2683.37000,0.04954617,2025-01-08 22:32:34.403012514,b,l
2231134,2684.80000,0.04110500,2025-01-08 22:32:34.403012514,b,l
2231135,2687.40000,0.04651336,2025-01-08 22:34:47.569846630,b,m
2231136,2686.41000,0.01373542,2025-01-08 22:34:57.001154184,s,m
2231137,2687.27000,0.00183313,2025-01-08 22:35:02.029165745,b,l
2231138,2686.97000,0.09526521,2025-01-08 22:35:24.349266291,s,l
2231139,2688.58000,0.04333130,2025-01-08 22:36:43.427535534,b,l
2231140,2690.01000,0.00902279,2025-01-08 22:39:28.956877232,b,l
2231141,2690.02000,0.06135565,2025-01-08 22:39:31.657762766,b,l
2231142,2689.31000,0.08568000,2025-01-08 22:39:49.710491419,b,m
2231143,2689.33000,0.41630440,2025-01-08 22:39:49.710491657,b,m
2231144,2689.39000,0.07220271,2025-01-08 22:39:55.924880028,b,l
2231145,2689.80000,0.00303906,2025-01-08 22:40:05.188236475,b,l
2231146,2690.23000,0.01194001,2025-01-08 22:41:52.784950495,s,l
2231147,2690.24000,0.10090079,2025-01-08 22:42:06.493974686,b,l
2231148,2693.93000,0.01801912,2025-01-08 22:42:47.038074970,b,l
2231149,2695.34000,0.36552643,2025-01-08 22:44:10.145952940,b,l
2231150,2695.62000,0.01655263,2025-01-08 22:44:11.337918043,b,l
2231151,2696.76000,0.00406806,2025-01-08 22:46:00.927453995,b,l
2231152,2696.70000,0.18001012,2025-01-08 22:46:07.456037045,b,l
2231153,2692.12000,0.15182525,2025-01-08 22:46:59.199222803,b,l
2231154,2694.73000,0.14410214,2025-01-08 22:48:09.254207373,b,l
2231155,2691.15000,0.02435832,2025-01-08 22:48:53.913121700,b,l
2231156,2691.63000,0.00371522,2025-01-08 22:49:10.355801105,b,m
2231157,2689.00000,0.07462000,2025-01-08 22:52:29.394766808,s,l
2231158,2691.98000,0.18700000,2025-01-08 22:55:44.862514257,s,l
2231159,2692.12000,0.04973923,2025-01-08 22:55:50.918606520,s,l
2231160,2696.12000,0.01383008,2025-01-08 22:57:28.586040735,b,l
2231161,2696.13000,0.01317720,2025-01-08 22:57:28.586040735,b,l
2231162,2698.74000,0.01409511,2025-01-08 22:58:14.399896860,b,l
2231163,2698.75000,0.34565171,2025-01-08 22:58:14.399896860,b,l
2231164,2698.54000,0.01399091,2025-01-08 22:58:20.589765072,b,l
2231165,2698.55000,0.33246431,2025-01-08 22:58:20.589765072,b,l
2231166,2698.83000,0.00248256,2025-01-08 22:59:41.802664757,b,l
2231167,2695.00000,0.00371057,2025-01-08 23:00:44.200231552,s,l
2231168,2692.87000,0.04847682,2025-01-08 23:01:01.216650963,b,l
2231169,2692.88000,0.04164204,2025-01-08 23:01:01.216650963,b,l
2231170,2691.51000,0.01637752,2025-01-08 23:02:30.618408918,b,l
2231171,2691.52000,0.16398178,2025-01-08 23:02:30.618408918,b,l
2231172,2689.01000,0.07287558,2025-01-08 23:05:15.084766388,b,l
2231173,2690.62000,0.01804169,2025-01-08 23:07:33.013624191,b,l
2231174,2690.89000,0.43470900,2025-01-08 23:08:21.785767555,b,l
2231175,2690.90000,0.47286694,2025-01-08 23:08:21.785767555,b,l
2231176,2690.84000,0.03464094,2025-01-08 23:08:28.618128538,b,l
2231177,2689.04000,0.02895474,2025-01-08 23:08:48.279684067,s,l
2231178,2691.49000,0.07430828,2025-01-08 23:10:19.126021385,b,m
2231179,2690.46000,0.22824503,2025-01-08 23:10:41.447910070,s,l
2231180,2691.59000,0.00261908,2025-01-08 23:10:54.469410181,b,l
2231181,2691.60000,0.01464897,2025-01-08 23:10:54.469410181,b,l
2231182,2692.03000,0.00338016,2025-01-08 23:16:33.437721729,b,l
2231183,2689.57000,0.00900000,2025-01-08 23:19:38.023854971,s,l
2231184,2690.01000,0.00350000,2025-01-08 23:22:44.160042524,s,l
2231185,2693.95000,0.00204600,2025-01-08 23:25:37.672399044,b,l
2231186,2693.96000,0.01322478,2025-01-08 23:25:37.672399044,b,l
2231187,2693.97000,0.01983609,2025-01-08 23:25:37.672399044,b,l
2231188,2693.02000,0.04254913,2025-01-08 23:29:02.302479267,b,l
2231189,2693.03000,0.20726620,2025-01-08 23:29:02.302479506,b,l
2231190,2692.51000,0.04135123,2025-01-08 23:29:21.547282696,b,l
2231191,2692.52000,0.30564707,2025-01-08 23:29:21.547282696,b,l
2231192,2692.16000,0.03686689,2025-01-08 23:29:40.093851805,b,l
2231193,2692.17000,0.00122758,2025-01-08 23:29:40.093851805,b,l
2231194,2691.96000,0.01082393,2025-01-08 23:31:07.577256203,b,l
2231195,2690.00000,0.01871548,2025-01-08 23:32:09.028518677,s,l
2231196,2690.00000,0.01834841,2025-01-08 23:32:09.459068298,s,l
2231197,2690.00000,0.01293611,2025-01-08 23:32:09.540713310,s,l
2231198,2689.00000,0.01440937,2025-01-08 23:32:10.278755188,s,l
2231199,2687.95000,0.01200471,2025-01-08 23:32:22.706064939,b,l
2231200,2687.96000,0.04013739,2025-01-08 23:32:22.706064939,b,l
2231201,2686.43000,0.02849478,2025-01-08 23:32:48.591996431,b,l
2231202,2686.44000,0.04594570,2025-01-08 23:32:48.591996431,b,l
2231203,2688.24000,0.00929893,2025-01-08 23:34:45.468646765,s,m
2231204,2688.14000,0.02516610,2025-01-08 23:35:08.765990973,b,m
2231205,2688.53000,0.15425842,2025-01-08 23:35:29.763520002,s,l
2231206,2688.49000,0.37574158,2025-01-08 23:35:29.763520002,s,l
2231207,2689.71000,0.01748459,2025-01-08 23:35:35.474034071,b,l
2231208,2689.72000,0.00689497,2025-01-08 23:35:35.474034071,b,l
2231209,2693.84000,0.05419231,2025-01-08 23:38:58.385015965,b,l
2231210,2693.84000,0.02278872,2025-01-08 23:38:58.766243935,b,l
2231211,2692.11000,0.02066424,2025-01-08 23:42:01.352370501,b,m
2231212,2692.12000,0.05362673,2025-01-08 23:42:01.352370501,b,m
2231213,2693.84000,0.00894896,2025-01-08 23:44:43.480008125,b,l
2231214,2693.83000,0.12996822,2025-01-08 23:45:03.416758537,s,l
2231215,2693.83000,0.39115000,2025-01-08 23:45:08.262122154,s,l
2231216,2693.84000,0.30716200,2025-01-08 23:45:40.136971474,b,l
2231217,2693.84000,0.30716200,2025-01-08 23:46:02.354481220,b,l
2231218,2693.84000,0.30716200,2025-01-08 23:46:11.496303558,b,l
2231219,2693.84000,2.72130000,2025-01-08 23:46:24.167516947,b,l
2231220,2693.84000,0.30716200,2025-01-08 23:46:44.987765551,b,l
2231221,2693.84000,0.30716200,2025-01-08 23:46:48.746397734,b,l
2231222,2693.84000,0.24890674,2025-01-08 23:46:54.857721090,b,l
2231223,2693.84000,5.40805327,2025-01-08 23:46:55.151504278,b,l
2231224,2698.51000,0.15267232,2025-01-08 23:48:08.556599617,s,l
2231225,2697.81000,0.12265513,2025-01-08 23:49:26.060650110,b,l
2231226,2697.81000,0.01483766,2025-01-08 23:49:58.889517784,b,l
2231227,2697.81000,0.01803752,2025-01-08 23:50:07.283920050,b,l
2231228,2697.81000,0.00365193,2025-01-08 23:50:37.032629250,b,l
2231229,2697.80000,0.02043887,2025-01-08 23:51:34.081366062,s,l
2231230,2695.91000,0.10966187,2025-01-08 23:51:34.081366062,s,l
2231231,2693.88000,0.06882471,2025-01-08 23:57:25.540307999,s,l
2231232,2694.50000,0.00091410,2025-01-08 23:59:00.057459593,b,l
2231233,2694.39000,0.00036142,2025-01-09 00:00:00.112935066,b,l
2231234,2694.39000,0.00036566,2025-01-09 00:00:00.236042976,b,l
2231235,2694.39000,0.01828283,2025-01-09 00:00:00.323650599,b,l
2231236,2694.07000,0.00054855,2025-01-09 00:00:10.035413027,b,l
2231237,2690.11000,1.76547963,2025-01-09 00:03:55.769870520,s,l
2231238,2690.10000,1.08827167,2025-01-09 00:03:55.769870758,s,l
2231239,2691.52000,0.07320931,2025-01-09 00:05:50.260241031,b,l
2231240,2694.35000,0.05062308,2025-01-09 00:05:53.759048462,b,l
2231241,2694.86000,0.00360263,2025-01-09 00:07:36.275608778,b,l
2231242,2695.59000,0.06106342,2025-01-09 00:07:38.684271097,b,m
2231243,2695.60000,0.01313179,2025-01-09 00:07:38.684271097,b,m
2231244,2696.26000,0.00720417,2025-01-09 00:18:24.721519947,b,l
2231245,2699.02000,0.07899534,2025-01-09 00:19:56.037457228,s,l
2231246,2699.52000,0.00683301,2025-01-09 00:20:01.931890488,b,l
2231247,2695.35000,0.04567323,2025-01-09 00:21:11.607614279,b,m
2231248,2695.36000,0.01368821,2025-01-09 00:21:11.607614279,b,m
2231249,2693.13000,0.04382091,2025-01-09 00:24:14.327867746,b,l
2231250,2693.14000,0.08736265,2025-01-09 00:24:14.327867746,b,l
2231251,2691.46000,0.03492544,2025-01-09 00:27:47.617394447,b,l
2231252,2691.47000,0.14543329,2025-01-09 00:27:47.617394447,b,l
2231253,2694.64000,0.21101800,2025-01-09 00:31:26.700027704,s,l
2231254,2694.27000,0.03603356,2025-01-09 00:33:51.634927988,b,l
2231255,2693.64000,0.19708169,2025-01-09 00:34:15.697150469,b,m
2231256,2693.65000,0.24841122,2025-01-09 00:34:15.697150707,b,m
2231257,2691.55000,0.02083296,2025-01-09 00:36:39.688649893,b,m
2231258,2690.06000,0.00433057,2025-01-09 00:38:45.284551620,b,l
2231259,2695.45000,0.00342484,2025-01-09 00:44:22.104772329,b,l
2231260,2695.78000,0.22257009,2025-01-09 00:44:52.694417477,b,m
2231261,2698.38000,0.01029756,2025-01-09 00:49:10.886596203,b,l
2231262,2700.06000,0.00896509,2025-01-09 00:50:17.593216181,b,l
2231263,2700.10000,0.03282831,2025-01-09 00:51:38.533559322,b,l
2231264,2702.63000,0.00219787,2025-01-09 00:51:38.533559322,b,l
2231265,2701.70000,0.00268531,2025-01-09 00:51:52.827574253,b,l
2231266,2703.86000,0.07605030,2025-01-09 00:54:58.440530777,b,l
2231267,2703.83000,0.00682202,2025-01-09 00:56:26.896912813,b,l
2231268,2703.57000,0.10360268,2025-01-09 00:56:43.577818155,b,l
2231269,2706.37000,0.00466761,2025-01-09 00:58:27.647133112,s,l
2231270,2707.00000,0.16032000,2025-01-09 01:03:01.111319780,b,l
2231271,2709.71000,0.05472163,2025-01-09 01:04:25.695759058,b,l
2231272,2710.02000,0.00036355,2025-01-09 01:05:00.029321671,b,l
2231273,2709.89000,0.03460481,2025-01-09 01:05:08.459407568,b,l
2231274,2707.90000,0.01994165,2025-01-09 01:07:48.240459204,b,m
2231275,2703.93000,0.00769000,2025-01-09 01:11:36.986462593,b,l
2231276,2704.04000,0.00614407,2025-01-09 01:13:57.999117136,b,l
2231277,2705.15000,0.02284540,2025-01-09 01:16:07.449544668,s,l
2231278,2710.67000,0.04936105,2025-01-09 01:20:51.534431695,b,m
2231279,2710.68000,0.41000000,2025-01-09 01:20:51.534431695,b,m
2231280,2710.90000,0.04063895,2025-01-09 01:20:51.534431695,b,m
2231281,2710.95000,0.04720966,2025-01-09 01:21:47.737729788,b,l
2231282,2710.96000,0.09407594,2025-01-09 01:21:47.737729788,b,l
2231283,2711.90000,0.10009515,2025-01-09 01:24:34.293583155,b,l
2231284,2714.39000,0.04754365,2025-01-09 01:27:21.935742378,b,l
2231285,2714.40000,0.63296167,2025-01-09 01:27:21.935742378,b,l
2231286,2713.52000,0.03607504,2025-01-09 01:32:33.254326343,b,m
2231287,2713.53000,0.16392496,2025-01-09 01:32:33.254326343,b,m
2231288,2716.48000,0.02702856,2025-01-09 01:42:53.981530905,s,l
2231289,2711.44000,0.07031392,2025-01-09 01:47:41.295531988,b,m
2231290,2711.45000,0.04032825,2025-01-09 01:47:41.295531988,b,m
2231291,2712.52000,0.04100000,2025-01-09 01:51:03.407877922,b,m
2231292,2713.01000,0.03574201,2025-01-09 01:51:52.434265614,b,l
2231293,2713.02000,0.32745742,2025-01-09 01:51:52.434265852,b,l
2231294,2713.31000,0.00289822,2025-01-09 01:52:10.647549152,b,l
2231295,2709.68000,0.21618514,2025-01-09 01:52:44.445764303,s,l
2231296,2710.45000,0.00036349,2025-01-09 02:00:41.032310724,b,l
2231297,2710.45000,0.00119588,2025-01-09 02:00:41.035209179,b,l
2231298,2703.92000,0.04160626,2025-01-09 02:07:04.178477287,s,l
2231299,2694.60000,0.00769000,2025-01-09 02:07:26.333615780,s,l
2231300,2690.24000,0.10009515,2025-01-09 02:07:56.887316942,s,l
2231301,2685.28000,0.00770000,2025-01-09 02:08:03.565732241,s,l
2231302,2688.53000,0.41000000,2025-01-09 02:09:59.220779657,s,l
2231303,2687.00000,0.61177158,2025-01-09 02:10:04.625713825,s,m
2231304,2680.69000,0.07423461,2025-01-09 02:12:13.345262527,s,l
2231305,2693.76000,1.50000000,2025-01-09 02:14:16.802629471,s,m
2231306,2702.21000,0.07400000,2025-01-09 02:16:25.688647985,b,m
2231307,2696.94000,0.06202585,2025-01-09 02:25:54.385793209,s,l
2231308,2694.26000,0.01767969,2025-01-09 02:27:33.529952288,s,l
2231309,2691.13000,0.06842839,2025-01-09 02:32:32.378108978,s,l
2231310,2703.39000,0.43470900,2025-01-09 02:44:45.835736275,s,l
2231311,2703.35000,0.79681439,2025-01-09 02:44:45.835736275,s,l
2231312,2701.31000,0.31163911,2025-01-09 02:51:02.794776678,s,l
2231313,2700.86000,0.08546500,2025-01-09 02:57:39.510426044,s,m
2231314,2700.58000,0.43470900,2025-01-09 02:57:39.510426044,s,m
2231315,2700.48000,0.05132601,2025-01-09 02:57:39.510426044,s,m
2231316,2699.85000,0.16372964,2025-01-09 02:57:39.510426044,s,m
2231317,2699.84000,0.40477035,2025-01-09 02:57:39.510426044,s,m
2231318,2700.15000,0.00555460,2025-01-09 02:58:34.956223488,s,m
2231319,2700.12000,0.17772540,2025-01-09 02:58:34.956223488,s,m
2231320,2702.87000,0.00036451,2025-01-09 03:00:32.035984516,b,l
2231321,2701.39000,0.00120354,2025-01-09 03:00:59.034736395,b,l
2231322,2689.42000,0.01451195,2025-01-09 03:07:22.117282152,b,m
2231323,2690.84000,0.00399088,2025-01-09 03:09:11.420334101,s,l
2231324,2688.01000,0.24922136,2025-01-09 03:13:29.304342270,s,m
2231325,2688.00000,0.25276304,2025-01-09 03:13:29.304342270,s,m
2231326,2692.72000,0.00337825,2025-01-09 03:15:39.559817791,b,l
2231327,2693.89000,0.07400000,2025-01-09 03:20:02.720005989,s,m
2231328,2695.34000,0.08700000,2025-01-09 03:24:41.311270952,s,l
2231329,2692.81000,0.03020211,2025-01-09 03:26:18.729706764,s,l
2231330,2692.81000,0.39686106,2025-01-09 03:26:19.038727999,s,l
2231331,2685.75000,0.18183859,2025-01-09 03:32:05.054728270,b,l
2231332,2683.91000,0.08919736,2025-01-09 03:33:25.374512672,s,l
2231333,2689.64000,0.05251883,2025-01-09 03:37:07.075998068,b,l
2231334,2690.76000,0.08673104,2025-01-09 03:40:14.637440681,b,l
2231335,2694.14000,0.00500345,2025-01-09 04:02:40.764515400,b,m
2231336,2689.99000,0.01271006,2025-01-09 04:12:18.985698938,b,l
2231337,2689.00000,0.00340306,2025-01-09 04:12:33.553215265,b,l
2231338,2687.51000,0.03665927,2025-01-09 04:17:00.032851458,b,l
2231339,2689.60000,0.50005446,2025-01-09 04:21:32.732814312,s,l
2231340,2690.68000,0.00338101,2025-01-09 04:27:57.755874395,b,l
2231341,2696.00000,0.01555432,2025-01-09 04:31:21.924723387,b,l
2231342,2699.35000,0.00492814,2025-01-09 04:40:56.882843256,s,l
2231343,2698.84000,0.01214317,2025-01-09 04:40:56.882843494,s,l
2231344,2696.94000,0.24979986,2025-01-09 04:49:34.572351694,s,l
2231345,2699.82000,1.43836350,2025-01-09 04:51:07.705781698,b,l
2231346,2707.57000,0.02000000,2025-01-09 05:00:00.217847586,s,l
2231347,2707.58000,0.00036388,2025-01-09 05:00:58.038278103,b,l
2231348,2707.57000,0.05386697,2025-01-09 05:02:45.081300020,s,l
2231349,2706.10000,0.02769762,2025-01-09 05:02:57.343802214,b,l
2231350,2704.54000,0.00364284,2025-01-09 05:07:02.032763480,b,l
2231351,2704.61000,0.18056592,2025-01-09 05:11:34.584889174,b,l
2231352,2707.44000,0.00036389,2025-01-09 05:32:00.032524586,b,l
2231353,2704.67000,0.18056725,2025-01-09 05:33:52.554701567,b,l
2231354,2695.54000,0.02780239,2025-01-09 05:48:45.010109663,b,l
2231355,2697.90000,0.00272060,2025-01-09 06:00:04.098321438,b,l
2231356,2697.89000,0.14000000,2025-01-09 06:10:02.054084778,s,l
2231357,2697.90000,0.00740577,2025-01-09 06:11:16.775338173,b,l
2231358,2697.90000,0.01501032,2025-01-09 06:11:28.698281765,b,l
2231359,2697.89000,0.66141349,2025-01-09 06:13:32.848949194,s,l
2231360,2697.90000,0.22814331,2025-01-09 06:14:36.866803646,b,l
2231361,2704.77000,0.18055056,2025-01-09 06:17:18.924032688,b,l
2231362,2703.26000,0.07398474,2025-01-09 06:20:36.821365833,b,m
2231363,2702.50000,0.35924360,2025-01-09 06:21:36.646471262,b,l
2231364,2702.98000,0.00692540,2025-01-09 06:22:54.767602205,b,l
2231365,2698.72000,0.00683329,2025-01-09 06:24:05.119542599,b,l
2231366,2699.00000,0.15000000,2025-01-09 06:25:23.227842808,s,l
2231367,2699.16000,1.77194069,2025-01-09 06:27:54.313457727,s,m
2231368,2699.15000,1.77624426,2025-01-09 06:27:54.313457966,s,m
2231369,2699.13000,0.90569250,2025-01-09 06:27:54.313457966,s,m
2231370,2698.86000,1.26612255,2025-01-09 06:27:54.313457966,s,m
2231371,2698.88000,1.05693977,2025-01-09 06:47:02.169896126,b,m
2231372,2695.77000,0.41000000,2025-01-09 06:49:23.559257746,s,l
2231373,2695.75000,0.45362150,2025-01-09 06:49:23.559257746,s,l
2231374,2697.09000,0.00926925,2025-01-09 06:50:52.843606234,b,m
2231375,2697.25000,0.10445494,2025-01-09 06:51:47.528908491,b,l
2231376,2696.81000,0.26027613,2025-01-09 06:51:56.826910496,b,m
2231377,2693.83000,0.06856180,2025-01-09 06:56:58.717691422,b,m
2231378,2696.49000,1.77612699,2025-01-09 06:59:12.129278898,s,m
2231379,2696.48000,0.38255838,2025-01-09 06:59:12.129278898,s,m
2231380,2696.13000,0.01827103,2025-01-09 07:00:22.034736156,b,l
2231381,2696.13000,0.00036542,2025-01-09 07:00:25.033896685,b,l
2231382,2696.01000,0.02923496,2025-01-09 07:00:36.035323620,b,l
2231383,2695.93000,0.00749168,2025-01-09 07:00:44.031294346,b,l
2231384,2698.28000,0.02014648,2025-01-09 07:01:56.369300365,b,m
2231385,2699.49000,0.76803776,2025-01-09 07:06:57.081377268,b,m
2231386,2697.71000,0.08566600,2025-01-09 07:08:14.205506563,s,l
2231387,2697.32000,0.01933700,2025-01-09 07:08:14.205506563,s,l
2231388,2699.61000,0.21271484,2025-01-09 07:11:58.826967478,b,m
2231389,2698.56000,0.00720958,2025-01-09 07:13:41.696058750,b,l
2231390,2696.64000,0.01039887,2025-01-09 07:15:39.444409609,b,l
2231391,2696.02000,0.03810806,2025-01-09 07:16:24.188051701,s,l
2231392,2696.45000,0.05791708,2025-01-09 07:16:45.633916140,b,m
2231393,2692.55000,0.00365902,2025-01-09 07:19:31.186076164,b,l
2231394,2691.46000,0.00432855,2025-01-09 07:20:13.819354773,b,m
2231395,2691.47000,0.02049433,2025-01-09 07:20:13.819354773,b,m
2231396,2691.07000,0.01273691,2025-01-09 07:21:51.798865318,b,m
2231397,2691.08000,0.00327538,2025-01-09 07:21:51.798865318,b,m
2231398,2689.63000,1.00000000,2025-01-09 07:22:49.368813515,s,m
2231399,2688.88000,0.00414673,2025-01-09 07:27:04.241612434,b,m
2231400,2688.04000,0.00696384,2025-01-09 07:27:42.040882587,b,l
2231401,2687.16000,0.00146656,2025-01-09 07:28:47.031867266,b,l
2231402,2684.25000,0.03625323,2025-01-09 07:30:23.492779493,b,l
2231403,2687.06000,0.00180659,2025-01-09 07:30:43.269252777,b,l
2231404,2685.48000,0.00324959,2025-01-09 07:30:50.940719604,s,l
2231405,2678.19000,0.17486199,2025-01-09 07:35:06.192510605,b,l
2231406,2675.95000,0.00773000,2025-01-09 07:36:21.015906334,s,l
2231407,2683.28000,0.60212245,2025-01-09 07:39:21.441630363,s,l
2231408,2682.68000,0.05000000,2025-01-09 07:42:20.031714438,s,l
2231409,2686.29000,0.24750298,2025-01-09 07:45:51.776248455,s,l
2231410,2687.14000,0.00809431,2025-01-09 07:46:35.872447729,s,l
2231411,2682.66000,0.05051237,2025-01-09 07:48:17.471742392,b,l
2231412,2682.40000,0.08369370,2025-01-09 07:48:46.258028507,s,l
2231413,2679.95000,0.03529113,2025-01-09 07:49:17.889527082,b,l
2231414,2679.62000,0.49591820,2025-01-09 07:52:33.237102747,s,l
2231415,2679.61000,0.88684502,2025-01-09 07:52:33.237102747,s,l
2231416,2684.32000,0.03479390,2025-01-09 07:57:17.067119837,b,l
2231417,2682.59000,0.08593900,2025-01-09 08:01:41.372412205,b,m
2231418,2682.81000,0.00725392,2025-01-09 08:01:41.372412205,b,m
2231419,2684.34000,0.00343921,2025-01-09 08:01:57.814299345,b,l
2231420,2685.26000,1.00000000,2025-01-09 08:03:16.688176394,b,l
2231421,2689.57000,1.82151012,2025-01-09 08:04:08.044787407,b,l
2231422,2680.20000,0.01114441,2025-01-09 08:07:35.948834896,s,l
2231423,2674.37000,0.25022103,2025-01-09 08:07:39.209245682,s,l
2231424,2677.66000,0.74692082,2025-01-09 08:07:47.618663073,b,m
2231425,2673.76000,1.79950790,2025-01-09 08:08:06.151131630,s,l
2231426,2673.73000,0.08603400,2025-01-09 08:08:06.151131630,s,l
2231427,2673.36000,0.01117293,2025-01-09 08:08:06.151131630,s,l
2231428,2672.40000,0.19830489,2025-01-09 08:08:06.171936512,s,l
2231429,2671.22000,2.16348712,2025-01-09 08:08:06.230314016,s,l
2231430,2669.63000,0.01808500,2025-01-09 08:08:06.689484358,s,l
2231431,2668.76000,0.10090079,2025-01-09 08:08:06.814659834,s,l
2231432,2678.64000,0.00735616,2025-01-09 08:09:24.035932779,b,l
2231433,2673.84000,0.01436577,2025-01-09 08:11:35.462208033,s,l
2231434,2675.00000,0.09345794,2025-01-09 08:14:50.575480938,s,l
2231435,2675.41000,0.01104918,2025-01-09 08:19:29.191383600,s,l
2231436,2675.13000,0.00948552,2025-01-09 08:19:52.588055611,s,l
2231437,2670.90000,0.01275329,2025-01-09 08:21:31.199414492,b,l
2231438,2671.78000,0.18335494,2025-01-09 08:30:35.902857780,b,l
2231439,2675.49000,0.03640211,2025-01-09 08:31:57.580216646,b,l
2231440,2676.50000,0.01040680,2025-01-09 08:33:34.430059910,b,l
2231441,2680.58000,0.00054520,2025-01-09 08:33:56.153672934,b,l
2231442,2690.24000,0.10090079,2025-01-09 08:36:34.467477560,b,l
2231443,2696.10000,0.00036542,2025-01-09 08:37:44.034477711,b,l
2231444,2701.32000,0.12367135,2025-01-09 08:38:36.511279345,s,m
2231445,2702.24000,0.00228647,2025-01-09 08:40:02.207353115,s,l
2231446,2702.42000,0.03448815,2025-01-09 08:44:11.057386637,b,l
2231447,2701.04000,0.77000000,2025-01-09 08:44:35.054239988,s,l
2231448,2700.35000,0.07233629,2025-01-09 08:46:49.275295258,b,l
2231449,2692.56000,0.08164771,2025-01-09 08:49:41.722743988,b,l
2231450,2692.57000,0.42285424,2025-01-09 08:49:41.722743988,b,l
2231451,2692.80000,0.12820952,2025-01-09 08:50:19.182146311,s,l
2231452,2693.41000,0.00695000,2025-01-09 09:00:08.855808735,b,l
2231453,2701.14000,0.03042691,2025-01-09 09:05:29.056182623,b,l
2231454,2701.36000,0.08580200,2025-01-09 09:12:59.214359045,b,l
2231455,2701.68000,3.39689800,2025-01-09 09:12:59.214359045,b,l
2231456,2701.02000,0.00900787,2025-01-09 09:14:48.592938900,b,l
2231457,2702.54000,3.20020000,2025-01-09 09:17:32.299957275,b,l
2231458,2702.54000,3.20290000,2025-01-09 09:17:32.623115063,b,l
2231459,2702.79000,0.01124656,2025-01-09 09:17:38.527272223,b,l
2231460,2704.14000,0.00976355,2025-01-09 09:19:28.164582729,b,l
2231461,2704.41000,0.00500204,2025-01-09 09:19:28.164582729,b,l
2231462,2704.96000,0.03454113,2025-01-09 09:19:29.358610153,b,l
2231463,2702.60000,0.02030269,2025-01-09 09:20:33.581385851,b,l
2231464,2702.25000,0.01724107,2025-01-09 09:25:06.399760008,b,l
2231465,2702.19000,0.03330631,2025-01-09 09:26:00.018829107,s,l
2231466,2700.76000,0.00517278,2025-01-09 09:26:24.815926075,b,l
2231467,2700.76000,0.09008909,2025-01-09 09:26:48.017844200,b,l
2231468,2700.75000,0.37026751,2025-01-09 09:27:11.054566860,s,l
2231469,2700.54000,0.03603563,2025-01-09 09:27:14.241152048,b,l
2231470,2697.16000,0.01039710,2025-01-09 09:29:27.436265469,b,l
2231471,2696.53000,0.03708470,2025-01-09 09:30:47.971794367,b,m
2231472,2696.53000,0.00730733,2025-01-09 09:30:57.032258749,b,l
2231473,2698.62000,0.00721263,2025-01-09 09:31:46.193017244,b,l
2231474,2698.42000,0.17348557,2025-01-09 09:32:00.519412518,b,l
2231475,2698.70000,0.00073015,2025-01-09 09:32:27.035282135,b,l
2231476,2698.97000,0.04520209,2025-01-09 09:33:01.975030184,b,l
2231477,2697.98000,0.01510428,2025-01-09 09:34:17.252798796,s,l
2231478,2699.23000,0.00360561,2025-01-09 09:37:45.080248356,b,l
2231479,2699.23000,0.00389439,2025-01-09 09:38:17.415056705,b,l
2231480,2703.07000,0.00341525,2025-01-09 09:41:15.467163086,b,l
2231481,2702.14000,0.01853228,2025-01-09 09:41:50.802179098,b,m
2231482,2699.95000,0.18022622,2025-01-09 09:42:45.391732454,b,l
2231483,2698.51000,1.14104351,2025-01-09 09:47:02.273331881,b,m
2231484,2700.00000,0.17456465,2025-01-09 09:50:10.418545246,b,l
2231485,2700.00000,0.01379911,2025-01-09 09:50:16.468985796,b,l
2231486,2700.00000,0.30716200,2025-01-09 09:51:03.324589968,b,l
2231487,2700.00000,9.50447424,2025-01-09 09:51:03.992596865,b,l
2231488,2703.28000,0.34087898,2025-01-09 09:51:57.131530762,b,m
2231489,2699.73000,0.08954397,2025-01-09 09:57:01.855610847,b,m
2231490,2699.73000,0.54074075,2025-01-09 09:57:17.979745150,b,l
2231491,2699.73000,0.03604938,2025-01-09 09:57:18.774757624,b,l
2231492,2704.33000,0.05186849,2025-01-09 10:04:48.959824324,b,l
2231493,2704.22000,0.02588547,2025-01-09 10:04:54.273775339,b,m
2231494,2704.32000,0.00035988,2025-01-09 10:05:14.682698727,b,l
2231495,2704.02000,0.00684381,2025-01-09 10:10:24.141951799,b,l
2231496,2702.32000,0.00310000,2025-01-09 10:15:47.660362959,s,l
2231497,2702.32000,0.02231799,2025-01-09 10:16:27.324722052,s,l
2231498,2702.32000,0.06054518,2025-01-09 10:16:32.987640381,s,l
2231499,2693.42000,0.04173627,2025-01-09 10:19:24.941816092,s,l
2231500,2694.31000,0.63987067,2025-01-09 10:19:46.398446798,b,l
2231501,2691.33000,0.16434000,2025-01-09 10:21:48.449969053,b,m
2231502,2691.85000,0.05560408,2025-01-09 10:22:05.863587856,b,l
2231503,2690.43000,0.18087266,2025-01-09 10:22:43.703617811,b,l
2231504,2690.99000,0.40000000,2025-01-09 10:26:44.821398020,s,l
2231505,2681.47000,0.01837092,2025-01-09 10:33:56.751283169,b,l
2231506,2689.26000,0.03718495,2025-01-09 10:41:15.492286682,b,m
2231507,2689.26000,0.06281505,2025-01-09 10:41:39.873929262,b,l
2231508,2694.94000,0.03611292,2025-01-09 10:42:45.096809626,b,l
2231509,2693.61000,16.74332958,2025-01-09 10:44:07.639306784,s,l
2231510,2693.37000,0.00073159,2025-01-09 10:44:08.033614635,b,l
2231511,2690.69000,0.00073232,2025-01-09 10:44:35.033931255,b,l
2231512,2691.56000,0.28852580,2025-01-09 10:45:34.443852901,b,l
2231513,2689.25000,0.00880542,2025-01-09 10:46:41.040076733,s,l
2231514,2688.54000,0.99119458,2025-01-09 10:46:41.040076733,s,l
2231515,2689.48000,0.00549484,2025-01-09 10:46:44.029766321,b,l
2231516,2691.58000,0.07235552,2025-01-09 10:46:55.089354038,b,l
2231517,2690.53000,0.02601754,2025-01-09 10:48:07.007944583,b,l
2231518,2689.83000,0.05213551,2025-01-09 10:48:19.128645182,b,l
2231519,2692.38000,0.01807008,2025-01-09 10:48:56.473429441,b,l
2231520,2693.59000,0.04389183,2025-01-09 10:50:44.418649197,b,l
2231521,2691.88000,0.30000000,2025-01-09 10:51:05.920965195,s,m
2231522,2695.07000,0.00365564,2025-01-09 10:52:14.034082651,b,l
2231523,2696.29000,0.03609216,2025-01-09 10:56:11.969285011,b,l
2231524,2695.62000,0.00686074,2025-01-09 10:58:09.439360619,b,l
2231525,2695.64000,0.01728572,2025-01-09 10:58:10.743263245,b,l
2231526,2695.47000,0.01827551,2025-01-09 11:00:30.033105850,b,l
2231527,2693.47000,0.00512338,2025-01-09 11:01:49.768285990,b,l
2231528,2693.02000,0.06300000,2025-01-09 11:02:50.889412165,s,l
2231529,2698.34000,0.00036512,2025-01-09 11:03:21.032566309,b,l
2231530,2700.48000,0.18540000,2025-01-09 11:05:19.732118845,s,l
2231531,2700.02000,0.18028765,2025-01-09 11:09:39.631390810,b,l
2231532,2699.86000,0.18098634,2025-01-09 11:12:16.794196844,s,l
2231533,2698.04000,0.00743472,2025-01-09 11:13:46.698756933,s,l
2231534,2700.00000,0.00700000,2025-01-09 11:16:27.747740984,s,l
2231535,2700.14000,0.02840000,2025-01-09 11:17:09.306768417,s,m
2231536,2699.77000,0.36060000,2025-01-09 11:17:09.306768417,s,m
2231537,2700.83000,0.14967208,2025-01-09 11:19:35.775613546,s,m
2231538,2702.02000,0.01884048,2025-01-09 11:21:28.334614754,b,l
2231539,2703.85000,0.03643585,2025-01-09 11:22:21.087893963,b,l
2231540,2701.83000,0.00182325,2025-01-09 11:22:53.033709764,b,l
2231541,2699.38000,0.11003116,2025-01-09 11:23:43.449308872,b,l
2231542,2699.39000,0.02840000,2025-01-09 11:23:43.449308872,b,l
2231543,2699.41000,0.13851835,2025-01-09 11:23:43.449308872,b,l
2231544,2699.12000,0.03485842,2025-01-09 11:26:08.126806736,b,l
2231545,2698.62000,0.09198453,2025-01-09 11:27:53.326138973,b,l
2231546,2700.92000,0.15453952,2025-01-09 11:29:17.909713745,b,m
2231547,2700.93000,0.21570389,2025-01-09 11:29:17.909713745,b,m
2231548,2698.06000,0.00730302,2025-01-09 11:30:30.737343311,b,l
2231549,2693.55000,0.18598334,2025-01-09 11:36:08.891383410,s,l
2231550,2692.04000,0.06000000,2025-01-09 11:36:18.396897554,s,m
2231551,2688.64000,1.00000000,2025-01-09 11:36:18.396897554,s,m
2231552,2688.63000,0.44000000,2025-01-09 11:36:18.396897554,s,m
2231553,2684.44000,0.00343961,2025-01-09 11:38:28.453702450,b,l
2231554,2683.50000,0.07301596,2025-01-09 11:38:42.794313192,b,l
2231555,2685.72000,1.00000000,2025-01-09 11:39:35.780889988,s,l
2231556,2681.41000,0.03300989,2025-01-09 11:42:15.308311224,s,l
2231557,2680.84000,0.01837524,2025-01-09 11:42:26.094791651,b,l
2231558,2680.26000,1.01000000,2025-01-09 11:42:55.878439426,s,l
2231559,2684.68000,0.18655741,2025-01-09 11:43:51.580538034,b,l
2231560,2685.48000,0.11141397,2025-01-09 11:44:22.653852701,b,m
2231561,2682.18000,1.00000000,2025-01-09 11:47:56.853416443,b,l
2231562,2685.55000,0.18243794,2025-01-09 11:50:11.302013397,b,l
2231563,2685.61000,0.07475396,2025-01-09 11:51:50.121046066,b,l
2231564,2685.07000,0.27368443,2025-01-09 11:52:41.829779148,b,l
2231565,2686.76000,0.34848321,2025-01-09 11:53:38.931056499,b,l
2231566,2685.34000,0.03741053,2025-01-09 11:54:54.956471682,s,l
2231567,2685.27000,2.74500947,2025-01-09 11:54:54.956471682,s,l
2231568,2685.99000,0.03502795,2025-01-09 11:55:08.983089685,b,l
2231569,2687.40000,0.02232641,2025-01-09 11:55:59.884599209,b,m
2231570,2686.92000,0.38320949,2025-01-09 11:57:01.676272392,b,l
2231571,2684.58000,0.00185331,2025-01-09 12:00:30.034451246,b,l
2231572,2686.28000,0.35144995,2025-01-09 12:02:17.819866657,b,l
2231573,2680.84000,0.14567173,2025-01-09 12:06:58.282890558,s,m
2231574,2679.40000,1.29860000,2025-01-09 12:08:34.802895784,s,l
2231575,2683.31000,0.54086995,2025-01-09 12:09:49.022103786,b,l
2231576,2683.32000,1.78473474,2025-01-09 12:09:49.022103786,b,l
2231577,2684.33000,1.22490642,2025-01-09 12:10:15.554603815,s,l
2231578,2686.81000,0.01086706,2025-01-09 12:11:11.410266876,b,l
2231579,2688.63000,0.08073848,2025-01-09 12:13:03.726738453,s,l
2231580,2688.91000,0.97726451,2025-01-09 12:14:16.026844025,b,l
2231581,2689.21000,0.04762711,2025-01-09 12:14:52.475409508,b,l
2231582,2687.76000,0.41000000,2025-01-09 12:15:08.443748951,s,l
2231583,2687.76000,0.41000000,2025-01-09 12:15:08.446779251,s,l
2231584,2687.76000,0.41000000,2025-01-09 12:15:08.447576761,s,l
2231585,2687.76000,0.49595200,2025-01-09 12:15:08.449852943,s,l
2231586,2687.76000,0.06176956,2025-01-09 12:15:08.452470779,s,l
2231587,2687.66000,0.08595200,2025-01-09 12:15:08.452470779,s,l
2231588,2685.04000,0.45239998,2025-01-09 12:15:31.754285812,s,l
2231589,2687.43000,0.03721027,2025-01-09 12:17:27.101329088,b,m
2231590,2688.60000,0.00904965,2025-01-09 12:20:27.996310234,b,l
2231591,2688.60000,0.11495035,2025-01-09 12:20:51.338449955,b,l
2231592,2690.00000,0.05000000,2025-01-09 12:23:01.037202120,b,m
2231593,2690.00000,9.95000000,2025-01-09 12:24:00.854617596,b,l
2231594,2692.98000,0.03282878,2025-01-09 12:24:40.530131102,s,l
2231595,2692.61000,0.00297107,2025-01-09 12:25:38.988150835,b,l
2231596,2691.53000,0.00686984,2025-01-09 12:25:55.770509005,b,l
2231597,2690.43000,0.03614710,2025-01-09 12:28:50.970662117,s,l
2231598,2690.57000,0.04167829,2025-01-09 12:28:53.799642324,b,l
2231599,2689.75000,0.08594500,2025-01-09 12:29:29.119612694,b,l
2231600,2689.80000,1.15289616,2025-01-09 12:29:29.119612694,b,l
2231601,2690.76000,0.00054922,2025-01-09 12:30:00.037497282,b,l
2231602,2691.08000,0.00695613,2025-01-09 12:30:06.212037563,b,l
2231603,2692.77000,0.01500000,2025-01-09 12:31:08.559374094,s,l
2231604,2690.00000,0.01808740,2025-01-09 12:32:31.827714682,b,l
2231605,2687.52000,0.05581353,2025-01-09 12:37:59.887729645,b,m
2231606,2687.56000,0.31627201,2025-01-09 12:37:59.887729645,b,m
2231607,2680.41000,0.00181499,2025-01-09 12:41:25.422584772,b,l
2231608,2678.37000,0.11200842,2025-01-09 12:45:17.298984289,s,l
2231609,2678.05000,0.01867030,2025-01-09 12:45:17.584315062,s,l
2231610,2677.02000,0.40000001,2025-01-09 12:47:37.760703325,s,l
2231611,2679.29000,0.00343515,2025-01-09 12:50:16.050067663,s,l
2231612,2680.03000,0.44230308,2025-01-09 12:50:44.031954287,b,l
2231613,2680.49000,0.00550066,2025-01-09 12:53:51.924083948,b,l
2231614,2679.09000,0.00340419,2025-01-09 12:57:05.933564186,b,l
2231615,2681.22000,0.03674391,2025-01-09 12:57:32.743257761,b,l
2231616,2680.87000,0.66332022,2025-01-09 12:57:35.949115276,b,l
2231617,2679.61000,1.00000000,2025-01-09 12:58:36.245573997,b,l
2231618,2680.08000,0.46244438,2025-01-09 12:58:36.245573997,b,l
2231619,2680.46000,0.28301670,2025-01-09 12:58:54.960155249,b,l
2231620,2679.90000,0.03198533,2025-01-09 12:59:50.948289394,b,l
2231621,2680.05000,0.00433080,2025-01-09 12:59:50.948289633,b,l
2231622,2679.88000,0.03529179,2025-01-09 13:00:32.013735771,b,l
2231623,2682.13000,0.89481121,2025-01-09 13:01:37.268732071,b,m
2231624,2677.43000,0.02742650,2025-01-09 13:04:39.334755659,s,l
2231625,2675.37000,0.10727488,2025-01-09 13:08:52.984469891,b,m
2231626,2672.33000,0.22979318,2025-01-09 13:11:19.783708811,b,m
2231627,2671.27000,0.01568062,2025-01-09 13:12:01.907611370,b,l
2231628,2671.23000,0.14577639,2025-01-09 13:12:10.021238804,b,l
2231629,2670.01000,0.08613600,2025-01-09 13:13:02.212766886,b,l
2231630,2670.01000,0.00560671,2025-01-09 13:13:02.212766886,b,l
2231631,2670.00000,0.18726591,2025-01-09 13:13:04.054110765,s,l
2231632,2668.77000,0.02166641,2025-01-09 13:13:17.375488997,b,l
2231633,2668.77000,0.06451059,2025-01-09 13:13:17.695688009,b,l
2231634,2668.77000,0.30016528,2025-01-09 13:13:17.695688009,b,l
2231635,2668.76000,0.10090079,2025-01-09 13:14:42.439686775,s,l
2231636,2666.64000,7.16205641,2025-01-09 13:14:55.000785828,b,l
2231637,2666.64000,0.13146090,2025-01-09 13:14:55.000785828,b,l
2231638,2666.63000,0.00778000,2025-01-09 13:15:06.113762617,s,l
2231639,2666.50000,0.57995124,2025-01-09 13:15:06.152791977,s,l
2231640,2663.13000,0.50000000,2025-01-09 13:15:11.665915489,b,l
2231641,2664.28000,1.23822454,2025-01-09 13:15:11.665915489,b,l
2231642,2669.32000,0.00482125,2025-01-09 13:16:05.230184793,b,l
2231643,2669.30000,0.02604060,2025-01-09 13:19:06.430848598,b,l
2231644,2668.78000,0.01101535,2025-01-09 13:19:18.857523918,b,l
2231645,2668.83000,0.00110501,2025-01-09 13:19:29.879822254,b,l
2231646,2668.64000,0.02447356,2025-01-09 13:20:17.012134790,b,l
2231647,2669.81000,0.35318382,2025-01-09 13:20:32.659786701,b,l
2231648,2669.65000,0.02758038,2025-01-09 13:20:39.826360464,s,l
2231649,2668.74000,0.00653549,2025-01-09 13:24:48.292108297,s,l
2231650,2672.14000,0.00481600,2025-01-09 13:25:50.169745922,b,l
2231651,2670.78000,0.01310479,2025-01-09 13:26:10.463807106,b,m
2231652,2670.55000,0.35039861,2025-01-09 13:26:55.439809084,b,l
2231653,2668.46000,0.13774181,2025-01-09 13:27:14.902476549,s,l
2231654,2668.71000,0.00109403,2025-01-09 13:27:27.292341232,b,l
2231655,2668.79000,0.99877000,2025-01-09 13:27:27.340042830,s,l
2231656,2667.67000,0.00635954,2025-01-09 13:28:44.856922865,s,l
2231657,2667.67000,0.31688261,2025-01-09 13:28:44.856922865,s,l
2231658,2667.68000,17.56000000,2025-01-09 13:29:56.356644154,b,l
2231659,2665.99000,0.08617200,2025-01-09 13:31:23.623153687,s,m
2231660,2665.98000,1.32597236,2025-01-09 13:31:23.623153687,s,m
2231661,2665.97000,2.38173064,2025-01-09 13:31:23.623153687,s,m
2231662,2664.14000,0.01395848,2025-01-09 13:31:33.442567825,b,l
2231663,2662.92000,1.52453487,2025-01-09 13:31:43.286352396,s,m
2231664,2662.92000,0.90569250,2025-01-09 13:31:43.286352396,s,m
2231665,2662.85000,0.75124649,2025-01-09 13:31:43.286352396,s,m
2231666,2662.84000,0.61240114,2025-01-09 13:31:43.286352396,s,m
2231667,2660.66000,0.03286775,2025-01-09 13:33:01.478016376,s,l
2231668,2660.00000,0.50000000,2025-01-09 13:33:06.470775127,s,l
2231669,2657.31000,0.00787000,2025-01-09 13:34:30.287125111,s,l
2231670,2655.21000,0.08184493,2025-01-09 13:35:36.152381182,s,l
2231671,2655.21000,0.41815507,2025-01-09 13:35:38.797865391,s,l
2231672,2655.01000,0.00037108,2025-01-09 13:35:38.832409620,b,l
2231673,2655.00000,0.05000000,2025-01-09 13:35:38.901410103,s,l
2231674,2655.00000,0.18804061,2025-01-09 13:35:38.901410103,s,l
2231675,2650.00000,0.01000000,2025-01-09 13:37:19.964997768,s,l
2231676,2650.00000,1.00000000,2025-01-09 13:37:19.964997768,s,l
2231677,2650.00000,0.20000000,2025-01-09 13:37:19.964997768,s,l
2231678,2647.98000,0.00799000,2025-01-09 13:37:21.288963795,s,l
2231679,2647.45000,0.10171296,2025-01-09 13:37:22.140391827,s,l
2231680,2645.09000,0.01141011,2025-01-09 13:37:22.771104813,s,l
2231681,2645.00000,0.09428355,2025-01-09 13:37:22.771104813,s,l
2231682,2645.00000,0.03795066,2025-01-09 13:37:22.771104813,s,l
2231683,2645.00000,0.10000000,2025-01-09 13:37:22.771104813,s,l
2231684,2646.70000,1.52505301,2025-01-09 13:37:26.356865883,s,l
2231685,2646.70000,0.47494699,2025-01-09 13:37:26.359336615,s,l
2231686,2641.93000,0.20441909,2025-01-09 13:37:26.359336615,s,l
2231687,2641.92000,0.23391976,2025-01-09 13:37:26.359336615,s,l
2231688,2640.78000,0.08651800,2025-01-09 13:37:26.359336615,s,l
2231689,2646.46000,0.21285164,2025-01-09 13:37:27.875512600,s,l
2231690,2651.38000,0.25453796,2025-01-09 13:37:34.390752316,b,l
2231691,2642.97000,0.15005846,2025-01-09 13:38:14.224865437,b,m
2231692,2640.00000,0.18939393,2025-01-09 13:38:18.991511583,s,l
2231693,2639.27000,0.01143522,2025-01-09 13:38:18.991511583,s,l
2231694,2642.51000,0.00183702,2025-01-09 13:39:18.953828812,b,l
2231695,2638.66000,0.00335248,2025-01-09 13:40:55.103566885,s,l
2231696,2639.08000,0.48307983,2025-01-09 13:40:56.914459229,b,l
2231697,2641.32000,0.00167624,2025-01-09 13:42:50.645010948,s,l
2231698,2641.43000,0.24493257,2025-01-09 13:43:01.205580950,b,l
2231699,2643.22000,0.00372735,2025-01-09 13:43:02.033509970,b,l
2231700,2644.71000,0.00367992,2025-01-09 13:43:41.486271143,b,l
2231701,2643.12000,0.00125718,2025-01-09 13:43:46.471338272,s,l
2231702,2642.41000,0.01088981,2025-01-09 13:44:40.373939276,s,l
2231703,2643.91000,0.00345260,2025-01-09 13:45:18.609863758,b,l
2231704,2639.37000,0.00408091,2025-01-09 13:45:34.904352665,b,l
2231705,2638.67000,0.00146876,2025-01-09 13:45:50.409932137,b,l
2231706,2638.66000,0.00482752,2025-01-09 13:46:02.597317219,s,l
2231707,2637.89000,0.00379090,2025-01-09 13:46:02.928542852,s,l
2231708,2637.47000,0.41595923,2025-01-09 13:46:03.075282812,s,l
2231709,2640.09000,0.01116203,2025-01-09 13:46:28.640999556,s,l
2231710,2637.95000,0.03790822,2025-01-09 13:47:01.391249180,s,l
2231711,2634.77000,0.03319072,2025-01-09 13:47:27.735394239,s,l
2231712,2630.00000,0.08985741,2025-01-09 13:52:44.637547970,s,l
2231713,2630.01000,0.11406801,2025-01-09 13:53:15.242041111,b,m
2231714,2630.00000,0.91014259,2025-01-09 13:53:21.306713820,s,l
2231715,2630.00000,0.19011406,2025-01-09 13:53:21.306713820,s,l
2231716,2629.33000,0.00842000,2025-01-09 13:53:22.191078186,s,l
2231717,2627.01000,0.17793872,2025-01-09 13:53:22.926040411,b,l
2231718,2627.64000,2.00000000,2025-01-09 13:54:03.735681057,s,l
2231719,2627.62000,0.46387701,2025-01-09 13:54:03.735681057,s,l
2231720,2626.31000,0.10253168,2025-01-09 13:54:03.744405985,s,l
2231721,2626.11000,0.08676400,2025-01-09 13:54:03.753383398,s,l
2231722,2626.33000,0.18929568,2025-01-09 13:54:03.760957718,s,l
2231723,2626.33000,0.06532491,2025-01-09 13:54:03.761365175,s,l
2231724,2624.79000,2.67190000,2025-01-09 13:54:03.761365175,s,l
2231725,2624.80000,0.46437539,2025-01-09 13:54:03.810012341,s,l
2231726,2624.42000,0.41000000,2025-01-09 13:54:03.810012341,s,l
