trade_id,price,volume,timestamp,side,order_type
4649129,74584.5,1.321e-05,1735689600.0739927,b,l
4649130,74584.5,0.00132095,1735689600.0954113,b,l
4649131,74584.5,0.00066047,1735689600.278669,b,l
4649132,74584.5,0.00528379,1735689600.3481872,b,l
4649133,74584.5,0.0001453,1735689600.394196,b,l
4649134,74584.5,0.00026419,1735689600.5801573,b,l
4649135,74584.5,0.00099071,1735689600.7433195,b,l
4649136,74584.5,0.00013209,1735689600.8104472,b,l
4649137,74584.5,0.00069587,1735689600.816147,b,l
4649138,74584.5,0.00025098,1735689600.853653,b,l
4649139,74584.5,0.00070869,1735689600.9957645,b,l
4649140,74584.5,9.841e-05,1735689601.2620056,b,l
4649141,74584.5,0.00025098,1735689601.319965,b,l
4649142,74584.5,0.00126811,1735689601.4100926,b,l
4649143,74584.5,0.00031452,1735689601.4911053,b,l
4649144,74584.5,0.01271081,1735689601.7918718,b,l
4649145,74584.5,9.841e-05,1735689601.8392563,b,l
4649146,74584.5,0.00025098,1735689602.281975,b,l
4649147,74584.5,0.00075954,1735689602.7913282,b,l
4649148,74584.5,0.00126811,1735689605.686478,b,l
4649149,74584.5,4.623e-05,1735689608.045394,b,l
4649150,74584.5,0.00033024,1735689611.031798,b,l
4649151,74584.5,0.0003272,1735689616.7733629,b,l
4649152,74584.5,0.00013209,1735689628.0365028,b,l
4649153,74584.5,0.00030025,1735689640.0363948,b,l
4649154,74584.5,0.00126811,1735689652.0751233,b,l
4649155,74600.6,1.321e-05,1735689659.037767,b,l
4649156,74600.6,0.0001981,1735689660.0305371,b,l
4649157,74596.8,0.00126784,1735689660.5911634,b,l
4649158,74592.8,0.0006322,1735689662.8630238,b,l
4649159,74612.3,0.00052164,1735689677.2257872,b,l
4649160,74600.8,9.345e-05,1735689697.2126126,b,m
4649161,74644.4,0.00026794,1735689740.25905,b,m
4649162,74649.4,0.00037141,1735689749.129151,s,l
4649163,74681.8,0.06559911,1735689860.1334,b,l
4649164,74673.7,0.00010426,1735689918.6480024,b,l
4649165,74689.6,0.00092497,1735689939.0742912,b,l
4649166,74655.9,0.00130363,1735690041.2569268,b,l
4649167,74655.8,0.00016584,1735690064.074006,s,l
4649168,74655.8,0.001261,1735690081.2982624,s,l
4649169,74655.9,0.00112594,1735690096.1529295,b,l
4649170,74655.8,7.743e-05,1735690119.1861663,s,l
4649171,74655.9,0.00063173,1735690132.6934323,b,l
4649172,74655.8,0.00519313,1735690241.406695,s,l
4649173,74561.8,0.00195742,1735690301.734186,b,l
4649174,74600.6,0.00067362,1735690389.7020216,b,l
4649175,74584.3,6.605e-05,1735690412.0342493,b,l
4649176,74622.9,0.00013641,1735690449.9669864,b,l
4649177,74701.5,7e-05,1735690547.6230607,b,l
4649178,74716.4,0.00123271,1735690547.6230607,b,l
4649179,74785.8,0.0002503,1735690657.8001063,b,l
4649180,74791.8,0.02136325,1735690820.9117155,b,l
4649181,74792.1,0.01763675,1735690820.9117155,b,l
4649182,74781.5,0.04177178,1735690833.9080842,s,l
4649183,74781.4,0.026093,1735690833.9080842,s,l
4649184,74760.3,6.686e-05,1735690951.0709789,b,l
4649185,74832.3,0.00013005,1735691785.8639245,b,l
4649186,74813.9,0.00187431,1735691856.2193136,b,l
4649187,74836.4,0.00133624,1735691997.1432002,s,m
4649188,74836.5,7e-05,1735692047.3840516,b,l
4649189,74878.1,0.00023,1735692047.3840516,b,l
4649190,74837.2,0.00590055,1735692287.20986,s,l
4649191,74842.8,0.00106891,1735692321.2490444,b,m
4649192,74833.4,2.106e-05,1735692338.033001,b,l
4649193,74820.7,0.04275999,1735692428.9433808,s,l
4649194,74910.8,0.07683282,1735692601.963873,s,l
4649195,74910.8,0.000389,1735692601.963873,s,l
4649196,74908.8,0.008945,1735692601.963873,s,l
4649197,74908.8,0.00039,1735692601.963873,s,l
4649198,74941.6,0.00038962,1735692638.2216778,b,l
4649199,74964.5,0.00133396,1735692647.3319502,b,m
4649200,74971.7,7e-05,1735692692.851015,b,l
4649201,75013.5,0.00039,1735692692.8510156,b,l
4649202,75018.0,0.00018886,1735692692.8510156,b,l
4649203,75018.2,0.00025956,1735692694.1880183,b,l
4649204,75018.6,0.00141033,1735692711.2550097,b,m
4649205,75018.6,0.039,1735692712.2603266,b,l
4649206,75079.0,0.00024334,1735692845.9069033,s,l
4649207,75097.9,0.00395187,1735692875.0186484,b,l
4649208,75097.9,0.00161522,1735692876.127077,b,l
4649209,75107.1,7e-05,1735692877.9562714,b,l
4649210,75146.3,3.899e-05,1735692877.9562714,b,l
4649211,75125.1,0.00332778,1735692911.1357858,b,m
4649212,75117.3,0.00012956,1735692927.8751285,b,l
4649213,75107.5,0.000734,1735692945.51085,b,l
4649214,75098.5,0.0214,1735693027.355424,s,l
4649215,75242.8,7e-05,1735693105.912702,b,l
4649216,75265.2,0.02388428,1735693105.912702,b,l
4649217,75265.3,0.08596947,1735693105.912702,b,l
4649218,75265.7,0.00032725,1735693200.050065,b,l
4649219,75265.7,0.0002618,1735693200.0605364,b,l
4649220,75264.8,0.00050069,1735693201.9545002,b,l
4649221,75264.8,0.00125663,1735693202.326505,b,l
4649222,75268.8,0.00012146,1735693206.0867429,b,l
4649223,75268.6,0.00032724,1735693207.0369337,b,l
4649224,75257.2,0.00125674,1735693215.4637597,b,l
4649225,75203.6,0.00188808,1735693236.8640046,b,l
4649226,75195.8,0.00062718,1735693245.804893,b,l
4649227,75130.3,6.557e-05,1735693305.0337567,b,l
4649228,75129.6,3.934e-05,1735693320.0330546,b,l
4649229,75107.1,7e-05,1735693409.7149026,s,l
4649230,75097.8,0.00013315,1735693409.7149026,s,l
4649231,75040.1,0.00039,1735693443.3455777,s,l
4649232,75039.1,0.00029462,1735693443.3455777,s,l
4649233,75037.9,2.626e-05,1735693500.0418878,b,l
4649234,74971.7,7e-05,1735693539.0978336,s,l
4649235,74900.1,0.000389,1735693539.1748564,s,l
4649236,74899.1,0.00039,1735693539.1748564,s,l
4649237,74897.3,0.07687496,1735693539.1748564,s,l
4649238,74897.2,0.008946,1735693539.1748564,s,l
4649239,74903.5,0.01415736,1735693697.0889738,s,l
4649240,74948.8,0.00067179,1735693786.876844,s,l
4649241,74996.8,0.00324493,1735693788.095538,b,l
4649242,74992.8,0.000389,1735693800.0353203,b,l
4649243,74996.9,5.13e-06,1735693800.0353203,b,l
4649244,75027.7,0.0001,1735693830.9369671,b,m
4649245,75056.4,0.008937,1735693935.2662127,b,l
4649246,75064.6,0.00039,1735693935.2662127,b,l
4649247,75071.2,0.000389,1735693935.3363974,b,m
4649248,75085.6,0.009611,1735693935.3363974,b,m
4649249,74948.5,0.00038954,1735694255.4609704,b,l
4649250,74938.6,0.0001,1735694267.379007,b,m
4649251,74949.4,0.00038956,1735694425.4508967,b,l
4649252,74950.9,0.00033355,1735694539.4296105,s,l
4649253,74926.9,0.0023906,1735694539.4296105,s,l
4649254,74941.1,0.01298656,1735694564.75911,b,l
4649255,74869.9,0.00012171,1735694633.9740057,b,l
4649256,74884.1,8.315e-05,1735694683.7007797,s,l
4649257,74907.5,0.039,1735694726.7478113,s,l
4649258,74892.5,0.00013349,1735694742.7768462,b,l
4649259,74858.0,0.00540044,1735694926.22873,b,l
4649260,74857.9,0.039,1735694953.6178298,s,l
4649261,74836.6,0.00063003,1735695001.339003,b,l
4649262,74836.6,0.00012332,1735695001.7934704,b,l
4649263,74888.1,6.578e-05,1735695160.0343544,b,l
4649264,74888.1,7.619e-05,1735695183.946477,b,l
4649265,74905.6,5.667e-05,1735695183.946477,b,l
4649266,74940.9,0.00087209,1735695275.0627704,b,l
4649267,74946.9,0.00030921,1735695296.1988888,b,l
4649268,74887.1,0.00187243,1735695363.5588458,b,l
4649269,74919.0,0.00012679,1735695440.606789,b,l
4649270,74899.8,0.00019731,1735695558.0308874,b,l
4649271,74874.4,0.00395873,1735695625.5188637,s,l
4649272,74919.9,0.00039589,1735695826.6916056,b,m
4649273,74919.1,0.00374763,1735695834.9929285,b,l
4649274,74900.6,3.898e-05,1735695864.9729953,b,l
4649275,74889.9,0.00026311,1735695903.0328653,b,l
4649276,74894.0,0.00012046,1735695939.0662808,b,l
4649277,74897.7,0.05945443,1735695993.1471732,b,m
4649278,74897.5,0.001,1735695993.993386,b,l
4649279,74904.0,3.946e-05,1735696020.0323975,b,l
4649280,74836.6,0.00039,1735696117.1502438,b,l
4649281,74836.6,0.0002946,1735696117.150244,b,l
4649282,74836.6,0.00012336,1735696142.7354422,b,l
4649283,74836.5,7e-05,1735696223.5613732,s,l
4649284,74787.4,0.0032745,1735696247.7980042,b,l
4649285,74707.4,5e-05,1735696354.8676677,s,l
4649286,74701.5,7e-05,1735696354.8676677,s,l
4649287,74650.0,0.05885,1735696828.0674431,b,l
4649288,74651.4,1.32e-05,1735696852.0388014,b,l
4649289,74651.4,4.342e-05,1735696852.0417356,b,l
4649290,74704.6,0.00024758,1735696881.7560184,b,l
4649291,74700.4,0.00024771,1735696895.956307,b,l
4649292,74769.8,0.0001748,1735697097.4895337,b,l
4649293,74769.4,0.00109946,1735697099.1952949,b,l
4649294,74748.9,0.00133782,1735697099.8775792,s,l
4649295,74719.4,0.00013753,1735697451.3194716,s,l
4649296,74765.9,0.00065126,1735697457.9970105,b,l
4649297,74751.0,0.00010996,1735697560.0912836,s,l
4649298,74788.7,0.00123721,1735697644.9844146,b,l
4649299,74812.1,0.0002676,1735697705.80593,b,m
4649300,74805.8,0.00073517,1735697716.4812522,b,l
4649301,74781.8,0.00133749,1735697976.9957914,b,m
4649302,74782.8,0.00130179,1735697978.4263146,b,l
4649303,74737.2,0.00669011,1735698130.9785287,b,m
4649304,74749.5,0.00140445,1735698299.6027944,b,l
4649305,74733.6,3.749e-05,1735698331.079026,s,l
4649306,74734.6,0.00032957,1735698510.0381622,b,l
4649307,74763.9,0.00010687,1735698606.5129771,s,l
4649308,74793.8,0.01373711,1735698805.4012606,s,l
4649309,74815.7,0.00067606,1735698967.4271505,b,m
4649310,74836.5,7e-05,1735699098.6183598,b,l
4649311,74863.8,2.688e-05,1735699098.6183598,b,l
4649312,74870.8,0.00895,1735699230.217424,b,l
4649313,74877.6,0.00039,1735699230.217424,b,l
4649314,74881.5,0.02966,1735699230.217424,b,l
4649315,74894.8,0.0004808,1735699290.5708883,b,l
4649316,74903.8,0.00029682,1735699400.3049326,s,l
4649317,74892.6,6.578e-05,1735699463.9687889,b,l
4649318,74897.1,9.201e-05,1735699492.9356515,b,l
4649319,74909.9,0.039,1735699692.5788534,b,l
4649320,74909.9,0.006038,1735699707.991418,s,m
4649321,74910.0,0.13366706,1735699931.979946,b,l
4649322,74971.7,6.535e-05,1735700166.272455,b,l
4649323,74971.7,4.65e-06,1735700360.774222,b,l
4649324,75036.2,0.00062384,1735700360.774222,b,l
4649325,75033.0,0.00010918,1735700363.2666447,b,l
4649326,75030.2,6.663e-05,1735700367.374479,b,m
4649327,75030.3,6.565e-05,1735700400.1053507,b,l
4649328,75037.5,0.00062858,1735700401.6524768,b,l
4649329,75031.0,0.00252427,1735700406.3172548,b,l
4649330,75020.8,6.566e-05,1735700423.0345943,b,l
4649331,75020.8,4.334e-05,1735700423.0367942,b,l
4649332,75011.4,0.00043909,1735700442.276623,b,l
4649333,75020.5,0.00026265,1735700458.0352263,b,l
4649334,74939.5,0.00013344,1735700611.9929652,s,l
4649335,74925.6,0.00044358,1735700611.9929652,s,l
4649336,74950.0,0.02742128,1735700911.8028138,s,l
4649337,74945.0,0.00032466,1735700967.585638,b,l
4649338,74849.9,0.0001,1735701583.019511,b,m
4649339,74836.2,0.002,1735701833.456273,s,l
4649340,74837.9,0.00012184,1735702191.6995263,b,l
4649341,74839.6,0.00012185,1735702407.5578835,b,l
4649342,74836.2,0.00195062,1735702458.5094218,b,l
4649343,74846.6,0.01404136,1735702789.1863332,s,m
4649344,74855.2,9.805e-05,1735702795.682029,b,l
4649345,74853.6,0.00124817,1735702856.667469,b,l
4649346,74853.1,0.00066811,1735702877.9335403,b,m
4649347,74840.3,0.00025012,1735702902.7983184,b,l
4649348,74836.1,0.00086083,1735702910.8168406,s,l
4649349,74839.4,6.502e-05,1735702920.27556,b,l
4649350,74856.5,0.00012328,1735703130.9984229,b,l
4649351,74836.1,0.00036518,1735703311.1600332,s,l
4649352,74833.3,0.02982796,1735703313.4254742,s,l
4649353,74812.3,0.0003,1735703384.0329845,b,l
4649354,74812.3,0.00026338,1735703752.0317268,b,l
4649355,74812.3,0.01137362,1735703861.1885006,b,l
4649356,74824.5,0.02762638,1735703861.1885006,b,l
4649357,74824.5,0.039,1735703861.194983,b,l
4649358,74812.3,0.00024717,1735704424.144242,b,l
4649359,74812.2,0.00076178,1735704445.422457,s,m
4649360,74812.3,0.00078054,1735704456.9556737,b,l
4649361,74812.2,0.00249811,1735704586.1450577,s,l
4649362,74812.2,0.0002005,1735704586.1450577,s,l
4649363,74812.2,0.00138279,1735704586.1450577,s,l
4649364,74812.2,0.0002005,1735704586.1450577,s,l
4649365,74738.0,0.00143777,1735704636.3083663,b,l
4649366,74727.6,0.00133819,1735704747.061793,b,m
4649367,74741.2,1.318e-05,1735704896.036426,b,l
4649368,74726.7,0.00029794,1735704922.4436824,s,l
4649369,74724.6,0.00500003,1735704922.4436824,s,l
4649370,74728.9,0.00032559,1735705042.0816796,b,l
4649371,74724.8,0.00087415,1735705073.1601555,b,l
4649372,74738.2,1.318e-05,1735705178.032913,b,l
4649373,74754.5,0.01301913,1735705394.3730507,b,l
4649374,74730.8,0.00013151,1735705430.017686,b,l
4649375,74725.0,0.0033456,1735705548.168742,b,m
4649376,74723.9,8.428e-05,1735705576.6335092,s,l
4649377,74738.0,0.00015733,1735705627.7281349,b,l
4649378,74730.3,6.493e-05,1735705694.3648698,s,l
4649379,74745.5,6.326e-05,1735705916.8512866,s,l
4649380,74723.9,4.954e-05,1735706130.0840008,s,l
4649381,74701.5,7e-05,1735706130.0840008,s,l
4649382,74701.3,7.674e-05,1735706130.0840008,s,l
4649383,74701.3,6.594e-05,1735706185.0371232,b,l
4649384,74701.3,0.00013028,1735706199.500539,b,l
4649385,74701.3,0.00026378,1735706825.0336287,b,l
4649386,74701.2,0.00535466,1735706959.3058567,s,l
4649387,74667.4,0.00364707,1735706959.3058567,s,l
4649388,74690.3,0.00767168,1735707109.816547,b,m
4649389,74693.9,0.00137896,1735707129.9417007,b,m
4649390,74698.5,0.00037886,1735707409.1949146,b,m
4649391,74670.8,0.00100025,1735707506.3581216,b,l
4649392,74658.8,0.00032991,1735707527.0322664,b,l
4649393,74601.9,0.00032438,1735707589.1729455,b,l
4649394,74609.6,0.0091532,1735707589.1729455,b,l
4649395,74584.5,0.0006,1735707600.106008,s,l
4649396,74616.4,6.602e-05,1735707600.116757,b,l
4649397,74616.5,1.334e-05,1735707600.2115057,b,l
4649398,74615.9,0.00025087,1735707602.7058244,b,l
4649399,74612.9,9.837e-05,1735707618.336724,b,l
4649400,74611.7,1.32e-05,1735707628.0386236,b,l
4649401,74610.2,0.00013044,1735707635.0851512,b,l
4649402,74609.8,0.00063212,1735707637.8234656,b,l
4649403,74608.6,9.838e-05,1735707645.1909325,b,l
4649404,74608.4,0.00187996,1735707645.8895073,b,l
4649405,74608.0,0.00190315,1735707651.9676406,b,l
4649406,74607.4,0.00039616,1735707654.0332704,b,l
4649407,74607.4,0.00158544,1735707654.2745142,b,l
4649408,74618.7,0.00063205,1735707659.804639,b,l
4649409,74632.8,0.00167487,1735708235.8507438,b,m
4649410,74635.7,0.00374412,1735708378.4242992,s,l
4649411,74659.7,0.00039,1735708501.3292887,s,l
4649412,74650.2,0.01303687,1735708519.3899388,b,l
4649413,74664.6,0.00659763,1735708584.522709,b,l
4649414,74683.0,0.00196795,1735708647.680082,b,l
4649415,74732.0,0.00013022,1735709065.986468,b,l
4649416,74836.5,7e-05,1735709403.036368,b,l
4649417,74853.5,0.00012745,1735709403.036368,b,l
4649418,74840.7,0.00249958,1735709524.628615,b,l
4649419,74829.9,0.00099818,1735709657.067617,b,l
4649420,74823.4,0.00133648,1735709739.331319,b,m
4649421,74800.1,0.00063051,1735710060.8424232,b,l
4649422,74800.1,0.00650558,1735710079.387924,b,l
4649423,74843.6,0.00099803,1735710257.1784778,b,l
4649424,74816.5,0.00031182,1735710473.1558678,b,l
4649425,74811.9,0.002,1735710517.4306183,s,l
4649426,74808.3,0.001,1735710566.966941,s,m
4649427,74820.1,0.00066827,1735710591.013863,b,m
4649428,74800.1,0.0013369,1735710670.9581192,b,m
4649429,74800.1,0.00012191,1735710776.1615431,b,l
4649430,74800.1,0.00024721,1735710968.7468696,b,l
4649431,74800.1,0.0025322,1735711200.8905315,b,l
4649432,74800.1,0.00189826,1735711201.8923483,b,l
4649433,74800.1,0.00012342,1735711205.305498,b,l
4649434,74800.1,0.00088406,1735711210.8900392,b,l
4649435,74800.1,0.00063051,1735711217.7157342,b,l
4649436,74800.0,0.00668449,1735711230.0104914,s,l
4649437,74768.1,0.00171301,1735711239.0479434,b,l
4649438,74767.9,0.00026354,1735711240.036896,b,l
4649439,74772.3,0.00012346,1735711306.0343118,b,l
4649440,74762.9,0.00016399,1735711326.0610154,b,m
4649441,74751.0,3.954e-05,1735711379.0345778,b,l
4649442,74729.5,0.00025049,1735711519.176044,b,l
4649443,74701.6,0.00065142,1735711754.5310256,b,l
4649444,74701.5,7e-05,1735712059.949186,s,l
4649445,74639.1,0.00065192,1735712106.300461,b,l
4649446,74653.1,1.333e-05,1735712384.0361695,b,l
4649447,74707.3,0.00150172,1735712821.0805614,b,l
4649448,74680.1,0.00065963,1735713000.0493846,b,l
4649449,74680.1,4.617e-05,1735713000.0720727,b,l
4649450,74676.6,0.00063153,1735713005.4171553,b,l
4649451,74673.1,0.0012666,1735713035.8973603,b,l
4649452,74671.5,0.01055526,1735713040.0338373,b,l
4649453,74686.3,0.00263829,1735713048.0342402,b,l
4649454,74654.0,0.00126693,1735713180.8217268,b,l
4649455,74638.3,0.00040127,1735713382.2292805,b,m
4649456,74638.3,0.0001,1735713382.3785572,b,m
4649457,74678.3,3.958e-05,1735713464.032445,b,l
4649458,74690.5,6.595e-05,1735713717.030872,b,l
4649459,74696.2,0.01184234,1735713772.4001608,b,l
4649460,74683.3,0.00055032,1735713855.092987,s,l
4649461,74716.8,0.01338265,1735713952.2101903,b,l
4649462,74701.7,0.00025059,1735714013.853645,b,l
4649463,74704.7,0.00026063,1735714213.7261293,b,l
4649464,74731.2,0.00053525,1735714508.3439095,b,m
4649465,74746.8,0.00150115,1735714639.2460036,b,l
4649466,74752.7,0.00064939,1735714800.1967847,b,l
4649467,74752.7,1.318e-05,1735714800.2382922,b,l
4649468,74752.3,0.00189947,1735714805.272725,b,l
4649469,74752.3,0.00025042,1735714816.7974172,b,l
4649470,74752.3,1.318e-05,1735714821.0372016,b,l
4649471,74752.3,0.00063092,1735714828.365693,b,l
4649472,74752.3,5.272e-05,1735714831.0357475,b,l
4649473,74752.3,0.00253382,1735714839.7617526,b,l
4649474,74752.3,0.0002636,1735714847.0396056,b,l
4649475,74752.3,0.0001318,1735714848.042231,b,l
4649476,74752.3,2.636e-05,1735714855.0383842,b,l
4649477,74752.3,0.00132056,1735714963.0731697,b,m
4649478,74752.3,0.06988658,1735715162.9675088,b,l
4649479,74752.3,0.02520833,1735715162.9675088,b,l
4649480,74752.3,3.624e-05,1735715217.0343034,b,l
4649481,74752.2,0.00133775,1735715236.7308626,s,m
4649482,74705.6,0.02140405,1735715236.7308626,s,m
4649483,74685.3,0.00013192,1735715311.033734,b,l
4649484,74679.0,0.02606438,1735715580.7992425,b,l
4649485,74729.5,7.065e-05,1735715873.4115891,b,m
4649486,74717.4,0.00010707,1735715903.6600256,b,l
4649487,74723.7,0.00013024,1735715954.654379,b,l
4649488,74726.1,0.00027351,1735716029.0073662,b,l
4649489,74725.1,0.00041032,1735716273.0949883,s,l
4649490,74746.4,0.01003393,1735716320.778329,b,m
4649491,74780.4,0.00131749,1735716517.0329547,b,l
4649492,74788.5,0.00013173,1735716600.045329,b,l
4649493,74787.8,0.00012344,1735716612.965045,b,l
4649494,74765.9,0.00039315,1735716820.1354373,b,l
4649495,74779.0,0.00131003,1735716825.3005698,b,l
4649496,74765.9,0.00019766,1735716833.0323205,b,l
4649497,74766.0,0.00026634,1735716862.9474027,s,l
4649498,74765.9,0.00144354,1735716921.2565851,s,l
4649499,74765.7,0.00012207,1735716950.5862184,s,l
4649500,74765.8,0.00031375,1735717248.6940768,b,l
4649501,74767.7,0.00047859,1735717261.2934763,b,l
4649502,74765.8,6.589e-05,1735717275.038067,b,l
4649503,74765.8,0.00025037,1735717307.784967,b,l
4649504,74765.8,0.00044052,1735717374.701979,b,l
4649505,74765.8,1.901e-05,1735717483.9916823,b,l
4649506,74765.8,0.00189913,1735717621.9421525,b,l
4649507,74765.8,0.00013017,1735717643.960218,b,l
4649508,74765.8,0.00066009,1735717667.654511,b,l
4649509,74765.8,0.00124964,1735717711.0579712,b,l
4649510,74765.7,0.005,1735717723.4496112,s,l
4649511,74765.8,0.001,1735717763.6015477,b,m
4649512,74765.8,0.00130171,1735717771.083504,b,l
4649513,74765.7,0.1,1735717822.6221335,s,m
4649514,74771.3,0.00026032,1735717835.4500556,b,l
4649515,74781.6,0.0002603,1735717997.9775903,b,l
4649516,74765.8,0.00065086,1735718366.4144514,b,l
4649517,74765.8,0.00046121,1735718400.1664867,b,l
4649518,74765.8,0.00633835,1735718400.9750335,b,l
4649519,74765.8,9.817e-05,1735718401.8662505,b,l
4649520,74765.8,1.318e-05,1735718403.0340302,b,l
4649521,74765.8,0.00032944,1735718411.0529082,b,l
4649522,74765.8,0.00012347,1735718413.7065642,b,l
4649523,74765.8,0.00032944,1735718416.0328486,b,l
4649524,74765.7,0.00010168,1735718416.036121,s,l
4649525,74765.8,0.00126503,1735718418.7067244,b,l
4649526,74765.8,0.00037075,1735718425.759066,b,l
4649527,74765.8,0.00025037,1735718444.234535,b,l
4649528,74765.8,0.00015813,1735718445.0332675,b,l
4649529,74765.8,0.00065887,1735718455.0407767,b,l
4649530,74765.8,0.00012347,1735718456.1168249,b,l
4649531,74765.8,0.00035331,1735718670.8586574,b,l
4649532,74785.4,0.00130136,1735718818.4213045,b,l
4649533,74772.7,0.00133739,1735718935.503698,b,m
4649534,74765.8,0.0020313,1735719032.5577006,b,l
4649535,74765.8,0.00012347,1735719087.8452091,b,l
4649536,74766.0,0.00445193,1735719238.9525309,b,l
4649537,74765.8,0.00065887,1735719284.0325837,b,l
4649538,74765.8,0.00134107,1735719294.274277,b,l
4649539,74765.8,0.01310513,1735719327.0222042,b,l
4649540,74765.7,0.01395159,1735719400.569826,s,l
4649541,74765.8,0.0002621,1735719406.8209536,b,l
4649542,74765.8,0.0001279,1735719467.582855,b,l
4649543,74765.8,0.00018836,1735719467.582855,b,l
4649544,74765.7,6.116e-05,1735719635.7655745,s,l
4649545,74765.8,0.039,1735719720.1214964,b,l
4649546,74765.8,0.01306851,1735719720.1214964,b,l
4649547,74765.8,0.001,1735719815.9982245,b,l
4649548,74765.7,0.00553372,1735719867.0196235,s,l
4649549,74765.8,0.00187603,1735719868.6393783,b,l
4649550,74765.7,0.46125131,1735719923.1207764,s,l
4649551,74765.7,0.08555531,1735719923.1207764,s,l
4649552,74765.7,0.04819586,1735719923.12583,s,l
4649553,74765.7,0.00013375,1735719923.12583,s,l
4649554,74726.2,0.0006512,1735719933.1615517,b,l
4649555,74726.2,0.00074848,1735719936.788164,b,l
4649556,74726.1,0.00267269,1735719944.4081285,s,l
4649557,74644.0,0.00031426,1735719972.893463,b,l
4649558,74608.7,0.00297551,1735720000.3568823,b,l
4649559,74600.0,0.00670241,1735720023.5506978,s,l
4649560,74580.0,0.00046916,1735720114.615522,s,l
4649561,74566.8,7e-05,1735720131.206313,s,l
4649562,74509.3,0.00556709,1735720137.3724668,s,l
4649563,74450.1,0.012214,1735720144.3036451,b,l
4649564,74467.6,0.00101908,1735720144.3036451,b,l
4649565,74534.0,5.498e-05,1735720223.0325844,b,l
4649566,74540.2,6.609e-05,1735720245.0320354,b,l
4649567,74596.5,0.00134048,1735720287.4747193,b,l
4649568,74561.6,0.01507589,1735720419.341007,b,l
4649569,74561.1,0.00027307,1735720444.089641,b,l
4649570,74582.8,0.000391,1735720886.157075,s,l
4649571,74582.3,0.01321837,1735720886.157075,s,l
4649572,74585.3,6.605e-05,1735720888.0394394,b,l
4649573,74599.9,0.00270215,1735720931.5375042,b,m
4649574,74601.5,0.00031444,1735720981.9645915,b,l
4649575,74585.1,0.0039146,1735721047.936803,b,l
4649576,74564.0,0.03915707,1735721069.717826,b,l
4649577,74563.4,0.00147492,1735721084.6762776,b,l
4649578,74563.4,6.607e-05,1735721146.0338414,b,l
4649579,74563.4,0.00201119,1735721162.0398335,b,l
4649580,74563.4,0.00157767,1735721174.5909646,b,l
4649581,74563.3,0.00208654,1735721200.901554,s,l
4649582,74563.3,5e-05,1735721200.901554,s,l
4649583,74548.2,0.00067066,1735721201.061772,s,l
4649584,74464.2,0.0001223,1735721210.7291243,b,l
4649585,74450.1,0.00067159,1735721279.415005,b,m
4649586,74450.1,7.268e-05,1735721292.1641536,b,l
4649587,74450.1,0.00067159,1735721313.2644207,b,l
4649588,74450.1,0.00063348,1735721341.5047193,b,l
4649589,74450.1,0.00149836,1735721408.125842,b,l
4649590,74611.0,0.00062439,1735721528.171656,b,l
4649591,74586.8,0.00219417,1735721602.6601305,b,l
4649592,74586.9,0.00012225,1735721623.842028,b,l
4649593,74586.9,0.01129855,1735721626.3808951,b,l
4649594,74594.7,0.00101746,1735721682.226451,s,m
4649595,74617.2,0.0006998,1735721686.0236282,b,l
4649596,74617.2,2.641e-05,1735721686.0329535,b,l
4649597,74616.6,0.00125202,1735721689.5980885,b,l
4649598,74549.6,0.00131431,1735721899.5364294,b,l
4649599,74546.2,0.00018741,1735721904.576654,b,l
4649600,74546.0,0.00718234,1735721907.2138915,b,l
4649601,74532.8,0.00013417,1735721995.1591058,b,m
4649602,74521.3,0.00026441,1735722000.0441437,b,l
4649603,74521.3,0.00066103,1735722000.0495868,b,l
4649604,74521.3,9.916e-05,1735722000.2053003,b,l
4649605,74521.3,0.00132207,1735722000.2230957,b,l
4649606,74521.3,0.00013221,1735722000.3229156,b,l
4649607,74521.3,0.00026441,1735722001.030596,b,l
4649608,74521.3,0.00126918,1735722001.0517032,b,l
4649609,74521.3,0.00063287,1735722001.172138,b,l
4649610,74521.3,0.00076019,1735722002.780801,b,l
4649611,74521.3,0.00037838,1735722013.8117578,b,l
4649612,74521.3,0.00046272,1735722018.0339868,b,l
4649613,74521.3,0.00063287,1735722030.7984786,b,l
4649614,74550.3,0.00101434,1735722035.8142653,b,l
4649615,74550.1,0.00063263,1735722039.942961,b,l
4649616,74549.5,0.00063263,1735722047.5422516,b,l
4649617,74534.4,0.00254123,1735722057.0430057,b,l
4649618,74546.6,0.00013271,1735722114.5127823,b,l
4649619,74562.0,0.00130494,1735722244.988245,b,l
4649620,74559.9,0.00335301,1735722269.918604,b,m
4649621,74560.3,0.00080472,1735722288.8887022,s,m
4649622,74549.5,0.00026828,1735722328.0125265,b,m
4649623,74549.5,0.00037454,1735722344.7311623,b,l
4649624,74541.8,0.00012384,1735722349.2239642,b,l
4649625,74541.8,0.02682781,1735722351.5843868,b,l
4649626,74559.9,0.00025106,1735722371.104784,b,l
4649627,74514.3,0.01256127,1735722435.3167791,b,l
4649628,74486.3,6.613e-05,1735722473.0323532,b,l
4649629,74509.7,0.04532471,1735722603.6661112,s,l
4649630,74510.3,6.497e-05,1735722615.204531,s,m
4649631,74473.0,0.00012711,1735722775.135328,s,l
4649632,74450.0,0.00134318,1735722779.6637049,s,l
4649633,74432.4,0.000391,1735722922.2774851,b,l
4649634,74432.4,0.00091733,1735722922.2774851,b,l
4649635,74432.4,0.0172074,1735722962.9966223,b,l
4649636,74432.4,0.00013236,1735722970.0359368,b,l
4649637,74432.4,6.69e-05,1735722980.207301,b,m
4649638,74432.4,0.00012252,1735723091.6400142,b,l
4649639,74432.4,0.06537718,1735723093.8944807,b,l
4649640,74432.4,0.00045764,1735723126.930689,b,l
4649641,74432.3,7e-05,1735723128.068032,s,l
4649642,74370.4,0.0001,1735723141.2350836,b,m
4649643,74391.8,0.00040327,1735723162.2993922,b,l
4649644,74390.7,9.271e-05,1735723260.037026,b,l
4649645,74371.8,0.03289307,1735723270.1285264,s,m
4649646,74420.4,0.00272783,1735723325.863669,s,l
4649647,74411.5,0.00107501,1735723336.4795842,b,l
4649648,74419.9,0.00282524,1735723359.4361548,b,l
4649649,74360.3,0.00027299,1735723453.8044884,s,l
4649650,74359.8,0.00013448,1735723453.807039,s,l
4649651,74350.1,5e-05,1735723481.715176,s,l
4649652,74340.2,0.0261833,1735723508.7033043,b,l
4649653,74340.1,0.00042108,1735723510.1463752,s,l
4649654,74298.1,7e-05,1735723541.0511868,s,l
4649655,74282.9,0.02740957,1735723541.0511868,s,l
4649656,74298.0,0.00018803,1735723541.869564,b,l
4649657,74280.9,5e-05,1735723588.2316427,s,l
4649658,74209.0,0.00347795,1735723590.1486576,s,l
4649659,74197.2,0.000391,1735723590.149176,s,l
4649660,74181.5,0.009011,1735723590.216894,s,l
4649661,74172.8,0.000392,1735723590.216894,s,l
4649662,74164.2,0.003035,1735723641.639988,b,l
4649663,74206.6,0.00045695,1735723663.4586294,s,l
4649664,74229.9,0.00063539,1735723695.78826,b,l
4649665,74221.2,0.00025221,1735723733.7263105,b,l
4649666,74284.4,0.006551,1735723786.9637449,b,l
4649667,74309.4,0.001,1735723899.0692637,s,l
4649668,74322.7,0.00630219,1735723902.129386,b,l
4649669,74358.7,2.65e-05,1735723917.0398097,b,l
4649670,74384.9,0.00053774,1735724010.178696,b,m
4649671,74389.7,0.00025164,1735724016.7670522,b,l
4649672,74424.1,0.00026476,1735724053.032567,b,l
4649673,74375.6,0.000634,1735724073.0728114,b,l
4649674,74375.6,5e-05,1735724073.4901526,b,m
4649675,74325.3,9.228e-05,1735724154.500164,b,l
4649676,74207.2,0.0002,1735724287.59327,s,l
4649677,74236.4,0.00655493,1735724299.808114,b,l
4649678,74219.7,1.967e-05,1735724347.7882092,b,l
4649679,74203.8,0.001132,1735724351.88403,s,l
4649680,74211.5,0.000391,1735724360.1608486,b,l
4649681,74214.3,0.00223168,1735724360.1608486,b,l
4649682,74240.7,0.00018817,1735724392.3649888,b,l
4649683,74220.9,0.00134463,1735724426.8991542,b,m
4649684,74203.8,0.0055373,1735724480.1965451,s,l
4649685,74216.7,0.00655667,1735724564.8527343,b,l
4649686,74239.2,8.316e-05,1735724668.162289,b,l
4649687,74239.1,1.511e-05,1735724844.6909428,s,l
4649688,74239.2,0.00046963,1735724860.1813824,b,l
4649689,74345.4,0.00025179,1735724941.0905988,b,l
4649690,74378.6,0.000391,1735724998.656802,b,l
4649691,74380.2,0.00615146,1735724998.656802,b,l
4649692,74432.3,7e-05,1735725103.1347966,b,l
4649693,74525.2,0.00130585,1735725161.5752237,b,l
4649694,74505.9,0.00027582,1735725196.6032364,s,l
4649695,74506.0,0.00026447,1735725206.0319169,b,l
4649696,74505.9,0.0063778,1735725207.9080777,s,l
4649697,74490.7,0.2683782,1735725207.9080777,s,l
4649698,74489.5,0.26838255,1735725207.9080777,s,l
4649699,74484.0,0.26840232,1735725207.9080777,s,l
4649700,74481.0,0.2684131,1735725207.9080777,s,l
4649701,74479.9,0.000391,1735725207.9080777,s,l
4649702,74479.3,0.000391,1735725207.9080777,s,l
4649703,74468.2,0.008989,1735725207.9080777,s,l
4649704,74461.7,0.26848259,1735725207.908078,s,l
4649705,74441.9,0.07730594,1735725207.908078,s,l
4649706,74441.8,0.06628979,1735725207.908078,s,l
4649707,74507.5,0.00033058,1735725241.0343392,b,l
4649708,74489.2,0.00041382,1735725274.0553942,s,l
4649709,74505.5,0.02648615,1735725318.2552693,b,m
4649710,74505.6,0.039,1735725318.2552693,b,m
4649711,74506.0,0.03499809,1735725318.2552693,b,m
4649712,74484.8,0.00019858,1735725360.3275278,b,l
4649713,74498.0,0.00031112,1735725433.600639,b,l
4649714,74497.7,0.01241084,1735725475.4030662,b,l
4649715,74479.6,0.02043704,1735725491.268133,s,l
4649716,74495.4,6.613e-05,1735725498.0327427,b,l
4649717,74492.5,0.00031106,1735725505.894812,b,l
4649718,74491.3,0.0004,1735725510.5328264,b,m
4649719,74508.8,0.00066114,1735725600.0669289,b,l
4649720,74508.8,1.309e-05,1735725600.1901205,b,l
4649721,74508.8,0.0001239,1735725601.2957363,b,l
4649722,74491.1,0.00063298,1735725602.3356297,b,l
4649723,74515.4,6.611e-05,1735725620.0346527,b,l
4649724,74511.9,0.00126931,1735725623.4455068,b,l
4649725,74510.2,0.00025123,1735725626.805127,b,l
4649726,74499.6,6.612e-05,1735725635.0363235,b,l
4649727,74496.9,0.00024821,1735725639.313254,b,l
4649728,74566.8,7e-05,1735725884.5261858,b,l
4649729,74578.4,0.00253347,1735725884.5261858,b,l
4649730,74574.6,0.00066056,1735725900.035336,b,l
4649731,74574.8,0.00130498,1735725901.9118917,b,l
4649732,74574.7,0.00013409,1735725904.7723916,b,m
4649733,74576.6,0.00032418,1735726014.2500763,b,l
4649734,74576.6,0.00130502,1735726015.0502374,b,l
4649735,74578.1,0.00250891,1735726054.787145,b,l
4649736,74567.1,1.305e-05,1735726116.4675398,b,l
4649737,74567.1,0.00261036,1735726118.5594668,b,l
4649738,74567.2,0.00062479,1735726130.2314603,b,l
4649739,74567.2,0.00071785,1735726140.243079,b,l
4649740,74537.1,0.00065726,1735726221.120438,b,l
4649741,74526.3,0.00062666,1735726246.724995,b,l
4649742,74525.7,0.00031093,1735726254.0597095,b,l
4649743,74509.4,0.00832192,1735726285.7666707,b,l
4649744,74509.5,0.01797793,1735726285.7666707,b,l
4649745,74514.8,0.00069624,1735726542.3370185,s,l
4649746,74510.5,0.00206303,1735726557.846869,s,l
4649747,74508.8,0.00888945,1735726583.1337051,s,l
4649748,74497.5,0.00612625,1735726616.1575174,s,l
4649749,74510.2,0.00066113,1735726624.0306168,b,l
4649750,74537.9,0.00062527,1735726732.251629,b,l
4649751,74568.7,0.0772242,1735726793.4496906,s,m
4649752,74568.6,0.0193658,1735726793.4496906,s,m
4649753,74590.3,0.02806138,1735726809.2061777,b,l
4649754,74590.4,0.03150055,1735726809.2061777,b,l
4649755,74557.0,0.04084124,1735726851.0369203,s,l
4649756,74573.4,0.04690652,1735726933.236683,s,l
4649757,74573.4,0.00135733,1735726933.236683,s,l
4649758,74573.2,0.02016538,1735726933.236683,s,l
4649759,74573.5,9.843e-05,1735726951.396248,b,l
4649760,74573.5,1.321e-05,1735726980.032466,b,l
4649761,74570.7,0.00033525,1735727069.5136392,s,l
4649762,74570.7,0.00049148,1735727069.5136392,s,l
4649763,74573.4,0.00062476,1735727069.8796508,b,l
4649764,74569.7,0.00015563,1735727098.3577368,b,l
4649765,74568.9,0.00067236,1735727103.6028588,b,l
4649766,74573.4,0.00751721,1735727145.2045944,b,l
4649767,74557.0,0.00132143,1735727165.0328376,b,l
4649768,74564.5,0.00026426,1735727171.0346751,b,l
4649769,74506.7,4.966e-05,1735727235.1510682,s,l
4649770,74520.2,0.00015573,1735727282.7090316,b,l
4649771,74505.7,0.01129651,1735727325.9500425,b,l
4649772,74505.8,0.08733275,1735727325.9500425,b,l
4649773,74502.1,0.00072332,1735727383.1067495,b,l
4649774,74500.0,0.00062534,1735727392.1915653,b,l
4649775,74500.0,0.00063305,1735727401.2346723,b,l
4649776,74486.2,0.00066135,1735727417.0306494,b,l
4649777,74495.1,6.813e-05,1735727477.0327697,s,l
4649778,74513.5,0.00048326,1735727481.0680106,b,l
4649779,74549.8,0.000391,1735727568.5321136,s,l
4649780,74549.8,2.247e-05,1735727568.5321136,s,l
4649781,74496.9,0.01012334,1735727667.395875,b,l
4649782,74496.9,0.00559109,1735727667.395875,b,l
4649783,74486.2,3.92e-05,1735727758.522949,b,l
4649784,74486.2,6.685e-05,1735727766.149329,b,l
4649785,74486.1,0.01342532,1735727776.1305823,s,l
4649786,74462.1,0.01937948,1735727776.1305823,s,l
4649787,74457.4,0.00098608,1735727903.8344257,s,l
4649788,74480.9,0.004146,1735727910.1695032,b,l
4649789,74457.4,0.00472148,1735727930.4886932,b,l
4649790,74457.4,0.03817809,1735727930.4886932,b,l
4649791,74475.4,0.00013229,1735727946.0314217,b,l
4649792,74432.4,0.00406827,1735728045.9873106,b,l
4649793,74432.4,0.00857502,1735728045.9873106,b,l
4649794,74432.4,0.0017165,1735728055.702626,b,l
4649795,74432.3,7e-05,1735728117.7693331,s,l
4649796,74400.1,0.00542615,1735728156.565884,b,l
4649797,74400.1,0.01954425,1735728156.565884,b,l
4649798,74400.1,0.00316556,1735728161.3018663,b,l
4649799,74432.3,0.0045,1735728237.073068,s,m
4649800,74432.4,2.647e-05,1735728246.0337763,b,l
4649801,74432.4,0.00011339,1735728306.391666,b,m
4649802,74463.5,0.0012296,1735728306.391666,b,m
4649803,74468.5,0.00031501,1735728344.834438,b,l
4649804,74468.5,0.0003969,1735728350.0314748,b,l
4649805,74470.4,0.0001876,1735728378.628027,b,l
4649806,74467.2,6.535e-05,1735728518.6844554,b,l
4649807,74443.7,0.00032672,1735728527.8479545,b,l
4649808,74431.5,9.861e-05,1735728579.3423214,b,l
4649809,74407.3,0.00025158,1735728690.848342,b,l
4649810,74421.7,0.00655409,1735728741.079487,b,l
4649811,74409.8,0.00013002,1735728787.33138,b,l
4649812,74400.1,0.00021859,1735728804.6126082,b,l
4649813,74400.1,0.00026162,1735728808.614869,b,l
4649814,74400.1,0.00098108,1735728828.3712578,b,l
4649815,74400.0,0.00067204,1735728864.1762335,s,m
4649816,74400.0,0.08932796,1735728864.1762335,s,m
4649817,74403.9,0.000391,1735728898.2992074,s,l
4649818,74400.1,0.00029948,1735728898.2992074,s,l
4649819,74400.1,0.0067662,1735728931.4723897,s,m
4649820,74419.5,0.00013115,1735728988.109467,b,m
4649821,74400.3,0.00024854,1735729024.961806,b,l
4649822,74400.3,0.00125541,1735729040.5376637,b,l
4649823,74400.3,0.01962161,1735729071.0304518,b,l
4649824,74400.3,0.00125578,1735729094.2875955,b,l
4649825,74400.3,0.00125578,1735729096.810677,b,l
4649826,74416.7,0.00066196,1735729208.0363126,b,l
4649827,74411.7,0.00031525,1735729219.620718,b,l
4649828,74411.5,1.324e-05,1735729223.035519,b,l
4649829,74424.1,0.00086046,1735729247.0322158,b,l
4649830,74422.5,0.0012641,1735729249.9621685,b,l
4649831,74400.4,0.00066211,1735729365.093101,b,l
4649832,74400.4,0.00013441,1735729371.5303712,b,m
4649833,74400.4,0.00012408,1735729402.8518872,b,l
4649834,74400.3,0.0067204,1735729446.03232,s,l
4649835,74400.2,0.00134421,1735729446.03232,s,l
4649836,74400.0,0.09212365,1735729446.03232,s,l
4649837,74400.0,0.02739165,1735729446.03232,s,l
4649838,74350.1,0.0002197,1735729491.227659,b,l
4649839,74350.1,0.00025177,1735729578.3572109,b,l
4649840,74388.0,0.00641324,1735729684.8959618,b,l
4649841,74385.5,0.00691372,1735729701.5422726,b,m
4649842,74385.6,0.00652975,1735729701.5422726,b,m
4649843,74432.1,0.00033586,1735729736.7582552,b,l
4649844,74455.8,0.00013071,1735729824.8457267,b,l
4649845,74435.1,0.00099277,1735729899.48106,b,m
4649846,74435.0,0.00036664,1735729933.3830535,s,m
4649847,74385.8,0.01261932,1735729933.3830535,s,m
4649848,74408.7,0.00032698,1735729964.611754,b,l
4649849,74389.0,0.0001878,1735729994.8887663,b,l
4649850,74433.0,0.0072405,1735730037.4695284,b,l
4649851,74433.1,0.00534408,1735730037.4695284,b,l
4649852,74457.9,0.0033576,1735730147.3252757,b,m
4649853,74433.9,0.00013075,1735730198.692943,b,l
4649854,74428.8,0.00050016,1735730247.8014505,b,l
4649855,74441.4,0.00966494,1735730253.4441197,s,l
4649856,74456.0,0.00079394,1735730280.0379558,b,l
4649857,74466.9,0.00012397,1735730289.4292638,b,l
4649858,74469.7,6.615e-05,1735730300.034377,b,l
4649859,74469.7,0.0005881,1735730300.9274244,b,l
4649860,74470.4,0.0331124,1735730357.3614633,b,l
4649861,74474.9,0.09844542,1735730357.3614633,b,l
4649862,74470.4,0.00127005,1735730497.019503,b,l
4649863,74470.4,0.00066149,1735730522.0330324,b,l
4649864,74521.8,0.00012388,1735730770.8057082,b,l
4649865,74497.1,0.00126959,1735730812.1431618,b,l
4649866,74485.6,0.00024817,1735730826.096752,b,l
4649867,74479.2,0.000391,1735730848.0427127,s,l
4649868,74479.1,0.00899,1735730848.0427127,s,l
4649869,74479.1,0.000391,1735730848.0427127,s,l
4649870,74479.0,0.00067133,1735730848.0427127,s,l
4649871,74470.4,0.01455667,1735730848.0427127,s,l
4649872,74470.4,2.61e-05,1735730871.698671,s,l
4649873,74516.5,0.000391,1735731000.0348113,b,l
4649874,74519.5,0.00060059,1735731000.0348113,b,l
4649875,74485.3,0.07722099,1735731008.0680656,s,m
4649876,74485.2,0.00277325,1735731008.068066,s,m
4649877,74514.9,0.00012389,1735731013.9473174,b,l
4649878,74503.6,0.00078373,1735731085.426884,b,l
4649879,74497.3,0.00079994,1735731093.352256,b,l
4649880,74497.0,0.00063308,1735731240.7828977,b,l
4649881,74496.9,0.00010739,1735731260.6438198,s,l
4649882,74496.0,0.00057385,1735731260.6438198,s,l
4649883,74496.1,0.01257108,1735731294.100445,b,l
4649884,74496.0,0.00237932,1735731379.2302873,s,m
4649885,74487.7,0.01342503,1735731379.2302873,s,m
4649886,74470.3,0.05371268,1735731379.2302873,s,m
4649887,74459.6,0.000391,1735731379.2302873,s,m
4649888,74442.5,0.0642619,1735731379.2302873,s,m
4649889,74484.7,0.00671176,1735731382.6524038,b,l
4649890,74469.2,0.02631607,1735731447.2845404,b,l
4649891,74479.4,0.00653356,1735731490.363386,b,l
4649892,74472.5,0.0012546,1735731541.204642,b,l
4649893,74532.1,0.000391,1735731657.5584395,s,l
4649894,74529.0,0.00249379,1735731657.5584395,s,l
4649895,74562.2,0.00019579,1735731661.0963557,b,l
4649896,74562.9,0.00062054,1735731704.907307,b,l
4649897,74562.4,0.02682317,1735731822.2431562,b,m
4649898,74562.4,0.00067325,1735731823.427932,b,l
4649899,74562.2,0.00261067,1735731825.993269,b,l
4649900,74550.0,0.00016537,1735731835.2528107,s,l
4649901,74566.8,7e-05,1735731860.1746242,b,l
4649902,74573.5,6.055e-05,1735731860.1746242,b,l
4649903,74573.5,0.00065253,1735731877.722438,b,l
4649904,74573.5,0.00917528,1735731880.9698217,b,l
4649905,74602.2,4.688e-05,1735731884.0333934,b,l
4649906,74583.6,0.04925552,1735731901.5876017,s,l
4649907,74686.0,0.00075682,1735731988.3169477,s,l
4649908,74690.9,0.00104269,1735731994.6245737,b,l
4649909,74690.8,0.015906,1735732040.0998616,s,l
4649910,74690.8,0.00066942,1735732040.0998616,s,l
4649911,74676.5,0.00062375,1735732051.7987156,b,l
4649912,74655.1,7.338e-05,1735732086.0765448,b,l
4649913,74585.4,2.755e-05,1735732116.3864849,s,l
4649914,74585.5,0.0009134,1735732156.531279,b,l
4649915,74585.4,0.00108473,1735732164.026539,s,l
4649916,74567.5,0.01282358,1735732164.026539,s,l
4649917,74567.4,0.00267407,1735732164.026539,s,l
4649918,74563.8,0.05395518,1735732169.0374146,b,l
4649919,74563.8,0.2680293,1735732169.0374146,b,l
4649920,74564.5,0.23147209,1735732169.0374146,b,l
4649921,74564.6,0.26802676,1735732169.0374146,b,l
4649922,74567.7,0.11703815,1735732169.0374146,b,l
4649923,74560.3,0.0013412,1735732185.84207,b,m
4649924,74560.2,0.00059137,1735732199.958902,b,l
4649925,74557.0,0.00100859,1735732213.677667,b,l
4649926,74563.2,0.00131407,1735732239.7952518,b,l
4649927,74550.1,0.00062493,1735732375.699557,b,l
4649928,74550.0,0.00251739,1735732397.1345143,s,l
4649929,74531.7,0.01264687,1735732397.1345143,s,l
4649930,74524.0,0.0001,1735732485.7114637,b,m
4649931,74522.6,0.00018747,1735732511.051609,b,l
4649932,74516.9,0.00065303,1735732594.388102,b,l
4649933,74516.9,0.00201296,1735732614.7605104,b,l
4649934,74516.9,0.01265312,1735732647.2981758,b,l
4649935,74516.8,0.00045286,1735732653.3797958,s,m
4649936,74516.9,0.00012389,1735732672.3870115,b,l
4649937,74516.9,0.00062521,1735732748.4414823,b,l
4649938,74516.9,0.00018748,1735732775.8159823,b,l
4649939,74516.8,0.00020898,1735732794.752153,s,l
4649940,74516.9,9.393e-05,1735732800.3493605,b,m
4649941,74516.9,0.00012389,1735732800.865284,b,l
4649942,74516.9,0.00012389,1735732801.5679429,b,l
4649943,74516.9,0.00012389,1735732801.683057,b,l
4649944,74516.9,0.00126926,1735732802.0871198,b,l
4649945,74516.9,0.00012389,1735732812.8368158,b,l
4649946,74516.9,0.00039664,1735732823.0357556,b,l
4649947,74516.9,6.611e-05,1735732844.033363,b,l
4649948,74516.9,0.00018786,1735732907.1129394,b,l
4649949,74516.9,0.0031606,1735732924.304471,b,l
4649950,74516.9,0.00025121,1735732989.9643862,b,l
4649951,74516.9,0.02612122,1735733002.0363345,b,l
4649952,74543.4,0.00039,1735733127.911543,b,l
4649953,74543.4,0.01275494,1735733127.911543,b,l
4649954,74552.8,6.846e-05,1735733132.507107,s,l
4649955,74550.7,0.00062492,1735733153.4925768,b,l
4649956,74516.8,0.00151391,1735733219.5505354,s,l
4649957,74515.0,0.00131517,1735733219.5505354,s,l
4649958,74512.6,0.00189286,1735733219.5505354,s,l
4649959,74520.5,0.0003487,1735733258.7889214,b,l
4649960,74517.9,0.00024814,1735733360.9409854,b,l
4649961,74516.7,4.337e-05,1735733437.03311,b,l
4649962,74505.2,0.00334205,1735733485.031645,b,m
4649963,74505.2,0.000391,1735733518.9718962,b,m
4649964,74505.2,0.00090854,1735733518.9718962,b,m
4649965,74505.1,0.00093953,1735733550.5741024,s,l
4649966,74500.0,5.369e-05,1735733550.5741024,s,l
4649967,74460.5,0.03680907,1735733550.5741024,s,l
4649968,74469.5,0.00014585,1735733630.1274948,b,l
4649969,74469.5,0.00014579,1735733630.500321,b,l
4649970,74465.1,0.00014556,1735733635.129058,b,l
4649971,74475.9,0.000391,1735733651.1624506,s,m
4649972,74473.4,0.000391,1735733651.1624506,s,m
4649973,74472.0,0.0528444,1735733651.1624508,s,m
4649974,74491.5,0.000391,1735733704.717942,b,l
4649975,74495.8,0.00222202,1735733704.717942,b,l
4649976,74509.7,6.611e-05,1735733742.0338826,b,l
4649977,74517.6,0.0016039,1735733773.030084,s,l
4649978,74517.7,0.0006252,1735733783.716308,b,l
4649979,74513.2,0.00013249,1735733789.4115217,b,l
4649980,74513.0,0.00037842,1735733793.9928467,b,l
4649981,74517.3,0.00080526,1735733846.9258754,s,l
4649982,74530.4,0.00301434,1735733880.0399065,b,m
4649983,74580.7,0.002,1735733949.38193,s,l
4649984,74635.3,0.00062419,1735734082.45766,b,l
4649985,74636.5,6.84e-05,1735734097.118031,b,m
4649986,74654.2,0.00037311,1735734118.591066,b,l
4649987,74681.2,0.00026064,1735734141.5824893,b,l
4649988,74701.4,6.831e-05,1735734186.0061622,s,l
4649989,74701.5,7e-05,1735734201.633033,b,l
4649990,74741.5,5.462e-05,1735734223.200432,s,l
4649991,74764.9,0.00187574,1735734299.7487466,b,l
4649992,74765.0,0.00804648,1735734323.26759,s,m
4649993,74806.1,0.0001296,1735734342.8173656,b,l
4649994,74811.3,0.00019568,1735734342.817366,b,l
4649995,74781.8,0.00044899,1735734344.8259864,s,m
4649996,74784.3,0.00131742,1735734376.0330064,b,l
4649997,74783.9,0.02484054,1735734378.2541094,b,l
4649998,74784.0,0.02721471,1735734378.2541096,b,l
4649999,74781.6,0.00013014,1735734398.4298122,b,l
4650000,74781.4,0.00130143,1735734399.0056949,b,l
4650001,74806.2,0.07693553,1735734437.7427294,s,l
4650002,74782.2,0.00095847,1735734437.7427294,s,l
4650003,74811.3,0.00588398,1735734476.4840586,b,l
4650004,74827.2,0.00523772,1735734514.8828857,b,l
4650005,74836.5,7e-05,1735734534.330234,b,l
4650006,74906.6,0.00025985,1735734585.94521,b,l
4650007,74906.6,3.288e-05,1735734600.0421453,b,l
4650008,74906.6,0.00129927,1735734617.2326777,b,l
4650009,74906.6,0.00012324,1735734623.193474,b,l
4650010,74906.5,0.002907,1735734665.995178,s,l
4650011,74906.5,0.00133499,1735734665.995178,s,l
4650012,74895.2,0.02207744,1735734673.0798216,b,l
4650013,74833.4,0.00068653,1735734690.522598,s,l
4650014,74868.0,0.00062996,1735734720.8223066,b,l
4650015,74839.2,0.00126378,1735734820.835818,b,l
4650016,74824.7,3.292e-05,1735734837.0316863,b,l
4650017,74805.2,1.301e-05,1735734916.0353832,b,l
4650018,74805.2,0.00052135,1735734949.005746,b,m
4650019,74823.4,0.00025018,1735735002.037506,b,l
4650020,74813.8,0.00520411,1735735033.6767683,b,l
4650021,74845.5,0.00012334,1735735067.0449462,b,l
4650022,74805.1,0.00034756,1735735114.6063054,s,l
4650023,74804.4,0.00012032,1735735114.6063056,s,l
4650024,74814.8,0.00301221,1735735138.6684844,b,l
4650025,74804.3,0.00024718,1735735162.2777991,b,l
4650026,74795.0,0.00639125,1735735169.146865,s,l
4650027,74834.4,1.304e-05,1735735245.0347896,b,l
4650028,74814.5,0.00140539,1735735357.3142004,s,m
4650029,74813.1,0.00075538,1735735422.9524417,s,l
4650030,74813.2,0.00074787,1735735442.9593985,b,l
4650031,74813.2,6.548e-05,1735735489.0713923,b,l
4650032,74813.1,0.00019718,1735735501.8262637,s,l
4650033,74813.2,0.00012339,1735735502.9052968,b,l
4650034,74813.1,0.0023891,1735735512.821179,s,l
4650035,74813.1,0.00167083,1735735512.821179,s,l
4650036,74813.1,0.0001,1735735512.821179,s,l
4650037,74804.4,0.00133681,1735735525.3351488,s,l
4650038,74797.8,3.96e-06,1735735525.335149,s,l
4650039,74797.9,0.00026023,1735735564.125236,b,l
4650040,74797.8,0.001376,1735735579.4026115,s,l
4650041,74797.9,0.00065498,1735735589.4397428,b,l
4650042,74797.9,0.00026023,1735735596.2238493,b,l
4650043,74797.8,0.08485252,1735735598.257125,s,l
4650044,74797.8,0.0001738,1735735598.257125,s,l
4650045,74739.7,0.0002474,1735735646.4587593,b,l
4650046,74724.2,0.00031008,1735735697.980828,b,l
4650047,74701.5,7e-05,1735735727.6495812,s,m
4650048,74687.5,0.000391,1735735727.6495812,s,m
4650049,74686.0,0.039839,1735735727.6495812,s,m
4650050,74697.9,0.0026056,1735735837.0001397,b,l
4650051,74680.6,0.00013568,1735735858.961457,s,l
4650052,74709.1,0.03256857,1735735928.5916507,b,l
4650053,74699.5,0.00074914,1735736015.6871295,b,l
4650054,74720.9,0.00944207,1735736050.5390973,b,l
4650055,74734.5,2.637e-05,1735736080.0322287,b,l
4650056,74775.2,0.00650775,1735736150.0302334,b,l
4650057,74775.2,0.0026031,1735736270.3480814,b,l
4650058,74775.2,0.00018683,1735736295.764104,b,l
4650059,74775.2,0.00131758,1735736302.0309503,b,l
4650060,74775.1,0.01944,1735736325.7432756,s,l
4650061,74763.6,0.008978,1735736325.7432756,s,l
4650062,74763.6,0.00039,1735736325.7432756,s,l
4650063,74761.2,0.00039,1735736325.7432756,s,l
4650064,74756.1,0.02779318,1735736325.7432756,s,l
4650065,74756.0,0.039,1735736325.7432756,s,l
4650066,74755.7,0.26726794,1735736325.7432756,s,l
4650067,74754.7,0.13775103,1735736325.7432756,s,l
4650068,74727.6,0.0033455,1735736342.8228438,s,m
4650069,74728.0,0.0006875,1735736344.4487925,s,l
4650070,74750.2,0.00053459,1735736410.4029517,b,l
4650071,74749.6,0.00065098,1735736412.7003684,b,l
4650072,74747.7,0.00130202,1735736420.866223,b,l
4650073,74733.0,0.00052086,1735736437.572359,b,l
4650074,74735.0,0.00130225,1735736441.8678424,b,l
4650075,74734.4,0.00260449,1735736446.9114354,b,l
4650076,74715.4,0.00027501,1735736481.9551077,s,l
4650077,74743.9,0.00065104,1735736525.9838014,b,l
4650078,74766.9,0.00187586,1735736612.1414742,b,l
4650079,74755.2,0.00301253,1735736678.301422,b,m
4650080,74814.4,0.00650387,1735736706.086058,b,l
4650081,74796.2,0.00025027,1735736746.8829248,b,l
4650082,74784.2,0.0044127,1735736788.59479,b,m
4650083,74784.2,0.00028307,1735736815.3924313,b,l
4650084,74784.2,0.00401155,1735736827.5904243,b,m
4650085,74784.1,0.00135724,1735736856.7478366,s,l
4650086,74784.1,0.001,1735736887.608291,s,l
4650087,74784.1,0.01455049,1735736902.5371692,s,l
4650088,74715.5,0.039,1735736936.2002363,b,l
4650089,74715.5,0.01310317,1735736936.2002363,b,l
4650090,74715.5,0.00401523,1735736953.1296563,b,m
4650091,74715.4,0.00039419,1735736969.5376563,s,l
4650092,74715.4,0.00107072,1735736969.5376563,s,l
4650093,74644.7,0.000391,1735736994.2625496,s,l
4650094,74668.7,0.00026067,1735736999.516126,b,l
4650095,74651.7,0.00025421,1735737063.2656946,b,l
4650096,74648.4,0.00031513,1735737082.5253656,s,l
4650097,74632.1,0.00012369,1735737095.8539555,b,l
4650098,74613.2,0.00039251,1735737178.6580567,s,l
4650099,74613.2,0.02,1735737189.573794,s,m
4650100,74624.9,0.00033006,1735737292.033574,b,l
4650101,74667.6,0.00065171,1735737395.305729,b,l
4650102,74656.5,0.0026267,1735737655.5163014,b,m
4650103,74656.5,0.00064268,1735737736.946865,b,l
4650104,74656.5,0.00651809,1735737781.7037592,b,l
4650105,74656.5,0.00250621,1735737785.8826213,b,l
4650106,74656.4,5e-05,1735737788.301226,s,l
4650107,74589.2,0.00153721,1735737788.3012264,s,l
4650108,74594.3,0.00433812,1735737800.7819085,s,l
4650109,74630.5,0.00388797,1735737858.0419831,b,l
4650110,74630.3,0.02679877,1735737858.429847,b,m
4650111,74619.0,9.836e-05,1735737879.127322,b,l
4650112,74593.5,0.01,1735737967.3614404,s,m
4650113,74633.1,0.0002608,1735737976.43319,b,l
4650114,74650.0,1.32e-05,1735738099.0351768,b,l
4650115,74650.0,0.00084783,1735738099.8526857,b,l
4650116,74650.0,0.00032814,1735738100.5478215,b,l
4650117,74650.0,9.832e-05,1735738102.0760007,b,l
4650118,74650.0,0.00093151,1735738112.8772476,b,l
4650119,74649.9,0.005,1735738144.2122586,s,m
4650120,74650.0,6.692e-05,1735738145.3378272,b,l
4650121,74650.0,1.307e-05,1735738200.0361445,b,l
4650122,74649.9,0.000391,1735738258.7512662,s,l
4650123,74649.9,0.02316946,1735738258.7512662,s,l
4650124,74649.9,0.00121519,1735738258.7512662,s,l
4650125,74649.9,0.03348966,1735738278.840052,s,m
4650126,74649.9,0.00429515,1735738302.4383302,s,m
4650127,74649.9,0.009209,1735738302.4383302,s,m
4650128,74650.0,0.01377589,1735738335.7919,b,l
4650129,74750.3,0.000391,1735738385.0130725,b,l
4650130,74750.6,0.0121377,1735738385.0130725,b,l
4650131,74761.4,2.636e-05,1735738391.0483737,b,l
4650132,74772.0,0.00062338,1735738405.408426,b,l
4650133,74772.2,0.005,1735738415.374688,s,m
4650134,74770.3,0.0006508,1735738428.6192026,b,l
4650135,74768.3,0.00247316,1735738442.9968395,b,l
4650136,74779.5,0.00012197,1735738469.71709,b,l
4650137,74789.2,0.00650651,1735738517.7066114,b,l
4650138,74789.5,0.00461295,1735738568.3322113,b,m
4650139,74789.2,0.00066852,1735738611.4378605,b,l
4650140,74771.5,0.00197646,1735738620.0353746,b,l
4650141,74771.5,0.00689855,1735738746.3035269,b,l
4650142,74771.5,0.00037711,1735738801.363295,b,l
4650143,74771.5,0.00025035,1735738801.4687195,b,l
4650144,74771.4,0.00093647,1735738812.2218394,s,l
4650145,74771.4,0.00298267,1735738812.2224865,s,l
4650146,74707.7,0.00031217,1735738812.5802076,s,l
4650147,74761.6,6.589e-05,1735738813.0365038,b,l
4650148,74733.8,0.00028645,1735738833.0810423,b,l
4650149,74732.4,0.0065103,1735738836.339713,b,l
4650150,74728.5,0.00312869,1735738864.3892646,b,l
4650151,74712.8,7.896e-05,1735739165.6565409,b,l
4650152,74717.9,0.01352192,1735739178.7360425,s,m
4650153,74718.0,7.864e-05,1735739190.038627,b,l
4650154,74739.5,0.00054495,1735739190.038627,b,l
4650155,74738.9,0.00195326,1735739196.5144436,b,l
4650156,74738.4,0.00026044,1735739205.5718515,b,l
4650157,74795.1,0.00261619,1735739334.4180653,s,m
4650158,74815.4,0.00062271,1735739381.3613262,b,l
4650159,74812.1,0.00011709,1735739432.0823069,b,l
4650160,74815.3,5.457e-05,1735739524.5020895,s,l
4650161,74792.5,0.00010691,1735739559.9092908,b,l
4650162,74792.5,0.06685162,1735739561.46577,b,m
4650163,74792.4,7.835e-05,1735739609.1130872,s,l
4650164,74790.9,6.247e-05,1735739609.1130872,s,l
4650165,74810.4,0.00065848,1735739644.032632,b,l
4650166,74809.8,0.00015804,1735739649.036442,b,l
4650167,74805.7,4.504e-05,1735739671.0357754,b,l
4650168,74812.1,6.585e-05,1735739684.0308857,b,l
4650169,74805.7,0.00012929,1735739711.4005718,b,l
4650170,74812.3,0.00390267,1735739762.1916485,b,l
4650171,74795.6,0.00014138,1735739765.8672197,s,l
4650172,74810.7,6.585e-05,1735739817.032076,b,l
4650173,74810.1,0.00065848,1735739820.035756,b,l
4650174,74836.5,3.949e-05,1735739872.0346272,b,l
4650175,74861.2,0.0025377,1735739880.6013606,b,l
4650176,74915.1,0.00129927,1735739932.319164,b,l
4650177,74926.2,0.00135646,1735739936.066461,b,l
4650178,74921.7,0.00649497,1735739945.742319,b,l
4650179,74922.7,1.315e-05,1735740017.0412705,b,l
4650180,74971.6,0.00088177,1735740043.433642,s,l
4650181,74971.7,7e-05,1735740047.2393324,b,m
4650182,74986.2,0.00047744,1735740047.2393324,b,m
4650183,75000.0,0.00017931,1735740062.7506745,b,l
4650184,75000.0,5e-05,1735740072.3672702,b,m
4650185,75000.0,0.00324864,1735740104.8974442,b,m
4650186,75000.0,8.469e-05,1735740104.8974442,b,m
4650187,75000.0,0.00062118,1735740107.8591478,b,l
4650188,75000.0,0.00334878,1735740121.8572354,b,l
4650189,75000.0,0.00087098,1735740154.1961446,b,l
4650190,74999.9,0.00027155,1735740160.1132429,s,l
4650191,75000.0,0.54717025,1735740183.0153506,b,l
4650192,75000.0,0.44790412,1735740183.0156548,b,l
4650193,75000.0,0.01473577,1735740183.0156548,b,l
4650194,75097.9,0.00556709,1735740281.4438455,b,l
4650195,75107.1,7e-05,1735740281.6807425,b,m
4650196,75174.3,5e-05,1735740281.6807425,b,m
4650197,75173.1,0.00043324,1735740289.3097122,b,l
4650198,75188.8,9.827e-05,1735740309.038577,b,l
4650199,75195.5,9.761e-05,1735740324.1983354,b,l
4650200,75200.0,0.01164777,1735740348.2224991,b,l
4650201,75166.6,0.00025449,1735740417.478693,b,m
4650202,75181.3,0.00064724,1735740458.199396,b,l
4650203,75128.2,0.00747454,1735740469.0280256,b,l
4650204,75111.9,0.00010651,1735740482.6530876,b,l
4650205,75107.3,0.00013118,1735740485.0335395,b,l
4650206,75120.4,0.00679225,1735740575.2992349,s,l
4650207,75114.7,6.655e-05,1735740599.2817578,b,l
4650208,75122.9,0.00039,1735740620.3406,b,l
4650209,75127.9,0.00235061,1735740620.3406,b,l
4650210,75148.7,0.0006475,1735740629.940941,b,l
4650211,75120.9,0.00013587,1735740631.0976305,s,l
4650212,75138.1,0.039,1735740686.5581708,s,l
4650213,75121.0,0.00220245,1735740814.5426512,b,l
4650214,75120.9,0.00332796,1735740889.9478295,s,l
4650215,75087.3,0.0062498,1735740889.9478295,s,l
4650216,75088.3,0.00252248,1735740922.742699,b,l
4650217,75055.6,0.07658565,1735740923.255215,s,l
4650218,75055.5,0.02874112,1735740923.255215,s,l
4650219,75034.3,0.00012879,1735740945.123738,b,l
4650220,75053.0,0.00126019,1735740955.7772875,b,l
4650221,75059.4,0.00062833,1735740967.954888,b,l
4650222,75036.6,0.00149383,1735740987.5424144,s,l
4650223,75079.0,0.00013122,1735741023.03296,b,l
4650224,75071.2,0.00026248,1735741136.0330455,b,l
4650225,75059.7,0.00274135,1735741146.6161609,b,l
4650226,75079.4,0.01148155,1735741169.86866,b,l
4650227,75078.0,0.00037107,1735741174.46111,b,l
4650228,75075.2,0.000333,1735741177.833281,b,m
4650229,75039.6,0.00039,1735741199.8171704,s,l
4650230,75034.3,0.03861,1735741199.8171704,s,l
4650231,75034.3,0.00022771,1735741200.2101324,b,l
4650232,75049.2,0.00526328,1735741202.2519083,b,m
4650233,75065.5,0.00024635,1735741209.153271,b,l
4650234,75046.5,0.00047198,1735741212.0960212,s,m
4650235,75064.6,0.00038602,1735741213.2551894,b,l
4650236,75062.0,0.00033306,1735741238.1053145,b,m
4650237,75065.6,0.00024634,1735741250.0930486,b,l
4650238,75034.3,0.00652912,1735741288.441953,b,l
4650239,75058.7,0.00099735,1735741310.577242,b,m
4650240,75041.7,0.03331556,1735741330.251178,s,m
4650241,75055.8,0.00133234,1735741337.4099498,b,m
4650242,75034.3,0.000389,1735741458.0316448,b,l
4650243,75034.3,0.00013621,1735741458.0316448,b,l
4650244,75034.2,0.00727913,1735741464.7730222,s,m
4650245,75034.3,0.01313028,1735741479.2392745,b,l
4650246,75034.3,0.0012447,1735741482.1682885,b,l
4650247,75034.2,0.039,1735741522.4484158,s,l
4650248,75034.3,0.00062855,1735741530.8537972,b,l
4650249,75034.2,0.10748915,1735741558.0108218,s,l
4650250,74971.7,7e-05,1735741573.1239092,s,l
4650251,74926.9,0.0002598,1735741643.0538332,b,l
4650252,74925.1,0.00268504,1735741698.3795135,b,l
4650253,74925.8,0.0002597,1735741720.2746303,b,l
4650254,74925.1,0.00012171,1735741720.8889298,b,l
4650255,74925.1,0.0001825,1735741727.4234054,b,l
4650256,74925.1,0.01695124,1735741742.7760065,b,l
4650257,74925.0,0.00013147,1735741784.379461,s,l
4650258,74836.5,7e-05,1735741830.292434,s,l
4650259,74811.5,0.00032923,1735741834.3747678,b,l
4650260,74740.0,0.00312597,1735741888.948209,b,l
4650261,74772.8,0.00781049,1735741932.6289952,b,l
4650262,74761.5,0.00024733,1735741946.7089682,b,l
4650263,74701.6,2.822e-05,1735742000.0444849,b,l
4650264,74706.3,0.00106235,1735742002.6086798,b,l
4650265,74911.4,0.00734564,1735742177.4066098,s,l
4650266,74953.0,0.0003648,1735742202.484722,s,l
4650267,74958.6,0.00649181,1735742338.7951174,b,l
4650268,74961.2,0.00012801,1735742390.8877025,b,l
4650269,74965.4,0.00012314,1735742513.01046,b,l
4650270,74960.4,0.00033348,1735742578.4325523,b,l
4650271,74959.4,0.00019715,1735742585.032903,b,l
4650272,74945.3,0.006855,1735742632.327345,s,l
4650273,74945.3,0.01315959,1735742640.4874957,s,l
4650274,74945.3,0.0013343,1735742640.4874957,s,l
4650275,74875.7,0.01116676,1735742642.16531,s,l
4650276,74890.1,6.578e-05,1735742702.0343275,b,l
4650277,74914.2,0.00039,1735742826.073881,b,l
4650278,74971.7,7e-05,1735742835.0782838,b,l
4650279,75000.0,0.00136256,1735742839.4057117,b,l
4650280,75000.0,0.005,1735742852.287686,b,l
4650281,75000.0,0.005,1735742854.994175,b,l
4650282,75000.0,1.314e-05,1735742871.0323162,b,l
4650283,75000.0,1.314e-05,1735742876.0327606,b,l
4650284,75000.0,0.00115476,1735742885.975822,b,l
4650285,75000.0,0.00119537,1735742888.840557,b,l
4650286,75000.0,0.02076237,1735742944.156777,b,l
4650287,75000.0,0.00066613,1735742972.7311635,b,l
4650288,75000.0,0.0006,1735742997.4094367,b,l
4650289,75000.0,0.00058394,1735743008.225221,b,l
4650290,75000.0,0.00129765,1735743009.644701,b,l
4650291,75000.0,0.0014616,1735743043.65407,b,m
4650292,75000.0,0.00012159,1735743077.2957685,b,l
4650293,74999.4,0.0032841,1735743254.0369115,b,l
4650294,74997.5,0.00071009,1735743307.0530317,b,l
4650295,74997.5,5.859e-05,1735743312.0379665,b,l
4650296,75000.0,0.00064882,1735743388.7185924,b,l
4650297,74999.9,9.467e-05,1735743406.3356683,s,l
4650298,75000.0,0.00012159,1735743460.0305543,b,l
4650299,75000.0,0.0027603,1735743482.3544266,b,l
4650300,75000.0,0.00129765,1735743529.5547976,b,l
4650301,75000.0,0.00648824,1735743574.4377117,b,l
4650302,75000.0,0.00062883,1735743601.0147376,b,l
4650303,75000.0,6.666e-05,1735743601.8421063,b,l
4650304,75000.0,0.00666667,1735743617.3889775,b,m
4650305,74999.9,0.07223559,1735743620.8310103,s,m
4650306,74999.9,0.26640034,1735743620.8310103,s,m
4650307,74999.9,0.00039,1735743620.8310103,s,m
4650308,74999.9,0.15965726,1735743620.8310103,s,m
4650309,74999.9,0.00039,1735743620.8310106,s,m
4650310,74999.4,0.14438202,1735743620.8310106,s,m
4650311,74999.3,0.008973,1735743620.8310106,s,m
4650312,74999.2,0.26640251,1735743620.8310106,s,m
4650313,74997.7,0.17248856,1735743620.8310106,s,m
4650314,75000.0,0.00062118,1735743633.512553,b,l
4650315,75000.0,0.01297648,1735743645.5188177,b,l
4650316,74999.9,0.00024655,1735743663.5727131,b,l
4650317,74997.0,0.00129765,1735743667.76361,b,l
4650318,75000.0,0.00051906,1735743679.3691514,b,l
4650319,75000.0,0.00252545,1735743699.517522,b,l
4650320,75000.0,5e-05,1735743722.1947732,b,m
4650321,75000.0,0.00066667,1735743758.1092887,b,m
4650322,74999.9,0.0027689,1735743809.0683272,s,m
4650323,75000.0,0.00101788,1735743815.234605,b,l
4650324,75000.0,0.07371227,1735743845.292402,b,l
4650325,75000.0,0.0004,1735743845.292402,b,l
4650326,75087.0,0.00018606,1735743858.646705,b,l
4650327,75052.6,0.000389,1735743927.6451032,b,l
4650328,75053.9,0.0255494,1735743927.6451032,b,l
4650329,75027.7,0.037,1735743931.7762845,s,m
4650330,75029.9,0.00829789,1735743934.0910368,s,m
4650331,75047.4,0.00019987,1735743996.3410077,b,m
4650332,75027.4,0.00137008,1735744072.6979272,b,l
4650333,75014.2,0.00136965,1735744078.872623,s,l
4650334,74958.1,0.00083,1735744271.9878323,b,l
4650335,74929.2,0.00013149,1735744296.0309212,b,l
4650336,74905.3,1.328e-05,1735744399.0337503,b,l
4650337,74883.5,0.00010397,1735744421.4806776,b,l
4650338,74884.3,0.02612048,1735744535.7337031,b,l
4650339,74869.7,0.0001,1735744560.9751933,b,m
4650340,74897.5,0.00037195,1735744629.8299031,b,l
4650341,74927.3,0.00149757,1735744646.6278446,b,l
4650342,74945.5,0.00324646,1735744678.524843,b,l
4650343,74924.7,0.01,1735744691.7905242,s,l
4650344,74942.1,0.00026293,1735744700.0337608,b,l
4650345,74989.5,0.00649049,1735744773.3661091,b,l
4650346,75031.9,0.00067475,1735744787.4942336,b,l
4650347,75030.4,0.00013327,1735744792.4281747,b,m
4650348,75031.6,0.00843106,1735744846.1450827,b,l
4650349,75041.8,0.00028383,1735744874.5579252,b,l
4650350,75033.5,0.00043357,1735744901.2108543,b,l
4650351,75033.6,9.663e-05,1735744937.658636,b,l
4650352,75033.6,0.00124522,1735744938.9897623,b,l
4650353,75031.2,0.00196962,1735744996.487313,b,l
4650354,75035.1,0.16213855,1735745010.1983607,b,l
4650355,75033.2,0.00159937,1735745024.0202208,s,m
4650356,75043.7,0.0005836,1735745026.9298544,b,l
4650357,75050.9,0.00684474,1735745062.5280385,s,l
4650358,75061.1,6.454e-05,1735745222.4665167,s,l
4650359,75061.2,0.00013257,1735745225.8710804,b,l
4650360,75061.2,0.00026251,1735745271.034856,b,l
4650361,75061.2,9.66e-05,1735745302.4069514,b,l
4650362,75061.2,0.00583465,1735745304.3583434,b,l
4650363,75061.1,6.868e-05,1735745314.629819,s,l
4650364,75025.4,2.792e-05,1735745314.629819,s,l
4650365,75023.6,0.00098496,1735745340.7287426,b,l
4650366,75025.7,0.00133951,1735745361.1454165,b,m
4650367,75030.1,0.00062858,1735745409.7684908,b,l
4650368,75017.0,0.00066651,1735745513.1335502,s,l
4650369,75012.7,0.03357482,1735745513.1335502,s,l
4650370,75033.7,0.00032429,1735745529.6155646,b,l
4650371,75063.5,0.00324179,1735745568.024392,b,l
4650372,75040.2,0.00019694,1735745598.0326855,b,l
4650373,75025.9,0.04369234,1735745609.06414,b,l
4650374,75000.1,0.00663999,1735745718.9799333,b,l
4650375,75000.1,0.00333389,1735745720.6804578,b,l
4650376,75000.1,0.00011823,1735745767.0357542,b,l
4650377,75000.0,0.0007535,1735745804.2874067,s,l
4650378,75000.1,0.00124574,1735745899.4879766,b,l
4650379,75000.1,0.00411,1735745934.772239,s,l
4650380,75028.9,0.02667326,1735745969.3853192,s,l
4650381,75025.7,0.00498994,1735746117.4216511,b,l
4650382,75046.1,0.00074569,1735746195.072016,b,l
4650383,75087.2,0.00012294,1735746359.3272498,b,l
4650384,75087.2,0.01106694,1735746410.539423,b,l
4650385,75107.0,0.00410414,1735746422.288762,s,l
4650386,75107.1,7e-05,1735746444.512909,b,l
4650387,75165.0,0.00798153,1735746480.4291997,s,l
4650388,75175.3,0.01574501,1735746505.608214,b,l
4650389,75169.2,0.0044569,1735746547.335022,s,l
4650390,75167.0,0.0014842,1735746588.3071115,s,l
4650391,75167.1,0.00013304,1735746592.705388,b,m
4650392,75167.1,0.07623766,1735746623.5079236,b,l
4650393,75167.1,0.00039,1735746623.5079236,b,l
4650394,75167.1,0.000389,1735746623.5079236,b,l
4650395,75167.1,0.008969,1735746623.5079236,b,l
4650396,75167.1,0.039,1735746623.5079236,b,l
4650397,75167.1,0.05009527,1735746623.5079236,b,l
4650398,75112.7,0.05441901,1735746648.759683,b,l
4650399,75167.6,9.645e-05,1735746697.7299974,b,l
4650400,75162.7,2.622e-05,1735746904.0333543,b,l
4650401,75153.3,0.00013109,1735746915.0343292,b,l
4650402,75130.5,0.00039,1735747026.6279423,s,l
4650403,75130.4,0.00028549,1735747026.6279423,s,l
4650404,75199.9,0.00339296,1735747145.4998703,s,l
4650405,75200.0,0.00025884,1735747150.713832,b,l
4650406,75200.0,1.965e-05,1735747219.0360477,b,l
4650407,75200.0,0.00012363,1735747226.16879,b,l
4650408,75200.0,0.00012942,1735747226.3280752,b,l
4650409,75200.0,0.00048396,1735747226.7823126,b,l
4650410,75182.4,0.0005177,1735747301.18324,b,l
4650411,75176.6,0.03144066,1735747336.647858,s,m
4650412,75136.1,0.008971,1735747415.2647638,s,l
4650413,75131.0,0.001331,1735747415.2647638,s,l
4650414,75129.7,0.00039,1735747415.2647638,s,l
4650415,75128.6,0.07639164,1735747415.2647638,s,l
4650416,75128.5,0.06291636,1735747415.2647638,s,l
4650417,75168.6,0.00080673,1735747508.80397,b,l
4650418,75152.7,0.00253297,1735747524.4100213,s,m
4650419,75182.4,0.00024898,1735747594.3074691,b,l
4650420,75157.2,0.00664765,1735747606.9275897,s,m
4650421,75199.9,0.00664298,1735747691.5944183,s,l
4650422,75182.9,2.621e-05,1735747733.0370018,b,l
4650423,75200.0,0.0006346,1735747768.276274,b,l
4650424,75215.2,0.01230475,1735747768.276274,b,l
4650425,75219.1,0.00012939,1735747807.1740308,b,l
4650426,75203.4,0.00023268,1735747866.4908836,s,l
4650427,75203.5,0.00024891,1735747915.8649209,b,l
4650428,75203.4,0.00641595,1735747941.8420832,s,l
4650429,75188.6,0.008609,1735747946.3631432,s,l
4650430,75111.5,0.00013117,1735747972.0307004,b,l
4650431,75113.4,0.02659403,1735747989.0287545,b,m
4650432,75123.7,0.04007566,1735747989.0287545,b,m
4650433,75109.6,0.00132978,1735747998.5247445,b,l
4650434,75109.6,0.00037083,1735748003.02067,b,l
4650435,75093.6,0.00163107,1735748022.7921803,s,l
4650436,75100.9,9.773e-05,1735748038.9541843,b,l
4650437,75093.2,0.0007544,1735748052.26236,b,l
4650438,75080.0,0.00266382,1735748127.9755676,b,l
4650439,75080.0,0.00118193,1735748160.62475,b,l
4650440,75079.9,0.00080673,1735748185.0907724,s,l
4650441,75079.9,0.00318901,1735748225.4498498,s,l
4650442,75065.5,0.00062653,1735748324.220767,b,l
4650443,75065.4,0.00011517,1735748347.830966,s,l
4650444,75002.7,0.00461149,1735748347.830966,s,l
4650445,75062.4,4.305e-05,1735748352.041189,b,l
4650446,74971.8,0.00025652,1735748392.318217,b,l
4650447,74971.8,0.00630949,1735748392.3289998,b,l
4650448,74971.7,7e-05,1735748394.2297263,s,l
4650449,74961.1,2.896e-05,1735748394.2297263,s,l
4650450,74973.5,9.336e-05,1735748400.920488,b,m
4650451,75026.3,0.00064866,1735748513.8336475,b,l
4650452,74998.6,0.00012309,1735748567.7798014,b,l
4650453,74972.1,0.01194328,1735748569.0337234,s,l
4650454,74972.0,0.04225731,1735748569.0337234,s,l
4650455,74965.3,0.07487225,1735748573.0561333,s,l
4650456,74940.6,0.00445193,1735748616.993102,s,m
4650457,74940.6,0.00297551,1735748616.993102,s,m
4650458,74949.8,0.00624221,1735748617.516341,b,l
4650459,75020.4,0.00264115,1735748708.8873734,b,m
4650460,75052.0,0.00012302,1735748741.4650023,b,l
4650461,75034.4,0.00124489,1735748801.0536206,b,l
4650462,75000.1,0.00123181,1735748893.1473377,b,l
4650463,75000.1,0.00506082,1735748948.6087148,b,l
4650464,75000.1,0.00013333,1735748965.1757953,b,m
4650465,75000.0,0.00540932,1735749063.5082746,s,l
4650466,75000.0,0.00133333,1735749063.5082746,s,l
4650467,74913.9,0.00013352,1735749074.509585,b,l
4650468,74928.2,0.00015039,1735749091.5994823,b,m
4650469,74968.9,0.00133389,1735749166.176304,b,m
4650470,74992.1,0.00022334,1735749334.948068,b,l
4650471,74989.5,0.00097337,1735749346.575771,b,l
4650472,74966.5,0.00314164,1735749364.8131657,s,m
4650473,74985.9,0.00046448,1735749369.6925924,b,l
4650474,74994.9,0.0006124,1735749431.335575,s,l
4650475,74995.0,0.00448816,1735749483.23536,b,l
4650476,74995.0,0.00012977,1735749506.8887875,b,l
4650477,74994.9,0.00548037,1735749546.153654,s,l
4650478,74994.7,0.00174545,1735749554.360442,b,l
4650479,74951.2,0.00066483,1735749640.7852073,s,m
4650480,74932.0,0.00196576,1735749640.7852073,s,m
4650481,74946.3,2.629e-05,1735749674.0318346,b,l
4650482,74945.1,0.00099666,1735749683.450314,b,l
4650483,74945.3,0.00011075,1735749712.9152803,b,m
4650484,74923.4,0.03612367,1735749754.136695,s,m
4650485,74943.8,0.00133433,1735749756.6158314,b,m
4650486,74939.9,0.001,1735749775.3501573,b,l
4650487,74939.1,0.00012319,1735749782.8806806,b,l
4650488,74937.2,0.00064936,1735749798.7659369,b,l
4650489,74918.6,0.002,1735749911.2564335,b,m
4650490,74895.4,0.00011991,1735749918.2703462,s,l
4650491,74901.7,0.00305546,1735749927.1748405,s,l
4650492,74915.6,2.598e-05,1735749931.1029563,b,l
4650493,74914.9,0.00129911,1735749946.4717996,b,l
4650494,74915.9,0.00031244,1735749986.37577,s,l
4650495,74915.4,0.00142903,1735749994.6704524,b,l
4650496,74896.9,0.0042849,1735750085.8760972,b,l
4650497,74896.9,0.00019492,1735750113.1415985,b,l
4650498,74896.9,0.00449018,1735750140.6247773,b,m
4650499,74896.9,0.00039,1735750140.6247773,b,m
4650500,74896.9,0.00039,1735750140.6247773,b,m
4650501,74896.9,0.00140577,1735750140.6247773,b,m
4650502,74896.8,4.116e-05,1735750161.3528066,s,l
4650503,74896.9,0.0001447,1735750317.0336516,b,l
4650504,74896.9,0.00033379,1735750326.2275906,b,m
4650505,74896.9,0.00012326,1735750337.2543874,b,l
4650506,74896.9,0.0006297,1735750362.3661427,b,l
4650507,74896.8,0.00129134,1735750416.4115534,s,l
4650508,74887.0,0.00010328,1735750420.163707,b,l
4650509,74887.0,0.00018428,1735750430.3744016,b,l
4650510,74887.0,0.00130839,1735750438.185372,b,l
4650511,74886.9,5e-05,1735750481.4696944,s,l
4650512,74873.8,0.00064261,1735750481.4696944,s,l
4650513,74885.1,0.05915407,1735750507.453602,s,l
4650514,74912.1,0.00130795,1735750534.839633,b,l
4650515,74904.1,0.00013153,1735750632.0339313,b,l
4650516,74949.8,1.302e-05,1735750800.0439749,b,l
4650517,74949.8,0.00098588,1735750800.0448012,b,l
4650518,74949.9,0.00013145,1735750800.113226,b,l
4650519,74947.1,6.457e-05,1735750800.2449238,s,l
4650520,74947.2,1.315e-05,1735750805.0341685,b,l
4650521,74950.0,0.01577406,1735750843.042927,b,l
4650522,74950.0,1.972e-05,1735750850.032868,b,l
4650523,74950.0,0.005,1735750850.7935278,b,l
4650524,74950.0,0.00012317,1735750853.6158824,b,l
4650525,74949.0,0.00019252,1735750899.9373133,b,l
4650526,74946.2,0.00013342,1735751005.7855206,s,l
4650527,74907.0,0.00039,1735751005.7855206,s,l
4650528,74905.2,0.00039,1735751005.7855206,s,l
4650529,74903.4,0.00979877,1735751005.7855206,s,l
4650530,74941.8,0.01252604,1735751021.1823084,b,l
4650531,74909.9,0.00243531,1735751026.0392964,s,l
4650532,74848.3,6.517e-05,1735751177.32498,b,l
4650533,74844.9,8.767e-05,1735751210.0336597,b,l
4650534,74848.9,0.0002607,1735751212.5758228,b,l
4650535,74879.0,9.712e-05,1735751225.818611,b,l
4650536,74878.3,0.00157914,1735751313.6973448,s,l
4650537,74836.6,0.01798489,1735751313.6973448,s,l
4650538,74836.5,7e-05,1735751402.1500647,s,l
4650539,74822.9,0.00032597,1735751440.8279333,b,l
4650540,74782.8,0.0001,1735751523.083758,b,m
4650541,74806.3,0.00652104,1735751568.532065,b,l
4650542,74807.9,0.0001222,1735751581.4325075,b,l
4650543,74823.9,0.06,1735751594.8455305,b,l
4650544,74820.5,0.03764823,1735751604.7535698,b,l
4650545,74811.8,0.00012219,1735751621.9362285,b,l
4650546,74761.1,0.00052199,1735751681.3634062,b,l
4650547,74744.4,0.00045683,1735751689.0870736,s,l
4650548,74758.4,0.0001305,1735751696.811883,b,l
4650549,74784.4,0.00069401,1735751725.814648,b,l
4650550,74790.1,0.00013173,1735751754.043192,b,l
4650551,74789.3,6.522e-05,1735751759.8077805,b,l
4650552,74802.7,0.00326052,1735751838.2865202,b,l
4650553,74775.8,0.0013708,1735751848.087144,s,l
4650554,74797.6,2.634e-05,1735751858.033538,b,l
4650555,74797.2,0.00130433,1735751860.543965,b,l
4650556,74796.0,0.06521739,1735751869.292581,b,l
4650557,74701.5,7e-05,1735751929.369696,s,m
4650558,74672.5,0.01345047,1735751929.369696,s,m
4650559,74707.7,0.00080971,1735751956.2819507,b,l
4650560,74721.4,0.00050434,1735751998.425854,b,l
4650561,74829.0,0.00071708,1735752145.543861,b,l
4650562,74836.5,7e-05,1735752252.9620547,b,l
4650563,74839.6,0.00188543,1735752252.9620547,b,l
4650564,74836.2,0.00125145,1735752267.1602566,b,l
4650565,74840.8,0.00013599,1735752317.0353818,b,l
4650566,74854.8,0.00299765,1735752423.0505989,b,l
4650567,74865.3,0.0390993,1735752452.9308107,b,l
4650568,74860.1,0.07707079,1735752497.5753987,b,l
4650569,74860.2,0.18849414,1735752497.5753987,b,l
4650570,74859.1,0.00012212,1735752506.9882643,b,l
4650571,74839.0,0.00028679,1735752546.8471372,b,l
4650572,74855.6,0.00014873,1735752601.4924264,b,l
4650573,74844.8,0.00036539,1735752626.5511093,s,l
4650574,74897.7,0.00012326,1735752726.900771,b,l
4650575,74861.2,0.00061803,1735752757.4392114,s,l
4650576,74875.3,0.00133542,1735752757.6959355,b,l
4650577,74862.2,0.00168297,1735752766.0084724,b,l
4650578,74886.3,0.00130283,1735752792.8374195,b,l
4650579,74885.7,4.605e-05,1735752801.0386374,b,l
4650580,74867.5,0.01315826,1735752852.2019143,b,l
4650581,74866.2,0.01690249,1735752865.733024,s,l
4650582,74949.9,0.00126193,1735752995.2491884,b,l
4650583,74890.7,0.0003788,1735753029.046088,s,m
4650584,74904.7,0.00013153,1735753039.0299013,b,l
4650585,74904.7,0.00325617,1735753039.1781564,b,l
4650586,74908.8,0.00031316,1735753082.433035,b,l
4650587,74914.1,0.00854836,1735753105.3324304,b,l
4650588,74916.7,4.831e-05,1735753117.293377,b,l
4650589,74915.9,0.00012202,1735753122.27844,b,l
4650590,74930.7,0.00037823,1735753294.0537455,s,l
4650591,74930.8,0.00039,1735753356.4124773,b,m
4650592,74931.0,0.00057,1735753356.4124773,b,m
4650593,74930.8,0.00651006,1735753375.837087,b,l
4650594,74930.7,0.00054717,1735753400.8996196,s,l
4650595,74930.8,0.25,1735753497.113186,b,m
4650596,74930.7,0.02456481,1735753531.1870737,s,l
4650597,74921.4,0.00520806,1735753545.3237488,b,l
4650598,74915.7,0.00062954,1735753560.8443408,b,l
4650599,74913.5,1.315e-05,1735753568.037616,b,l
4650600,74912.7,0.00012711,1735753570.628037,b,l
4650601,74910.9,0.00250366,1735753576.4466877,b,l
4650602,74837.2,0.00521437,1735753586.7216132,b,l
4650603,74837.1,0.00202145,1735753608.8737617,s,l
4650604,74827.9,0.02465096,1735753608.8737617,s,l
4650605,74829.1,0.00608676,1735753613.7127678,s,l
4650606,74837.1,0.01313255,1735753631.312089,b,l
4650607,74832.2,0.00052147,1735753642.6440356,b,l
4650608,74861.3,0.00037313,1735753850.9797575,b,l
4650609,74870.5,0.00032576,1735753878.8994346,b,l
4650610,74879.0,0.00097717,1735753916.2382312,b,l
4650611,74876.6,0.00013592,1735753934.0107052,b,l
4650612,74896.8,0.02893958,1735753963.4149938,b,l
4650613,74922.5,0.00333735,1735754002.4487877,s,m
4650614,74950.0,0.005,1735754060.1466756,b,l
4650615,74950.0,0.005,1735754069.8255289,b,l
4650616,74950.0,0.005,1735754073.3833623,b,l
4650617,74950.0,0.005,1735754136.324813,b,l
4650618,74950.0,0.00193224,1735754138.8332424,b,l
4650619,74950.0,0.01375081,1735754148.145573,b,l
4650620,74971.7,7e-05,1735754191.2966278,b,m
4650621,74995.0,0.00993,1735754191.296628,b,m
4650622,74989.2,5e-05,1735754261.5069206,b,m
4650623,74989.9,0.00062892,1735754302.8745618,b,l
4650624,74994.9,0.00325215,1735754369.251291,b,l
4650625,74994.9,0.00130133,1735754404.061431,s,l
4650626,74947.8,0.00026682,1735754515.6601834,b,l
4650627,74934.1,0.00142964,1735754550.348483,s,l
4650628,74943.6,2.629e-05,1735754579.6213925,b,l
4650629,74954.2,0.00015244,1735754609.0020928,b,l
4650630,74948.5,0.00026034,1735754677.726632,b,l
4650631,74940.2,0.0003944,1735754710.034875,b,l
4650632,74933.3,0.02153804,1735754734.911458,b,l
4650633,74933.4,0.02577475,1735754734.911458,b,l
4650634,74933.6,0.008969,1735754734.911458,b,l
4650635,74933.9,0.26661776,1735754734.911458,b,l
4650636,74933.9,0.00498854,1735754734.911458,b,l
4650637,74910.4,0.00032559,1735754883.327222,b,l
4650638,74910.1,0.00078135,1735754887.7698746,b,l
4650639,74911.9,0.01682995,1735754916.173345,b,m
4650640,74912.0,0.00039,1735754916.173345,b,m
4650641,74912.2,0.02278005,1735754916.173345,b,m
4650642,74861.6,0.06678938,1735755059.722762,b,l
4650643,74859.2,0.00026717,1735755107.5815434,b,m
4650644,74853.1,0.00039,1735755115.6890595,s,m
4650645,74850.5,0.00062418,1735755115.6890595,s,m
4650646,74850.2,0.00260994,1735755115.6890595,s,m
4650647,74858.6,0.00062387,1735755122.28852,b,l
4650648,74864.1,0.00130316,1735755143.3087227,b,l
4650649,74878.8,0.00065146,1735755167.0747747,b,l
4650650,74878.8,1.316e-05,1735755188.034452,b,l
4650651,74910.8,0.00013025,1735755232.9552543,b,l
4650652,74917.9,0.00026045,1735755255.4290757,b,l
4650653,74915.7,0.00031313,1735755274.8629074,b,l
4650654,74915.7,0.00013585,1735755274.900807,b,l
4650655,74969.4,0.00012314,1735755492.85491,b,l
4650656,74968.0,0.0007808,1735755501.2299604,b,l
4650657,74988.4,0.01313832,1735755571.544776,b,l
4650658,74988.4,0.00416386,1735755574.9697044,b,l
4650659,74989.7,3.285e-05,1735755590.0346048,b,l
4650660,74995.0,0.00045207,1735755631.6665,b,l
4650661,74996.8,0.00244937,1735755631.6665,b,l
4650662,75015.7,0.01251479,1735755733.1542964,b,l
4650663,75019.0,9.755e-05,1735755802.1475568,b,l
4650664,75039.9,0.00290144,1735755825.4866643,s,l
4650665,75034.2,0.00018225,1735755883.97571,b,l
4650666,75039.2,0.00036519,1735756005.5518878,b,l
4650667,75040.0,0.00065485,1735756079.2961302,b,l
4650668,75040.0,0.00030956,1735756079.856813,b,l
4650669,75040.0,0.00065006,1735756090.6998858,b,l
4650670,75040.0,0.00019502,1735756154.8532205,b,l
4650671,75040.0,0.00413113,1735756286.7269766,b,m
4650672,75040.0,0.03319336,1735756291.9041834,b,m
4650673,75040.0,0.00077357,1735756348.231818,b,l
4650674,75040.0,0.00065006,1735756374.1577003,b,l
4650675,75040.0,0.01604239,1735756382.8064094,b,l
4650676,75107.1,7e-05,1735756387.2002168,b,m
4650677,75126.9,0.00023563,1735756387.2002168,b,m
4650678,75126.9,0.00097401,1735756387.889809,b,l
4650679,75124.2,0.0010649,1735756411.785491,b,m
4650680,75101.7,5e-05,1735756421.305084,b,m
4650681,75111.9,0.00056895,1735756425.117422,b,m
4650682,75085.3,0.02599489,1735756502.223749,b,l
4650683,75075.2,6.826e-05,1735756503.1821382,s,l
4650684,75065.7,0.00025881,1735756548.4631858,b,l
4650685,75065.7,0.0001294,1735756548.7029753,b,l
4650686,75065.7,0.0006076,1735756645.2517376,b,m
4650687,75127.7,0.012505,1735756698.5408916,b,l
4650688,75126.5,0.00024917,1735756749.771857,b,l
4650689,75125.5,5e-05,1735756769.670506,b,m
4650690,75125.5,0.00042024,1735756773.8286564,b,l
4650691,75090.1,7.92e-05,1735756867.87835,s,m
4650692,75089.9,0.00010654,1735756869.7764623,b,l
4650693,75090.4,0.00012174,1735756919.5854106,b,l
4650694,75089.6,2.624e-05,1735756926.0358367,b,l
4650695,75081.6,0.00194908,1735756977.420953,b,l
4650696,75065.7,0.00625143,1735757017.4286568,b,l
4650697,75065.7,0.00018429,1735757021.6116254,b,l
4650698,75091.9,0.00020789,1735757079.409924,b,l
4650699,75125.5,0.00066555,1735757118.7189534,b,m
4650700,75125.4,0.00566088,1735757194.5243344,s,l
4650701,75125.5,0.00064375,1735757206.587164,b,l
4650702,75125.5,0.00049673,1735757224.0884883,b,l
4650703,75125.4,0.00016373,1735757278.3961527,s,l
4650704,75125.5,0.00064932,1735757285.1685784,b,l
4650705,75125.5,0.03285137,1735757301.3044574,b,l
4650706,75163.0,0.01884369,1735757301.3044574,b,l
4650707,75163.1,0.01258187,1735757301.3044574,b,l
4650708,75176.3,0.01297745,1735757370.5935411,b,l
4650709,75129.0,0.00019255,1735757381.5799942,s,l
4650710,75125.5,0.00125898,1735757448.635032,b,l
4650711,75125.4,0.00033277,1735757478.8983724,s,m
4650712,75117.0,0.03166723,1735757478.8983724,s,m
4650713,75134.3,2.597e-05,1735757527.7360451,b,l
4650714,75126.9,0.00064929,1735757567.1427293,b,l
4650715,75124.9,0.00032466,1735757584.5956483,b,l
4650716,75079.6,0.00058697,1735757600.1323762,s,l
4650717,75070.4,0.07701307,1735757620.3858335,s,l
4650718,75070.3,0.18464916,1735757620.3858335,s,l
4650719,75100.9,0.00062799,1735757815.8870635,b,l
4650720,75098.6,0.02309643,1735757838.1038396,b,m
4650721,75098.7,0.00690372,1735757838.1038396,b,m
4650722,75193.6,1.297e-05,1735757921.199411,b,l
4650723,75177.5,0.00374376,1735757977.9635148,b,l
4650724,75174.9,0.00065529,1735758000.0413854,b,l
4650725,75173.2,0.00013106,1735758012.033532,b,l
4650726,75172.1,9.764e-05,1735758016.4345198,b,l
4650727,75169.8,0.00018585,1735758025.7545772,b,l
4650728,75169.4,0.00062741,1735758027.039003,b,l
4650729,75171.2,0.00012281,1735758040.9665017,b,l
4650730,75145.7,0.00266879,1735758044.2408829,s,m
4650731,75170.0,0.00075363,1735758056.9649758,b,l
4650732,75161.4,0.02599489,1735758071.4483676,s,l
4650733,75181.5,0.00259526,1735758084.861146,b,l
4650734,75145.7,0.00025966,1735758118.0095968,b,l
4650735,75144.6,0.00038949,1735758124.6397634,b,l
4650736,75149.4,0.00012982,1735758173.9676883,b,l
4650737,75172.6,0.26581618,1735758208.06997,b,l
4650738,75172.6,0.25842752,1735758208.06997,b,l
4650739,75177.4,0.00026497,1735758259.532725,b,m
4650740,75169.2,0.00062127,1735758324.0214255,b,l
4650741,75138.7,0.00062767,1735758434.9012148,b,l
4650742,75133.6,0.00159366,1735758504.2082984,b,l
4650743,75136.1,6.667e-05,1735758512.0185406,b,l
4650744,75177.4,0.00039,1735758703.0260608,b,l
4650745,75177.6,0.00480098,1735758703.0260608,b,l
4650746,75211.5,0.00395616,1735758744.1085255,b,l
4650747,75215.6,0.00031189,1735758759.7770407,b,l
4650748,75178.2,0.00025947,1735758905.0420828,b,l
4650749,75178.1,0.00266034,1735758914.2083397,s,l
4650750,75177.4,0.00122377,1735758917.0174906,b,m
4650751,75163.3,0.0003213,1735758962.772745,b,l
4650752,75073.5,0.00259935,1735759027.633494,b,l
4650753,75090.4,0.00039,1735759092.2178326,b,l
4650754,75090.5,0.008964,1735759092.2178326,b,l
4650755,75097.8,0.00039,1735759092.2178326,b,l
4650756,75101.9,0.00064984,1735759092.2178326,b,l
4650757,75096.9,0.025,1735759108.4977262,s,l
4650758,75104.2,0.01364914,1735759123.226788,s,l
4650759,75116.3,0.0001229,1735759155.260134,b,l
4650760,75138.1,0.00039336,1735759207.0327656,b,l
4650761,75125.2,0.00064929,1735759359.2421136,b,l
4650762,75080.8,0.00018693,1735759370.4790864,s,l
4650763,75079.3,0.0033299,1735759506.041957,s,l
4650764,75100.8,0.00393559,1735759527.0922768,b,l
4650765,75110.8,0.00066568,1735759575.69344,b,m
4650766,75100.3,0.00637838,1735759586.3636744,s,m
4650767,75091.7,0.00078854,1735759665.175476,s,l
4650768,75103.5,5e-05,1735759683.0304618,b,m
4650769,75104.1,0.00092229,1735759720.690973,b,l
4650770,75088.5,0.0001,1735759759.2890165,s,m
4650771,75111.6,0.0032485,1735759802.1654954,b,m
4650772,75122.7,0.00012289,1735759834.8364866,b,l
4650773,75065.6,0.00084671,1735760061.7549176,s,l
4650774,75065.6,0.01535329,1735760061.7549176,s,l
4650775,75105.4,0.00194859,1735760121.0888023,b,l
4650776,75129.9,0.00124233,1735760167.9254465,s,l
4650777,75130.0,0.00026571,1735760199.134086,b,l
4650778,75199.9,0.00507333,1735760201.803507,b,l
4650779,75199.9,0.00016528,1735760205.6163366,b,l
4650780,75198.6,0.00129738,1735760302.6857648,b,l
4650781,75183.6,0.00187013,1735760399.90002,b,l
4650782,75158.7,0.01429602,1735760411.708455,s,l
4650783,75160.1,0.01991153,1735760569.437326,s,m
4650784,75172.6,0.00866313,1735760603.154275,s,m
4650785,75172.7,0.00065531,1735760603.3055778,b,l
4650786,75172.7,0.0001233,1735760629.3323598,b,l
4650787,75200.0,0.01000816,1735760652.162686,b,l
4650788,75241.7,0.00012966,1735760747.6902492,b,l
4650789,75236.2,0.01329147,1735760790.3341582,b,m
4650790,75238.6,0.00039,1735760804.878347,b,l
4650791,75242.8,7e-05,1735760804.878347,b,l
4650792,75283.0,8.222e-05,1735760806.4599557,b,l
4650793,75283.0,0.00039,1735760806.4599557,b,l
4650794,75348.9,0.00042058,1735760808.3448503,b,l
4650795,75348.9,0.00039,1735760808.3448503,b,l
4650796,75350.1,0.00024771,1735760808.3448503,b,l
4650797,75350.1,0.06732084,1735760808.350129,b,l
4650798,75360.2,0.000389,1735760808.3574831,b,l
4650799,75378.8,7e-05,1735760808.3781762,b,l
4650800,75438.7,0.00053472,1735760845.3381033,b,l
4650801,75449.4,0.00075851,1735760845.3381033,b,l
4650802,75438.3,0.00134048,1735760847.562884,s,m
4650803,75449.2,0.0013254,1735760848.1281502,b,m
4650804,75489.7,0.000389,1735760903.6725757,s,m
4650805,75489.7,0.01034885,1735760903.6725757,s,m
4650806,75515.0,7e-05,1735760958.270633,b,l
4650807,75527.1,0.00074654,1735760989.600644,b,l
4650808,75527.1,0.00182741,1735760989.600644,b,l
4650809,75527.0,0.000389,1735760996.4219992,s,l
4650810,75511.2,0.000389,1735760996.4219992,s,l
4650811,75502.4,0.00088214,1735760996.4219992,s,l
4650812,75558.2,0.00016914,1735761034.2242897,b,l
4650813,75506.6,5e-05,1735761085.4610052,b,m
4650814,75534.0,0.00064423,1735761118.136883,b,l
4650815,75492.6,0.00090256,1735761185.16389,b,l
4650816,75492.5,0.01172612,1735761270.077505,s,l
4650817,75492.5,0.00082439,1735761276.6349902,s,l
4650818,75492.5,0.11991297,1735761278.8677585,s,l
4650819,75486.2,0.00158983,1735761278.8852785,s,l
4650820,75398.6,0.000389,1735761307.0560317,s,m
4650821,75378.9,0.00224437,1735761307.0560317,s,m
4650822,75460.6,0.00012234,1735761340.4223404,b,l
4650823,75460.4,0.00053008,1735761342.243755,b,l
4650824,75460.0,0.00026112,1735761345.0527816,b,l
4650825,75378.9,0.00103542,1735761414.631301,b,l
4650826,75378.8,7e-05,1735761421.791118,s,l
4650827,75377.6,0.00013254,1735761425.8343022,b,l
4650828,75375.0,0.00323583,1735761443.433699,b,l
4650829,75386.5,0.0006181,1735761450.7599914,b,l
4650830,75403.9,0.00262465,1735761496.4054348,b,l
4650831,75426.0,6.531e-05,1735761602.0349667,b,l
4650832,75431.5,0.00031101,1735761606.6630752,b,l
4650833,75451.5,0.00062507,1735761641.8673174,b,l
4650834,75455.1,1.306e-05,1735761648.0435636,b,l
4650835,75438.2,0.00779223,1735761664.870989,s,l
4650836,75471.5,0.00124172,1735761675.5202982,b,l
4650837,75470.3,0.00045691,1735761688.036063,b,l
4650838,75479.5,0.00258554,1735761745.1830463,b,l
4650839,75492.6,0.00013051,1735761758.032818,b,l
4650840,75492.5,0.00065319,1735761797.5966542,b,l
4650841,75492.5,0.00261415,1735761942.2810493,s,m
4650842,75492.6,0.00124009,1735761959.554469,b,l
4650843,75515.0,7e-05,1735761959.554469,b,l
4650844,75521.6,0.0006764,1735761959.554469,b,l
4650845,75530.0,0.00024549,1735762113.1295972,b,l
4650846,75503.9,0.02925797,1735762144.5816329,s,l
4650847,75530.0,0.00260399,1735762151.0001073,b,l
4650848,75496.8,0.00061858,1735762350.6061418,b,l
4650849,75496.4,0.00075674,1735762353.9278376,b,l
4650850,75495.4,0.00474098,1735762362.573126,b,m
4650851,75495.5,0.00579687,1735762362.573126,b,m
4650852,75502.8,0.000389,1735762447.4496596,s,m
4650853,75501.4,0.06616068,1735762447.4496596,s,m
4650854,75531.0,0.00019375,1735762448.1130044,b,l
4650855,75516.9,0.00621428,1735762523.6387706,b,l
4650856,75498.6,0.02098045,1735762533.0631232,s,l
4650857,75516.6,0.0018183,1735762550.4793143,b,l
4650858,75516.6,0.00032538,1735762550.4795773,b,l
4650859,75516.6,0.00214369,1735762550.963498,b,l
4650860,75516.8,5e-05,1735762578.6890352,b,l
4650861,75581.8,5e-05,1735762615.0221975,s,m
4650862,75593.7,3.872e-05,1735762626.469972,b,l
4650863,75513.5,0.07662381,1735762656.8996203,s,l
4650864,75513.4,0.039,1735762656.8996203,s,l
4650865,75511.4,0.15154532,1735762656.8996203,s,l
4650866,75557.3,9.619e-05,1735762682.0628843,b,l
4650867,75465.7,6.528e-05,1735762784.034926,b,l
4650868,75465.7,0.00010872,1735762785.131175,b,l
4650869,75437.2,0.00066174,1735762822.2524476,b,m
4650870,75402.8,0.00029258,1735762835.1398184,s,m
4650871,75421.4,1.294e-05,1735762863.1363835,b,l
4650872,75422.0,0.00133396,1735762892.1041276,s,m
4650873,75436.3,9.635e-05,1735762906.7361484,b,l
4650874,75436.0,0.01703981,1735762911.0629566,b,l
4650875,75436.1,0.00976516,1735762911.0629566,b,l
4650876,75437.5,0.002,1735762973.352001,s,l
4650877,75446.0,0.00040758,1735763014.2946498,s,l
4650878,75456.2,0.00099233,1735763032.4052098,b,l
4650879,75454.9,0.0004198,1735763051.477497,b,l
4650880,75453.4,0.00066266,1735763074.7294197,b,m
4650881,75448.4,0.01034377,1735763087.412155,b,l
4650882,75446.1,0.00012931,1735763134.721481,b,l
4650883,75447.3,0.0012536,1735763206.6278548,b,l
4650884,75446.0,0.000306,1735763208.5728133,s,l
4650885,75454.9,1.306e-05,1735763322.033098,b,l
4650886,75454.8,0.07668534,1735763327.0025425,s,m
4650887,75454.8,0.00609254,1735763327.0025425,s,m
4650888,75454.9,0.00030786,1735763334.132004,b,l
4650889,75454.9,0.0049747,1735763355.4005113,b,l
4650890,75454.9,0.24470438,1735763457.7678857,b,l
4650891,75459.3,0.001,1735763458.4308946,b,l
4650892,75561.7,0.00129297,1735763464.303134,b,l
4650893,75561.7,0.00018313,1735763465.6604626,b,l
4650894,75562.1,0.01134167,1735763517.1370482,b,l
4650895,75562.2,0.00108244,1735763517.1370482,b,l
4650896,75567.5,0.00012216,1735763568.8174722,b,l
4650897,75503.2,0.00135721,1735763587.5138063,s,l
4650898,75553.5,0.00018311,1735763593.694993,b,l
4650899,75533.2,0.00132392,1735763629.1630423,b,m
4650900,75523.4,0.00012098,1735763673.109197,b,l
4650901,75519.4,0.00761282,1735763690.5953388,b,l
4650902,75519.5,0.00184307,1735763690.5953388,b,l
4650903,75492.6,0.00013577,1735763703.8038237,s,l
4650904,75512.7,0.00709872,1735763710.015819,b,m
4650905,75512.8,0.039,1735763710.015819,b,m
4650906,75513.0,0.2174269,1735763710.015819,b,m
4650907,75515.6,0.00079123,1735763785.060024,s,m
4650908,75531.6,0.00123992,1735763842.4455316,b,l
4650909,75504.9,0.0003311,1735763893.7698271,s,l
4650910,75492.6,0.00096083,1735763893.7698271,s,l
4650911,75492.6,0.00089034,1735763924.8090706,s,m
4650912,75447.0,0.00443537,1735763924.8090706,s,m
4650913,75488.8,0.01010772,1735763939.3424523,b,m
4650914,75488.9,0.00313927,1735763939.3424523,b,m
4650915,75542.2,0.00123981,1735764168.11595,b,l
4650916,75530.3,0.00036966,1735764216.4972818,b,l
4650917,75523.2,0.000389,1735764397.4318645,b,l
4650918,75524.2,0.00085114,1735764397.4318645,b,l
4650919,75553.8,0.0002035,1735764415.856916,s,l
4650920,75581.5,0.02457301,1735764439.7038877,b,m
4650921,75581.6,0.000389,1735764439.7038877,b,m
4650922,75581.8,0.07503849,1735764439.7038877,b,m
4650923,75573.7,0.00031502,1735764553.516492,b,l
4650924,75595.7,0.00038716,1735764652.5514307,b,l
4650925,75591.3,0.00067149,1735764694.3965323,s,m
4650926,75603.0,0.00026063,1735764709.03711,b,l
4650927,75602.9,0.00067307,1735764710.1845691,s,l
4650928,75603.0,9.59e-05,1735764732.225885,b,l
4650929,75601.6,0.00148723,1735764805.8517094,b,l
4650930,75601.4,0.000271,1735764808.125352,b,l
4650931,75600.4,0.00645247,1735764810.6924229,b,l
4650932,75599.9,0.00012211,1735764818.1350265,b,l
4650933,75594.5,0.00023052,1735764834.7869172,s,l
4650934,75603.0,0.00012904,1735764892.0348742,b,l
4650935,75603.0,0.00179771,1735764896.8379505,b,l
4650936,75602.9,5.29e-05,1735764952.0348303,s,l
4650937,75592.2,0.00118139,1735764952.0348303,s,l
4650938,75592.2,0.00023967,1735764957.471694,s,l
4650939,75594.9,0.00516228,1735765037.0576978,b,l
4650940,75578.4,9.617e-05,1735765101.1005485,b,l
4650941,75577.5,9.712e-05,1735765108.6302824,b,l
4650942,75576.6,0.0066158,1735765110.8044603,b,m
4650943,75552.7,0.00066164,1735765116.5155437,b,l
4650944,75552.6,0.00066179,1735765152.1910205,s,m
4650945,75544.4,0.00595611,1735765152.1910205,s,m
4650946,75564.9,6.519e-05,1735765200.1062586,b,l
4650947,75603.0,0.00010738,1735765282.0352125,b,l
4650948,75603.0,0.00030725,1735765379.5975125,b,l
4650949,75603.0,0.00123882,1735765386.3684957,b,l
4650950,75603.0,0.00185978,1735765386.4293773,b,l
4650951,75602.9,0.00026917,1735765475.9716406,s,l
4650952,75602.9,0.00011983,1735765497.9938889,s,m
4650953,75602.9,0.13215022,1735765497.9938889,s,m
4650954,75601.0,0.00065531,1735765524.8642569,b,m
4650955,75601.0,0.0001233,1735765524.8642569,b,m
4650956,75597.8,0.00036135,1735765556.295513,b,l
4650957,75566.3,0.0767391,1735765574.562302,s,m
4650958,75566.2,0.0532609,1735765574.562302,s,m
4650959,75574.1,0.00233659,1735765745.0909634,b,l
4650960,75574.0,0.01323206,1735765850.4624414,s,m
4650961,75545.0,0.00025402,1735765850.4624417,s,m
4650962,75522.8,0.07681653,1735765850.4624417,s,m
4650963,75522.7,0.00173457,1735765850.4624417,s,m
4650964,75521.9,0.00796282,1735765850.4624417,s,m
4650965,75558.7,0.0768287,1735765886.4165883,b,m
4650966,75558.8,0.05551866,1735765886.4165883,b,m
4650967,75518.5,0.00297128,1735766035.7340398,b,l
4650968,75518.2,0.00069636,1735766083.137282,s,m
4650969,75518.1,0.00865353,1735766083.137282,s,m
4650970,75556.3,0.00520299,1735766092.9813857,b,l
4650971,75558.1,0.0001,1735766124.749045,b,m
4650972,75544.3,0.00130742,1735766234.1153238,s,m
4650973,75556.1,0.00271322,1735766278.6460068,s,l
4650974,75569.4,0.00504085,1735766318.4229395,s,l
4650975,75581.5,0.00154973,1735766327.4286528,b,l
4650976,75562.4,2.211e-05,1735766330.191227,s,l
4650977,75563.6,0.00930372,1735766332.5645256,s,m
4650978,75580.6,0.00125139,1735766337.9466012,b,l
4650979,75578.9,6.583e-05,1735766362.5065954,b,l
4650980,75574.9,0.00019848,1735766410.6178646,b,m
4650981,75573.5,0.00066161,1735766428.4921727,b,m
4650982,75602.9,0.013227,1735766468.955268,s,m
4650983,75603.0,0.00745746,1735766472.2967455,b,l
4650984,75651.4,7e-05,1735766474.105802,b,l
4650985,75691.2,0.00150013,1735766504.766077,b,l
4650986,75691.2,0.00037253,1735766516.4271677,b,l
4650987,75691.2,0.00061701,1735766528.9492164,b,l
4650988,75691.2,0.00303378,1735766537.3404543,b,l
4650989,75700.0,0.01321003,1735766537.3404543,b,l
4650990,75730.7,0.00025652,1735766550.3030934,s,l
4650991,75746.8,0.00644427,1735766566.6336124,b,l
4650992,75749.9,0.02161768,1735766612.7545898,s,l
4650993,75750.0,0.00024651,1735766616.0141268,b,l
4650994,75750.0,0.00146885,1735766622.2976012,b,l
4650995,75750.0,0.04828464,1735766622.3274229,b,l
4650996,75777.7,0.000389,1735766672.5759604,s,l
4650997,75764.9,0.00254055,1735766672.5759604,s,l
4650998,75784.2,0.000388,1735766696.432367,b,l
4650999,75784.4,0.00025568,1735766696.432367,b,l
4651000,75727.2,0.00322038,1735766755.7102466,b,l
4651001,75697.4,0.00128883,1735766818.825865,b,l
4651002,75697.4,0.01249317,1735766828.714898,b,l
4651003,75697.4,5e-05,1735766924.6381986,b,m
4651004,75697.4,0.00061696,1735766924.8402328,b,l
4651005,75697.4,0.0001,1735766943.6333044,b,m
4651006,75697.3,0.00165301,1735766955.970753,s,m
4651007,75697.6,0.000389,1735767006.2281623,b,l
4651008,75697.6,0.00084828,1735767006.2281623,b,l
4651009,75715.3,0.000389,1735767012.0039723,b,m
4651010,75715.3,0.00093174,1735767012.0039723,b,m
4651011,75708.6,0.00231149,1735767037.3918345,b,m
4651012,75697.3,0.00495224,1735767052.175146,s,l
4651013,75686.0,0.01321248,1735767055.6196835,b,m
4651014,75588.8,0.00259357,1735767061.772981,s,m
4651015,75643.9,0.00036916,1735767121.3744571,b,l
4651016,75556.9,0.00238289,1735767204.5597074,s,m
4651017,75573.3,5e-05,1735767221.9666348,s,m
4651018,75588.0,0.00019844,1735767229.4513712,b,m
4651019,75574.4,0.00106496,1735767229.7261958,s,l
4651020,75594.8,0.00129069,1735767234.107081,b,l
4651021,75604.6,0.00322599,1735767243.8603177,b,l
4651022,75599.7,0.00024518,1735767328.3949728,b,l
4651023,75595.5,0.00113933,1735767339.3924105,b,l
4651024,75587.7,0.00023231,1735767349.1399405,b,l
4651025,75542.5,0.00032605,1735767478.0335634,b,l
4651026,75538.6,0.00125209,1735767550.894035,b,l
4651027,75539.8,0.00013042,1735767552.0334046,b,l
4651028,75547.9,0.036,1735767638.787205,s,m
4651029,75548.0,0.00049779,1735767697.0337973,b,l
4651030,75548.0,0.00479217,1735767697.204074,b,l
4651031,75589.9,0.01365209,1735767782.8762047,s,m
4651032,75592.8,0.00019848,1735767794.9965117,s,m
4651033,75610.0,9.614e-05,1735767949.5372944,b,l
4651034,75613.1,0.00015,1735767997.1009002,b,m
4651035,75620.5,0.00064507,1735768002.700797,b,l
4651036,75576.3,2.264e-05,1735768031.8689942,s,l
4651037,75617.9,0.00049351,1735768037.0769925,b,l
4651038,75585.5,0.00817527,1735768044.0128548,s,l
4651039,75610.8,0.00111446,1735768080.6557727,b,l
4651040,75587.2,0.00024518,1735768083.398073,s,l
4651041,75616.0,0.00313178,1735768203.3636627,b,l
4651042,75660.7,0.00111446,1735768301.4018664,s,l
4651043,75705.3,0.00045104,1735768575.1985738,b,l
4651044,75659.6,0.07700697,1735768602.113788,b,m
4651045,75662.1,0.02299227,1735768602.113788,b,m
4651046,75659.6,0.00198256,1735768634.8880465,b,l
4651047,75659.5,8.196e-05,1735768647.629838,s,l
4651048,75688.5,0.00190756,1735768787.775166,b,m
4651049,75689.0,0.00123823,1735768804.282909,b,l
4651050,75692.7,0.0059924,1735768912.4949982,b,l
4651051,75651.8,0.00024743,1735768960.7628748,b,l
4651052,75643.3,0.00045141,1735768978.3729415,b,l
4651053,75643.3,0.00043296,1735768999.519628,b,l
4651054,75614.3,0.00129005,1735769076.1555104,b,l
4651055,75614.2,0.0024805,1735769093.0283742,b,l
4651056,75603.4,0.00012088,1735769093.9468155,b,l
4651057,75613.9,0.00011088,1735769122.5735576,s,l
4651058,75559.4,0.00123954,1735769206.736748,b,l
4651059,75515.0,7e-05,1735769285.9840982,s,m
4651060,75515.0,0.00026484,1735769285.9840982,s,m
4651061,75500.0,0.00013443,1735769285.9840982,s,m
4651062,75489.3,0.000389,1735769285.9840982,s,m
4651063,75487.1,0.000389,1735769285.9840982,s,m
4651064,75473.8,0.008945,1735769285.9840984,s,m
4651065,75446.0,0.0005721,1735769285.9840984,s,m
4651066,75440.0,0.07723941,1735769285.9840984,s,m
4651067,75439.9,0.26481615,1735769285.9840984,s,m
4651068,75409.3,0.0067,1735769285.9840984,s,m
4651069,75409.0,0.00010564,1735769285.9840984,s,m
4651070,75407.6,0.26492938,1735769285.9840984,s,m
4651071,75397.4,0.84380422,1735769285.9840984,s,m
4651072,75397.3,0.2649657,1735769285.9840984,s,m
4651073,75378.8,7e-05,1735769285.9840984,s,m
4651074,75372.2,0.26505398,1735769285.9840984,s,m
4651075,75355.0,0.00378632,1735769285.9840984,s,m
4651076,75464.9,0.00065277,1735769364.1140294,b,l
4651077,75465.6,0.00067892,1735769366.3025205,s,l
4651078,75495.6,0.000389,1735769403.1781633,s,m
4651079,75493.1,0.000389,1735769403.1781633,s,m
4651080,75488.4,0.008944,1735769403.1781633,s,m
4651081,75473.8,0.01676834,1735769403.1781633,s,m
4651082,75499.0,0.00662258,1735769405.91142,b,l
4651083,75498.6,0.00775334,1735769408.4435384,b,l
4651084,75547.3,0.00068001,1735769571.0845776,b,l
4651085,75552.4,0.00030748,1735769599.6907384,b,l
4651086,75547.0,0.00013816,1735769633.4410832,b,l
4651087,75552.7,9.715e-05,1735769643.316771,b,l
4651088,75586.8,0.0064542,1735769687.5195608,b,l
4651089,75593.5,0.00629882,1735769748.6826909,b,l
4651090,75591.5,0.00019763,1735769755.3763795,b,l
4651091,75554.4,0.000389,1735769769.5698524,s,l
4651092,75537.6,0.00023741,1735769769.5698524,s,l
4651093,75510.7,0.00125667,1735769795.7727206,s,m
4651094,75542.2,0.00074236,1735769796.901707,b,l
4651095,75506.1,0.00038962,1735769819.262118,s,l
4651096,75524.7,0.00017,1735769824.72819,b,l
4651097,75543.2,0.00529497,1735769830.9374378,b,l
4651098,75542.8,2.518e-05,1735769834.749672,b,l
4651099,75530.9,0.00271412,1735769882.8166902,s,l
4651100,75545.8,5e-05,1735769898.1292338,b,m
4651101,75536.3,0.00146872,1735769980.086702,s,l
4651102,75522.6,0.00248372,1735770020.658929,b,l
4651103,75546.1,0.00130413,1735770035.0311625,b,l
4651104,75512.5,0.00157517,1735770040.7911365,b,l
4651105,75546.8,0.00645696,1735770094.6704404,b,l
4651106,75537.3,0.00066191,1735770208.4226084,b,l
4651107,75537.3,0.00039134,1735770254.0752082,b,l
4651108,75537.2,0.00131484,1735770320.5521443,s,l
4651109,75522.0,0.0066243,1735770320.5521443,s,l
4651110,75521.9,0.00264086,1735770320.5521443,s,l
4651111,75524.2,1.356e-05,1735770431.479171,b,l
4651112,75514.2,0.00124028,1735770471.379531,b,l
4651113,75514.1,0.0001,1735770503.267832,s,l
4651114,75456.1,0.01559194,1735770503.267832,s,l
4651115,75456.0,0.00792698,1735770503.267832,s,l
4651116,75454.1,0.00134519,1735770529.8575168,s,l
4651117,75453.7,0.00012115,1735770544.077462,b,l
4651118,75444.8,0.01251264,1735770575.0102365,s,m
4651119,75444.7,0.039,1735770575.0102365,s,m
4651120,75442.9,0.02848736,1735770575.0102365,s,m
4651121,75535.5,1.304e-05,1735770649.0317037,b,l
4651122,75546.8,0.00167446,1735770715.2323062,b,m
4651123,75526.7,0.0006183,1735770782.0601082,b,l
4651124,75525.2,0.00013045,1735770794.031619,b,l
4651125,75539.5,0.00178714,1735770831.249116,b,m
4651126,75543.6,0.00064572,1735770879.3750167,b,l
4651127,75535.1,0.00132389,1735770976.6828933,b,m
4651128,75535.1,0.0012916,1735770980.155077,b,l
4651129,75576.6,0.00032116,1735770986.0321891,b,l
4651130,75549.9,0.00030753,1735771093.2987442,b,l
4651131,75545.1,0.0006182,1735771308.16949,b,l
4651132,75588.5,0.00064534,1735771425.407349,b,l
4651133,75629.9,0.00036919,1735771540.5303872,b,l
4651134,75615.4,0.00387042,1735771633.8070693,b,l
4651135,75612.4,0.00030719,1735771674.871526,b,l
4651136,75588.3,0.00330739,1735771707.354921,b,m
4651137,75610.8,0.00020625,1735771824.1810348,b,l
4651138,75586.2,0.00065195,1735771854.645019,s,l
4651139,75542.0,0.00026488,1735771918.979779,b,l
4651140,75563.2,0.00496647,1735771934.147743,b,l
4651141,75573.5,0.00012096,1735771955.9963772,b,l
4651142,75583.1,0.00111063,1735772071.360289,b,l
4651143,75560.6,0.00296605,1735772193.1624222,b,l
4651144,75550.5,3.912e-05,1735772199.039175,b,l
4651145,75513.7,9.72e-05,1735772329.0893233,b,l
4651146,75548.5,0.01323653,1735772339.2370188,b,m
4651147,75547.0,0.00016864,1735772403.0657294,b,m
4651148,75546.3,0.00161426,1735772405.4207587,b,l
4651149,75563.2,0.00026077,1735772439.0466297,b,l
4651150,75554.2,1.304e-05,1735772458.0325215,b,l
4651151,75530.4,0.00090429,1735772534.1522925,b,l
4651152,75501.1,0.00076782,1735772542.4994872,s,l
4651153,75498.3,0.03823218,1735772542.4994872,s,l
4651154,75477.2,0.00038904,1735772568.8180194,s,l
4651155,75493.1,6.461e-05,1735772598.422522,b,l
4651156,75523.8,0.00025836,1735772671.1633308,b,l
4651157,75524.5,0.00039425,1735772701.6844647,s,l
4651158,75557.5,0.00030748,1735772767.3815064,b,l
4651159,75581.8,0.00125138,1735772821.208338,b,l
4651160,75624.4,6.556e-05,1735772966.339692,s,l
4651161,75589.5,0.00020741,1735773001.492108,s,l
4651162,75589.8,1.356e-05,1735773018.882535,s,l
4651163,75601.5,0.00096794,1735773037.0243232,b,l
4651164,75609.4,0.07756828,1735773060.7270274,b,l
4651165,75609.5,0.03972477,1735773060.7270274,b,l
4651166,75616.7,0.00012203,1735773157.2416224,b,l
4651167,75601.6,0.000358,1735773191.6768155,s,l
4651168,75601.0,0.00626707,1735773191.6768155,s,l
4651169,75607.7,0.00248123,1735773191.8608637,b,l
4651170,75555.5,0.00064528,1735773223.0784187,b,l
4651171,75574.9,0.00010326,1735773245.5711515,b,l
4651172,75574.3,0.00030981,1735773252.264163,b,l
4651173,75534.2,6.202e-05,1735773371.115698,s,l
4651174,75534.3,0.00059414,1735773393.605821,b,l
4651175,75534.3,0.00130434,1735773416.030819,b,l
4651176,75534.2,5.475e-05,1735773489.4389894,s,l
4651177,75534.2,1.562e-05,1735773528.0488615,s,l
4651178,75426.8,0.00029982,1735773601.5518403,s,l
4651179,75459.2,0.00012114,1735773622.2723114,b,l
4651180,75459.5,0.00026113,1735773664.751845,b,l
4651181,75459.2,0.0001,1735773671.5451083,b,m
4651182,75473.2,0.0006465,1735773725.986344,b,l
4651183,75426.1,0.00012239,1735773820.244913,b,l
4651184,75430.6,0.00065851,1735773879.440343,b,l
4651185,75430.2,0.00064669,1735773882.939521,b,l
4651186,75413.4,0.00995727,1735773963.339417,b,l
4651187,75438.7,0.00012932,1735774030.5749717,b,l
4651188,75420.4,0.00358545,1735774047.9203558,s,l
4651189,75391.8,0.0006632,1735774091.5777965,s,m
4651190,75459.5,0.000389,1735774475.7549808,b,l
4651191,75461.7,0.000611,1735774475.7549808,b,l
4651192,75460.9,0.00136344,1735774492.2792332,s,l
4651193,75431.6,0.00010869,1735774516.0495946,s,l
4651194,75391.8,0.00265281,1735774610.9224017,s,l
4651195,75349.3,0.01320923,1735774613.184589,s,m
4651196,75393.6,0.00061902,1735774630.9398634,b,l
4651197,75414.0,6.029e-05,1735774677.20714,s,l
4651198,75406.9,0.0013665,1735774851.7316797,b,l
4651199,75407.4,0.00033153,1735774860.5778675,b,m
4651200,75438.3,0.00013073,1735774951.064047,b,l
4651201,75438.2,0.00292941,1735774997.6146946,s,l
4651202,75438.3,0.00033527,1735775040.3348153,b,m
4651203,75482.4,0.00059229,1735775040.3348153,b,m
4651204,75484.8,0.00221337,1735775052.947018,b,l
4651205,75499.7,0.00024794,1735775072.0261562,b,l
4651206,75472.0,0.00010638,1735775101.426124,s,l
4651207,75497.3,0.00025845,1735775191.5494823,b,l
4651208,75426.7,0.000466,1735775382.6455724,b,l
4651209,75400.2,0.00047334,1735775401.4246302,s,l
4651210,75421.9,0.00026126,1735775410.0390358,b,l
4651211,75379.8,0.00010683,1735775427.438775,s,l
4651212,75391.8,0.00651791,1735775496.5589972,b,l
4651213,75391.4,0.00042495,1735775503.5152302,b,l
4651214,75391.4,0.001,1735775503.5353224,b,l
4651215,75390.0,0.00248782,1735775521.9664123,b,l
4651216,75389.8,0.00225495,1735775523.8960242,b,m
4651217,75375.0,0.039,1735775558.5876365,s,m
4651218,75373.6,0.00080284,1735775558.5876365,s,m
4651219,75385.0,0.000389,1735775689.3852987,b,l
4651220,75386.7,0.00090524,1735775689.3852987,b,l
4651221,75383.9,0.00012942,1735775780.576341,b,l
4651222,75383.6,0.00132639,1735775846.3465705,s,m
4651223,75370.9,6.536e-05,1735775940.0356638,b,l
4651224,75370.7,1.294e-05,1735775940.053381,b,l
4651225,75370.7,3.268e-05,1735775940.063948,b,l
4651226,75345.1,0.00012252,1735775999.1069095,b,l
4651227,75345.1,1.308e-05,1735776000.0360875,b,l
4651228,75345.1,0.00014384,1735776000.1729336,b,l
4651229,75345.1,0.00026152,1735776000.2642283,b,l
4651230,75345.1,0.00013076,1735776000.328412,b,l
4651231,75345.1,0.00013044,1735776000.3612173,b,l
4651232,75345.1,9.742e-05,1735776001.1752238,b,l
4651233,75345.1,0.00062595,1735776001.2077613,b,l
4651234,75345.1,0.00012252,1735776001.722949,b,l
4651235,75345.0,0.00013751,1735776001.932536,s,l
4651236,75345.1,0.00125531,1735776002.0426688,b,l
4651237,75345.4,1.961e-05,1735776008.0338318,b,l
4651238,75345.3,0.00052304,1735776011.0311663,b,l
4651239,75369.3,0.00013072,1735776028.0304174,b,l
4651240,75376.0,0.0002971,1735776040.0356636,b,l
4651241,75376.0,0.00125479,1735776055.7292373,b,l
4651242,75376.0,1.307e-05,1735776059.0332935,b,l
4651243,75375.8,0.00019606,1735776060.0368865,b,l
4651244,75375.8,0.00024835,1735776060.91419,b,l
4651245,75345.3,0.00026544,1735776074.751544,b,m
4651246,75366.2,0.00367486,1735776100.9587188,b,m
4651247,75349.7,0.00019663,1735776115.5329828,s,l
4651248,75345.0,0.001013,1735776161.021718,s,l
4651249,75345.1,0.000389,1735776208.2500138,b,l
4651250,75345.1,0.0002151,1735776208.2500138,b,l
4651251,75345.0,0.00548563,1735776248.418527,s,l
4651252,75344.0,0.00066362,1735776248.418527,s,l
4651253,75317.8,0.01562498,1735776248.418527,s,l
4651254,75315.6,0.00024664,1735776286.1926582,b,l
4651255,75315.5,5e-05,1735776286.2064254,s,l
4651256,75289.7,0.000389,1735776301.0920756,s,l
4651257,75251.8,0.000389,1735776301.7558682,s,l
4651258,75247.4,0.00011989,1735776301.7558682,s,l
4651259,75296.5,0.00010899,1735776330.7525892,b,l
4651260,75276.5,0.00132074,1735776348.3943255,s,m
4651261,75309.1,0.000389,1735776373.1307745,b,l
4651262,75318.2,0.00023573,1735776373.1307745,b,l
4651263,75329.1,0.00045338,1735776424.7213428,b,l
4651264,75321.2,0.00075125,1735776494.6657815,b,l
4651265,75317.0,0.00043434,1735776601.5269656,s,l
4651266,75302.1,7.341e-05,1735776636.3872232,s,l
4651267,75305.6,0.00034392,1735776651.7387452,s,l
4651268,75302.7,0.00058549,1735776663.3695698,b,l
4651269,75257.7,0.00018375,1735776751.7820218,b,l
4651270,75285.5,0.00065432,1735776762.17063,b,l
4651271,75287.3,0.01295887,1735776773.8881056,b,l
4651272,75284.4,3.272e-05,1735776783.0369582,b,l
4651273,75316.6,6.541e-05,1735776812.0348482,b,l
4651274,75287.5,0.0056878,1735776819.992282,s,l
4651275,75317.1,0.00013513,1735776849.988047,b,l
4651276,75317.0,0.00039822,1735776901.983605,s,l
4651277,75317.0,0.00033193,1735777066.5949793,s,l
4651278,75317.0,0.00013277,1735777066.5949793,s,l
4651279,75316.9,0.0003452,1735777066.5949793,s,l
4651280,75264.6,0.02517759,1735777066.5949795,s,l
4651281,75242.9,0.00011469,1735777086.9749322,b,l
4651282,75243.1,0.00035749,1735777131.675387,s,l
4651283,75297.6,6.044e-05,1735777240.987821,b,l
4651284,75316.5,0.00124416,1735777258.797829,b,l
4651285,75315.3,0.00015544,1735777321.8134456,b,l
4651286,75317.1,0.00018417,1735777380.1723726,b,l
4651287,75317.6,0.00076395,1735777380.1723726,b,l
4651288,75438.0,0.00039778,1735777431.5330763,b,m
4651289,75442.0,0.00025864,1735777450.7003448,b,l
4651290,75500.0,0.00035724,1735777489.145754,b,m
4651291,75500.0,0.09235799,1735777500.3898418,b,l
4651292,75609.1,0.01939199,1735777512.6098638,b,l
4651293,75651.4,7e-05,1735777562.154916,b,l
4651294,75768.3,0.00130031,1735777572.9933712,b,l
4651295,75787.8,3.862e-05,1735777582.5849595,b,l
4651296,75563.0,0.00661618,1735777658.41173,s,m
4651297,75598.7,0.008939,1735777711.990269,s,l
4651298,75597.6,0.000389,1735777711.990269,s,l
4651299,75595.0,0.000389,1735777711.990269,s,l
4651300,75593.5,0.039,1735777742.2143922,s,l
4651301,75682.7,0.00519372,1735777770.7006748,b,l
4651302,75540.9,0.0013616,1735777960.536187,s,l
4651303,75587.8,0.000389,1735777962.2520194,b,l
4651304,75591.9,0.000611,1735777962.2520194,b,l
4651305,75651.5,0.008,1735777976.135255,b,l
4651306,75787.7,0.000389,1735778026.848338,s,l
4651307,75787.7,0.038611,1735778026.848338,s,l
4651308,75690.8,0.00254891,1735778037.7805989,s,l
4651309,75777.9,0.00541054,1735778105.28267,s,l
4651310,75653.6,0.0033047,1735778209.800823,s,m
4651311,75764.7,0.01318391,1735778254.1516318,b,l
4651312,75762.0,0.01680869,1735778382.0583372,b,m
4651313,75761.6,0.00012336,1735778384.251649,b,l
4651314,75762.2,0.00073793,1735778401.929914,s,l
4651315,75778.3,0.00247508,1735778486.610615,b,l
4651316,75776.1,0.000389,1735778643.5315113,b,l
4651317,75758.9,0.0002247,1735778701.3734906,s,l
4651318,75732.8,0.00049242,1735778717.8388646,b,l
4651319,75732.8,0.00187028,1735778724.582239,b,l
4651320,75732.8,2.081e-05,1735778738.0326056,b,l
4651321,75705.9,0.00330108,1735778754.5413442,s,m
4651322,75732.7,0.00013384,1735778766.4276824,s,m
4651323,75732.8,0.00020096,1735778766.4739685,b,l
4651324,75765.1,0.000389,1735778789.1318853,b,l
4651325,75787.8,0.00149443,1735778792.3969512,b,l
4651326,75787.8,0.000389,1735778792.3969512,b,l
4651327,75788.1,7e-05,1735778792.3969512,b,l
4651328,75790.9,0.00347795,1735778792.3969512,b,l
4651329,75864.2,0.000389,1735778817.5012453,b,l
4651330,75911.5,0.00270588,1735778817.5012453,b,l
4651331,75911.0,0.0006155,1735778820.7794042,b,l
4651332,75925.0,7e-05,1735779000.0360355,b,l
4651333,75934.0,0.00122748,1735779000.0360355,b,l
4651334,75922.2,0.00030589,1735779044.2508397,b,l
4651335,75969.0,0.00385266,1735779091.730062,b,l
4651336,75943.8,0.00658511,1735779124.573916,s,m
4651337,75946.3,0.06470368,1735779150.327185,b,l
4651338,75946.3,0.0012846,1735779170.447921,b,l
4651339,75894.8,0.02635227,1735779209.5963805,b,m
4651340,75895.7,0.005,1735779210.2973564,b,l
4651341,75900.6,0.01317513,1735779302.0083337,b,m
4651342,75857.9,0.03563111,1735779333.2157905,b,l
4651343,75857.9,0.15907519,1735779333.2157905,b,l
4651344,75788.1,7e-05,1735779460.131319,s,l
4651345,75760.0,0.00032511,1735779600.0442765,b,l
4651346,75760.0,6.389e-05,1735779600.0553584,b,l
4651347,75778.5,0.00045626,1735779600.0553584,b,l
4651348,75823.7,0.00032484,1735779607.0355566,b,l
4651349,75808.5,0.00030944,1735779643.9141564,b,l
4651350,75969.0,6.484e-05,1735779705.0338342,b,l
4651351,75969.0,3.891e-05,1735779721.356777,b,l
4651352,75921.2,0.00969734,1735779760.2078109,s,l
4651353,75925.6,0.00028063,1735779793.7497406,s,l
4651354,75856.3,0.00195727,1735779882.7135112,s,l
4651355,75891.3,2.596e-05,1735779900.035621,b,l
4651356,75870.7,0.00049977,1735779901.7970152,s,l
4651357,75884.5,0.00195275,1735779921.4252827,b,l
4651358,75968.9,0.000389,1735779952.5173664,s,l
4651359,75968.5,0.00095051,1735779952.5173666,s,l
4651360,75969.0,0.01235742,1735780007.9120831,b,l
4651361,75969.0,0.03368617,1735780021.7514296,b,l
4651362,75994.7,0.000417,1735780023.1412773,b,l
4651363,76012.0,0.01405027,1735780025.8153548,b,l
4651364,76062.2,7e-05,1735780095.870707,b,l
4651365,76074.9,0.00095596,1735780095.870707,b,l
4651366,76075.0,0.00064753,1735780105.0022445,b,l
4651367,76057.9,0.00083,1735780105.3680322,s,l
4651368,76074.9,0.00010957,1735780126.7961,s,l
4651369,75993.0,0.000389,1735780201.4606822,s,l
4651370,75977.1,0.00019724,1735780201.4606822,s,l
4651371,76011.9,0.00396609,1735780252.7701297,b,m
4651372,75944.3,0.0001975,1735780372.7470512,b,l
4651373,75983.0,0.00513712,1735780492.7817557,b,l
4651374,75982.8,0.00574754,1735780493.560593,b,l
4651375,75982.9,0.00709525,1735780493.560593,b,l
4651376,75982.4,0.00320997,1735780497.1398883,b,l
4651377,75994.1,0.00131589,1735780514.0614836,b,m
4651378,75972.4,6.582e-05,1735780516.6984518,s,l
4651379,75979.7,0.00012989,1735780554.3244216,s,l
4651380,75970.1,0.000389,1735780554.3244216,s,l
4651381,75959.8,0.00048111,1735780554.3244216,s,l
4651382,76032.9,6.262e-05,1735780582.0758288,b,l
4651383,75925.1,0.000388,1735780655.8560953,s,l
4651384,75925.0,7e-05,1735780656.512066,s,l
4651385,75913.6,0.00010428,1735780656.512066,s,l
4651386,75925.0,9.83e-05,1735780662.7776618,s,l
4651387,75922.9,0.00123357,1735780754.819661,b,l
4651388,75922.4,0.000771,1735780843.6914096,b,l
4651389,75908.2,0.0003183,1735780902.1361704,b,l
4651390,75845.7,0.07741777,1735780951.8001702,s,l
4651391,75845.6,0.11356224,1735780951.8001702,s,l
4651392,75828.8,0.02637023,1735780966.235917,s,l
4651393,75788.1,7e-05,1735781096.1915245,s,l
4651394,75748.5,0.07749745,1735781096.2089462,s,l
4651395,75732.1,0.00128822,1735781470.41562,b,l
4651396,75651.4,7e-05,1735781553.989864,s,l
4651397,75592.8,6.517e-05,1735781560.036217,b,l
4651398,75517.3,0.00023426,1735781581.7744567,b,l
4651399,75524.2,0.000389,1735781583.8385355,b,l
4651400,75530.1,0.00026324,1735781583.8385355,b,l
4651401,75530.1,0.00013177,1735781583.8966396,b,l
4651402,75569.3,0.00198544,1735781646.6101303,b,l
4651403,75527.1,0.00131589,1735781730.280734,s,m
4651404,75590.0,6.957e-05,1735781839.956055,b,l
4651405,75667.2,0.00064486,1735781903.405856,b,l
4651406,75660.8,0.00019532,1735781958.0351715,b,l
4651407,75692.2,1.289e-05,1735782091.5218568,b,l
4651408,75678.0,0.00025783,1735782164.5795295,b,l
4651409,75677.9,5e-05,1735782282.234353,s,l
4651410,75676.5,0.00038675,1735782294.3262444,b,l
4651411,75675.7,0.00026038,1735782303.032728,b,l
4651412,75616.2,0.0005844,1735782416.139053,s,m
4651413,75632.7,3.908e-05,1735782420.035251,b,l
4651414,75610.2,0.00012209,1735782542.6811075,b,l
4651415,75578.7,0.0006604,1735782603.6734548,s,m
4651416,75628.4,0.00039,1735782847.3963916,s,l
4651417,75626.1,0.00287661,1735782847.3963916,s,l
4651418,75582.5,0.0128948,1735783076.7897563,b,l
4651419,75575.4,4.289e-05,1735783252.0372689,b,l
4651420,75575.4,1.304e-05,1735783252.0427628,b,l
4651421,75542.2,0.00015679,1735783316.8968534,b,l
4651422,75677.1,6.494e-05,1735783761.4263258,b,l
4651423,75690.4,0.00049302,1735783769.2010963,b,l
4651424,75734.5,0.00065318,1735784077.0324917,s,l
4651425,75649.2,0.00024876,1735784140.6887894,b,l
4651426,75649.1,0.00020291,1735784204.1778314,s,l
4651427,75598.6,0.00026495,1735784405.9188576,b,m
4651428,75676.1,0.00644596,1735784569.0707295,b,l
4651429,75676.1,0.00019581,1735784724.925888,b,l
4651430,75736.7,0.00032521,1735784910.035235,b,l
4651431,75736.6,0.00065258,1735785007.6406732,s,l
4651432,75676.0,0.00043606,1735785007.6406732,s,l
4651433,75630.5,0.02127824,1735785007.6406734,s,l
4651434,75615.7,0.00892192,1735785029.094079,s,l
4651435,75608.7,0.00247692,1735785064.5071678,b,l
4651436,75597.7,0.00039,1735785314.7699242,b,l
4651437,75597.8,0.00010363,1735785314.7699242,b,l
4651438,75729.6,2.512e-05,1735785417.3235338,b,l
4651439,75712.8,0.00124538,1735785616.622552,s,l
4651440,75694.1,0.00026032,1735785863.0326464,b,l
4651441,75721.1,0.00322105,1735785979.6488888,b,l
4651442,75758.7,0.0001,1735786077.4997892,b,m
4651443,75725.9,6.602e-05,1735786755.7929635,b,m
4651444,75788.1,6.5e-05,1735786800.097183,b,l
4651445,75807.4,6.498e-05,1735786823.032858,b,l
4651446,75807.4,4.289e-05,1735786823.0349686,b,l
4651447,75840.3,0.00043432,1735786842.397653,b,l
4651448,75825.5,0.00025987,1735786858.0329173,b,l
4651449,75814.8,0.00257367,1735786893.106181,b,l
4651450,75814.8,0.0007104,1735786893.576597,b,l
4651451,75814.7,0.00023742,1735786941.062022,s,l
4651452,75694.1,0.00128888,1735787251.925716,b,l
4651453,75694.0,0.00947895,1735787272.2903848,s,l
4651454,75694.0,0.01035095,1735787358.0795949,s,l
4651455,75694.0,0.00010569,1735787358.0795949,s,l
4651456,75692.2,0.0010503,1735787358.0795949,s,l
4651457,75624.0,0.00326642,1735787650.7903607,b,l
4651458,75693.1,0.00061711,1735787729.5503626,b,l
4651459,75675.6,0.0001,1735787886.0158863,b,m
4651460,75733.3,0.002114,1735787936.5217323,b,l
4651461,75715.0,2.113e-05,1735788086.8203073,b,l
4651462,75716.2,0.00023196,1735788342.144623,b,l
4651463,75707.2,0.0020533,1735788419.1627307,s,l
4651464,75694.0,2.578e-05,1735788509.961235,b,l
4651465,75630.0,6.48e-05,1735788811.226162,s,l
4651466,75630.1,0.00019543,1735789181.2313569,b,l
4651467,75630.1,9.705e-05,1735789195.7419477,b,l
4651468,75630.1,0.00024751,1735789302.9024684,b,l
4651469,75630.0,0.00026575,1735789485.4414363,s,l
4651470,75621.0,0.00074726,1735789486.6095374,s,l
4651471,75568.6,0.00229554,1735789631.090937,b,l
4651472,75599.9,0.0004,1735789871.7245786,b,m
4651473,75628.4,0.00026054,1735790152.0326777,b,l
4651474,75629.7,0.0002599,1735790336.6412528,b,l
4651475,75616.1,0.00264494,1735790405.7836444,b,m
4651476,75616.1,0.0024801,1735790406.0525427,b,l
4651477,75729.8,0.00124892,1735790472.2744613,b,l
4651478,75728.5,0.00034396,1735790475.311093,b,l
4651479,75667.7,0.00064467,1735790640.4587357,b,l
4651480,75738.0,0.00375289,1735791120.772521,b,l
4651481,75743.5,0.01898,1735791207.091274,s,m
4651482,75710.1,0.00338452,1735791264.180065,s,l
4651483,75731.6,1.301e-05,1735791296.0393906,b,l
4651484,75733.7,0.0005,1735791381.327072,s,l
4651485,75694.0,0.00304892,1735791427.4192512,s,m
4651486,75685.6,1.302e-05,1735791578.0328524,b,l
4651487,75661.8,0.000245,1735791747.0899234,b,l
4651488,75691.7,0.01288921,1735791835.52459,b,l
4651489,75726.2,0.00045536,1735792171.0315225,b,l
4651490,75863.3,0.01295474,1735792441.1646242,b,l
4651491,75872.1,6.493e-05,1735792585.0327857,b,l
4651492,75865.8,0.07710462,1735792595.4212382,b,l
4651493,75880.8,0.00161198,1735792595.4212382,b,l
4651494,75925.0,7e-05,1735792686.360856,b,l
4651495,75925.1,0.1313866,1735792687.013196,b,l
4651496,75946.6,0.000388,1735792687.2522829,b,l
4651497,75959.6,0.000389,1735792687.9996965,b,l
4651498,76015.1,0.008924,1735792690.2454205,b,l
4651499,76062.2,7e-05,1735792692.1530943,b,l
4651500,76075.0,0.05935247,1735792692.195931,b,l
4651501,76095.1,8.222e-05,1735792728.2269804,b,l
4651502,76151.6,0.00014093,1735792832.505217,b,l
4651503,76151.6,0.00320369,1735792863.8139305,b,l
4651504,76196.6,0.00074654,1735792873.949883,b,l
4651505,76199.6,0.00134988,1735792875.1802423,b,l
4651506,76199.6,7e-05,1735792875.1802423,b,l
4651507,76289.2,0.0009101,1735792883.885547,b,l
4651508,76289.2,0.00457006,1735792951.2955189,b,l
4651509,76300.0,0.01572739,1735792958.700213,b,l
4651510,76336.5,0.00027158,1735792990.7810054,b,l
4651511,76288.1,0.01925942,1735793105.2561908,b,l
4651512,76294.0,0.00294297,1735793139.1636603,s,l
4651513,76337.3,7e-05,1735793175.047429,b,l
4651514,76372.2,0.00025801,1735793225.0334942,b,l
4651515,76276.2,0.07647231,1735793508.225217,b,l
4651516,76276.3,0.05122906,1735793508.225217,b,l
4651517,76204.3,0.039,1735793561.3197825,s,m
4651518,76201.9,0.10561,1735793561.3197825,s,m
4651519,76233.5,0.000312,1735793575.8419216,s,l
4651520,76199.7,0.00032324,1735793927.0375748,b,l
4651521,76199.6,7e-05,1735793989.5806794,s,m
4651522,76145.2,0.00319268,1735793989.5806794,s,m
4651523,76197.0,6.465e-05,1735794000.1018596,b,l
4651524,76150.2,0.0006,1735794000.1089053,s,l
4651525,76196.6,1.306e-05,1735794000.1813762,b,l
4651526,76191.5,1.293e-05,1735794028.0367,b,l
4651527,76187.9,0.00124139,1735794029.864881,b,l
4651528,76177.0,0.00043107,1735794040.0350049,b,l
4651529,76172.5,9.636e-05,1735794045.4264994,b,l
4651530,76062.3,0.00010274,1735794176.40454,b,l
4651531,76062.3,0.00015724,1735794231.0955098,b,l
4651532,76062.3,0.01307838,1735794294.2036498,b,l
4651533,76062.2,7e-05,1735794321.5645149,s,l
4651534,76019.1,0.00024624,1735794427.9286015,b,l
4651535,76013.0,0.00064173,1735794504.215011,b,l
4651536,76012.2,0.00064182,1735794562.685192,b,l
4651537,76014.5,0.00092331,1735794565.499628,b,l
4651538,76032.3,0.0065588,1735794650.5486195,s,l
4651539,76032.3,6.305e-05,1735794660.9903946,s,l
4651540,76029.2,0.00123198,1735794856.3881173,b,l
4651541,76027.2,0.00012024,1735795103.0689354,b,l
4651542,76035.7,0.00128309,1735795123.6660173,b,l
4651543,76035.7,0.0012327,1735795161.652547,b,l
4651544,76035.7,2.1e-07,1735795164.135752,b,l
4651545,76119.0,0.00012128,1735795325.88285,b,l
4651546,76116.5,0.0039776,1735795342.8369632,b,l
4651547,76106.1,5.348e-05,1735795381.461774,s,l
4651548,76199.6,7e-05,1735795580.136938,b,l
4651549,76275.5,0.02459599,1735795665.188599,b,m
4651550,76275.6,0.12603937,1735795665.188599,b,m
4651551,76242.7,0.00030479,1735795692.5324132,b,l
4651552,76236.9,0.00019385,1735795803.0351412,b,l
4651553,76227.9,0.00010239,1735796287.9627442,b,l
4651554,76227.8,0.00010495,1735796561.708829,s,l
4651555,76227.8,0.00027535,1735796561.708829,s,l
4651556,76262.7,0.00553769,1735796696.5276222,b,l
4651557,76232.0,1.439e-05,1735796813.368547,s,l
4651558,76227.9,0.00319965,1735797031.3858345,b,l
4651559,76227.8,0.01284323,1735797070.2505186,s,l
4651560,76167.6,0.00026258,1735797303.6601114,b,m
4651561,76120.0,0.00061958,1735797602.1754074,b,l
4651562,76125.5,0.00061954,1735797616.8136284,b,l
4651563,76118.9,0.00012128,1735797628.2222023,b,l
4651564,76116.9,0.00168266,1735797639.034626,b,l
4651565,76121.5,0.00012127,1735797705.8619103,b,l
4651566,76120.9,0.00051266,1735797710.2678742,b,l
4651567,76155.9,3.881e-05,1735797779.0336924,b,l
4651568,76188.1,0.00196685,1735797820.648018,b,l
4651569,76171.2,5.235e-05,1735797940.4577415,s,l
4651570,76148.5,0.01093585,1735797992.7617226,s,l
4651571,76147.6,2.019e-05,1735798029.8514948,s,l
4651572,76062.2,2.021e-05,1735798211.8753762,s,l
4651573,76059.0,0.00641351,1735798325.5227,b,l
4651574,76098.4,0.00061976,1735798501.235515,b,l
4651575,76023.5,1.309e-05,1735798784.037064,b,l
4651576,76033.5,0.000389,1735798947.252415,b,l
4651577,76033.6,0.00026883,1735798947.252415,b,l
4651578,76017.8,0.00051342,1735799052.5784883,b,l
4651579,76071.7,0.00128415,1735799188.487668,s,l
4651580,76046.4,4.534e-05,1735799400.036496,b,l
4651581,76046.4,0.00064778,1735799400.050559,b,l
4651582,76000.1,0.00259269,1735799448.0371344,b,l
4651583,76012.2,0.00124429,1735799486.9217482,b,l
4651584,76007.7,0.00451752,1735799498.3230624,s,l
4651585,76038.7,0.00127052,1735799530.834519,b,m
4651586,76064.0,0.00647691,1735799685.994566,b,l
4651587,76035.7,0.00136906,1735799787.1107967,b,l
4651588,76106.2,3.884e-05,1735799864.0336075,b,l
4651589,76125.3,0.00064079,1735799996.3218255,b,l
4651590,76118.0,6.568e-05,1735800061.2208729,s,m
4651591,76101.3,0.000388,1735800078.009571,s,l
4651592,76100.0,0.00131406,1735800078.009571,s,l
4651593,76098.7,0.00158893,1735800078.009571,s,l
4651594,76102.2,6.473e-05,1735800117.0360126,b,l
4651595,76095.5,6.372e-05,1735800361.6019394,b,l
4651596,76069.0,0.00641335,1735800660.2141705,b,l
4651597,76070.6,0.00065728,1735800689.537417,b,m
4651598,76113.2,0.0039415,1735800771.318249,b,m
4651599,76163.5,0.12809676,1735801165.751778,b,l
4651600,76163.5,0.00063736,1735801200.1417186,b,l
4651601,76163.5,1.294e-05,1735801200.1557603,b,l
4651602,76194.2,1.293e-05,1735801221.0341568,b,l
4651603,76202.3,5.172e-05,1735801231.033435,b,l
4651604,76209.2,0.00018333,1735801235.6856115,b,l
4651605,76217.0,0.00025853,1735801247.038797,b,l
4651606,76215.4,0.00012927,1735801248.0358143,b,l
4651607,76211.7,2.585e-05,1735801255.0388932,b,l
4651608,76133.5,0.000388,1735801472.9809892,b,l
4651609,76134.4,0.00010215,1735801472.9809892,b,l
4651610,76209.9,4.525e-05,1735801617.0344007,b,l
4651611,76234.7,0.00012924,1735801711.0331266,b,l
4651612,76258.0,0.00122831,1735801804.209861,b,l
4651613,76280.5,0.09523746,1735801971.0257127,b,l
4651614,76261.2,0.00266185,1735801985.875032,s,l
4651615,76254.3,6.672e-05,1735802093.119161,s,l
4651616,76259.3,0.00012793,1735802229.6697023,b,l
4651617,76268.6,0.00988348,1735802308.6591763,s,l
4651618,76337.3,6.545e-05,1735802660.7527444,b,l
4651619,76342.6,0.000388,1735802666.4317727,s,m
4651620,76337.2,0.0107468,1735802666.4317727,s,m
4651621,76365.3,0.00654748,1735802713.5646856,b,m
4651622,76337.2,0.00235297,1735802719.261545,s,l
4651623,76336.8,0.00032737,1735802721.141538,b,l
4651624,76326.7,0.00025564,1735802772.719431,b,l
4651625,76320.1,0.000388,1735802794.3479276,b,l
4651626,76320.1,0.00010095,1735802794.3479276,b,l
4651627,76320.1,0.00129091,1735802917.032038,b,l
4651628,76320.1,0.02582123,1735802922.101642,b,l
4651629,76320.1,0.00129395,1735802946.5370643,b,m
4651630,76320.1,0.00012909,1735803000.0371628,b,l
4651631,76320.1,0.00012096,1735803012.768154,b,l
4651632,76344.0,0.00034706,1735803144.079975,b,l
4651633,76343.5,0.00054311,1735803145.9708772,b,l
4651634,76350.9,0.00019356,1735803233.0339618,b,l
4651635,76334.4,0.00034668,1735803319.8159568,b,l
4651636,76332.9,0.00031952,1735803387.8441453,b,l
4651637,76335.6,0.0262001,1735803400.83376,b,m
4651638,76341.6,0.00061183,1735803476.7942543,b,l
4651639,76397.2,0.07199084,1735803588.795839,b,l
4651640,76379.5,0.01476181,1735803799.1214836,s,l
4651641,76350.0,0.00019167,1735803882.6146212,b,l
4651642,76350.0,7.028e-05,1735803904.4305968,b,l
4651643,76350.0,0.00184158,1735803935.6485174,b,l
4651644,76350.0,0.00065488,1735803944.561247,b,m
4651645,76349.5,0.00078586,1735803983.097854,b,m
4651646,76344.4,0.00127791,1735804091.7967274,b,l
4651647,76349.2,0.00063894,1735804135.7831368,b,l
4651648,76350.0,0.01277812,1735804262.0334003,b,l
4651649,76350.0,0.00012091,1735804286.8622148,b,l
4651650,76349.9,0.00330609,1735804317.2755215,s,l
4651651,76344.3,0.00133736,1735804385.9922333,s,l
4651652,76341.5,0.00032747,1735804385.9956946,s,l
4651653,76350.0,0.00114937,1735804766.0763495,b,l
4651654,76350.0,0.00013098,1735804787.1090612,b,m
4651655,76350.0,0.00026995,1735804800.8669596,b,l
4651656,76350.0,1.29e-05,1735804803.0314317,b,l
4651657,76350.0,0.00024518,1735804805.77591,b,l
4651658,76350.0,0.0001166,1735804808.0122166,b,l
4651659,76350.0,9.741e-05,1735804810.6552937,b,l
4651660,76350.0,0.00027058,1735804810.8326683,b,l
4651661,76350.0,0.00013085,1735804810.848814,b,l
4651662,76350.0,0.00043292,1735804810.9910514,b,l
4651663,76350.0,0.00768097,1735804814.653154,b,l
4651664,76396.1,9.951e-05,1735804816.045607,s,l
4651665,76396.2,0.00150381,1735804837.8462827,b,l
4651666,76396.2,0.00015475,1735804845.037094,b,l
4651667,76396.2,0.00127704,1735804847.818356,b,l
4651668,76396.2,0.00064481,1735804855.0325933,b,l
4651669,76396.2,0.00127704,1735804869.904117,b,l
4651670,76396.2,0.0004252,1735804964.1818645,b,l
4651671,76396.2,0.00654483,1735805113.9980445,b,m
4651672,76396.2,0.00024503,1735805125.2601228,b,l
4651673,76396.2,0.01792749,1735805164.6540024,b,l
4651674,76400.0,0.10674453,1735805164.6942866,b,l
4651675,76474.6,0.01307624,1735805230.183789,b,m
4651676,76471.5,0.00032691,1735805246.2517552,b,l
4651677,76475.2,7e-05,1735805406.5619383,b,l
4651678,76475.2,0.0012287,1735805406.5619383,b,l
4651679,76475.2,0.0001,1735805433.5641189,b,m
4651680,76475.1,0.00113115,1735805450.9674947,s,l
4651681,76475.2,0.00520936,1735805482.0600047,b,l
4651682,76500.0,0.02649401,1735805483.717528,b,l
4651683,76500.0,0.51471984,1735805483.717528,b,l
4651684,76500.0,0.48528016,1735805483.7179806,b,l
4651685,76570.5,0.00012056,1735805486.8085525,b,l
4651686,76574.6,0.00054744,1735805493.2313125,b,m
4651687,76574.6,0.01251172,1735805493.2313125,b,m
4651688,76581.7,0.00053432,1735805526.4056664,s,l
4651689,76581.8,0.00085507,1735805547.5359194,b,l
4651690,76580.1,0.000388,1735805620.2326522,s,m
4651691,76580.1,6.911e-05,1735805620.2326522,s,m
4651692,76581.8,0.00127396,1735805637.885997,b,l
4651693,76579.2,0.00257308,1735805649.9350505,b,l
4651694,76580.1,0.00064326,1735805684.0325434,b,l
4651695,76507.3,0.03325452,1735805746.1297777,s,l
4651696,76539.1,0.00053789,1735805796.006489,b,m
4651697,76530.7,0.0170855,1735805828.505278,b,l
4651698,76560.6,0.00025493,1735805851.65578,b,l
4651699,76514.7,0.00637531,1735805920.0111177,b,l
4651700,76518.2,0.00015,1735805939.082204,b,m
4651701,76504.0,0.00053016,1735805973.3726263,s,l
4651702,76504.1,0.00040183,1735805991.7315588,b,l
4651703,76504.1,0.00576561,1735806008.6022437,b,l
4651704,76504.0,0.00052146,1735806037.6365726,s,l
4651705,76504.1,0.00065356,1735806102.7099185,b,m
4651706,76504.1,0.04080763,1735806172.4812982,b,l
4651707,76504.1,0.01,1735806264.088401,b,m
4651708,76504.1,0.00306529,1735806267.9967637,b,l
4651709,76504.0,0.0002555,1735806292.1480477,s,l
4651710,76504.0,0.00078427,1735806292.1480477,s,l
4651711,76451.2,0.00026142,1735806308.765449,b,l
4651712,76451.1,0.07650824,1735806308.9782884,s,l
4651713,76446.9,0.00011957,1735806333.06397,b,l
4651714,76457.8,0.00368141,1735806464.2101505,b,l
4651715,76457.7,0.00373285,1735806467.8027022,b,l
4651716,76458.9,5.359e-05,1735806623.0334074,b,l
4651717,76458.9,6.443e-05,1735806645.035265,b,l
4651718,76458.8,0.00447018,1735806648.1798182,s,l
4651719,76450.5,0.0005104,1735806681.3496294,b,l
4651720,76450.4,6.655e-05,1735806683.9727068,s,l
4651721,76450.1,0.00013041,1735806702.471727,s,l
4651722,76449.3,0.01214334,1735806702.471727,s,l
4651723,76437.7,0.008896,1735806702.471727,s,l
4651724,76437.0,0.000386,1735806702.471727,s,l
4651725,76430.5,0.000388,1735806702.471727,s,l
4651726,76406.6,0.01271366,1735806702.471727,s,l
4651727,76406.5,0.00057614,1735806702.471727,s,l
4651728,76449.2,0.00144856,1735806861.9632225,s,l
4651729,76449.3,0.00574269,1735806974.0031905,b,l
4651730,76449.1,0.0036817,1735806998.420545,b,l
4651731,76449.0,0.0160135,1735807029.9494574,b,l
4651732,76449.2,1.65e-05,1735807130.923628,s,l
4651733,76449.3,0.00385668,1735807163.6933055,b,l
4651734,76449.3,0.00335494,1735807232.5721366,b,l
4651735,76449.2,0.00399285,1735807245.2382476,s,l
4651736,76449.3,9.843e-05,1735807247.7776806,b,l
4651737,76449.3,0.00108469,1735807247.7776806,b,l
4651738,76449.3,0.00153138,1735807269.463573,b,l
4651739,76449.3,0.06738393,1735807284.7329428,b,l
4651740,76500.0,0.01931807,1735807285.048452,b,l
4651741,76500.0,6.439e-05,1735807288.033114,b,l
4651742,76500.0,0.00061754,1735807294.3944776,b,l
4651743,76500.0,0.00065777,1735807294.3944776,b,l
4651744,76500.0,0.0001084,1735807310.913033,b,l
4651745,76499.9,6.54e-05,1735807369.4490695,s,m
4651746,76500.0,0.00848817,1735807382.400082,b,l
4651747,76500.0,0.00848711,1735807407.6787212,b,l
4651748,76500.0,0.00032197,1735807421.2529352,b,l
4651749,76500.0,0.00848817,1735807427.756188,b,l
4651750,76500.0,0.00848924,1735807447.9314,b,l
4651751,76500.0,0.0021984,1735807452.2190518,b,l
4651752,76500.0,0.06217071,1735807493.539901,b,l
4651753,76575.7,0.00510828,1735807504.2066686,s,l
4651754,76575.6,0.25999164,1735807504.2066686,s,l
4651755,76578.2,0.00038222,1735807543.4803908,b,l
4651756,76578.2,6.433e-05,1735807546.0333772,b,l
4651757,76581.8,0.00134892,1735807559.878121,b,l
4651758,76581.8,0.00250121,1735807559.878121,b,l
4651759,76591.8,0.00013252,1735807561.334925,s,l
4651760,76599.6,0.00015921,1735807619.096223,b,l
4651761,76592.9,0.00083398,1735807647.2265716,b,l
4651762,76593.8,0.06527944,1735807711.0589757,b,m
4651763,76600.0,0.00012991,1735807867.8157425,b,l
4651764,76599.9,0.00020072,1735807899.8437414,s,l
4651765,76600.0,0.00755754,1735807907.3447592,b,l
4651766,76600.0,0.00665255,1735807930.3446343,b,l
4651767,76611.0,0.00306145,1735807930.8865542,b,l
4651768,76611.0,0.00035704,1735807933.2762868,b,l
4651769,76611.0,0.01006977,1735807936.0993044,b,l
4651770,76613.4,7e-05,1735807936.1021628,b,l
4651771,76625.0,0.0566,1735807940.1248446,b,l
4651772,76631.8,0.00247036,1735807947.902556,b,l
4651773,76646.0,0.00041347,1735807950.1074667,b,l
4651774,76666.0,5e-05,1735807950.679715,b,l
4651775,76700.0,0.00521512,1735807972.8767946,b,l
4651776,76700.0,0.00119167,1735807972.8767946,b,l
4651777,76700.9,0.0005138,1735808001.331817,b,l
4651778,76671.7,0.00061501,1735808008.9279566,b,l
4651779,76691.4,0.00011891,1735808023.9182267,b,l
4651780,76697.3,0.0006451,1735808058.0781634,s,l
4651781,76751.8,1.271e-05,1735808096.761305,b,l
4651782,76773.4,0.00586141,1735808119.0323048,b,m
4651783,76757.6,0.0013028,1735808154.2166183,s,m
4651784,76799.9,0.00651042,1735808309.5090086,s,l
4651785,76800.0,0.00104166,1735808315.9527168,b,l
4651786,76800.0,0.00024374,1735808375.764357,b,l
4651787,76800.0,9.621e-05,1735808400.097203,b,l
4651788,76800.0,0.00012828,1735808400.1425776,b,l
4651789,76800.0,0.00030544,1735808401.0728898,b,l
4651790,76800.0,0.0006141,1735808401.352969,b,l
4651791,76799.9,0.00651043,1735808402.48325,s,l
4651792,76771.8,0.00061432,1735808409.8843353,b,l
4651793,76771.8,0.00370235,1735808413.895412,b,l
4651794,76771.8,0.03812375,1735808418.0347762,b,l
4651795,76771.8,0.00061432,1735808421.8973515,b,l
4651796,76771.8,0.00012025,1735808422.278582,b,l
4651797,76771.7,0.00026051,1735808490.9447646,s,l
4651798,76727.2,0.000386,1735808490.9447646,s,l
4651799,76724.3,2.127e-05,1735808490.9447646,s,l
4651800,76724.4,0.00065148,1735808491.1246405,b,m
4651801,76716.8,0.000244,1735808504.3398662,b,l
4651802,76710.0,0.000387,1735808511.224349,s,l
4651803,76709.4,0.00053491,1735808511.224349,s,l
4651804,76712.0,0.00061331,1735808518.3255565,b,l
4651805,76669.0,0.00104067,1735808529.9729214,s,l
4651806,76699.8,0.00133638,1735808575.7149277,s,l
4651807,76799.9,0.00371094,1735808669.677245,b,m
4651808,76800.0,0.00293131,1735808740.3292804,b,l
4651809,76800.0,0.0001202,1735808749.2255354,b,l
4651810,76800.0,0.00338365,1735808770.9214191,b,l
4651811,76800.0,0.00611026,1735808825.1915438,b,l
4651812,76800.0,0.00039063,1735808842.883978,b,m
4651813,76800.0,7.711e-05,1735808860.8056147,b,l
4651814,76800.0,0.00018241,1735808861.4889147,b,m
4651815,76819.9,0.0128351,1735808861.4889147,b,m
4651816,76811.6,0.00012018,1735808893.1845562,b,l
4651817,76800.0,0.04631675,1735808917.01036,b,l
4651818,76800.0,0.00368325,1735808917.01036,b,l
4651819,76800.0,0.00635163,1735808938.7413502,b,l
4651820,76800.0,0.00182292,1735808966.7679317,b,m
4651821,76800.0,0.00012828,1735809011.7016094,b,l
4651822,76799.9,0.0001319,1735809022.8128724,s,l
4651823,76799.9,0.00032599,1735809022.8128724,s,l
4651824,76799.9,0.00221138,1735809022.8128724,s,l
4651825,76803.9,0.00066732,1735809101.8172083,s,l
4651826,76833.3,0.00128045,1735809118.6981015,b,l
4651827,76827.5,0.00019866,1735809131.892879,s,l
4651828,76829.5,0.00261488,1735809151.108117,b,m
4651829,76850.1,0.00019674,1735809152.5411885,b,l
4651830,76859.7,0.03175636,1735809152.5411887,b,l
4651831,76848.8,0.00156149,1735809176.2969024,b,l
4651832,76822.9,0.00064123,1735809239.2213902,b,l
4651833,76825.5,0.00329624,1735809240.1197546,b,l
4651834,76827.9,0.0010826,1735809263.991804,s,l
4651835,76857.6,0.00130111,1735809321.468284,b,m
4651836,76813.7,6.483e-05,1735809366.5880764,b,m
4651837,76813.7,0.00012826,1735809370.0338151,b,l
4651838,76872.0,9.455e-05,1735809438.65011,b,l
4651839,76872.0,0.00065199,1735809512.038878,b,l
4651840,76887.9,0.00023421,1735809513.6177938,s,m
4651841,76887.9,0.01999664,1735809516.7073548,s,l
4651842,76888.0,0.001,1735809517.264558,b,l
4651843,76890.4,8e-05,1735809517.264558,b,l
4651844,76891.9,0.0054162,1735809517.264558,b,l
4651845,76891.9,2.1e-05,1735809518.0028477,b,l
4651846,76907.2,8.222e-05,1735809537.3136814,b,l
4651847,76960.8,4.585e-05,1735809537.3136814,b,l
4651848,76960.6,0.00038405,1735809537.348196,b,l
4651849,76951.9,0.00991629,1735809574.8569584,s,l
4651850,76943.0,0.00080947,1735809641.695268,s,m
4651851,76979.2,8.959e-05,1735809660.032418,b,l
4651852,76971.6,0.0001,1735809681.1254525,b,m
4651853,76997.6,0.00129874,1735809683.8918765,b,m
4651854,76968.8,0.00127676,1735809706.476728,b,l
4651855,76943.2,0.00793275,1735809711.9477916,s,l
4651856,76954.3,0.00129947,1735809724.698697,b,m
4651857,76953.7,0.0010217,1735809728.3604336,b,l
4651858,76921.0,0.00012001,1735809735.8102417,b,l
4651859,76980.5,0.00050467,1735809835.5487452,b,m
4651860,76999.9,9e-05,1735809881.312304,s,l
4651861,76999.3,0.00018144,1735809941.904547,b,l
4651862,76999.2,0.00129871,1735809981.524556,s,l
4651863,76948.4,0.00705104,1735810021.9310837,s,l
4651864,76921.0,0.00129957,1735810083.2719648,b,l
4651865,76921.0,0.0004438,1735810109.5525725,b,l
4651866,76927.4,2.79e-05,1735810116.5330143,b,m
4651867,76921.0,0.00024336,1735810132.4454207,b,l
4651868,76941.8,0.0006809,1735810152.711402,b,m
4651869,76930.0,0.00253636,1735810223.848055,b,l
4651870,76930.0,0.01,1735810252.3667502,b,m
4651871,76929.9,0.00111812,1735810254.1941328,s,l
4651872,76930.0,0.04406364,1735810259.671058,b,m
4651873,76948.1,0.0559232,1735810259.671058,b,m
4651874,76956.2,0.01268179,1735810271.843668,b,l
4651875,76955.2,0.00415826,1735810276.4205909,b,m
4651876,76929.9,0.00032503,1735810288.0486395,s,m
4651877,76925.0,0.03694107,1735810288.0486395,s,m
4651878,76963.4,2.56e-05,1735810317.0359814,b,l
4651879,76982.6,0.00158248,1735810396.4784431,b,l
4651880,76982.6,0.00380194,1735810399.5828574,b,l
4651881,76998.5,0.05105506,1735810413.1474495,b,l
4651882,77000.0,0.00024311,1735810416.8609023,b,l
4651883,77000.0,0.00051897,1735810436.164178,b,l
4651884,76999.9,0.0052062,1735810440.8990932,s,l
4651885,77000.0,0.01173792,1735810443.000765,b,m
4651886,77029.4,8e-05,1735810443.000765,b,m
4651887,77048.0,0.01554027,1735810443.000765,b,m
4651888,77048.1,0.00811069,1735810443.000765,b,m
4651889,77049.9,0.07600647,1735810443.000765,b,m
4651890,77050.0,0.046,1735810443.000765,b,m
4651891,77055.3,0.25962988,1735810443.000765,b,m
4651892,77059.5,0.23178594,1735810443.000765,b,m
4651893,77063.1,0.00025569,1735810453.0342464,b,l
4651894,77047.7,0.07599588,1735810478.4748118,b,m
4651895,77047.8,0.02134639,1735810478.4748118,b,m
4651896,77023.4,0.03968667,1735810497.4415884,s,l
4651897,77065.0,0.00121557,1735810535.2561612,b,l
4651898,77046.9,0.000385,1735810581.9955838,s,m
4651899,77042.8,0.000387,1735810581.9955838,s,m
4651900,77040.5,0.07600885,1735810581.9955838,s,m
4651901,77040.4,0.008866,1735810581.9955838,s,m
4651902,77038.5,0.25978069,1735810581.9955838,s,m
4651903,77036.9,0.25979954,1735810581.9955838,s,m
4651904,77031.8,0.25981689,1735810581.9955838,s,m
4651905,77028.9,0.13495603,1735810581.9955838,s,m
4651906,77039.3,0.000387,1735810603.0692484,b,l
4651907,77039.3,1.059e-05,1735810603.0692484,b,l
4651908,77039.3,0.00037441,1735810606.4478598,b,l
4651909,77039.4,0.00449605,1735810606.4478598,b,l
4651910,77048.7,0.01012975,1735810612.273681,b,l
4651911,77048.3,0.00061212,1735810621.2073233,b,l
4651912,77061.1,0.00037984,1735810648.4083574,b,l
4651913,77094.2,0.02048184,1735810689.0655274,b,l
4651914,77072.1,0.00557919,1735810738.6659272,b,m
4651915,77072.1,0.00018126,1735810792.354839,b,l
4651916,77072.1,0.00033798,1735810823.7811503,b,l
4651917,77072.0,0.00032437,1735810841.9829051,s,l
4651918,77019.0,0.00030861,1735810841.9829051,s,l
4651919,77064.6,0.00428212,1735810846.9741368,b,m
4651920,77045.0,0.00063314,1735810920.0182943,b,l
4651921,77044.2,0.00357176,1735810933.9586546,b,l
4651922,77021.7,0.00045144,1735810995.1601422,s,m
4651923,77017.2,0.00061236,1735811142.887105,b,l
4651924,77024.7,0.23672123,1735811153.1650076,b,l
4651925,77002.5,0.00066726,1735811242.518363,b,l
4651926,77002.5,0.0003801,1735811273.0146894,b,l
4651927,77002.4,0.00035063,1735811279.9074762,s,l
4651928,76950.0,0.00246914,1735811322.948953,b,m
4651929,76950.0,0.00024326,1735811341.257904,b,l
4651930,76950.0,0.00975673,1735811345.0116873,b,m
4651931,76949.9,0.00266345,1735811368.1779068,s,l
4651932,76949.9,0.00066691,1735811368.1779068,s,l
4651933,76949.9,0.00065548,1735811368.1779068,s,l
4651934,76945.8,0.07612489,1735811383.6991315,s,l
4651935,76945.7,0.01245927,1735811383.6991315,s,l
4651936,76945.6,0.039,1735811383.6991315,s,l
4651937,76945.3,0.26020381,1735811383.6991315,s,l
4651938,76944.3,0.26020722,1735811383.6991315,s,l
4651939,76941.9,0.000387,1735811383.6991315,s,l
4651940,76941.8,0.26021535,1735811383.6991315,s,l
4651941,76936.9,0.000385,1735811383.6991315,s,l
4651942,76935.1,0.26023814,1735811383.6991315,s,l
4651943,76934.1,0.00887,1735811383.6991315,s,l
4651944,76920.0,0.07615119,1735811398.412202,b,l
4651945,76920.0,0.07615118,1735811399.1359074,b,l
4651946,76920.0,0.07615039,1735811399.7322862,b,l
4651947,76920.0,0.52589088,1735811400.368767,b,l
4651948,76920.0,0.56916565,1735811400.3691392,b,l
4651949,76920.0,0.56916565,1735811400.3703954,b,l
4651950,76920.0,0.56916565,1735811400.37158,b,l
4651951,76920.0,0.56916565,1735811400.3729649,b,l
4651952,76920.0,0.56916565,1735811400.375859,b,l
4651953,76920.0,0.56916565,1735811400.3779192,b,l
4651954,76920.0,0.72650454,1735811400.3790357,b,l
4651955,76920.0,0.42306075,1735811400.3801522,b,l
4651956,76945.3,0.00046831,1735811414.4085922,s,l
4651957,76945.4,0.00259924,1735811419.735233,b,l
4651958,77032.8,0.00452964,1735811431.7472138,b,l
4651959,77041.3,0.0001188,1735811449.6196966,b,l
4651960,77042.3,0.00065354,1735811453.257384,b,m
4651961,77058.0,0.12660242,1735811472.4397602,b,l
4651962,77058.1,0.0001198,1735811488.3092403,b,l
4651963,77066.6,0.00637701,1735811493.8821745,b,l
4651964,77066.6,0.00012976,1735811495.855368,b,m
4651965,77085.6,0.00122691,1735811513.8886845,b,l
4651966,77090.1,0.00316387,1735811515.4746876,b,l
4651967,77100.1,0.0001961,1735811539.8769636,b,l
4651968,77100.1,0.00046727,1735811539.8769636,b,l
4651969,77105.4,0.00015563,1735811541.1870637,b,m
4651970,77105.4,5e-05,1735811548.9050052,b,m
4651971,77122.0,0.00139152,1735811581.3777666,b,l
4651972,77122.0,0.00215029,1735811586.3177512,b,l
4651973,77123.0,0.00025549,1735811606.034493,b,l
4651974,77123.0,0.00259067,1735811655.6500373,b,l
4651975,77123.0,0.00259067,1735811695.2196338,b,l
4651976,77123.0,0.00705873,1735811714.9678345,b,l
4651977,77123.0,0.00072849,1735811723.7140045,b,l
4651978,77168.5,8e-05,1735811728.2996538,b,l
4651979,77199.8,0.0011343,1735811728.2996538,b,l
4651980,77199.3,0.00126375,1735811734.1041334,b,l
4651981,77199.9,2.63e-05,1735811737.2991502,s,l
4651982,77199.6,0.02,1735811763.3377368,s,m
4651983,77199.7,0.00025275,1735811810.2990615,b,l
4651984,77199.7,0.00035849,1735811813.325734,b,l
4651985,77199.7,0.00322512,1735811813.502382,b,l
4651986,77200.0,0.00177488,1735811813.502382,b,l
4651987,77200.0,0.01157625,1735811814.371349,b,l
4651988,77200.0,0.01,1735811814.371349,b,l
4651989,77200.0,0.005,1735811814.371349,b,l
4651990,77200.0,0.01,1735811814.371349,b,l
4651991,77200.0,0.005,1735811814.371349,b,l
4651992,77284.4,0.000387,1735811816.147625,b,l
4651993,77302.9,0.00040986,1735811819.2949245,b,l
4651994,77308.0,8e-05,1735811819.2949245,b,l
4651995,77338.5,0.00011955,1735811819.2949245,b,l
4651996,77334.2,0.00066496,1735811846.2484667,b,l
4651997,77330.5,0.00056765,1735811852.5829918,b,l
4651998,77300.1,6.373e-05,1735811898.0317636,b,l
4651999,77300.1,0.00637271,1735811902.847289,b,l
4652000,77300.0,0.00023937,1735811905.9610782,s,l
4652001,77318.3,0.01700373,1735811918.267209,b,l
4652002,77323.0,0.00126182,1735811934.7352035,b,l
4652003,77327.6,1.262e-05,1735812000.1625762,b,l
4652004,77327.6,0.00122312,1735812001.4220183,b,l
4652005,77349.3,0.00252281,1735812001.4831276,b,l
4652006,77349.3,0.00011938,1735812001.71677,b,l
4652007,77353.4,0.00019105,1735812019.0344217,b,l
4652008,77353.3,6.368e-05,1735812020.033541,b,l
4652009,77329.9,6.37e-05,1735812035.03762,b,l
4652010,77320.1,0.01293933,1735812040.925799,b,l
4652011,77320.1,0.0002421,1735812079.32485,b,l
4652012,77320.0,0.00105429,1735812104.8495734,s,m
4652013,77320.0,0.00541234,1735812104.8495734,s,m
4652014,77330.1,0.00284495,1735812261.8585565,b,m
4652015,77320.1,0.00387997,1735812412.9147425,b,l
4652016,77320.1,0.0126178,1735812414.117301,b,l
4652017,77320.1,0.0126178,1735812432.2690754,b,l
4652018,77320.0,0.00105429,1735812436.1744442,s,l
4652019,77301.7,2.63e-06,1735812436.1744442,s,l
4652020,77301.8,0.00303294,1735812487.2894976,b,l
4652021,77301.7,0.00064418,1735812491.9688509,s,l
4652022,77301.0,0.0103,1735812491.9702096,s,l
4652023,77260.1,0.00038808,1735812493.433245,b,l
4652024,77260.1,0.00064681,1735812499.5363033,b,l
4652025,77260.0,0.00064766,1735812532.619536,s,l
4652026,77241.7,0.000387,1735812532.619536,s,l
4652027,77239.9,0.00046534,1735812532.6195362,s,l
4652028,77261.3,0.00060454,1735812582.1167452,b,l
4652029,77255.2,0.01017716,1735812633.5537138,b,l
4652030,77260.0,0.00011832,1735812670.065789,b,l
4652031,77260.0,0.00121225,1735812712.538315,b,l
4652032,77260.0,0.00011832,1735812717.1271956,b,l
4652033,77260.0,0.00035811,1735812733.2429516,b,l
4652034,77260.0,0.00025255,1735812784.6698024,b,l
4652035,77259.9,0.03112365,1735812799.961931,s,l
4652036,77259.9,0.00652045,1735812799.961931,s,l
4652037,77216.6,0.00911201,1735812879.588509,b,l
4652038,77216.1,0.0063174,1735812894.2939205,b,l
4652039,77210.3,0.01317874,1735812925.6812832,s,l
4652040,77215.3,0.02389654,1735812931.409419,s,l
4652041,77215.2,0.00527758,1735812931.409419,s,l
4652042,77245.2,0.01263,1735812975.3553524,b,l
4652043,77233.0,0.000485,1735812981.1311526,s,l
4652044,77250.0,0.00063768,1735813024.047079,b,l
4652045,77235.5,0.00388422,1735813043.9474864,b,m
4652046,77243.3,0.00031576,1735813110.891103,b,l
4652047,77243.6,0.00631513,1735813139.656754,b,l
4652048,77242.7,0.00060461,1735813150.858533,b,l
4652049,77242.5,8.841e-05,1735813152.2709346,b,l
4652050,77241.6,0.00063153,1735813174.978409,b,l
4652051,77241.0,0.00031888,1735813184.0337403,b,l
4652052,77249.9,0.02491004,1735813251.0316443,s,l
4652053,77249.9,0.01450749,1735813251.0316443,s,l
4652054,77250.0,0.00640613,1735813259.324015,b,m
4652055,77250.0,0.00126293,1735813301.8603902,b,l
4652056,77249.9,0.00072977,1735813331.824112,s,l
4652057,77250.0,1.275e-05,1735813338.3772287,b,l
4652058,77250.0,9.409e-05,1735813354.9355192,b,l
4652059,77250.0,0.00011834,1735813379.9097002,b,l
4652060,77250.0,1.275e-05,1735813380.0343308,b,l
4652061,77250.0,0.00012933,1735813399.7260928,b,l
4652062,77250.0,0.00631463,1735813410.932587,b,l
4652063,77250.0,0.00178631,1735813426.1969905,b,l
4652064,77250.0,0.0103406,1735813437.3561566,b,l
4652065,77250.0,0.00071725,1735813525.176305,b,l
4652066,77250.0,0.00126293,1735813539.8794837,b,l
4652067,77250.0,0.0003031,1735813558.1895204,b,l
4652068,77250.0,0.00395698,1735813558.641087,b,m
4652069,77250.0,0.00018122,1735813558.641087,b,m
4652070,77260.0,0.004796,1735813558.641087,b,m
4652071,77304.1,0.07686236,1735813558.641087,b,m
4652072,77304.2,0.06920344,1735813558.641087,b,m
4652073,77305.7,0.00127445,1735813565.0372012,b,l
4652074,77305.7,0.00025489,1735813571.034774,b,l
4652075,77300.5,0.03939646,1735813583.490059,s,l
4652076,77318.8,0.00126181,1735813585.536229,b,l
4652077,77348.6,0.00630653,1735813593.3073912,b,l
4652078,77331.2,0.00242797,1735813610.1660178,b,l
4652079,77324.9,0.00012617,1735813651.0526416,b,l
4652080,77324.7,0.00773362,1735813654.0724292,b,m
4652081,77319.2,0.00258668,1735813692.4059644,b,m
4652082,77328.7,0.00181826,1735813732.2265923,b,l
4652083,77335.2,0.01261633,1735813742.3882203,b,l
4652084,77337.7,0.00061606,1735813750.048171,b,l
4652085,77315.2,8.8e-05,1735813795.478166,s,l
4652086,77314.6,1.757e-05,1735813795.478166,s,l
4652087,77324.6,0.00050965,1735813800.0482414,b,l
4652088,77323.6,0.00063708,1735813817.0329857,b,l
4652089,77329.6,6.563e-05,1735813877.0363016,s,l
4652090,77331.4,0.025,1735813879.2281058,s,l
4652091,77344.3,1.261e-05,1735813901.8129208,b,l
4652092,77350.7,0.03153574,1735813929.849295,b,l
4652093,77338.4,0.00063074,1735813965.4368691,b,l
4652094,77338.2,0.01261462,1735813966.987512,b,l
4652095,77353.4,0.00012928,1735814013.0213604,b,m
4652096,77372.8,0.00129116,1735814045.3693,b,l
4652097,77372.8,0.00035897,1735814093.3040798,b,l
4652098,77372.8,0.00126092,1735814156.784924,b,l
4652099,77372.7,0.00016942,1735814157.0631006,s,l
4652100,77370.6,0.01550945,1735814192.8733542,b,l
4652101,77371.0,0.03301482,1735814192.8733542,b,l
4652102,77371.7,0.00145321,1735814200.1911037,b,l
4652103,77344.1,0.00181791,1735814256.9162116,b,l
4652104,77344.1,0.00019394,1735814262.2077718,b,m
4652105,77372.8,0.00036945,1735814279.8783026,b,l
4652106,77372.8,0.00014139,1735814312.1466744,b,l
4652107,77372.8,5.606e-05,1735814329.0331638,b,l
4652108,77372.8,7.127e-05,1735814329.0331638,b,l
4652109,77372.8,0.00012733,1735814346.0319498,b,l
4652110,77372.8,0.00106984,1735814374.2767477,b,l
4652111,77372.7,0.00394519,1735814438.8692858,s,l
4652112,77372.7,0.00129244,1735814447.7513793,s,m
4652113,77372.8,0.01165599,1735814451.8702116,b,l
4652114,77372.8,0.05204685,1735814451.8702116,b,l
4652115,77390.0,0.00504251,1735814468.06872,b,l
4652116,77399.9,0.09715763,1735814483.967577,b,l
4652117,77400.0,0.01550387,1735814483.967577,b,l
4652118,77408.0,0.008859,1735814483.967577,b,l
4652119,77409.0,0.000387,1735814483.967577,b,l
4652120,77411.9,0.2590922,1735814483.9675772,b,l
4652121,77412.3,0.000384,1735814483.9675772,b,l
4652122,77418.5,0.00571307,1735814483.9675772,b,l
4652123,77420.0,5.733e-05,1735814520.1566975,s,l
4652124,77396.4,0.00953832,1735814550.1142712,s,l
4652125,77394.1,0.00606291,1735814594.3182137,b,l
4652126,77368.6,9.551e-05,1735814626.033261,b,l
4652127,77365.7,0.00318365,1735814639.3288348,b,l
4652128,77368.8,2.547e-05,1735814646.034314,b,l
4652129,77368.8,0.00038202,1735814750.035322,b,l
4652130,77368.8,0.17569749,1735814832.543626,b,l
4652131,77368.7,0.00153571,1735814863.1266518,s,l
4652132,77367.2,0.0285298,1735814863.1266518,s,l
4652133,77368.7,0.00121055,1735814873.5357852,b,l
4652134,77368.7,0.00041372,1735814890.8145509,s,l
4652135,77368.8,0.00012913,1735814904.0382752,b,l
4652136,77368.8,0.00258502,1735814904.7418745,b,m
4652137,77368.8,0.00035871,1735814923.4348142,b,l
4652138,77368.8,0.44166689,1735814928.111976,b,l
4652139,77393.4,0.00024187,1735814935.0962467,b,l
4652140,77393.4,0.00831813,1735814935.983572,b,l
4652141,77393.4,0.09388117,1735814935.983572,b,l
4652142,77444.2,9.478e-05,1735814978.874315,b,l
4652143,77444.3,0.00011803,1735814981.4306164,b,l
4652144,77444.3,0.00645625,1735814981.4316208,b,m
4652145,77439.9,0.00044094,1735815000.3217406,b,l
4652146,77418.8,0.00262788,1735815030.828004,s,l
4652147,77435.3,0.000386,1735815055.9971066,s,m
4652148,77435.3,0.0112366,1735815055.9971066,s,m
4652149,77435.4,0.00019836,1735815059.686618,b,m
4652150,77435.3,0.000212,1735815070.99707,s,l
4652151,77435.4,0.00024174,1735815090.7130096,b,l
4652152,77435.0,0.0025198,1735815099.2947626,b,l
4652153,77415.4,0.00025205,1735815151.6466537,b,l
4652154,77414.7,0.00060922,1735815158.9049876,b,l
4652155,77411.3,0.07729753,1735815186.299979,s,l
4652156,77399.8,0.000384,1735815227.3014493,b,l
4652157,77399.8,0.0021988,1735815227.3014493,b,l
4652158,77430.5,0.000387,1735815232.843008,b,l
4652159,77430.5,0.00717393,1735815232.8430085,b,l
4652160,77433.7,0.00097539,1735815246.4047332,s,l
4652161,77438.7,0.00226772,1735815276.4305155,b,l
4652162,77427.7,0.00774916,1735815277.4438176,s,l
4652163,77420.1,0.00215961,1735815277.4438176,s,l
4652164,77447.6,8e-05,1735815360.5569894,b,l
4652165,77447.6,0.00076551,1735815360.5569894,b,l
4652166,77483.3,0.00286835,1735815392.7773497,s,l
4652167,77499.3,0.00539458,1735815475.8537917,b,l
4652168,77499.3,0.05905768,1735815475.853792,b,l
4652169,77499.3,0.00010883,1735815481.3585255,b,l
4652170,77499.3,0.00024365,1735815481.3585255,b,l
4652171,77500.0,0.00653594,1735815532.402217,b,l
4652172,77500.0,0.0063544,1735815532.402217,b,l
4652173,77552.3,0.00322363,1735815577.6087449,b,m
4652174,77534.5,0.00060828,1735815585.934646,b,l
4652175,77553.6,0.0003145,1735815597.608159,b,l
4652176,77553.6,0.00043204,1735815608.039313,b,l
4652177,77553.6,0.00020315,1735815608.039313,b,l
4652178,77553.6,0.00019561,1735815609.1814425,s,m
4652179,77567.0,0.00077108,1735815613.3321896,b,l
4652180,77571.6,1.27e-05,1735815623.0342658,b,l
4652181,77571.6,0.00295331,1735815635.874678,b,l
4652182,77574.8,0.00082552,1735815647.0339262,b,l
4652183,77534.3,0.04912381,1735815689.1541398,b,l
4652184,77534.2,0.00210907,1735815698.8383024,s,m
4652185,77534.2,0.00223374,1735815840.7347374,s,m
4652186,77534.3,0.00021068,1735815891.0349736,b,l
4652187,77534.3,0.00062915,1735815898.3686454,b,l
4652188,77534.3,0.0010318,1735815903.6894343,b,l
4652189,77534.3,0.00316892,1735815914.6107652,b,l
4652190,77534.3,0.00241907,1735815951.5684867,b,l
4652191,77534.2,0.0001,1735815956.0622427,s,l
4652192,77534.2,0.0001,1735815959.874936,s,l
4652193,77534.2,0.0001,1735815965.047187,s,l
4652194,77534.2,2.966e-05,1735815966.7924728,s,l
4652195,77534.2,0.0001,1735815968.5879693,s,l
4652196,77534.2,0.0001,1735815972.7020411,s,l
4652197,77534.3,0.00024143,1735815978.3505683,b,l
4652198,77534.2,0.0001,1735815979.2452536,s,l
4652199,77534.2,0.0001,1735815982.82223,s,l
4652200,77534.2,0.0001,1735815986.582513,s,l
4652201,77534.2,0.00426007,1735816010.9414463,s,l
4652202,77534.2,0.00644876,1735816010.9414463,s,l
4652203,77526.4,0.07729936,1735816010.9414463,s,l
4652204,77526.3,0.04324311,1735816010.9414463,s,l
4652205,77575.6,0.00628811,1735816031.7430692,b,l
4652206,77574.3,0.00041502,1735816038.691048,b,l
4652207,77587.6,8e-05,1735816094.6931052,b,l
4652208,77600.1,0.00019484,1735816094.6931052,b,l
4652209,77622.7,0.00468111,1735816094.6931052,b,l
4652210,77668.9,0.00013068,1735816116.420344,s,l
4652211,77688.2,0.00127211,1735816123.5178964,b,m
4652212,77671.5,5e-05,1735816159.305361,s,l
4652213,77671.6,0.01029977,1735816249.9562316,b,l
4652214,77671.6,0.00012561,1735816294.0501285,b,l
4652215,77671.5,0.00064373,1735816374.8044603,s,l
4652216,77667.4,0.00027178,1735816374.894822,b,l
4652217,77600.0,5e-05,1735816375.537685,s,l
4652218,77586.9,8.1e-05,1735816375.537685,s,l
4652219,77628.8,0.00038642,1735816379.6914442,b,l
4652220,77601.5,0.00018002,1735816394.8137245,b,l
4652221,77547.4,0.00011788,1735816458.6837685,b,l
4652222,77519.7,0.000103,1735816574.9752295,s,m
4652223,77513.6,0.005247,1735816574.9752295,s,m
4652224,77515.3,9.878e-05,1735816583.705861,s,m
4652225,77505.2,0.00210639,1735816607.9657907,s,l
4652226,77528.8,9.376e-05,1735816618.2866836,b,l
4652227,77520.5,0.00059696,1735816620.3611903,s,l
4652228,77530.6,0.015775,1735816627.6365538,s,m
4652229,77530.6,0.001,1735816644.4539216,b,l
4652230,77530.6,0.00029961,1735816645.5079763,b,l
4652231,77519.8,0.00096579,1735816657.608269,b,l
4652232,77510.3,0.00041749,1735816667.7334783,b,m
4652233,77505.2,0.00011911,1735816689.0945165,b,l
4652234,77505.2,6.356e-05,1735816700.037855,b,l
4652235,77505.2,0.00013883,1735816707.635515,b,m
4652236,77505.2,0.0096785,1735816739.330429,b,l
4652237,77522.9,0.07735283,1735816739.330429,b,l
4652238,77523.0,0.01018112,1735816739.3304293,b,l
4652239,77530.4,0.00032245,1735816766.0532265,b,m
4652240,77527.4,0.02287442,1735816812.507395,b,l
4652241,77524.3,0.00064496,1735816848.5515952,b,m
4652242,77502.0,0.00116706,1735816871.1860297,s,l
4652243,77500.0,0.0001,1735816871.1860297,s,l
4652244,77492.5,0.00245706,1735816871.1860297,s,l
4652245,77480.2,0.00122072,1735816897.064638,b,l
4652246,77492.4,0.00520845,1735816929.1887822,b,l
4652247,77499.6,0.00258502,1735816951.9410453,b,l
4652248,77479.6,0.00469708,1735816990.9562018,s,m
4652249,77498.2,0.01290353,1735817012.9710782,b,m
4652250,77490.1,0.063412,1735817024.1004558,b,l
4652251,77447.6,7e-05,1735817043.978608,s,l
4652252,77443.5,0.00104175,1735817043.978608,s,l
4652253,77473.3,0.00251855,1735817046.4590871,b,l
4652254,77443.5,0.01323396,1735817048.9074495,s,l
4652255,77432.7,0.00617406,1735817153.9337478,b,l
4652256,77411.2,0.000387,1735817155.3954551,s,l
4652257,77411.0,0.000384,1735817155.3954551,s,l
4652258,77409.4,0.00190257,1735817155.3954551,s,l
4652259,77430.1,0.00337012,1735817186.9424417,s,l
4652260,77460.0,0.00129099,1735817201.0870466,b,m
4652261,77464.0,0.00363647,1735817203.24316,b,l
4652262,77499.9,0.00011784,1735817327.3534625,s,l
4652263,77483.5,1.259e-05,1735817357.3783035,b,l
4652264,77483.4,0.00049043,1735817396.9781528,b,m
4652265,77483.2,0.00095365,1735817400.0337706,b,l
4652266,77494.3,0.00112266,1735817415.1058228,b,m
4652267,77494.7,0.000384,1735817417.12467,b,l
4652268,77496.5,0.000387,1735817417.12467,b,l
4652269,77500.0,5e-05,1735817417.12467,b,l
4652270,77501.7,0.00547466,1735817417.12467,b,l
4652271,77500.2,0.00018881,1735817512.5116608,b,l
4652272,77480.1,0.00050367,1735817524.4854174,b,l
4652273,77480.1,0.00025435,1735817528.1143205,b,l
4652274,77480.0,0.00129065,1735817534.9599826,s,l
4652275,77473.1,0.02078816,1735817534.9599826,s,l
4652276,77473.0,0.00438188,1735817534.9599826,s,l
4652277,77500.0,5e-05,1735817549.1087704,b,l
4652278,77511.1,0.0003138,1735817549.1087704,b,l
4652279,77511.1,0.00042344,1735817562.3657618,b,l
4652280,77516.2,0.00582237,1735817562.365762,b,l
4652281,77530.6,0.00314589,1735817611.0984812,b,l
4652282,77492.4,0.00125873,1735817639.0902338,b,l
4652283,77491.3,0.02643878,1735817649.027808,b,l
4652284,77506.5,0.00062937,1735817713.4500773,b,l
4652285,77521.6,0.00806882,1735817810.2539248,s,l
4652286,77530.7,9.075e-05,1735817924.5447476,b,l
4652287,77530.7,0.00062918,1735817969.032859,b,l
4652288,77530.6,0.000387,1735817971.281198,s,l
4652289,77530.6,0.000384,1735817971.2811985,s,l
4652290,77530.6,0.000269,1735817971.2811985,s,l
4652291,77530.7,0.00032214,1735817996.189714,b,l
4652292,77530.6,0.00104178,1735818035.4552898,s,l
4652293,77530.7,0.00181354,1735818040.4904852,b,l
4652294,77530.7,0.00122815,1735818052.1625423,b,l
4652295,77530.6,0.00013022,1735818186.469001,s,l
4652296,77530.7,0.00624344,1735818190.4937172,b,l
4652297,77530.7,0.01723746,1735818190.4941926,b,l
4652298,77530.7,0.00601735,1735818190.4987345,b,l
4652299,77530.7,0.00924369,1735818190.500035,b,l
4652300,77530.7,0.00185148,1735818190.5002918,b,l
4652301,77530.7,0.00052319,1735818256.354262,b,m
4652302,77530.7,0.00012172,1735818256.354262,b,m
4652303,77530.7,0.00010679,1735818269.372951,b,l
4652304,77530.7,4.511e-05,1735818284.0343585,b,l
4652305,77530.7,0.00030257,1735818304.0574658,b,l
4652306,77530.7,0.01664896,1735818315.2534115,b,l
4652307,77530.7,0.00225717,1735818319.3639338,b,m
4652308,77530.6,0.00668845,1735818352.2410777,s,l
4652309,77530.6,0.00012709,1735818412.6126294,s,l
4652310,77530.7,0.00024144,1735818427.437054,b,l
4652311,77530.7,0.00241918,1735818443.640113,b,l
4652312,77530.7,0.02,1735818445.294343,b,l
4652313,77530.6,0.00099011,1735818445.4585314,s,l
4652314,77530.7,0.0015104,1735818460.3472304,b,l
4652315,77530.7,0.00035895,1735818473.29343,b,l
4652316,77530.7,0.00025796,1735818473.87733,b,m
4652317,77530.7,0.00062918,1735818479.7851515,b,l
4652318,77530.7,0.00035887,1735818523.3892465,b,l
4652319,77530.7,0.38551018,1735818539.685834,b,l
4652320,77530.6,0.00010853,1735818614.9340892,s,l
4652321,77530.7,0.00125835,1735818621.7629118,b,l
4652322,77530.6,0.00261188,1735818654.7306185,s,l
4652323,77530.6,0.00012898,1735818722.865656,s,m
4652324,77510.0,0.00651768,1735818722.865656,s,m
4652325,77510.1,0.008856,1735818760.6912923,b,l
4652326,77510.1,0.000387,1735818760.6912923,b,l
4652327,77510.1,0.000384,1735818760.6912923,b,l
4652328,77510.1,0.0026008,1735818760.6912923,b,l
4652329,77510.1,0.15204942,1735818776.9550445,b,l
4652330,77510.0,0.0007717,1735818830.647046,s,m
4652331,77510.0,0.00015,1735818830.647046,s,m
4652332,77510.0,0.0011783,1735818830.647046,s,m
4652333,77510.1,0.0016772,1735818852.8857431,b,m
4652334,77528.3,0.00241983,1735818962.1319354,b,l
4652335,77514.6,0.07761716,1735818977.3200366,s,m
4652336,77514.5,0.02238284,1735818977.3200366,s,m
4652337,77530.7,0.00031459,1735819054.9742296,b,l
4652338,77530.7,0.00019252,1735819054.9956026,b,l
4652339,77530.7,0.01303057,1735819090.0897677,b,l
4652340,77530.7,0.00025796,1735819135.5989764,b,m
4652341,77530.6,0.00018019,1735819175.9700286,b,l
4652342,77530.6,9.028e-05,1735819200.3231158,b,m
4652343,77530.7,0.00011907,1735819202.060333,b,l
4652344,77530.7,0.00038123,1735819223.037157,b,l
4652345,77530.7,6.354e-05,1735819244.0328946,b,l
4652346,77527.3,6.418e-05,1735819259.030552,b,l
4652347,77530.6,0.008855,1735819275.347031,s,l
4652348,77530.6,0.000387,1735819275.347031,s,l
4652349,77530.6,0.000384,1735819275.347031,s,l
4652350,77530.6,0.04326308,1735819275.347031,s,l
4652351,77530.7,0.00629176,1735819313.3687143,b,l
4652352,77530.7,0.00060237,1735819399.7977245,b,l
4652353,77530.7,0.00019328,1735819442.2778757,b,l
4652354,77530.7,0.02125196,1735819492.6456602,b,l
4652355,77530.7,0.00035882,1735819513.6013885,b,l
4652356,77530.6,0.00644906,1735819515.8530853,s,m
4652357,77530.7,0.00037367,1735819517.05826,b,l
4652358,77530.7,0.00048132,1735819519.3700628,b,l
4652359,77530.6,0.03255094,1735819548.417832,s,l
4652360,77530.6,0.008855,1735819548.417832,s,l
4652361,77530.6,0.000118,1735819548.417832,s,l
4652362,77530.6,0.02047591,1735819548.417832,s,l
4652363,77530.6,0.14800015,1735819548.417832,s,l
4652364,77530.6,0.00038,1735819554.932352,s,m
4652365,77530.7,9.375e-05,1735819566.0077884,b,l
4652366,77530.7,0.0062349,1735819581.1940258,b,l
4652367,77530.6,0.01577197,1735819594.573758,s,l
4652368,77530.6,0.15422803,1735819594.573758,s,l
4652369,77530.6,0.039,1735819629.3300247,s,l
4652370,77530.6,0.008855,1735819629.3300247,s,l
4652371,77530.6,0.072145,1735819629.3300247,s,l
4652372,77530.7,0.00035898,1735819683.3871524,b,l
4652373,77530.7,0.00064176,1735819693.198909,b,l
4652374,77530.6,0.00045231,1735819700.2065809,s,m
4652375,77530.6,0.01043033,1735819703.281492,s,l
4652376,77530.6,0.00531829,1735819703.281492,s,l
4652377,77530.7,0.00316907,1735819704.8774805,b,l
4652378,77530.7,0.02516706,1735819706.753875,b,l
4652379,77530.7,0.0121085,1735819797.95216,b,l
4652380,77530.7,0.02773098,1735819808.756852,b,m
4652381,77530.6,0.00233242,1735819811.8438456,s,l
4652382,77530.7,4.168e-05,1735819837.0319984,b,l
4652383,77530.7,0.00244302,1735819845.322727,b,l
4652384,77530.7,0.00060237,1735819866.7090309,b,l
4652385,77530.7,0.00024144,1735819875.5586417,b,l
4652386,77530.7,0.00508802,1735819921.8343823,b,l
4652387,77530.7,0.00746532,1735819924.772351,b,l
4652388,77530.7,0.5320575,1735819924.7949746,b,l
4652389,77530.7,0.14557225,1735819924.7955723,b,l
4652390,77530.7,0.00232166,1735819924.7955723,b,l
4652391,77587.6,7e-05,1735819943.319207,b,l
4652392,77600.0,0.00028923,1735819943.319207,b,l
4652393,77600.0,0.0100653,1735819967.681582,b,l
4652394,77672.2,0.0098716,1735819981.9100444,b,l
4652395,77630.9,0.00655362,1735820003.5126116,s,l
4652396,77640.5,0.00025317,1735820076.2883625,b,l
4652397,77614.3,0.00040536,1735820088.4129062,s,l
4652398,77626.3,0.00122637,1735820098.5411167,b,m
4652399,77644.4,6.344e-05,1735820142.0343175,b,l
4652400,77637.4,0.00012566,1735820175.594957,b,l
4652401,77625.4,0.00062841,1735820199.840134,b,l
4652402,77625.4,0.00205328,1735820220.057722,b,l
4652403,77639.5,6.283e-05,1735820274.174873,b,l
4652404,77658.2,0.00125629,1735820292.5153134,b,l
4652405,77658.2,0.00251257,1735820299.45012,b,l
4652406,77660.0,0.00196,1735820330.2744358,s,l
4652407,77692.6,0.00313914,1735820330.7017229,b,l
4652408,77682.5,0.07751476,1735820354.3856244,b,l
4652409,77682.6,0.02952,1735820354.3856244,b,l
4652410,77683.9,0.00243222,1735820368.0869818,b,l
4652411,77683.9,0.00642078,1735820368.5576713,b,l
4652412,77683.9,0.000387,1735820368.5576713,b,l
4652413,77690.5,0.00348531,1735820368.5576713,b,l
4652414,77658.2,0.00012563,1735820468.4522495,b,l
4652415,77658.2,0.01569699,1735820474.070978,b,m
4652416,77658.2,0.00241521,1735820485.5432093,b,l
4652417,77658.1,0.01287696,1735820487.3543627,s,l
4652418,77639.4,0.00245944,1735820487.3943627,s,l
4652419,77592.0,0.00215003,1735820493.846925,b,l
4652420,77591.6,0.00121896,1735820495.9438596,b,l
4652421,77591.1,0.00276599,1735820496.2575915,b,l
4652422,77543.4,0.046,1735820497.0706823,s,m
4652423,77568.3,0.00011782,1735820508.356144,b,l
4652424,77563.0,0.00010063,1735820516.9388728,b,l
4652425,77561.8,0.00377354,1735820563.744011,b,l
4652426,77561.4,0.00012578,1735820565.356983,b,l
4652427,77548.2,0.00950347,1735820585.0408633,b,l
4652428,77530.6,3.933e-05,1735820697.399328,s,l
4652429,77530.7,0.00762562,1735820701.564597,b,l
4652430,77532.3,0.00179514,1735820709.1759262,b,m
4652431,77530.6,0.00084735,1735820712.1128054,s,l
4652432,77545.5,0.00193411,1735820727.404467,b,l
4652433,77530.7,0.00062918,1735820758.9083483,b,l
4652434,77530.6,0.00061223,1735820762.6050203,s,l
4652435,77567.9,0.000384,1735820796.411735,b,l
4652436,77569.4,0.00118698,1735820796.4117353,b,l
4652437,77555.6,0.01383681,1735820808.5880396,s,m
4652438,77544.7,0.03785869,1735820892.852303,s,l
4652439,77544.6,0.039,1735820892.852303,s,l
4652440,77543.1,0.02314131,1735820892.852303,s,l
4652441,77604.5,0.00018857,1735820939.929713,b,l
4652442,77635.6,3.173e-05,1735821000.0401144,b,l
4652443,77661.6,0.00011887,1735821023.337583,b,l
4652444,77659.3,0.00128771,1735821034.2972443,s,l
4652445,77535.1,0.00434358,1735821149.6370697,s,l
4652446,77530.6,0.00044535,1735821149.6370697,s,l
4652447,77530.2,0.00548804,1735821149.6370697,s,l
4652448,77593.9,0.03772222,1735821196.885217,b,l
4652449,77554.3,3.176e-05,1735821237.0354602,b,l
4652450,77552.4,0.00584983,1735821237.5321724,b,l
4652451,77521.0,0.00044476,1735821253.6585872,b,l
4652452,77520.9,0.00021936,1735821260.9972649,s,l
4652453,77522.4,0.00602115,1735821265.078382,s,l
4652454,77551.2,0.00060245,1735821271.8559198,b,l
4652455,77551.2,0.00012895,1735821272.3284645,b,m
4652456,77539.0,4.098e-05,1735821291.463556,s,l
4652457,77539.6,0.00779293,1735821299.632421,s,l
4652458,77539.8,0.00644835,1735821301.95473,s,m
4652459,77535.8,0.01547674,1735821329.3755531,s,m
4652460,77546.9,0.00100643,1735821331.6381657,b,l
4652461,77551.4,0.00125802,1735821343.0675411,b,l
4652462,77551.4,1.258e-05,1735821343.265705,b,l
4652463,77541.4,0.0105753,1735821374.8390584,s,l
4652464,77577.5,0.0012077,1735821388.1991706,b,l
4652465,77574.0,0.000119,1735821467.224696,b,l
4652466,77585.1,5.03e-05,1735821491.532513,b,l
4652467,77611.0,0.00251454,1735821503.3632896,b,l
4652468,77623.7,0.006284,1735821520.8388865,b,l
4652469,77600.4,0.00120691,1735821577.968583,b,l
4652470,77607.8,0.07766553,1735821613.6778092,b,m
4652471,77607.9,0.02233447,1735821613.6778092,b,m
4652472,77620.4,1.257e-05,1735821645.0327654,b,l
4652473,77620.4,0.00035908,1735821653.1951723,b,l
4652474,77620.4,0.00232541,1735821671.2686908,b,l
4652475,77620.4,0.00024295,1735821671.538147,b,l
4652476,77620.4,0.0012569,1735821703.6574037,b,l
4652477,77620.4,0.00024116,1735821711.089993,b,l
4652478,77620.4,0.00063504,1735821756.6518855,b,l
4652479,77620.3,0.000384,1735821769.761119,s,l
4652480,77620.3,0.00621865,1735821769.761119,s,l
4652481,77620.3,0.00841637,1735821771.2897398,s,l
4652482,77620.4,0.00089,1735821867.2597125,b,l
4652483,77620.4,9.299e-05,1735821867.502837,b,l
4652484,77620.4,0.00126616,1735821873.9788094,b,l
4652485,77620.4,0.00628449,1735821935.6171453,b,l
4652486,77620.4,0.00106781,1735821941.0148711,b,l
4652487,77620.3,0.00054142,1735821952.824537,s,l
4652488,77620.4,0.00010343,1735821962.4508438,b,l
4652489,77620.4,9.364e-05,1735821970.3964195,b,l
4652490,77620.4,0.00153625,1735821999.9295766,b,l
4652491,77620.4,0.00402989,1735822005.119431,b,l
4652492,77620.4,0.12956223,1735822005.408161,b,l
4652493,77620.4,0.09853043,1735822005.408161,b,l
4652494,77623.3,0.0005153,1735822005.5178134,b,l
4652495,77727.7,9e-05,1735822010.8212109,b,m
4652496,77730.8,0.00248299,1735822010.8212109,b,m
4652497,77733.5,0.0655,1735822024.305587,s,l
4652498,77777.0,5e-05,1735822036.5687373,b,l
4652499,77790.8,0.00018845,1735822036.5687373,b,l
4652500,77800.0,0.00030152,1735822062.306735,b,l
4652501,77783.7,0.00059999,1735822120.1306365,s,l
4652502,77776.9,0.00029389,1735822194.6739285,s,l
4652503,77793.4,0.00021407,1735822219.911258,b,l
4652504,77778.6,0.00066,1735822222.8225262,s,l
4652505,77773.8,0.0080688,1735822243.1249073,s,l
4652506,77779.1,0.00615425,1735822267.1801894,b,l
4652507,77799.9,0.00149599,1735822370.1876898,s,l
4652508,77800.0,0.01254498,1735822374.1896718,b,m
4652509,77799.9,0.00411521,1735822378.407466,s,l
4652510,77799.9,0.0003689,1735822401.384282,s,l
4652511,77799.9,0.0006003,1735822432.3250182,b,l
4652512,77786.5,0.00032137,1735822456.996787,b,l
4652513,77779.0,0.00128569,1735822478.4084938,s,l
4652514,77776.8,0.00051842,1735822478.4084938,s,l
4652515,77787.1,2.533e-05,1735822480.035468,b,l
4652516,77785.6,0.00069844,1735822481.1266162,b,l
4652517,77779.7,0.000384,1735822503.6351917,b,m
4652518,77780.4,0.00015609,1735822503.6351917,b,m
4652519,77780.1,0.07755144,1735822506.918609,b,m
4652520,77780.2,0.07244856,1735822506.918609,b,m
4652521,77780.9,0.01343262,1735822528.8249986,s,l
4652522,77800.0,0.00131695,1735822612.3001404,b,l
4652523,77799.9,0.00073102,1735822629.1217518,s,l
4652524,77799.9,0.00093113,1735822653.580772,s,l
4652525,77800.0,0.00017957,1735822695.7980528,b,l
4652526,77800.0,0.00108114,1735822715.377575,b,l
4652527,77800.0,0.00314007,1735822715.3775752,b,l
4652528,77850.0,0.00112217,1735822718.9443092,s,l
4652529,77848.7,0.00244625,1735822764.3415043,b,l
4652530,77839.4,0.00046831,1735822814.0368226,b,l
4652531,77839.3,0.00032133,1735822814.4278457,s,l
4652532,77839.3,0.05196889,1735822814.4278457,s,l
4652533,77845.6,0.00050128,1735822826.7967994,b,l
4652534,77850.1,0.00019421,1735822836.4132247,b,l
4652535,77853.2,0.00162962,1735822836.4132247,b,l
4652536,77853.2,0.00128447,1735822837.3368983,b,m
4652537,77836.9,0.00902609,1735822849.5239012,s,m
4652538,77837.6,0.00033064,1735822862.4609594,s,l
4652539,77868.1,0.00318339,1735822989.3747735,b,l
4652540,77868.1,0.00323759,1735822989.3747735,b,l
4652541,77856.5,0.0006327,1735823023.0361807,b,l
4652542,77856.3,0.00051374,1735823023.8619645,b,l
4652543,77818.4,0.00265541,1735823096.029342,s,l
4652544,77820.4,0.0019654,1735823121.2400565,s,l
4652545,77835.2,0.00012426,1735823124.2639775,b,l
4652546,77833.3,0.00097868,1735823132.3253603,b,l
4652547,77833.4,0.01525334,1735823132.3253603,b,l
4652548,77836.5,0.00081472,1735823512.041701,b,l
4652549,77836.5,0.20446527,1735823547.322972,b,l
4652550,77868.2,9e-05,1735823550.8615968,b,l
4652551,77888.0,0.001,1735823550.871021,b,l
4652552,77909.1,6.579e-05,1735823550.876232,b,l
4652553,77921.4,0.03252138,1735823550.8912606,b,l
4652554,77923.2,0.008844,1735823550.8912606,b,l
4652555,77932.3,0.000387,1735823550.9373977,b,l
4652556,77934.2,0.000384,1735823550.9396653,b,l
4652557,77942.0,0.00641503,1735823594.6865149,b,m
4652558,77941.9,0.0007,1735823596.6508992,s,l
4652559,77941.9,0.00086235,1735823633.8177562,s,l
4652560,77941.9,0.00170366,1735823669.6472423,s,l
4652561,77940.0,0.00256607,1735823669.6499913,s,l
4652562,77861.8,0.00031634,1735823692.0331345,b,l
4652563,77864.4,0.00011402,1735823703.788587,b,l
4652564,77861.8,0.00029834,1735823734.723834,b,l
4652565,77915.2,0.00033068,1735823776.5417187,s,l
4652566,77942.0,0.00438099,1735823790.0387764,b,l
4652567,77861.8,0.00022336,1735823851.979312,b,l
4652568,77861.8,0.02913826,1735823864.806133,b,l
4652569,77861.8,0.0003759,1735823901.6006205,b,l
4652570,77861.7,0.00211384,1735823906.0865362,s,l
4652571,77861.7,1.316e-05,1735823922.310336,s,l
4652572,77861.8,0.09726781,1735823970.051924,b,l
4652573,77861.8,0.09205522,1735823970.051924,b,l
4652574,77861.8,0.00109019,1735823974.567806,b,l
4652575,77861.7,0.00049047,1735824001.470711,s,l
4652576,77861.7,0.01664772,1735824075.4826918,s,l
4652577,77861.7,0.00064216,1735824075.4826918,s,l
4652578,77820.4,0.000257,1735824116.4703965,s,l
4652579,77813.4,9.433e-05,1735824279.0098836,b,l
4652580,77813.7,1.317e-05,1735824290.0876791,s,l
4652581,77817.7,0.00642547,1735824316.6190386,s,m
4652582,77835.1,0.06,1735824330.3301506,s,m
4652583,77887.6,9.334e-05,1735824356.8812509,b,l
4652584,77888.0,0.003,1735824365.9914722,b,m
4652585,77888.0,0.01411432,1735824365.9914722,b,m
4652586,77900.0,0.00268775,1735824367.430723,b,m
4652587,77900.0,0.01785907,1735824377.744058,b,l
4652588,77900.0,0.07243713,1735824377.744058,b,l
4652589,77933.9,0.00031604,1735824383.681535,b,l
4652590,77933.9,0.01283139,1735824385.381409,b,m
4652591,77924.4,0.00013108,1735824413.8563845,b,m
4652592,77924.4,0.00075119,1735824436.7606473,b,l
4652593,77925.0,0.0009463,1735824464.1030374,b,m
4652594,77929.3,0.00062593,1735824492.6426537,b,l
4652595,77927.8,1.264e-05,1735824499.0333617,b,l
4652596,77927.9,9.419e-05,1735824501.9910858,b,l
4652597,77909.0,0.01525982,1735824583.9772005,s,m
4652598,77903.1,0.00120224,1735824595.720113,b,l
4652599,77899.1,1.252e-05,1735824600.0504377,b,l
4652600,77899.1,0.0018786,1735824630.4358554,b,l
4652601,77899.1,0.00021866,1735824640.5338986,b,m
4652602,77899.1,0.0006262,1735824658.5035214,b,l
4652603,77899.0,8.732e-05,1735824661.650027,s,m
4652604,77844.5,0.00637919,1735824661.650027,s,m
4652605,77918.8,0.00064062,1735824773.1551924,b,m
4652606,77903.9,2.529e-05,1735824791.0352972,b,l
4652607,77851.6,0.03723738,1735824849.7655127,s,m
4652608,77851.5,0.0057639,1735824849.7655127,s,m
4652609,77874.5,0.0001,1735824851.8021672,b,m
4652610,77846.9,0.00125319,1735824869.9364028,b,l
4652611,77834.4,0.0002493,1735824887.2133312,b,l
4652612,77821.8,0.00214775,1735824893.3740587,b,m
4652613,77800.0,1.254e-05,1735824968.5046651,b,l
4652614,77799.9,0.00835511,1735824983.4545474,s,l
4652615,77800.0,0.00514137,1735825014.8353412,b,l
4652616,77800.0,0.00189953,1735825020.0350535,b,l
4652617,77827.6,0.0001677,1735825056.4734302,b,m
4652618,77833.1,0.00521665,1735825069.6976852,s,l
4652619,77854.0,0.00121485,1735825091.2194254,b,l
4652620,77843.4,0.01206163,1735825109.2914803,b,l
4652621,77823.9,0.00602798,1735825119.2939923,b,l
4652622,77809.2,0.00376155,1735825174.9202747,b,l
4652623,77816.2,0.00376155,1735825177.263181,b,l
4652624,77830.6,6.329e-05,1735825213.0317988,b,l
4652625,77803.5,0.00326949,1735825228.162643,s,l
4652626,77800.0,0.00747694,1735825245.6153486,b,l
4652627,77800.0,0.00028391,1735825273.2241058,b,l
4652628,77821.5,0.0062684,1735825334.978093,b,l
4652629,77820.0,0.00030144,1735825376.8086238,b,l
4652630,77820.0,0.02969856,1735825379.262911,b,l
4652631,77820.0,0.00916536,1735825379.262911,b,l
4652632,77872.7,5.622e-05,1735825401.4457445,b,l
4652633,77865.2,0.00011856,1735825411.3513525,b,l
4652634,77859.7,0.00012529,1735825415.6040256,b,l
4652635,77858.5,0.00029832,1735825474.2317832,b,l
4652636,77838.3,5e-05,1735825518.3119175,b,m
4652637,77838.2,0.00310581,1735825520.1898067,s,l
4652638,77838.3,0.00019271,1735825529.913925,b,m
4652639,77838.2,0.00102777,1735825579.8566515,s,m
4652640,77838.2,0.00244137,1735825609.31292,s,l
4652641,77838.3,0.00126758,1735825624.9252372,b,m
4652642,77838.2,0.52738672,1735825627.141709,s,l
4652643,77838.2,0.49303833,1735825627.2444675,s,l
4652644,77823.0,0.00012849,1735825627.6132686,s,l
4652645,77799.9,0.18508665,1735825627.9839258,s,l
4652646,77731.2,0.00120395,1735825639.7786098,b,l
4652647,77727.8,0.01631905,1735825671.1689582,b,l
4652648,77727.8,0.00195173,1735825671.1689582,b,l
4652649,77727.8,0.00241294,1735825700.190855,b,l
4652650,77727.8,0.000387,1735825709.926406,b,l
4652651,77727.8,0.00197806,1735825745.6861155,s,l
4652652,77754.5,0.00263505,1735825760.3675852,b,l
4652653,77797.4,0.00121371,1735825895.3726082,s,l
4652654,77787.0,0.00278143,1735825938.7848568,b,l
4652655,77786.9,0.00012855,1735825992.3174038,s,l
4652656,77779.8,0.00044038,1735825992.3523805,s,l
4652657,77727.7,7e-05,1735826001.8310263,s,l
4652658,77717.7,6.18e-05,1735826001.8310266,s,l
4652659,77700.1,0.00031699,1735826006.3827877,b,l
4652660,77700.1,0.00126798,1735826006.3850417,b,l
4652661,77700.1,0.00627805,1735826030.313475,b,l
4652662,77700.1,0.00060039,1735826045.3694718,b,l
4652663,77700.1,4.336e-05,1735826071.0362692,b,l
4652664,77700.1,6.34e-05,1735826084.034935,b,l
4652665,77700.1,0.0120821,1735826086.1399152,b,l
4652666,77700.1,0.00025112,1735826099.125667,b,l
4652667,77700.1,0.00043946,1735826120.8495588,b,l
4652668,77700.0,5e-05,1735826214.5211008,s,l
4652669,77666.3,6.343e-05,1735826217.0308187,b,l
4652670,77662.2,0.00041454,1735826222.0131133,b,l
4652671,77659.2,0.00044991,1735826228.006857,b,m
4652672,77663.1,3.806e-05,1735826272.0316956,b,l
4652673,77651.0,0.00013199,1735826278.749411,s,l
4652674,77654.4,0.00025127,1735826326.5067406,b,l
4652675,77654.2,0.00386418,1735826328.4482598,b,m
4652676,77649.9,0.00942316,1735826414.4629374,b,l
4652677,77649.9,1.269e-05,1735826417.0395036,b,l
4652678,77649.8,0.00014351,1735826419.819862,s,l
4652679,77649.8,0.00014351,1735826419.999246,s,l
4652680,77620.3,0.00032208,1735826499.0162568,s,l
4652681,77600.0,0.0001,1735826500.126483,s,l
4652682,77587.6,7e-05,1735826500.8996322,s,m
4652683,77530.0,0.00644911,1735826500.8996322,s,m
4652684,77520.9,0.00686195,1735826500.8996322,s,m
4652685,77519.7,0.00010278,1735826500.8996322,s,m
4652686,77509.4,0.00603709,1735826500.8996322,s,m
4652687,77509.3,0.0065512,1735826500.8996322,s,m
4652688,77554.0,0.00025788,1735826510.1941347,b,m
4652689,77500.0,5e-05,1735826527.6171305,s,l
4652690,77528.8,6.6e-05,1735826539.7388911,s,m
4652691,77484.9,0.00465838,1735826576.943522,s,m
4652692,77447.6,7e-05,1735826648.071526,s,l
4652693,77400.1,0.0012597,1735826654.411216,b,l
4652694,77400.0,0.0001,1735826656.8294542,s,l
4652695,77313.9,0.00050975,1735826682.263383,s,l
4652696,77308.0,7e-05,1735826682.263383,s,l
4652697,77300.0,0.0001,1735826682.263383,s,l
4652698,77287.6,0.0073265,1735826682.263383,s,l
4652699,77286.3,0.00171145,1735826682.263383,s,l
4652700,77299.3,0.00015039,1735826691.5016987,s,m
4652701,77358.3,0.00063679,1735826708.666865,b,l
4652702,77358.3,9.552e-05,1735826709.0373008,b,l
4652703,77364.9,0.0075662,1735826721.7001483,b,l
4652704,77416.1,9.481e-05,1735826727.8701124,b,l
4652705,77416.1,0.000387,1735826742.624641,b,m
4652706,77416.1,0.00064534,1735826742.624641,b,m
4652707,77416.0,0.00387516,1735826743.9658031,s,l
4652708,77350.6,0.000388,1735826745.2267904,s,l
4652709,77343.2,9.322e-05,1735826745.2267904,s,l
4652710,77299.0,0.00063727,1735826768.133046,s,l
4652711,77321.2,0.00785752,1735826779.7363727,s,m
4652712,77321.1,0.01214248,1735826779.7363727,s,m
4652713,77445.0,0.001,1735826789.0395002,b,l
4652714,77402.5,0.00568542,1735826808.4365523,s,l
4652715,77402.4,0.00093614,1735826808.4365523,s,l
4652716,77447.6,7e-05,1735826840.7372167,b,l
4652717,77500.0,0.25,1735826854.8077834,b,l
4652718,77582.5,0.000387,1735826862.6020887,s,l
4652719,77574.3,0.00031783,1735826862.6020887,s,l
4652720,77577.8,0.000127,1735826885.0344386,b,l
4652721,77584.6,0.00036,1735826947.557866,b,l
4652722,77587.6,7e-05,1735826953.1237884,b,l
4652723,77611.8,0.0003039,1735826953.1237884,b,l
4652724,77611.9,0.00423338,1735826957.217021,b,l
4652725,77631.9,0.00800261,1735826962.8223488,s,m
4652726,77631.9,0.0048886,1735826962.8223488,s,m
4652727,77665.0,0.00026765,1735827007.468053,b,m
4652728,77557.5,0.000387,1735827075.756501,s,l
4652729,77556.2,0.00709037,1735827075.756501,s,l
4652730,77556.1,0.0143682,1735827075.756501,s,l
4652731,77556.5,2.8e-05,1735827077.9292536,s,l
4652732,77532.3,0.00654273,1735827091.7966957,s,m
4652733,77532.2,0.00989226,1735827091.7966957,s,m
4652734,77524.7,0.00252491,1735827108.6623218,s,m
4652735,77531.4,0.00251623,1735827134.3621898,b,l
4652736,77529.6,0.00125837,1735827170.0888226,b,l
4652737,77559.6,0.00012584,1735827211.527665,b,l
4652738,77529.5,0.00128106,1735827254.343654,s,m
4652739,77525.9,0.00609405,1735827254.343654,s,m
4652740,77523.4,0.25994554,1735827254.343654,s,m
4652741,77521.5,0.00805838,1735827254.343654,s,m
4652742,77517.3,0.25996575,1735827254.343654,s,m
4652743,77500.4,0.000385,1735827254.343654,s,m
4652744,77493.8,0.2632063,1735827254.343654,s,m
4652745,77493.7,0.20106108,1735827254.343654,s,m
4652746,77570.9,0.000385,1735827292.429526,b,l
4652747,77571.5,0.00203293,1735827292.429526,b,l
4652748,77584.8,0.00022458,1735827329.7749186,s,l
4652749,77584.7,0.0644457,1735827377.5805178,b,m
4652750,77584.7,0.00012575,1735827385.3030064,b,l
4652751,77584.7,0.00085024,1735827397.747866,b,l
4652752,77584.6,0.00020001,1735827398.2545297,s,l
4652753,77584.7,0.00012699,1735827423.0458777,b,l
4652754,77584.6,0.00196459,1735827459.6563966,s,l
4652755,77584.6,0.04294744,1735827468.4670868,s,l
4652756,77540.3,0.00031765,1735827477.6748712,b,l
4652757,77527.5,0.0001802,1735827482.8472624,b,l
4652758,77477.1,6.453e-05,1735827490.7172017,s,l
4652759,77449.9,6.649e-05,1735827490.7172017,s,l
4652760,77460.8,0.00062974,1735827508.8541265,b,l
4652761,77480.1,0.00322663,1735827526.22085,b,m
4652762,77480.6,0.00025431,1735827536.0331872,b,l
4652763,77447.6,7e-05,1735827577.3314693,s,l
4652764,77397.6,0.00914681,1735827577.3314693,s,l
4652765,77397.5,0.00078945,1735827577.3314693,s,l
4652766,77395.9,0.00845154,1735827578.997001,s,l
4652767,77395.8,0.00154846,1735827578.997001,s,l
4652768,77418.4,0.00126017,1735827622.6377664,b,l
4652769,77444.5,0.00036857,1735827703.254953,s,m
4652770,77491.4,1.259e-05,1735827706.7807157,b,l
4652771,77494.6,0.12121084,1735827739.707589,s,l
4652772,77494.7,0.00018884,1735827740.039628,b,l
4652773,77491.6,1.323e-05,1735827743.9701486,s,l
4652774,77500.0,1.888e-05,1735827836.5881968,b,l
4652775,77500.0,0.00023918,1735827850.3698027,b,l
4652776,77499.9,0.04690652,1735827854.4712498,s,l
4652777,77499.9,0.000385,1735827854.4712498,s,l
4652778,77499.9,0.00077419,1735827854.4712498,s,l
4652779,77499.9,0.01757954,1735827854.4712498,s,l
4652780,77499.9,0.00015755,1735827874.820506,s,l
4652781,77500.0,0.0008812,1735827893.5593846,b,l
4652782,77500.0,0.00030077,1735827905.8415394,b,l
4652783,77500.0,0.00679214,1735827923.883146,b,l
4652784,77500.0,0.00643701,1735827924.468677,b,l
4652785,77500.0,0.00283082,1735827924.9065075,b,l
4652786,77587.6,7e-05,1735827998.969332,b,l
4652787,77619.5,0.00016884,1735827998.969332,b,l
4652788,77609.5,0.00181134,1735828027.5469606,b,l
4652789,77616.6,0.05769384,1735828048.658006,b,m
4652790,77619.4,0.00689978,1735828086.9744174,s,m
4652791,77619.3,0.06310022,1735828086.9744174,s,m
4652792,77676.4,0.00062804,1735828160.2349646,b,l
4652793,77657.6,0.00751872,1735828170.2614536,s,l
4652794,77657.5,0.00548128,1735828170.2614536,s,l
4652795,77653.9,0.00125636,1735828212.9466844,b,l
4652796,77727.7,7e-05,1735828283.3522158,b,l
4652797,77751.6,0.00019894,1735828292.9808106,s,l
4652798,77868.2,7e-05,1735828304.838228,b,l
4652799,77889.1,0.00053582,1735828304.838228,b,l
4652800,77898.6,0.00051005,1735828308.2976296,b,l
4652801,77916.9,0.00575782,1735828308.2976296,b,l
4652802,77941.4,0.07732955,1735828313.0408127,b,m
4652803,77941.7,0.09560147,1735828313.0408127,b,m
4652804,77942.0,0.00186068,1735828313.0408127,b,m
4652805,77950.3,0.00303181,1735828313.0408127,b,m
4652806,77965.4,0.00040639,1735828318.2036982,b,l
4652807,77995.0,0.01282133,1735828319.0533671,b,l
4652808,78000.0,0.00299,1735828319.1057415,b,l
4652809,78000.0,0.0551,1735828319.1057415,b,l
4652810,78000.0,5e-05,1735828319.1057415,b,l
4652811,78000.0,0.05100948,1735828319.1057415,b,l
4652812,78000.0,0.05,1735828319.1057415,b,l
4652813,78000.0,0.48498545,1735828319.1057415,b,l
4652814,78000.0,0.51501455,1735828319.1071446,b,l
4652815,78008.8,9e-05,1735828319.226362,b,l
4652816,78042.9,0.00018807,1735828319.9967277,b,l
4652817,78070.0,0.00025,1735828320.3581676,b,l
4652818,78080.0,0.000384,1735828320.3769505,b,l
4652819,78100.1,0.00019359,1735828322.4623592,b,l
4652820,78111.6,0.00531035,1735828323.119114,b,l
4652821,78134.3,0.00255969,1735828328.937359,b,l
4652822,78149.8,9e-05,1735828329.2062197,b,l
4652823,78162.4,0.00053789,1735828329.3703265,b,l
4652824,78163.7,0.00347795,1735828330.3444264,b,l
4652825,78163.7,0.07710873,1735828330.3444264,b,l
4652826,78241.1,0.00074654,1735828331.7414582,b,l
4652827,78264.5,0.000387,1735828332.1109202,b,l
4652828,78291.0,9e-05,1735828335.610782,b,l
4652829,78314.9,0.00014,1735828340.3581097,s,l
4652830,78152.2,0.00012985,1735828348.354507,s,l
4652831,78295.8,0.00031511,1735828348.358454,b,l
4652832,78152.1,0.00016,1735828348.4191103,s,l
4652833,78149.8,7e-05,1735828368.5390089,s,l
4652834,78107.1,0.00044953,1735828370.950579,s,l
4652835,78008.8,7e-05,1735828384.8918588,s,l
4652836,77893.9,0.00708764,1735828387.928896,s,l
4652837,77920.8,0.00131317,1735828388.7606845,b,l
4652838,77999.2,2.703e-05,1735828400.0353107,b,l
4652839,77923.8,0.00619519,1735828496.2084043,b,l
4652840,77868.3,0.02568439,1735828500.3894827,b,m
4652841,77868.2,7e-05,1735828506.648321,s,l
4652842,77829.4,0.010388,1735828506.648321,s,l
4652843,77855.9,0.00025058,1735828510.513824,b,l
4652844,77739.4,0.01297026,1735828515.340875,s,m
4652845,77727.7,7e-05,1735828537.3557258,s,m
4652846,77675.3,5.207e-05,1735828537.3557258,s,m
4652847,77675.3,0.005,1735828537.3557258,s,m
4652848,77675.3,0.07256848,1735828537.3557258,s,m
4652849,77675.2,0.02743152,1735828537.3557258,s,m
4652850,77675.2,0.00010168,1735828537.3557258,s,m
4652851,77675.2,0.01395159,1735828537.3557258,s,m
4652852,77675.2,6.116e-05,1735828537.3557258,s,m
4652853,77675.2,0.00553372,1735828537.355726,s,m
4652854,77675.2,0.21264995,1735828537.355726,s,m
4652855,77675.2,0.24860136,1735828537.355726,s,m
4652856,77752.9,0.07751299,1735828580.701538,s,m
4652857,77752.8,0.039,1735828580.701538,s,m
4652858,77749.7,0.19067212,1735828580.701538,s,m
4652859,77746.3,0.000385,1735828580.701538,s,m
4652860,77740.0,0.25951102,1735828580.701538,s,m
4652861,77740.0,0.25951102,1735828580.701538,s,m
4652862,77740.0,0.25951102,1735828580.701538,s,m
4652863,77740.0,0.25951102,1735828580.701538,s,m
4652864,77740.0,0.25951102,1735828580.701538,s,m
4652865,77736.5,0.76041571,1735828580.701538,s,m
4652866,77726.6,0.008852,1735828580.701538,s,m
4652867,77726.6,0.25955546,1735828580.701538,s,m
4652868,77714.7,0.25959531,1735828580.701538,s,m
4652869,77707.3,0.000387,1735828580.701538,s,m
4652870,77688.5,0.25968285,1735828580.701538,s,m
4652871,77680.3,0.01163834,1735828580.701538,s,m
4652872,77673.8,0.1926,1735828580.7015383,s,m
4652873,77668.7,0.25974896,1735828580.7015383,s,m
4652874,77657.2,0.01081537,1735828580.7015383,s,m
4652875,77653.9,0.1582875,1735828580.7015383,s,m
4652876,77653.8,0.00083704,1735828580.7015383,s,m
4652877,77633.5,0.01358,1735828580.7015383,s,m
4652878,77612.6,0.01127464,1735828580.7015383,s,m
4652879,77711.7,0.0626437,1735828606.9522152,b,l
4652880,77626.7,0.00212449,1735828627.3566198,b,l
4652881,77612.5,6.442e-05,1735828628.7477615,s,l
4652882,77587.6,7e-05,1735828628.7477615,s,l
4652883,77581.4,5.689e-05,1735828628.7477615,s,l
4652884,77668.0,0.05694719,1735828653.100643,b,m
4652885,77668.1,0.008854,1735828653.100643,b,m
4652886,77677.0,0.25966505,1735828653.100643,b,m
4652887,77680.4,0.25965379,1735828653.100643,b,m
4652888,77684.4,0.000385,1735828653.100643,b,m
4652889,77685.2,0.000387,1735828653.100643,b,m
4652890,77710.0,0.10862454,1735828653.100643,b,m
4652891,77713.7,0.108027,1735828653.100643,b,m
4652892,77713.8,0.15876,1735828653.100643,b,m
4652893,77723.1,0.25951122,1735828653.100643,b,m
4652894,77740.2,0.00635784,1735828653.100643,b,m
4652895,77740.3,0.33011831,1735828653.100643,b,m
4652896,77752.6,0.2594126,1735828653.100643,b,m
4652897,77766.2,0.1895,1735828653.100643,b,m
4652898,77772.8,0.2593451,1735828653.100643,b,m
4652899,77784.8,0.05282,1735828653.1006432,b,m
4652900,77794.6,0.25927253,1735828653.1006432,b,m
4652901,77817.4,0.19067212,1735828653.1006432,b,m
4652902,77817.5,0.2116,1735828653.1006432,b,m
4652903,77842.3,0.2635875,1735828653.1006432,b,m
4652904,77852.3,0.049839,1735828653.1006432,b,m
4652905,77852.4,0.01362,1735828653.1006432,b,m
4652906,77856.9,0.25906526,1735828653.1006432,b,m
4652907,77868.2,7e-05,1735828653.1006432,b,m
4652908,77905.7,0.24630034,1735828653.1006432,b,m
4652909,77678.9,0.00128735,1735828681.6973596,b,m
4652910,77694.1,0.00053042,1735828776.435333,b,m
4652911,77603.5,0.03998,1735828786.9292803,s,m
4652912,77634.3,0.00180829,1735828800.5923266,b,l
4652913,77626.8,0.00048062,1735828821.0709288,b,l
4652914,77945.4,0.00062599,1735828897.1772325,b,l
4652915,77949.4,0.00011843,1735828913.3289816,b,l
4652916,78008.7,0.00022127,1735828935.963814,s,l
4652917,78000.5,0.00249956,1735828941.1400168,b,l
4652918,77980.9,0.07698244,1735828951.392942,b,m
4652919,77981.0,0.12942351,1735828951.392942,b,m
4652920,78008.8,7e-05,1735828985.0340366,b,l
4652921,78033.3,0.00011941,1735828985.0340366,b,l
4652922,78076.9,0.00310302,1735829006.3691912,b,l
4652923,78000.1,0.00031246,1735829018.289894,b,l
4652924,78000.7,0.00154765,1735829037.64038,b,l
4652925,78000.7,0.00364402,1735829041.2676582,b,l
4652926,78083.4,0.00310238,1735829056.3982344,b,l
4652927,78032.7,0.00075983,1735829056.991305,s,l
4652928,78050.9,0.00310354,1735829071.4800868,b,l
4652929,78007.2,0.00310582,1735829086.463603,b,l
4652930,78041.1,6.312e-05,1735829102.031688,b,l
4652931,78047.0,0.00012504,1735829106.7175632,b,l
4652932,78047.0,0.00161314,1735829111.4441488,s,l
4652933,78047.1,0.0001025,1735829135.2405531,b,l
4652934,78135.0,0.00124924,1735829142.290909,b,l
4652935,78149.8,7e-05,1735829144.8385007,b,l
4652936,78152.8,0.00016742,1735829144.8385007,b,l
4652937,78166.7,0.00065055,1735829179.4136484,s,m
4652938,78288.8,0.0355526,1735829184.734446,b,l
4652939,78288.9,0.039,1735829184.734446,b,l
4652940,78291.0,7e-05,1735829184.734446,b,l
4652941,78300.0,0.04333466,1735829184.734446,b,l
4652942,78243.5,6.54e-05,1735829187.6579337,s,m
4652943,78290.1,0.00099689,1735829191.257319,b,l
4652944,78297.7,0.03166486,1735829218.024928,b,l
4652945,78297.8,0.21833514,1735829218.024928,b,l
4652946,78256.7,1.259e-05,1735829271.0345016,b,l
4652947,78208.7,6.6e-05,1735829271.9762323,s,m
4652948,78216.7,1.26e-05,1735829276.0444517,b,l
4652949,78208.7,0.00057331,1735829295.8593426,s,l
4652950,78208.7,0.01014004,1735829295.8593426,s,l
4652951,78149.8,7e-05,1735829306.116025,s,l
4652952,78110.6,0.00136721,1735829306.116025,s,l
4652953,78185.8,0.00747,1735829325.6101265,b,m
4652954,78199.9,0.00217065,1735829343.7084506,b,l
4652955,78235.7,0.00035887,1735829413.3556528,b,l
4652956,78235.7,0.01244858,1735829423.0943673,b,m
4652957,78235.7,0.0016115,1735829423.0943673,b,m
4652958,78225.1,0.00059695,1735829436.0701933,b,l
4652959,78271.9,0.01216449,1735829447.742293,b,l
4652960,78135.9,0.00255777,1735829459.1010668,b,l
4652961,78127.2,0.00011672,1735829477.194517,b,l
4652962,78135.2,0.02495686,1735829478.3756957,b,l
4652963,78160.8,6.6e-05,1735829516.6579356,s,m
4652964,78220.2,0.00179925,1735829546.7886145,b,l
4652965,78241.8,0.0028789,1735829582.5381646,b,m
4652966,78266.6,0.00623463,1735829591.234215,b,l
4652967,78305.1,0.00383117,1735829606.8628392,b,m
4652968,78318.3,0.00373708,1735829626.5713,b,l
4652969,78273.3,5.1e-05,1735829653.861586,s,m
4652970,78321.0,0.00314482,1735829654.03339,b,l
4652971,78416.9,0.0024889,1735829751.9492524,b,l
4652972,78324.6,0.00267483,1735829765.4798434,s,l
4652973,78297.7,0.000384,1735829780.0193017,s,l
4652974,78294.3,0.03864078,1735829780.0193017,s,l
4652975,78243.9,0.00013095,1735829812.0999627,s,l
4652976,78279.2,0.0025933,1735829839.3153627,s,l
4652977,78323.9,0.00010579,1735829844.6921897,b,l
4652978,78346.2,0.00319097,1735829869.8972456,b,m
4652979,78307.5,0.06057234,1735829906.7696593,b,l
4652980,78307.4,0.00319254,1735829912.1449242,s,l
4652981,78298.3,0.05379158,1735829912.711321,s,l
4652982,78270.7,0.000384,1735829928.7390077,b,m
4652983,78274.3,0.00280991,1735829928.7390077,b,m
4652984,78336.5,0.05038553,1735829937.87506,b,m
4652985,78336.6,0.07726879,1735829937.87506,b,m
4652986,78317.4,0.0028,1735829983.0407858,b,l
4652987,78314.7,0.00894004,1735829999.7522216,s,l
4652988,78368.9,6.381e-05,1735830001.6903784,b,l
4652989,78334.8,0.00665043,1735830120.1560547,b,m
4652990,78307.4,0.0003,1735830129.611312,b,m
4652991,78259.0,0.06478488,1735830172.1367736,s,l
4652992,78182.0,0.00036364,1735830187.1835089,b,m
4652993,78187.9,0.00060886,1735830196.022513,s,l
4652994,78268.7,0.00623699,1735830246.6737628,b,l
4652995,78233.5,0.00041235,1735830258.3815117,b,l
4652996,78208.2,0.01,1735830263.8936224,s,m
4652997,78208.2,0.02,1735830263.8936224,s,m
4652998,78208.2,0.01,1735830263.8936224,s,m
4652999,78208.2,0.00961218,1735830263.8936224,s,m
4653000,78187.7,0.000387,1735830263.8936224,s,m
4653001,78185.9,8.2e-07,1735830263.8936224,s,m
4653002,78179.2,0.00050983,1735830267.1216474,s,l
4653003,78179.3,0.00036469,1735830267.1351526,s,l
4653004,78179.4,0.00029868,1735830267.14646,s,l
4653005,78247.8,0.00026196,1735830292.9560032,s,l
4653006,78291.9,0.000387,1735830298.0065196,b,l
4653007,78293.5,0.00021546,1735830298.0065196,b,l
4653008,78237.2,5e-05,1735830424.5533876,s,l
4653009,78222.0,0.000387,1735830424.5533876,s,l
4653010,78213.1,0.00012177,1735830424.5533876,s,l
4653011,78360.1,0.00302179,1735830560.0370562,b,l
4653012,78397.0,1.867e-05,1735830584.969231,b,l
4653013,78376.0,5.647e-05,1735830598.3127706,b,l
4653014,78307.3,0.00024925,1735830647.885234,b,l
4653015,78430.3,0.00011663,1735830676.4994078,b,l
4653016,78368.5,0.00012572,1735830696.0348234,b,l
4653017,78301.6,3.077e-05,1735830730.0602565,s,l
4653018,78309.5,0.00059628,1735830774.3381343,b,l
4653019,78286.3,0.000384,1735830789.6121144,b,l
4653020,78286.6,0.00081062,1735830789.6121144,b,l
4653021,78328.7,1.27e-05,1735830799.0345633,b,l
4653022,78329.5,0.00249069,1735830810.67932,b,l
4653023,78324.9,0.00023899,1735830818.893429,b,l
4653024,78310.3,0.00249116,1735830820.700551,b,l
4653025,78310.4,0.0011281,1735830876.0693994,b,l
4653026,78251.1,0.025,1735830887.6105406,s,m
4653027,78250.0,0.0065,1735830933.3208978,s,l
4653028,78320.6,0.00018693,1735831007.1620064,b,l
4653029,78220.0,6.392e-05,1735831076.3745897,s,l
4653030,78212.4,0.000384,1735831076.3745897,s,l
4653031,78203.8,0.00080728,1735831076.3745897,s,l
4653032,78200.0,0.00083675,1735831078.0806386,s,l
4653033,78221.8,0.0002519,1735831100.0364375,b,l
4653034,78200.1,0.00085164,1735831110.6627991,b,l
4653035,78200.0,1.08011243,1735831114.4834597,s,l
4653036,78200.0,0.19910197,1735831114.4845257,s,l
4653037,78105.4,0.05,1735831117.2880013,s,m
4653038,78166.9,0.00624029,1735831135.5880306,b,l
4653039,78155.8,0.00187233,1735831162.102142,b,l
4653040,78121.6,0.0002,1735831163.1586096,s,m
4653041,78155.4,0.00062408,1735831165.1851494,b,l
4653042,78008.9,0.00023996,1735831183.602612,b,l
4653043,78008.8,7e-05,1735831193.5737703,s,l
4653044,78006.2,0.00256389,1735831223.9768753,s,l
4653045,77984.7,6.238e-05,1735831228.9353385,b,l
4653046,77879.8,9.31e-05,1735831288.6980596,b,l
4653047,77868.3,0.00011711,1735831307.1264198,b,l
4653048,77868.2,7e-05,1735831320.7872014,s,l
4653049,77727.8,0.00060297,1735831362.3744478,b,l
4653050,77818.7,0.00032788,1735831450.802192,s,l
4653051,77818.8,0.00412276,1735831451.913496,b,l
4653052,77818.8,0.00982113,1735831451.913496,b,l
4653053,77904.5,0.008841,1735831455.3107462,b,m
4653054,77905.5,0.00399518,1735831455.3107462,b,m
4653055,77909.8,0.00961843,1735831458.6029525,b,m
4653056,77879.1,0.00874702,1735831465.4389164,b,l
4653057,77875.7,0.00012492,1735831467.7431946,b,l
4653058,77868.6,0.00059823,1735831578.2441804,b,l
4653059,77982.0,0.00025268,1735831671.0325558,b,l
4653060,77996.5,0.07538651,1735831672.5765588,b,m
4653061,77996.6,0.039,1735831672.576559,b,m
4653062,77999.8,0.12400936,1735831672.576559,b,m
4653063,77954.4,0.005,1735831703.23687,s,l
4653064,77917.4,0.00237395,1735831728.2128167,s,l
4653065,77921.9,0.00180051,1735831734.3010547,s,l
4653066,77997.6,0.000387,1735831750.659201,b,l
4653067,77997.6,0.00463926,1735831750.659201,b,l
4653068,77994.7,0.00015343,1735831755.4194915,s,l
4653069,78008.8,7e-05,1735831756.8588438,b,l
4653070,78032.2,0.00052731,1735831756.8588438,b,l
4653071,78038.4,6.236e-05,1735831765.3903873,b,l
4653072,78002.7,0.02570251,1735831837.1613414,s,l
4653073,77971.2,0.00176593,1735831849.7523336,s,l
4653074,78061.9,0.0001,1735831850.383575,b,m
4653075,77938.8,0.07533665,1735831858.6651754,s,m
4653076,77938.7,0.19067212,1735831858.6651754,s,m
4653077,77938.5,0.039,1735831858.6651757,s,m
4653078,77934.9,0.19499123,1735831858.6651757,s,m
4653079,77877.2,0.01619988,1735831888.9747465,s,l
4653080,77868.2,7e-05,1735831908.2781749,s,l
4653081,77815.9,0.00257082,1735831908.2781749,s,l
4653082,77903.0,9.995e-05,1735831961.70409,b,l
4653083,77880.4,0.00011697,1735831997.6894035,b,l
4653084,77882.0,0.00018975,1735831998.0596888,b,l
4653085,77866.5,0.00427655,1735832008.3889124,b,m
4653086,77815.5,0.00524952,1735832055.773436,s,m
4653087,77815.5,0.02054226,1735832104.486132,s,l
4653088,77800.0,0.1,1735832104.6315243,s,l
4653089,77727.7,7e-05,1735832107.071408,s,l
4653090,77745.7,9.441e-05,1735832137.9904308,b,l
4653091,77791.9,0.00011398,1735832167.0335512,b,l
4653092,77745.1,0.00167213,1735832190.7098415,b,m
4653093,77733.1,0.00062601,1735832216.5046237,b,l
4653094,77774.1,0.00125064,1735832254.3799987,b,l
4653095,77674.9,0.0161205,1735832301.7718828,s,l
4653096,77771.4,0.00225242,1735832338.253678,b,l
4653097,77827.4,0.00063295,1735832360.0355122,b,l
4653098,77788.9,0.00144121,1735832384.2405667,b,l
4653099,77810.3,0.00312679,1735832409.016433,b,l
4653100,77864.7,0.00056245,1735832449.45571,b,l
4653101,77784.1,0.00062547,1735832481.240783,b,l
4653102,77721.0,0.03217135,1735832515.126952,s,l
4653103,77663.7,0.07544494,1735832519.228372,b,l
4653104,77663.8,0.02455506,1735832519.228372,b,l
4653105,77663.5,0.00313054,1735832520.0344422,b,l
4653106,77620.6,5e-05,1735832597.3496735,s,l
4653107,77658.1,0.05039448,1735832607.875199,b,l
4653108,77664.2,0.00125313,1735832617.9052022,b,l
4653109,77650.6,0.00043464,1735832649.526245,b,l
4653110,77656.4,0.08581,1735832686.4324367,b,l
4653111,77656.4,0.0931269,1735832686.4324367,b,l
4653112,77733.6,0.00011875,1735832759.4270906,b,l
4653113,77747.0,0.00085112,1735832797.1361482,b,l
4653114,77674.9,0.00216585,1735832813.4212863,b,l
4653115,77747.3,0.07536172,1735832889.3266206,s,l
4653116,77747.2,0.03451539,1735832889.3266206,s,l
4653117,77850.9,0.00029805,1735832933.1501794,b,l
4653118,77850.9,0.00021103,1735832936.451416,b,l
4653119,77850.9,0.00017635,1735832936.451416,b,l
4653120,77868.2,7e-05,1735832963.2601566,b,l
4653121,77868.2,0.09709051,1735832963.2601566,b,l
4653122,77905.0,0.0039302,1735833045.1657553,s,l
4653123,77944.9,0.01180831,1735833055.7363484,b,l
4653124,77913.1,0.00031613,1735833077.4205794,b,l
4653125,77881.0,0.00128401,1735833158.2209623,b,m
4653126,77800.5,0.07529721,1735833200.8896978,s,m
4653127,77800.4,0.17470279,1735833200.8896978,s,m
4653128,77831.9,0.00114002,1735833201.734521,b,l
4653129,77912.3,2.529e-05,1735833304.0338314,b,l
4653130,77907.0,0.00012646,1735833315.032777,b,l
4653131,77896.9,0.001079,1735833358.7887783,b,l
4653132,77878.2,0.00055351,1735833454.4606462,b,l
4653133,77864.8,0.00013201,1735833462.1545398,b,l
4653134,77863.4,0.00012491,1735833519.207996,b,l
4653135,77878.1,0.01874494,1735833563.92951,b,l
4653136,77901.1,1.897e-05,1735833619.0398648,b,l
4653137,77905.8,0.00300386,1735833646.026978,b,l
4653138,77900.4,0.00020151,1735833675.252906,b,l
4653139,77877.8,0.00012842,1735833687.4081953,s,m
4653140,77893.6,0.0006246,1735833716.207895,b,l
4653141,77918.3,0.0075474,1735833724.4591818,b,l
4653142,77840.5,0.00064233,1735833781.658399,s,l
4653143,77797.4,0.00120028,1735833787.2128797,b,l
4653144,77792.3,0.00030155,1735833841.3972254,b,l
4653145,77727.7,7e-05,1735833851.9366615,s,l
4653146,77688.7,0.00012526,1735833863.0370767,b,l
4653147,77715.5,0.00012867,1735833994.893047,b,m
4653148,77715.5,0.06347453,1735834002.2538235,b,l
4653149,77816.3,0.00060597,1735834013.178976,b,l
4653150,77856.6,0.00375058,1735834098.1690445,b,l
4653151,77817.2,0.07,1735834118.800424,s,m
4653152,77839.6,2.531e-05,1735834133.0306215,b,l
4653153,77846.8,0.02406079,1735834186.5781362,b,l
4653154,77806.3,0.00040627,1735834232.209075,b,m
4653155,77837.7,0.00026147,1735834242.3692052,b,l
4653156,77847.9,5e-05,1735834269.5133855,b,l
4653157,77855.7,0.00060577,1735834289.8574986,b,l
4653158,77849.0,0.00144039,1735834308.546484,b,l
4653159,77928.7,0.00632155,1735834339.1218774,b,l
4653160,77939.3,0.00047759,1735834359.6365268,b,l
4653161,77941.5,0.00124871,1735834362.2407038,b,l
4653162,77950.5,0.00025278,1735834372.035311,b,l
4653163,77950.9,0.00063695,1735834415.5718715,b,l
4653164,77950.9,0.00753634,1735834418.1928613,b,l
4653165,77950.9,9.416e-05,1735834438.9031985,b,l
4653166,77950.9,0.02673255,1735834461.9305818,b,l
4653167,77950.9,0.008839,1735834461.9305818,b,l
4653168,78000.0,5e-05,1735834475.9783778,b,l
4653169,78000.0,0.008835,1735834475.9783778,b,l
4653170,78008.8,7e-05,1735834545.876614,b,l
4653171,78008.8,0.008834,1735834545.876614,b,l
4653172,78149.7,0.00320078,1735834586.5844114,s,m
4653173,78149.7,0.0001306,1735834597.5237885,s,l
4653174,78149.8,7e-05,1735834612.7347126,b,l
4653175,78193.0,5.45e-05,1735834612.7347126,b,l
4653176,78192.9,0.00154,1735834612.7518327,b,m
4653177,78164.1,6.529e-05,1735834616.1814258,s,l
4653178,78291.0,6.216e-05,1735834714.7568908,b,l
4653179,78220.9,4.131e-05,1735834752.0337155,b,l
4653180,78222.1,0.00081772,1735834790.3725104,s,l
4653181,78316.5,0.0003145,1735834809.5875878,b,l
4653182,78297.4,0.00032392,1735834855.0832598,s,l
4653183,78261.6,0.00232999,1735834911.3509393,b,l
4653184,78307.6,0.00124315,1735834919.2143345,b,l
4653185,78297.2,0.00193908,1735834936.5178418,b,l
4653186,78334.3,0.00011785,1735834967.984989,b,l
4653187,78295.5,0.03107569,1735835017.470286,b,l
4653188,78296.9,0.22375947,1735835041.2724974,b,l
4653189,78432.3,0.00013012,1735835096.578683,s,l
4653190,78432.3,0.00865888,1735835096.7573762,s,m
4653191,78432.3,0.00031939,1735835096.7573762,s,m
4653192,78432.3,0.00019124,1735835096.7573762,s,m
4653193,78432.3,0.19083049,1735835096.7573762,s,m
4653194,78432.3,0.00522315,1735835097.6112225,s,l
4653195,78432.4,9e-05,1735835097.920771,b,l
4653196,78444.0,0.00026947,1735835097.920771,b,l
4653197,78444.0,0.00059392,1735835113.8238487,b,l
4653198,78444.0,0.00062453,1735835127.276081,b,l
4653199,78444.0,6.368e-05,1735835150.9267294,b,l
4653200,78444.0,0.00683715,1735835155.3325844,b,l
4653201,78500.0,0.00115333,1735835218.9294062,b,l
4653202,78500.0,5e-05,1735835218.9294062,b,l
4653203,78555.0,0.00026258,1735835223.0345523,b,l
4653204,78574.1,9e-05,1735835223.0345523,b,l
4653205,78610.1,0.00441584,1735835223.0345523,b,l
4653206,78627.7,0.00094098,1735835229.2882574,b,l
4653207,78530.1,0.00181693,1735835277.7973025,s,m
4653208,78582.5,0.03440903,1735835319.1599638,b,l
4653209,78577.1,0.00148615,1735835367.3737185,b,l
4653210,78594.7,6.493e-05,1735835406.778345,s,l
4653211,78603.6,0.00047353,1735835423.878711,b,l
4653212,78600.0,0.00318066,1735835465.2366133,s,l
4653213,78578.3,6.363e-05,1735835466.223256,s,l
4653214,78574.7,0.00017564,1735835508.2082088,b,l
4653215,78574.7,0.00619306,1735835512.7409134,b,l
4653216,78580.4,0.00029478,1735835567.607304,b,l
4653217,78633.6,0.00036112,1735835648.0856535,s,l
4653218,78633.7,0.00040293,1735835648.9281354,b,l
4653219,78633.7,0.00207244,1735835648.9281354,b,l
4653220,78633.6,0.00259667,1735835661.3730085,s,l
4653221,78668.6,0.01482589,1735835670.669014,b,l
4653222,78688.9,6.481e-05,1735835685.4690711,s,l
4653223,78688.9,0.00018464,1735835685.5203483,s,l
4653224,78689.0,0.00010499,1735835687.560348,b,l
4653225,78700.0,0.00012706,1735835688.1262708,b,l
4653226,78716.1,9e-05,1735835705.800354,b,l
4653227,78728.6,0.00050907,1735835705.800354,b,l
4653228,78728.5,6.353e-05,1735835726.1632926,s,l
4653229,78728.6,0.00475966,1735835748.4480505,b,m
4653230,78761.9,0.0015906,1735835748.4480505,b,m
4653231,78762.6,0.00077027,1735835755.008809,b,l
4653232,78762.6,0.00012696,1735835765.65621,b,m
4653233,78762.6,0.00418132,1735835783.5926466,b,m
4653234,78766.8,0.00153197,1735835783.5926466,b,m
4653235,78762.7,0.0373203,1735835810.1566374,b,l
4653236,78762.7,0.00023477,1735835820.2783794,b,l
4653237,78762.7,0.00111157,1735835821.5283,b,l
4653238,78762.7,0.00011614,1735835822.3337762,b,l
4653239,78749.5,6.48e-05,1735835858.9419017,s,l
4653240,78749.4,0.00317463,1735835878.3225026,b,m
4653241,78746.6,0.00012699,1735835897.6576114,b,m
4653242,78746.6,0.00011578,1735835915.4597268,b,l
4653243,78746.5,7.582e-05,1735835939.077059,s,l
4653244,78746.6,0.03689244,1735835942.6081884,b,l
4653245,78760.7,0.00011217,1735836019.8936224,s,m
4653246,78760.7,0.00223842,1735836019.8936224,s,m
4653247,78760.7,0.00018968,1735836042.1587465,s,l
4653248,78760.7,0.00526761,1735836042.1587465,s,l
4653249,78760.8,0.00530759,1735836042.169626,b,l
4653250,78760.8,0.00738276,1735836042.169626,b,l
4653251,78751.4,7.149e-05,1735836109.309062,b,m
4653252,78751.3,0.00200771,1735836112.3852515,s,l
4653253,78750.0,0.53856796,1735836112.386854,s,l
4653254,78750.0,0.29717499,1735836112.3891337,s,l
4653255,78692.7,6.349e-05,1735836115.5127192,b,l
4653256,78635.9,0.00317416,1735836127.2197304,b,l
4653257,78606.9,0.017,1735836171.6966732,s,m
4653258,78606.3,0.008773,1735836192.716614,s,m
4653259,78605.9,0.000386,1735836192.716614,s,m
4653260,78597.8,0.000383,1735836192.716614,s,m
4653261,78588.8,0.017558,1735836192.716614,s,m
4653262,78591.9,0.00127244,1735836208.923098,s,l
4653263,78620.1,0.00076821,1735836231.3967683,b,l
4653264,78620.1,0.09892952,1735836231.3967683,b,l
4653265,78667.4,0.00059952,1735836260.7609112,b,l
4653266,78630.7,0.00081572,1735836263.6122897,s,l
4653267,78722.7,0.00024727,1735836314.3545327,b,l
4653268,78717.0,0.01053942,1735836354.2201674,b,l
4653269,78690.8,0.00635336,1735836405.115456,b,l
4653270,78665.8,0.0109668,1735836409.688615,s,l
4653271,78696.8,0.00061868,1735836451.8584795,b,l
4653272,78696.6,0.03710921,1735836453.813177,b,l
4653273,78692.2,0.0002504,1735836456.0331244,b,l
4653274,78717.0,0.0004211,1735836536.1472893,b,l
4653275,78717.0,0.00174321,1735836539.7353094,b,l
4653276,78717.0,0.02328878,1735836539.7353094,b,l
4653277,78760.8,0.02236974,1735836592.4813776,b,l
4653278,78760.8,0.0072475,1735836593.104933,b,l
4653279,78800.0,0.01049988,1735836616.5835226,b,l
4653280,78800.0,0.00065099,1735836625.251245,b,l
4653281,78799.9,0.0021298,1735836646.2810073,s,l
4653282,78780.1,0.01269356,1735836647.931753,b,m
4653283,78764.5,0.000383,1735836680.3583148,b,l
4653284,78767.0,0.01209958,1735836680.3583148,b,l
4653285,78732.4,0.0007,1735836755.2909622,s,l
4653286,78654.8,0.0003752,1735836755.9291427,b,l
4653287,78600.0,0.00012696,1735836815.1630678,s,m
4653288,78608.3,0.00038164,1735836830.5031333,b,m
4653289,78600.0,0.01259581,1735836870.1053402,s,l
4653290,78600.0,0.00763358,1735836870.1053402,s,l
4653291,78574.6,0.00063633,1735836878.8672023,s,l
4653292,78574.6,0.00062106,1735836878.8672023,s,l
4653293,78574.3,0.00549798,1735836878.8672023,s,l
4653294,78574.1,7e-05,1735836878.8672023,s,l
4653295,78540.2,0.00123909,1735836906.2970924,b,l
4653296,78584.9,0.02868179,1735837006.8472383,b,m
4653297,78585.1,0.03494358,1735837006.8472383,b,m
4653298,78579.7,0.02240292,1735837011.102775,b,m
4653299,78579.8,0.039,1735837011.102775,b,m
4653300,78581.9,0.06359708,1735837011.102775,b,m
4653301,78563.7,0.00123857,1735837019.411176,b,l
4653302,78536.0,0.00619382,1735837026.6788733,b,l
4653303,78509.4,2.618e-05,1735837030.4925308,s,l
4653304,78533.1,0.00012545,1735837032.033899,b,l
4653305,78500.0,0.00025477,1735837104.6045835,s,m
4653306,78500.0,0.0007,1735837104.6045835,s,m
4653307,78473.9,0.01168854,1735837104.6045835,s,m
4653308,78512.8,0.00127368,1735837130.6887755,b,m
4653309,78482.1,0.00010377,1735837195.624408,s,l
4653310,78517.2,1.243e-05,1735837200.0450144,b,l
4653311,78514.6,0.00012548,1735837200.0891094,b,l
4653312,78523.4,1.255e-05,1735837205.041071,b,l
4653313,78515.0,0.00166721,1735837211.2914882,b,l
4653314,78500.0,0.00475443,1735837224.655191,b,l
4653315,78432.5,0.00254996,1735837239.705414,b,m
4653316,78433.2,0.01507354,1735837243.0322804,b,l
4653317,78449.1,1.884e-05,1735837250.0360186,b,l
4653318,78432.5,0.0001177,1735837253.259792,b,l
4653319,78478.5,0.01017862,1735837279.4821846,b,m
4653320,78507.5,0.00280228,1735837333.8313067,b,m
4653321,78493.6,0.00045633,1735837424.620567,b,l
4653322,78480.3,0.00036375,1735837440.1032507,s,l
4653323,78504.6,0.01115701,1735837519.960768,b,l
4653324,78504.4,0.000251,1735837536.0408323,b,l
4653325,78557.7,0.00137537,1735837570.4597533,b,l
4653326,78494.8,8.359e-05,1735837610.0328655,b,l
4653327,78494.7,0.00031849,1735837618.2590482,s,m
4653328,78457.3,0.00031849,1735837618.2590482,s,m
4653329,78473.2,0.00127397,1735837628.504968,b,l
4653330,78454.5,0.00024807,1735837642.886535,b,l
4653331,78473.3,0.00455752,1735837671.3196669,b,l
4653332,78499.4,0.000384,1735837757.0577826,s,l
4653333,78498.6,0.00173208,1735837757.0577826,s,l
4653334,78554.7,0.00309787,1735837868.6132822,b,l
4653335,78557.7,0.00018113,1735837939.9083793,s,l
4653336,78557.7,0.00907591,1735837939.9083793,s,l
4653337,78557.8,0.00012389,1735837965.429085,b,l
4653338,78557.8,0.0001967,1735837985.6969028,b,l
4653339,78557.8,0.02394941,1735837986.1061316,b,l
4653340,78557.8,5e-05,1735837986.1061316,b,l
4653341,78702.8,6.183e-05,1735838001.054567,b,l
4653342,78715.9,0.00037101,1735838012.1013732,b,l
4653343,78716.1,7e-05,1735838031.9141102,b,m
4653344,78750.1,5.701e-05,1735838031.9141102,b,m
4653345,78724.9,0.0125988,1735838038.9865098,b,l
4653346,78725.1,0.01159231,1735838061.8810945,b,l
4653347,78725.2,0.000383,1735838061.8810945,b,l
4653348,78725.2,0.02052334,1735838061.8810945,b,l
4653349,78725.4,0.039,1735838061.8810945,b,l
4653350,78727.7,0.20699318,1735838061.8810945,b,l
4653351,78725.2,0.00356576,1735838097.682856,b,l
4653352,78718.5,0.00025032,1735838110.0342338,b,l
4653353,78725.2,0.00012515,1735838154.032397,b,l
4653354,78694.4,0.00128378,1735838169.7377603,s,l
4653355,78667.9,0.00247484,1735838205.1115837,b,l
4653356,78641.4,5.359e-05,1735838227.086131,b,l
4653357,78671.1,2.505e-05,1735838258.0343952,b,l
4653358,78715.2,0.00012516,1735838370.1144366,b,l
4653359,78695.8,5e-05,1735838387.939957,s,m
4653360,78621.5,0.07454209,1735838450.277882,s,m
4653361,78621.4,0.03720221,1735838450.277882,s,m
4653362,78574.2,0.00394354,1735838570.8964882,b,l
4653363,78574.1,7e-05,1735838600.563408,s,m
4653364,78553.8,0.01667986,1735838600.563408,s,m
4653365,78538.2,0.00083184,1735838696.0098648,b,l
4653366,78518.5,0.00012961,1735838716.878264,b,l
4653367,78606.1,0.00254433,1735838766.636752,b,m
4653368,78576.6,0.00063632,1735838771.8487473,b,m
4653369,78556.0,0.00077273,1735838803.113381,s,m
4653370,78556.0,0.00050024,1735838810.2086148,s,l
4653371,78533.3,0.00525516,1735838810.2086148,s,l
4653372,78584.2,0.00023539,1735838819.9773698,b,l
4653373,78500.0,0.00127388,1735838869.5595417,s,m
4653374,78493.4,0.01119129,1735838869.5595417,s,m
4653375,78454.4,0.00076477,1735838965.120033,s,m
4653376,78450.0,0.003644,1735838965.120033,s,m
4653377,78450.1,0.0001058,1735838979.4266982,b,m
4653378,78450.1,0.00014191,1735839000.9576745,b,l
4653379,78450.0,0.00018009,1735839071.056634,s,l
4653380,78432.4,7e-05,1735839072.688336,s,m
4653381,78432.4,0.00025499,1735839072.688336,s,m
4653382,78428.7,0.00010157,1735839072.6883364,s,m
4653383,78361.4,0.00407281,1735839072.6883364,s,m
4653384,78416.2,0.00012411,1735839089.7727342,b,l
4653385,78387.3,0.00023588,1735839124.1640594,b,l
4653386,78398.7,0.00011777,1735839126.8267355,b,l
4653387,78329.9,4.402e-05,1735839201.0381677,b,l
4653388,78291.1,0.00031072,1735839220.4925044,b,l
4653389,78291.0,7e-05,1735839229.53214,s,l
4653390,78272.7,0.00118118,1735839246.982241,b,l
4653391,78149.9,0.00099628,1735839361.288453,b,l
4653392,78149.8,7e-05,1735839368.1056943,s,l
4653393,78111.6,0.00531035,1735839433.1221576,s,l
4653394,78103.8,0.00010514,1735839433.2015922,s,l
4653395,78011.5,0.01317135,1735839436.7494712,s,l
4653396,78085.6,0.00012617,1735839439.0351653,b,l
4653397,78008.9,0.01247596,1735839492.418208,b,l
4653398,78008.8,7e-05,1735839498.5291607,s,l
4653399,78000.0,0.0001282,1735839500.1370156,s,l
4653400,77900.1,0.00014064,1735839511.3617563,s,m
4653401,77868.3,0.000387,1735839601.6490903,b,l
4653402,77868.3,0.00087951,1735839601.6490903,b,l
4653403,77949.1,0.00128289,1735839652.998472,b,m
4653404,77896.0,0.01384702,1735839696.1447656,s,l
4653405,77895.9,0.01289648,1735839696.1447656,s,l
4653406,78000.0,0.00311545,1735839827.5177484,b,l
4653407,78084.6,0.02498451,1735839842.827323,s,l
4653408,78084.5,0.04690652,1735839842.827323,s,l
4653409,78084.4,0.008807,1735839842.827323,s,l
4653410,78084.3,0.039,1735839842.827323,s,l
4653411,78081.5,0.03230978,1735839842.827323,s,l
4653412,78040.7,0.00010097,1735839927.4258015,b,m
4653413,78068.4,0.003,1735839949.888543,b,l
4653414,78065.5,0.0126586,1735839958.1970685,b,m
4653415,78039.1,1.262e-05,1735839968.0513062,b,l
4653416,77999.7,0.00126311,1735839996.0430083,b,l
4653417,77937.9,0.00081168,1735840084.6689134,b,l
4653418,77937.8,0.00025661,1735840092.2822957,s,l
4653419,77937.9,0.00392709,1735840147.87105,b,l
4653420,77937.9,0.00231707,1735840147.87105,b,l
4653421,77969.5,0.01895398,1735840152.4690971,b,l
4653422,77868.2,7e-05,1735840161.3888018,s,l
4653423,77865.4,0.000387,1735840161.3888018,s,l
4653424,77863.6,0.00022301,1735840161.3888018,s,l
4653425,77925.0,0.00071173,1735840172.799793,b,l
4653426,77924.5,0.00031228,1735840228.4712863,b,l
4653427,77860.4,0.01577216,1735840231.212236,s,m
4653428,77860.3,0.00922784,1735840231.212236,s,m
4653429,77958.7,0.00129556,1735840261.2385085,b,m
4653430,77929.0,0.0011468,1735840292.782271,s,l
4653431,77997.7,0.00013048,1735840333.838963,b,l
4653432,78008.6,0.00062784,1735840374.662792,b,l
4653433,78008.8,7e-05,1735840448.5196023,b,l
4653434,78049.6,0.00242383,1735840448.5196023,b,l
4653435,78048.4,0.00124715,1735840460.582953,b,l
4653436,77996.9,0.0003333,1735840554.848848,b,l
4653437,77997.0,0.00023696,1735840555.3700535,b,l
4653438,77981.5,0.00390477,1735840570.1486776,s,l
4653439,78036.3,0.00374146,1735840696.844635,b,l
4653440,78149.4,0.00125975,1735840895.1465254,b,l
4653441,78118.1,0.00124575,1735840921.0171423,b,l
4653442,78075.8,0.00205033,1735840951.6129732,b,m
4653443,77993.2,0.00012632,1735840996.0332286,b,l
4653444,77993.1,0.000596,1735841010.71724,s,l
4653445,77993.1,0.01222564,1735841019.5353894,s,l
4653446,77981.6,0.00064131,1735841032.4092534,b,m
4653447,77981.6,0.0125647,1735841038.7721398,b,l
4653448,77981.5,0.00891878,1735841041.40947,s,l
4653449,77981.5,0.00641177,1735841041.40947,s,l
4653450,77900.1,0.00012493,1735841048.7099516,b,l
4653451,77900.0,5e-05,1735841079.9970186,s,m
4653452,77872.7,0.00123401,1735841079.9970186,s,m
4653453,77898.2,0.00089758,1735841102.4520936,b,l
4653454,77868.3,0.000385,1735841103.0296164,s,m
4653455,77868.3,0.0002959,1735841103.0296164,s,m
4653456,77868.3,0.00037957,1735841110.0353725,b,l
4653457,77889.4,0.00056223,1735841123.7497492,b,l
4653458,77868.3,0.000387,1735841142.595519,s,l
4653459,77868.2,7e-05,1735841142.595519,s,l
4653460,77857.7,2.803e-05,1735841142.595519,s,l
4653461,77984.4,0.00071759,1735841216.024865,b,l
4653462,78008.8,7e-05,1735841283.2015846,b,l
4653463,78044.5,0.00028676,1735841283.2015846,b,l
4653464,78149.8,7e-05,1735841353.1724932,b,l
4653465,78214.9,0.00028652,1735841353.3312,b,l
4653466,78253.6,0.00242017,1735841427.680413,b,l
4653467,78247.2,0.00597991,1735841431.3781233,b,l
4653468,78263.7,1.244e-05,1735841433.1530707,b,l
4653469,78263.3,0.00011795,1735841434.797228,b,l
4653470,78282.1,0.00023911,1735841488.4984648,b,l
4653471,78281.9,0.00014968,1735841489.3394134,b,l
4653472,78167.2,0.0001181,1735841575.2003863,b,l
4653473,78148.6,1.261e-05,1735841588.0383928,b,l
4653474,78156.4,0.00255897,1735841590.759591,b,m
4653475,78133.6,0.015127,1735841594.9582503,s,m
4653476,78133.5,0.048643,1735841594.9582503,s,m
4653477,78154.7,0.00639757,1735841601.6582522,b,m
4653478,78167.0,0.00059994,1735841614.823104,b,l
4653479,78185.5,2.49e-05,1735841671.5383208,b,l
4653480,78175.8,0.00050011,1735841748.5448637,b,l
4653481,78174.6,0.00017429,1735841750.6089687,b,l
4653482,78195.0,0.0043573,1735841766.240751,b,l
4653483,78107.5,0.00065749,1735841840.067612,s,l
4653484,78092.5,0.01447387,1735841848.526595,s,l
4653485,78125.3,0.00011816,1735841892.9569192,b,l
4653486,78147.9,8.647e-05,1735841979.7395692,s,l
4653487,78171.8,3.151e-05,1735841990.0321388,b,l
4653488,78233.1,0.00102259,1735842011.745714,b,m
4653489,78291.0,7e-05,1735842050.1331637,b,l
4653490,78270.6,0.00013675,1735842168.3298872,b,l
4653491,78252.4,0.00127756,1735842175.1786995,b,l
4653492,78274.7,0.00031084,1735842195.057655,b,l
4653493,78248.2,0.00051124,1735842205.852697,s,m
4653494,78160.5,0.02835758,1735842284.1647406,s,m
4653495,78160.4,0.01270639,1735842284.1647406,s,m
4653496,78164.0,0.002,1735842303.855117,s,l
4653497,78149.9,0.02395029,1735842334.7693243,b,l
4653498,78149.9,0.00435871,1735842384.4229364,b,l
4653499,78149.9,0.00119553,1735842409.5616455,b,l
4653500,78149.8,7e-05,1735842465.2162187,s,l
4653501,78119.3,0.01334186,1735842465.2162187,s,l
4653502,78112.1,0.00783952,1735842505.5547888,s,l
4653503,78201.0,0.01198557,1735842593.092067,b,l
4653504,78189.8,2.489e-05,1735842602.444685,b,l
4653505,78017.7,0.00011717,1735842709.8033862,b,l
4653506,78008.9,0.00107748,1735842726.1756966,b,l
4653507,78008.8,7e-05,1735842735.0624585,s,l
4653508,78003.8,0.00011,1735842762.424988,s,l
4653509,78068.1,0.01246516,1735842808.60119,b,l
4653510,78068.6,0.00054734,1735842825.479925,b,m
4653511,78013.3,0.00661178,1735842911.271145,s,l
4653512,78019.2,0.00012473,1735842926.2681484,b,l
4653513,78012.7,0.0003931,1735842947.416087,b,l
4653514,78145.1,6.398e-05,1735843011.366568,b,m
4653515,78149.8,7e-05,1735843025.5529304,b,m
4653516,78175.9,0.00035266,1735843025.5529304,b,m
4653517,78233.4,0.00031483,1735843097.0361087,b,l
4653518,78199.4,0.00036058,1735843135.4992528,b,l
4653519,78235.0,0.00314828,1735843195.225822,b,l
4653520,78178.7,0.00018673,1735843268.9933703,b,l
4653521,78178.7,7.197e-05,1735843287.879773,b,l
4653522,78245.4,0.00016733,1735843287.879773,b,l
4653523,78252.9,2.518e-05,1735843326.031796,b,l
4653524,78252.9,0.00112753,1735843426.3850884,b,l
4653525,78252.8,0.00255581,1735843436.4754305,s,m
4653526,78252.9,0.02,1735843447.5494418,b,l
4653527,78252.9,0.02357406,1735843447.6101897,b,l
4653528,78290.9,0.000387,1735843536.606626,s,l
4653529,78290.9,0.00033483,1735843536.606626,s,l
4653530,78291.0,7e-05,1735843540.9216998,b,l
4653531,78401.1,4.128e-05,1735843592.2945538,s,l
4653532,78416.2,0.0011911,1735843607.7461703,b,l
4653533,78320.5,0.00035614,1735843753.2891834,b,l
4653534,78374.3,0.00310445,1735843802.961443,b,l
4653535,78327.8,0.00254005,1735843829.5157976,s,l
4653536,78359.9,0.00012419,1735843845.8720474,b,l
4653537,78397.7,0.03751664,1735843870.4872968,b,l
4653538,78391.9,0.00806973,1735843880.2209997,b,l
4653539,78390.0,0.00044359,1735844103.4077635,b,l
4653540,78429.7,0.00026867,1735844103.570376,b,l
4653541,78413.5,0.02517426,1735844143.508979,s,l
4653542,78432.4,7e-05,1735844159.6975856,b,l
4653543,78447.2,0.00055037,1735844159.6975856,b,l
4653544,78500.0,5e-05,1735844316.6545472,b,l
4653545,78500.0,0.00183321,1735844316.6545472,b,l
4653546,78500.0,0.00453621,1735844317.153175,b,m
4653547,78524.7,0.01351161,1735844317.153175,b,m
4653548,78538.9,0.00062722,1735844400.050166,b,l
4653549,78510.9,0.00012549,1735844412.0392404,b,l
4653550,78490.9,0.00062416,1735844447.2798584,b,l
4653551,78498.6,0.00573362,1735844479.8813453,b,m
4653552,78498.5,0.00371932,1735844481.783608,b,l
4653553,78498.5,6.199e-05,1735844487.4939697,b,l
4653554,78481.2,0.00012739,1735844507.2933698,s,m
4653555,78479.0,0.0001,1735844522.8162446,b,m
4653556,78508.7,0.01308809,1735844561.1701498,s,l
4653557,78525.0,0.03717853,1735844563.3039908,b,l
4653558,78571.2,0.012073,1735844583.872857,b,l
4653559,78573.3,0.00062694,1735844594.0336173,b,l
4653560,78573.8,0.00024772,1735844609.470927,b,l
4653561,78574.1,7e-05,1735844611.910107,b,l
4653562,78577.4,0.00635784,1735844611.910107,b,l
4653563,78577.5,0.03072942,1735844611.910107,b,l
4653564,78573.9,0.00025352,1735844622.891465,b,m
4653565,78555.1,0.01192305,1735844642.8936548,b,l
4653566,78573.6,0.00012739,1735844652.5617642,b,m
4653567,78632.7,0.00049519,1735844757.6420112,b,l
4653568,78650.0,0.00185614,1735844816.401677,b,l
4653569,78650.0,0.00034778,1735844943.1365192,b,l
4653570,78650.0,0.01944217,1735844985.3838663,b,l
4653571,78689.0,0.00010499,1735845056.4984105,b,l
4653572,78716.1,7e-05,1735845061.275593,b,l
4653573,78728.6,6.981e-05,1735845061.275593,b,l
4653574,78728.6,0.00524054,1735845069.3951535,b,m
4653575,78747.1,0.07452694,1735845069.3951535,b,m
4653576,78747.2,0.00303045,1735845069.3951535,b,m
4653577,78767.6,0.02471001,1735845144.4020214,b,l
4653578,78733.5,0.00059902,1735845201.7947311,b,l
4653579,78733.4,0.00069855,1735845231.0694308,s,l
4653580,78733.2,0.000114,1735845231.0694308,s,l
4653581,78697.2,0.00310393,1735845231.0694308,s,l
4653582,78693.5,0.00118667,1735845233.2142837,b,l
4653583,78693.5,0.00118667,1735845233.4092314,b,l
4653584,78718.6,0.03810869,1735845271.4648335,b,l
4653585,78716.2,0.001,1735845275.1136956,b,l
4653586,78715.7,0.00625788,1735845301.2686148,b,l
4653587,78720.5,0.0014249,1735845309.9507906,b,l
4653588,78720.1,0.0625772,1735845330.2953258,b,m
4653589,78699.0,0.07458464,1735845431.7318134,b,l
4653590,78711.7,0.01428167,1735845431.7318137,b,l
4653591,78781.2,0.00061768,1735845666.7116888,b,l
4653592,78759.6,0.00063497,1735845679.8456278,b,l
4653593,78759.5,0.00064792,1735845687.0612817,s,l
4653594,78759.6,0.00211635,1735845723.2926838,b,m
4653595,78759.6,0.03783166,1735845733.4782891,b,l
4653596,78759.6,0.00023768,1735845767.8534803,b,l
4653597,78759.6,0.00494282,1735845771.0632613,b,l
4653598,78759.6,0.00148285,1735845865.26539,b,l
4653599,78759.7,0.00270074,1735845888.104641,b,l
4653600,78787.5,0.00507694,1735845923.1905544,b,l
4653601,78799.9,7.966e-05,1735845923.3971334,s,m
4653602,78800.0,0.00407755,1735845924.1065404,b,l
4653603,78800.0,0.25,1735845924.1065404,b,l
4653604,78800.0,0.002,1735845924.1065404,b,l
4653605,78822.7,0.00165208,1735845924.1538525,b,l
4653606,78858.3,9.194e-05,1735845937.7351289,b,l
4653607,78837.8,0.00160469,1735845977.1582298,b,l
4653608,78814.5,0.00775728,1735845997.1548767,s,l
4653609,78805.2,9.685e-05,1735846065.1050513,s,l
4653610,78793.4,0.00481318,1735846066.2145038,s,l
4653611,78842.2,0.00011565,1735846068.0865116,b,l
4653612,78832.1,0.00296696,1735846096.7026255,b,l
4653613,78759.6,0.00142296,1735846139.6691077,b,l
4653614,78759.6,0.00380906,1735846175.850174,b,m
4653615,78759.5,0.02413639,1735846206.2750535,s,l
4653616,78759.5,0.00125699,1735846206.2750535,s,l
4653617,78716.1,7e-05,1735846210.9953146,s,l
4653618,78710.0,0.0087139,1735846221.3609097,b,l
4653619,78709.9,0.00041926,1735846224.2099626,s,l
4653620,78698.9,0.00030991,1735846229.9132397,s,l
4653621,78650.0,0.00011737,1735846235.3027828,b,l
4653622,78650.0,0.00247485,1735846264.9765818,b,l
4653623,78650.0,0.000386,1735846280.3072467,b,l
4653624,78650.0,0.000384,1735846280.3072467,b,l
4653625,78650.0,0.00042288,1735846280.3072467,b,l
4653626,78649.9,0.00012714,1735846287.9206662,s,m
4653627,78582.4,0.00623014,1735846287.9206662,s,m
4653628,78619.6,0.03063062,1735846296.5373957,b,l
4653629,78619.7,0.00425995,1735846296.5373957,b,l
4653630,78574.1,7e-05,1735846303.616464,s,l
4653631,78555.0,0.00053,1735846303.616464,s,l
4653632,78560.7,0.00060497,1735846344.9511898,b,l
4653633,78591.9,0.00012389,1735846346.640672,b,l
4653634,78555.1,0.00011603,1735846361.1198657,b,l
4653635,78555.1,0.00045202,1735846382.546581,b,l
4653636,78555.1,0.00179761,1735846452.383195,b,l
4653637,78555.1,0.00235395,1735846458.3446856,b,l
4653638,78555.1,0.00029499,1735846469.0865934,b,l
4653639,78555.1,0.00118936,1735846509.0420372,b,l
4653640,78555.0,0.00061569,1735846533.849041,s,l
4653641,78453.9,2.481e-05,1735846552.0741394,b,l
4653642,78513.4,0.00118989,1735846600.3888445,b,l
4653643,78473.1,0.00012998,1735846633.3971686,b,m
4653644,78477.1,0.00049604,1735846642.3957546,b,l
4653645,78516.0,0.00035593,1735846733.330812,b,l
4653646,78516.0,0.00120461,1735846733.4239042,b,l
4653647,78516.0,0.00028069,1735846781.539844,b,l
4653648,78516.0,7.512e-05,1735846781.6179376,b,l
4653649,78513.8,3.744e-05,1735846832.7373588,b,l
4653650,78516.0,0.00029513,1735846874.3426764,b,l
4653651,78516.0,0.0039931,1735846930.2678666,b,l
4653652,78591.6,0.00099163,1735846931.3782794,b,l
4653653,78638.4,0.02384709,1735846968.8843966,b,l
4653654,78599.4,0.00024838,1735846972.891759,s,l
4653655,78666.4,0.0012524,1735847003.036368,b,l
4653656,78649.5,0.001,1735847064.0840085,b,l
4653657,78631.1,0.00118819,1735847078.8187015,b,l
4653658,78707.4,0.00136535,1735847123.0180318,b,l
4653659,78682.0,0.00063547,1735847136.0752783,b,m
4653660,78644.5,0.000384,1735847167.746155,s,m
4653661,78644.4,0.000386,1735847167.746155,s,m
4653662,78635.7,0.05080357,1735847167.746155,s,m
4653663,78603.5,0.01180264,1735847192.8654635,b,l
4653664,78603.6,0.00676854,1735847192.8654635,b,l
4653665,78614.3,1.699e-05,1735847264.5652063,s,l
4653666,78716.1,7e-05,1735847338.3234334,b,l
4653667,78753.2,0.0006473,1735847338.3234334,b,l
4653668,78764.6,0.00551282,1735847356.5007434,b,l
4653669,78649.8,0.00093071,1735847453.869902,b,m
4653670,78671.6,0.00031778,1735847473.1704302,b,m
4653671,78671.0,0.00309289,1735847477.513729,b,l
4653672,78691.7,0.01080396,1735847495.8770163,b,m
4653673,78691.8,0.1162741,1735847495.8770163,b,m
4653674,78742.1,0.00126997,1735847552.574044,b,m
4653675,78772.9,0.0053013,1735847583.0445752,b,m
4653676,78773.0,0.0946987,1735847583.0445752,b,m
4653677,78737.7,0.00030481,1735847626.900368,b,m
4653678,78699.0,0.00035557,1735847713.2920592,b,l
4653679,78699.0,0.0001173,1735847740.904399,b,l
4653680,78698.9,0.00127066,1735847821.3542843,s,l
4653681,78627.2,0.00029707,1735847829.4931245,b,l
4653682,78627.2,0.00059983,1735847854.974756,b,l
4653683,78627.1,0.00031795,1735847864.167453,s,l
4653684,78574.1,7e-05,1735847864.2874608,s,l
4653685,78573.3,0.01660493,1735847864.4080114,s,l
4653686,78607.8,0.00173319,1735847870.9373295,b,l
4653687,78594.2,0.00011147,1735847908.482729,b,l
4653688,78558.8,0.00258792,1735847914.495461,s,m
4653689,78571.2,0.00136839,1735847925.2996738,b,l
4653690,78567.9,0.00029493,1735847941.1497047,b,l
4653691,78552.4,0.0061948,1735847993.9962904,b,l
4653692,78572.2,6.27e-05,1735848002.0343597,b,l
4653693,78549.0,0.00522073,1735848003.6099148,s,l
4653694,78626.6,0.07452318,1735848026.4440534,s,m
4653695,78626.5,0.02547682,1735848026.4440534,s,m
4653696,78658.2,0.00059207,1735848040.8587472,b,l
4653697,78661.3,1.252e-05,1735848048.03891,b,l
4653698,78661.3,0.02544276,1735848048.7800124,b,l
4653699,78674.1,0.0004383,1735848088.0339737,b,l
4653700,78672.2,5.307e-05,1735848097.46292,b,l
4653701,78677.6,0.00012522,1735848158.0338326,b,l
4653702,78677.8,0.02560764,1735848288.0976002,s,l
4653703,78677.9,0.00696032,1735848290.534578,b,l
4653704,78721.4,0.00169639,1735848407.7737374,s,l
4653705,78723.5,0.00273228,1735848425.288973,b,l
4653706,78692.7,0.00157775,1735848430.671172,s,l
4653707,78684.3,0.00635458,1735848439.6639934,s,m
4653708,78705.1,0.00011575,1735848453.0652366,b,l
4653709,78699.3,0.0004971,1735848474.943589,s,l
4653710,78752.9,0.00253959,1735848608.537865,b,m
4653711,78776.6,0.00061772,1735848633.846604,b,l
4653712,78773.2,0.00038102,1735848645.1199737,s,l
4653713,78800.2,0.0164,1735848781.2678926,b,l
4653714,78858.3,7e-05,1735848788.4492395,b,m
4653715,78860.0,0.00025,1735848788.4492395,b,m
4653716,78861.5,0.01468213,1735848788.4492395,b,m
4653717,78861.6,0.000383,1735848788.4492395,b,m
4653718,78862.4,0.00300151,1735848788.4492395,b,m
4653719,78846.6,6.248e-05,1735848798.1502042,b,l
4653720,78827.2,0.00475193,1735848824.6134803,b,l
4653721,78827.1,0.00029594,1735848826.4354675,b,l
4653722,78824.9,0.00031107,1735848860.4087074,s,l
4653723,78822.6,0.00126867,1735848908.8918445,b,m
4653724,78817.8,0.039,1735848969.74937,b,l
4653725,78818.4,0.25629129,1735848969.74937,b,l
4653726,78818.4,0.14660828,1735848969.74937,b,l
4653727,78800.7,0.00069796,1735849004.681646,s,l
4653728,78800.7,0.00063451,1735849004.681646,s,l
4653729,78768.1,0.000384,1735849004.681646,s,l
4653730,78759.4,0.00211835,1735849004.681646,s,l
4653731,78784.1,0.00024195,1735849019.0814078,b,l
4653732,78785.8,0.25,1735849034.7359262,b,m
4653733,78780.5,9.857e-05,1735849048.804109,b,l
4653734,78802.3,0.00131734,1735849081.0290976,s,l
4653735,78825.0,0.00030867,1735849101.950625,b,l
4653736,78825.0,0.00065417,1735849154.3619614,b,l
4653737,78825.0,6.835e-05,1735849154.6081457,b,l
4653738,78825.0,0.00035471,1735849183.122613,b,l
4653739,78825.0,6.249e-05,1735849184.0349326,b,l
4653740,78825.0,0.00014081,1735849201.7859151,b,l
4653741,78825.0,0.00570315,1735849204.9202054,b,l
4653742,78825.0,0.00313155,1735849231.4831789,b,m
4653743,78825.0,0.00029049,1735849260.956197,b,l
4653744,78824.9,6.474e-05,1735849265.5641315,s,l
4653745,78825.0,0.01234679,1735849293.963842,b,l
4653746,78825.0,0.00022357,1735849306.8832788,b,l
4653747,78825.0,0.11069062,1735849311.3375144,b,l
4653748,78885.2,0.00064334,1735849311.7404788,s,l
4653749,78885.3,5e-05,1735849333.5182333,b,l
4653750,78885.3,5.472e-05,1735849347.5068915,b,m
4653751,78887.8,0.00095938,1735849347.5068915,b,m
4653752,78882.5,0.00123396,1735849418.7833858,b,l
4653753,78888.0,5e-05,1735849483.3625264,b,l
4653754,78888.0,0.00030743,1735849483.3625264,b,l
4653755,78858.6,6.212e-05,1735849578.0711577,b,l
4653756,78849.1,0.00097092,1735849592.2253046,b,l
4653757,78818.7,0.01953851,1735849619.5156336,b,m
4653758,78818.6,0.00455476,1735849657.5254362,s,l
4653759,78761.2,0.04544524,1735849657.5254362,s,l
4653760,78823.6,0.00023748,1735849700.0028925,b,l
4653761,78816.5,1.25e-05,1735849722.0414004,b,l
4653762,78716.2,0.00247177,1735849791.3046308,b,l
4653763,78716.2,0.00125161,1735849800.0399923,b,l
4653764,78716.1,7e-05,1735849832.1468344,s,l
4653765,78656.7,0.00035848,1735849854.9368525,b,l
4653766,78750.1,0.00010855,1735849897.1248891,b,m
4653767,78721.6,6.501e-05,1735849911.0921276,s,l
4653768,78791.5,0.00296972,1735849930.3406143,b,l
4653769,78750.2,0.000386,1735849944.5600977,b,l
4653770,78750.2,0.00318404,1735849944.5600977,b,l
4653771,78750.2,0.00011723,1735849968.888145,b,l
4653772,78750.2,0.00547173,1735849968.9183457,b,l
4653773,78750.2,0.00070753,1735849968.9183457,b,l
4653774,78720.3,0.00749082,1735849999.0654318,b,l
4653775,78694.3,0.00289734,1735850006.392488,s,l
4653776,78692.9,0.00142557,1735850078.943632,b,l
4653777,78574.2,0.00061931,1735850222.0789,b,l
4653778,78574.2,0.01795999,1735850231.6263015,b,l
4653779,78574.2,0.0204207,1735850233.7771564,b,l
4653780,78574.2,0.02724101,1735850233.7771564,b,l
4653781,78574.2,0.00244083,1735850265.5285733,b,l
4653782,78574.2,0.000384,1735850297.7577565,b,l
4653783,78574.2,0.00209324,1735850297.7577565,b,l
4653784,78574.2,0.001,1735850360.619007,b,l
4653785,78581.8,0.00029479,1735850364.747672,b,l
4653786,78584.9,0.00061677,1735850370.608669,b,l
4653787,78634.0,0.0071917,1735850459.5099723,b,l
4653788,78635.2,0.00059266,1735850461.8975575,b,l
4653789,78603.0,0.00065666,1735850495.4100022,b,l
4653790,78604.5,0.00299517,1735850542.1082556,b,l
4653791,78595.1,0.01609766,1735850547.9733453,b,l
4653792,78575.4,0.00877767,1735850554.6066875,s,m
4653793,78575.3,0.039,1735850554.6066875,s,m
4653794,78574.9,0.00222233,1735850554.6066875,s,m
4653795,78574.1,7e-05,1735850609.9872577,s,m
4653796,78540.1,0.00967329,1735850609.9872577,s,m
4653797,78540.0,0.008786,1735850609.9872577,s,m
4653798,78536.3,0.000384,1735850609.9872577,s,m
4653799,78534.9,0.01909244,1735850609.9872577,s,m
4653800,78621.7,0.00127191,1735850662.676545,b,m
4653801,78614.5,0.0127203,1735850712.733025,b,m
4653802,78594.6,0.00287615,1735850746.7922776,s,l
4653803,78594.7,9.224e-05,1735850747.7084591,b,l
4653804,78634.3,0.00127794,1735850784.99988,s,m
4653805,78621.9,0.0003566,1735850824.344031,b,l
4653806,78615.9,0.00071115,1735850829.0416722,b,l
4653807,78645.5,0.00050881,1735850870.879928,s,m
4653808,78662.6,7.837e-05,1735850928.2191384,s,l
4653809,78695.1,0.00338466,1735850932.457379,b,l
4653810,78688.9,0.03052218,1735850956.0980992,s,l
4653811,78688.5,0.000386,1735850956.0980992,s,l
4653812,78684.3,0.00845999,1735850956.0980992,s,l
4653813,78716.1,7e-05,1735850991.6071846,b,l
4653814,78726.9,0.00230747,1735850991.6071846,b,l
4653815,78755.0,0.00537563,1735851023.14884,b,l
4653816,78751.3,0.00017523,1735851042.0383916,b,l
4653817,78751.2,0.00032845,1735851100.7517357,s,l
4653818,78749.1,0.00025022,1735851109.038252,b,l
4653819,78722.6,6.353e-05,1735851119.009584,b,l
4653820,78704.8,9.212e-05,1735851132.2143364,b,l
4653821,78651.7,0.00037122,1735851189.9235544,b,l
4653822,78644.3,0.00414158,1735851218.2864137,s,l
4653823,78641.9,0.00010173,1735851243.0523996,b,l
4653824,78624.8,0.00038059,1735851259.1023688,b,l
4653825,78635.6,9.221e-05,1735851262.828698,b,l
4653826,78594.7,0.00309415,1735851275.3618126,b,l
4653827,78594.6,0.00853807,1735851280.3396373,s,l
4653828,78594.7,0.00030957,1735851282.9850612,b,l
4653829,78594.6,0.00123384,1735851300.397301,s,l
4653830,78574.1,7e-05,1735851307.3459177,s,l
4653831,78588.7,0.00011605,1735851365.2373073,b,l
4653832,78542.8,0.0001239,1735851445.3015542,b,l
4653833,78548.3,9.23e-05,1735851464.8149996,b,l
4653834,78515.2,9.348e-05,1735851508.4077482,b,l
4653835,78500.1,0.00019108,1735851545.2419617,s,l
4653836,78493.2,4.453e-05,1735851545.2419617,s,l
4653837,78500.2,0.00062808,1735851566.0177207,b,l
4653838,78500.0,1.24e-05,1735851581.3553247,b,l
4653839,78496.4,7.531e-05,1735851600.0615597,b,l
4653840,78495.7,0.00120491,1735851602.2946014,b,l
4653841,78495.7,0.00038081,1735851603.7608874,b,l
4653842,78484.7,0.000266,1735851641.023465,s,l
4653843,78500.0,0.00834997,1735851641.7942915,b,l
4653844,78499.9,0.0006008,1735851654.9278607,b,l
4653845,78499.8,0.00062689,1735851663.4350147,b,l
4653846,78500.2,0.00010342,1735851682.0352385,b,l
4653847,78500.1,0.00127388,1735851722.0172305,s,m
4653848,78500.2,0.00029519,1735851861.959638,b,l
4653849,78500.2,0.00053708,1735851868.315835,b,m
4653850,78432.5,0.00064708,1735851919.8365426,b,l
4653851,78432.5,0.008789,1735851924.3152685,b,l
4653852,78432.5,0.000387,1735851924.3152685,b,l
4653853,78432.5,0.00323258,1735851924.3152685,b,l
4653854,78432.5,0.000594,1735851998.3586562,b,l
4653855,78432.4,7e-05,1735852057.5174673,s,l
4653856,78371.0,0.00317145,1735852083.327522,s,l
4653857,78412.7,0.0012753,1735852167.9303913,b,m
4653858,78403.4,0.00063263,1735852206.1326752,b,m
4653859,78394.2,0.00124142,1735852214.204306,b,l
4653860,78364.3,7.655e-05,1735852230.6418445,s,m
4653861,78366.9,0.00126867,1735852236.2972484,s,m
4653862,78385.7,0.00048076,1735852236.8561327,b,l
4653863,78385.1,0.00186241,1735852245.5492868,b,l
4653864,78388.0,0.00142779,1735852271.198624,b,l
4653865,78365.2,0.00081669,1735852278.2502394,s,m
4653866,78401.2,0.00112591,1735852300.222523,b,l
4653867,78394.9,0.00132743,1735852317.3777485,s,l
4653868,78403.8,0.00064729,1735852452.8971891,s,l
4653869,78379.4,0.00012119,1735852572.933186,b,l
4653870,78378.4,0.0025455,1735852580.3797324,b,l
4653871,78377.7,0.00122931,1735852592.3901248,b,l
4653872,78383.9,1.257e-05,1735852593.9717822,b,l
4653873,78454.8,0.00384935,1735852759.5864742,b,m
4653874,78398.6,0.00248278,1735852842.7801976,b,l
4653875,78406.7,9.249e-05,1735852874.3379,b,l
4653876,78346.2,0.0009937,1735852901.1298137,b,l
4653877,78324.6,0.00023609,1735852967.6221466,b,l
4653878,78367.1,0.0012421,1735853096.4684253,b,l
4653879,78384.4,0.00143089,1735853190.639191,b,l
4653880,78366.0,0.00446438,1735853204.88421,s,m
4653881,78365.9,0.000387,1735853204.88421,s,m
4653882,78364.7,0.00514862,1735853204.88421,s,m
4653883,78324.6,0.00192007,1735853390.6357553,b,l
4653884,78338.2,0.00063826,1735853447.4050589,b,m
4653885,78324.6,0.00014382,1735853496.8139043,b,m
4653886,78324.6,0.00238884,1735853514.0399084,b,l
4653887,78324.5,5e-05,1735853604.3525498,s,l
4653888,78324.5,7.119e-05,1735853604.3525498,s,l
4653889,78324.5,0.00056717,1735853612.1199546,s,m
4653890,78298.6,0.00010487,1735853612.1199546,s,m
4653891,78291.0,7e-05,1735853612.1199546,s,m
4653892,78288.3,0.00269644,1735853612.1199546,s,m
4653893,78288.2,0.00656152,1735853612.1199546,s,m
4653894,78311.2,0.00621664,1735853624.6781542,b,l
4653895,78358.4,0.00657467,1735853657.3968022,b,l
4653896,78339.2,0.00023896,1735853688.2897034,b,l
4653897,78322.6,0.0001056,1735853731.2469058,s,m
4653898,78384.7,0.0003104,1735853781.839877,b,l
4653899,78358.1,0.00246639,1735853854.299994,s,m
4653900,78358.0,0.00753361,1735853854.299994,s,m
4653901,78404.4,0.00031415,1735853878.0354235,b,l
4653902,78391.1,4.345e-05,1735853897.417412,b,l
4653903,78436.8,0.00062038,1735853948.5131009,b,l
4653904,78436.2,0.02481488,1735853950.6159527,b,l
4653905,78435.8,0.00012561,1735853952.0332618,b,l
4653906,78435.5,0.00184785,1735853954.7202652,b,l
4653907,78427.5,0.00062043,1735853960.5875883,b,l
4653908,78446.2,0.00019121,1735854007.0312352,b,l
4653909,78465.6,1.241e-05,1735854015.489477,b,l
4653910,78465.7,0.00530703,1735854019.882524,b,l
4653911,78431.4,0.00012408,1735854068.2310889,b,l
4653912,78432.9,0.04963363,1735854130.202943,b,l
4653913,78415.1,0.00011627,1735854146.1202805,b,l
4653914,78415.0,0.00011304,1735854148.650742,s,l
4653915,78439.8,6.205e-05,1735854236.0648005,b,l
4653916,78435.5,0.00301926,1735854248.0573056,b,l
4653917,78415.0,0.00626329,1735854323.1376023,s,l
4653918,78362.5,0.0001,1735854334.5220003,b,m
4653919,78363.3,0.00016145,1735854387.622209,b,l
4653920,78396.9,0.00011637,1735854435.068661,b,l
4653921,78405.2,0.0005621,1735854459.787351,b,l
4653922,78388.7,0.00318924,1735854513.494527,b,m
4653923,78390.0,0.01339457,1735854538.3247015,b,m
4653924,78394.2,0.00025015,1735854570.2086723,b,m
4653925,78391.9,0.00186225,1735854586.977157,b,l
4653926,78348.4,0.00776444,1735854644.6475708,s,l
4653927,78348.3,0.000384,1735854644.6475708,s,l
4653928,78348.3,0.000387,1735854644.6475708,s,l
4653929,78347.8,0.008793,1735854644.6475708,s,l
4653930,78347.0,0.25774372,1735854644.6475708,s,l
4653931,78345.8,0.25774747,1735854644.6475708,s,l
4653932,78343.8,0.00013156,1735854644.6475708,s,l
4653933,78340.7,0.25776445,1735854644.6475708,s,l
4653934,78339.1,0.25776974,1735854644.6475708,s,l
4653935,78321.8,0.07151462,1735854644.6475708,s,l
4653936,78362.9,3.726e-05,1735854656.225153,b,l
4653937,78344.9,0.00062927,1735854697.7060144,b,l
4653938,78374.0,0.01241719,1735854738.3036551,b,l
4653939,78386.8,0.00087981,1735854789.03396,b,l
4653940,78407.6,0.00260385,1735854830.2364604,s,l
4653941,78436.3,0.00930598,1735854847.227801,b,l
4653942,78427.5,0.000594,1735854867.992012,b,l
4653943,78427.5,0.00143004,1735854868.0371668,b,l
4653944,78405.8,0.00476005,1735854995.0014362,b,l
4653945,78384.8,0.000387,1735855026.4047315,b,l
4653946,78384.9,0.01211102,1735855026.4047315,b,l
4653947,78390.0,0.00621323,1735855100.166988,b,l
4653948,78388.1,0.00255141,1735855115.5799615,b,m
4653949,78388.0,0.00011777,1735855116.0522835,b,l
4653950,78390.5,0.0004,1735855194.7995286,b,m
4653951,78338.2,0.00617289,1735855260.1303458,b,l
4653952,78352.2,0.00628714,1735855273.5897686,b,l
4653953,78354.4,0.00363284,1735855381.7400386,s,m
4653954,78354.4,0.000387,1735855381.7400386,s,m
4653955,78333.6,0.039,1735855381.7400386,s,m
4653956,78331.6,0.000384,1735855381.7400386,s,m
4653957,78331.5,0.00659616,1735855381.7400386,s,m
4653958,78341.1,0.00020012,1735855430.943225,b,l
4653959,78303.4,0.01251324,1735855574.6027703,b,l
4653960,78303.5,0.00012429,1735855600.6321783,b,l
4653961,78345.3,0.00372853,1735855700.584992,s,l
4653962,78345.3,0.039,1735855700.584992,s,l
4653963,78345.3,0.0516516,1735855700.584992,s,l
4653964,78360.0,0.00012749,1735855724.2481608,b,l
4653965,78360.0,0.00025651,1735855764.0529792,b,l
4653966,78360.0,0.00580447,1735855764.0529797,b,l
4653967,78360.0,0.0002484,1735855775.206345,b,l
4653968,78360.0,0.00124201,1735855832.5369487,b,l
4653969,78359.9,0.02,1735855836.4759123,s,l
4653970,78297.4,0.00745792,1735855863.0917034,b,l
4653971,78329.8,0.00042048,1735855908.2857118,b,l
4653972,78323.4,5.56e-05,1735855914.7014723,b,l
4653973,78316.0,0.00041543,1735855961.8210454,b,l
4653974,78296.0,0.00366057,1735855972.429468,s,l
4653975,78295.9,0.01884515,1735855972.4294682,s,l
4653976,78296.0,9.161e-05,1735855997.8313644,b,l
4653977,78296.0,9.375e-05,1735856042.913855,b,l
4653978,78296.0,0.0007831,1735856061.7118535,b,l
4653979,78296.0,0.00597893,1735856069.6256533,b,l
4653980,78295.9,0.00281248,1735856081.1977928,s,m
4653981,78295.9,0.00174972,1735856082.792071,s,l
4653982,78250.1,0.00019169,1735856082.792071,s,l
4653983,78243.3,0.00359824,1735856082.792071,s,l
4653984,78243.2,0.00376097,1735856082.792071,s,l
4653985,78266.8,0.005,1735856100.6999326,b,l
4653986,78200.1,0.06393854,1735856134.1333916,b,m
4653987,78200.0,0.00127877,1735856185.120572,s,l
4653988,78200.0,5e-05,1735856185.120572,s,l
4653989,78180.4,0.00635532,1735856185.120572,s,l
4653990,78178.4,2.49e-05,1735856211.9116309,b,l
4653991,78176.3,0.00054017,1735856235.5978985,b,l
4653992,78186.3,1.245e-05,1735856267.3166282,b,l
4653993,78178.9,0.02096997,1735856276.5215554,b,l
4653994,78149.9,0.000385,1735856291.669505,b,l
4653995,78149.9,0.00083012,1735856291.669505,b,l
4653996,78157.9,0.00010361,1735856361.4369037,b,l
4653997,78149.9,0.00018677,1735856379.3341186,b,l
4653998,78149.9,0.00031134,1735856381.1105392,b,l
4653999,78149.9,0.00124535,1735856403.846543,b,l
4654000,78149.9,0.00126068,1735856435.034433,b,l
4654001,78149.8,7e-05,1735856444.7901688,s,l
4654002,78115.0,0.00074055,1735856458.997121,s,l
4654003,78115.0,0.00053961,1735856470.2334175,s,l
4654004,78111.6,0.00057987,1735856472.616892,s,l
4654005,78111.6,0.00473048,1735856509.554978,s,l
4654006,78103.8,0.00010514,1735856517.387664,s,l
4654007,78100.0,5e-05,1735856522.7651114,s,l
4654008,78070.0,7.885e-05,1735856556.0226529,s,l
4654009,78070.1,0.01286254,1735856579.775155,b,m
4654010,78070.0,0.00017115,1735856591.9358327,s,l
4654011,78008.8,7e-05,1735856592.8088615,s,l
4654012,78003.7,0.00054099,1735856600.3888032,s,l
4654013,78000.1,0.0001923,1735856600.3888032,s,l
4654014,78000.0,5e-05,1735856600.3888032,s,l
4654015,78000.0,0.0004141,1735856600.3888032,s,l
4654016,78000.0,0.00128205,1735856600.3888032,s,l
4654017,77984.4,0.000385,1735856600.3888032,s,l
4654018,77974.0,0.00191897,1735856600.3888035,s,l
4654019,77973.9,0.008812,1735856600.3888035,s,l
4654020,77967.8,0.00852725,1735856600.3888035,s,l
4654021,77995.2,0.00285718,1735856603.9524443,b,l
4654022,78024.2,0.00203468,1735856623.7441924,s,l
4654023,78024.2,0.0339314,1735856623.7441924,s,l
4654024,77997.1,0.00194762,1735856654.3395543,s,l
4654025,77997.0,0.00544708,1735856654.3395543,s,l
4654026,78015.3,0.00063143,1735856690.3317976,b,l
4654027,78016.5,0.00023994,1735856703.4218206,b,l
4654028,78043.5,0.00078869,1735856718.0606709,s,l
4654029,78070.8,0.00127961,1735856748.1876123,b,l
4654030,78070.8,0.00171609,1735856753.9684305,b,l
4654031,78070.8,0.00171609,1735856754.4043088,b,l
4654032,78070.8,0.00763089,1735856763.3011034,b,l
4654033,78070.8,0.03765732,1735856763.8550646,b,l
4654034,78149.8,7e-05,1735856782.037324,b,l
4654035,78165.9,0.00021991,1735856782.037324,b,l
4654036,78213.9,0.0001,1735856927.5495863,s,l
4654037,78163.7,6.578e-05,1735856961.8425157,b,l
4654038,78179.5,1.26e-05,1735857049.0322075,b,l
4654039,78165.5,0.00141289,1735857085.1484716,s,m
4654040,78171.7,5.258e-05,1735857162.9959323,s,l
4654041,78190.1,0.000126,1735857194.0342536,b,l
4654042,78215.0,0.00639264,1735857239.3195546,b,m
4654043,78215.0,0.00119454,1735857277.6806457,b,l
4654044,78214.9,0.00465623,1735857279.9692476,s,l
4654045,78214.9,0.00157645,1735857279.9692476,s,l
4654046,78210.0,0.0153338,1735857345.735469,b,l
4654047,78172.2,0.00031049,1735857386.034412,b,l
4654048,78172.2,3.449e-05,1735857387.8815193,b,l
4654049,78172.1,0.01755101,1735857409.5876558,s,l
4654050,78165.2,5.117e-05,1735857409.5913868,s,l
4654051,78163.6,0.00319841,1735857414.0264738,s,l
4654052,78163.6,0.01151418,1735857414.0264738,s,l
4654053,78115.5,0.02059476,1735857448.2850585,b,m
4654054,78097.3,0.00035039,1735857467.237949,s,m
4654055,78168.5,0.00026146,1735857546.011411,b,l
4654056,78137.8,0.00095546,1735857613.659129,b,l
4654057,78121.3,0.00125303,1735857632.1557138,b,m
4654058,78124.2,0.00293011,1735857672.4059768,s,l
4654059,78168.6,0.01279286,1735857756.632639,b,m
4654060,78169.0,0.00056027,1735857761.079209,b,l
4654061,78076.0,0.00498968,1735857856.0946066,s,l
4654062,78075.9,0.00248499,1735857856.0946066,s,l
4654063,78067.3,0.00286022,1735857862.2254837,s,l
4654064,78090.6,0.00436178,1735857865.1263006,b,l
4654065,78094.8,0.00195,1735857890.640597,s,m
4654066,78136.7,0.00011673,1735857900.380228,b,l
4654067,78118.1,0.00037365,1735857915.487518,b,l
4654068,78105.8,0.0124604,1735857940.4505994,b,l
4654069,78149.9,0.00593425,1735858003.81391,s,l
4654070,78149.9,0.0298645,1735858003.81391,s,l
4654071,78179.9,0.00101,1735858028.7963617,b,l
4654072,78199.3,0.01278784,1735858056.451295,b,m
4654073,78199.3,0.00034848,1735858062.9710772,b,l
4654074,78199.0,0.00040411,1735858067.0895994,b,l
4654075,78199.0,0.00011661,1735858067.1802523,b,l
4654076,78160.2,0.0023938,1735858228.480207,b,l
4654077,78179.1,0.0044769,1735858251.912706,b,m
4654078,78178.6,0.0001787,1735858272.3442252,b,l
4654079,78167.2,0.00049803,1735858365.6310124,b,l
4654080,78156.5,0.00035638,1735858443.0881205,b,l
4654081,78158.4,0.00441424,1735858476.5035436,b,m
4654082,78190.2,0.01244595,1735858580.6096747,b,l
4654083,78154.1,0.00012479,1735858637.4826808,s,l
4654084,78141.4,0.00449306,1735858637.4826808,s,l
4654085,78146.7,0.00218673,1735858688.353567,b,l
4654086,78148.6,0.00075642,1735858762.8684072,b,l
4654087,78133.8,0.00012786,1735858797.559701,b,l
4654088,78133.5,0.00060362,1735858800.8853009,b,l
4654089,78133.5,0.00011815,1735858800.9433975,b,l
4654090,78133.3,0.0012105,1735858801.2838662,b,l
4654091,78133.3,0.00036088,1735858801.3154435,b,l
4654092,78130.5,0.00011291,1735858804.317525,b,l
4654093,78128.5,6.138e-05,1735858804.4047377,b,l
4654094,78148.7,0.00059636,1735858831.4795284,b,l
4654095,78148.7,0.00025214,1735858839.0343394,b,l
4654096,78148.7,1.261e-05,1735858858.050567,b,l
4654097,78148.7,0.00011288,1735858861.6602025,b,l
4654098,78148.7,0.00056401,1735858861.7199552,b,l
4654099,78148.7,0.00014101,1735858861.8530529,b,l
4654100,78185.9,0.004377,1735858878.933733,b,m
4654101,78152.6,0.01041817,1735858883.5292182,s,l
4654102,78156.4,0.01840961,1735858899.0058186,s,l
4654103,78156.3,0.01096251,1735858899.0058186,s,l
4654104,78176.9,0.00023651,1735858902.2668865,b,l
4654105,78205.7,0.00025196,1735858982.0361402,b,l
4654106,78205.7,0.00598804,1735859014.080417,b,l
4654107,78204.0,0.00024889,1735859023.3898354,b,l
4654108,78197.9,0.01969212,1735859051.9419131,s,m
4654109,78197.8,0.25829502,1735859051.9419131,s,m
4654110,78197.8,0.25829502,1735859051.9419131,s,m
4654111,78197.4,0.008803,1735859051.9419131,s,m
4654112,78197.3,0.000385,1735859051.9419131,s,m
4654113,78195.6,0.000387,1735859051.9419131,s,m
4654114,78193.8,0.24698732,1735859051.9419131,s,m
4654115,78215.0,0.00022544,1735859102.5233748,b,l
4654116,78150.2,0.008805,1735859167.7418532,b,l
4654117,78150.2,0.01610181,1735859167.7418532,b,l
4654118,78150.2,0.00060349,1735859244.8631268,b,l
4654119,78150.2,0.00019776,1735859281.3387115,b,l
4654120,78150.2,0.00192539,1735859296.6146088,b,l
4654121,78150.1,0.0001236,1735859311.8972013,s,l
4654122,78068.6,0.00011826,1735859557.375217,b,l
4654123,78074.4,0.00763387,1735859568.3456075,b,m
4654124,78060.3,0.00820639,1735859605.805923,s,l
4654125,78060.2,0.00330057,1735859605.805923,s,l
4654126,78086.6,0.00059677,1735859620.6464307,b,l
4654127,78066.2,0.00026324,1735859627.0778904,s,l
4654128,78093.4,0.0007102,1735859653.30819,b,l
4654129,78087.5,0.00084055,1735859700.3393786,b,l
4654130,78091.5,0.00121659,1735859789.2954926,b,l
4654131,78049.3,0.00130686,1735859842.6721413,s,m
4654132,78112.7,0.00256041,1735859982.1912615,b,m
4654133,78125.3,0.00062298,1735859997.1847231,b,l
4654134,78129.2,0.007649,1735860024.7981708,b,m
4654135,78128.2,0.00059631,1735860041.3188696,b,l
4654136,78128.0,0.00025221,1735860064.0327227,b,l
4654137,78114.1,0.00308389,1735860162.4451532,s,l
4654138,78121.0,0.00904989,1735860209.6038723,s,l
4654139,78120.9,0.000204,1735860209.6038723,s,l
4654140,78120.9,0.00390072,1735860209.6038723,s,l
4654141,78127.7,0.0051616,1735860223.0410929,s,l
4654142,78162.5,0.00035563,1735860223.1688244,b,l
4654143,78161.9,0.04358039,1735860243.4368217,b,l
4654144,78146.0,0.01461069,1735860392.5246832,s,l
4654145,78145.9,0.000385,1735860392.5246832,s,l
4654146,78145.9,0.008805,1735860392.5246832,s,l
4654147,78145.7,0.02879497,1735860392.5246832,s,l
4654148,78188.8,0.00062236,1735860433.444851,b,l
4654149,78189.0,0.01867096,1735860494.2478914,b,l
4654150,78172.1,0.00026288,1735860541.704926,s,l
4654151,78194.7,0.00023939,1735860571.7218115,b,l
4654152,78214.6,0.00035613,1735860651.5580745,b,l
4654153,78215.0,0.00035602,1735860663.1977024,b,l
4654154,78215.0,0.00035604,1735860713.1805053,b,l
4654155,78215.0,0.04790277,1735860736.1501384,b,l
4654156,78214.9,0.01342895,1735860753.2780757,s,l
4654157,78214.9,0.00368725,1735860753.2780757,s,l
4654158,78215.0,0.01099533,1735860832.2113671,b,m
4654159,78214.9,0.00081777,1735860912.843293,s,l
4654160,78215.0,0.00062215,1735860976.8405032,b,l
4654161,78215.0,0.01244309,1735861073.6654534,b,l
4654162,78214.9,0.00431559,1735861074.5619388,s,l
4654163,78215.0,0.00017862,1735861088.0397804,b,l
4654164,78214.9,0.00018929,1735861113.7440004,s,l
4654165,78214.9,0.00519186,1735861138.6753025,s,m
4654166,78214.9,0.00011508,1735861168.7297635,s,l
4654167,78214.9,0.00328422,1735861181.281285,s,l
4654168,78214.9,0.06279791,1735861213.1443627,s,l
4654169,78214.9,0.00127852,1735861213.1443627,s,l
4654170,78179.4,0.00035593,1735861363.1266432,b,l
4654171,78185.3,0.00319753,1735861399.952392,s,m
4654172,78199.6,0.00023938,1735861472.0431976,b,l
4654173,78194.6,0.00287744,1735861527.985062,b,m
4654174,78171.5,0.0011952,1735861739.4202845,b,l
4654175,78171.5,0.00036071,1735861791.043119,b,l
4654176,78171.5,0.00025207,1735861810.0380158,b,l
4654177,78171.5,0.002,1735862255.173407,b,l
4654178,78171.4,0.00155735,1735862273.737377,s,l
4654179,78171.5,0.00012613,1735862300.9487658,b,l
4654180,78171.5,1.248e-05,1735862340.036455,b,l
4654181,78171.5,6.302e-05,1735862340.0398705,b,l
4654182,78171.5,3.151e-05,1735862340.05878,b,l
4654183,78171.5,1.26e-05,1735862400.0767052,b,l
4654184,78171.5,0.00013864,1735862400.2834089,b,l
4654185,78171.5,0.00025207,1735862400.3324983,b,l
4654186,78171.5,0.00012603,1735862400.416282,b,l
4654187,78171.5,0.00012572,1735862400.5092838,b,l
4654188,78171.5,0.00017872,1735862401.1560478,b,l
4654189,78171.5,0.00030009,1735862401.2300243,b,l
4654190,78171.5,9.389e-05,1735862401.405032,b,l
4654191,78171.5,0.00011809,1735862402.254989,b,l
4654192,78171.5,0.0001278,1735862405.3512032,b,l
4654193,78171.5,9.585e-05,1735862405.3808403,b,l
4654194,78171.5,0.00033854,1735862405.4763756,b,l
4654195,78171.5,1.891e-05,1735862408.037739,b,l
4654196,78171.5,0.00050413,1735862411.0344672,b,l
4654197,78171.5,0.00060332,1735862416.6959076,b,l
4654198,78171.5,1.245e-05,1735862417.037579,b,l
4654199,78171.5,0.00039163,1735862417.6156626,b,m
4654200,78171.5,0.00035621,1735862423.1156476,b,l
4654201,78171.5,0.00012603,1735862428.0334702,b,l
4654202,78171.4,0.0004341,1735862435.420468,s,l
4654203,78171.5,0.00028647,1735862440.037359,b,l
4654204,78171.5,0.00060332,1735862447.819098,b,l
4654205,78171.5,0.00011809,1735862453.841114,b,l
4654206,78171.5,0.0001992,1735862458.9185534,b,l
4654207,78171.5,1.26e-05,1735862459.0362823,b,l
4654208,78171.5,0.00018905,1735862460.0330746,b,l
4654209,78171.5,6.39e-05,1735862463.582912,b,l
4654210,78171.5,0.00120992,1735862476.873247,b,l
4654211,78171.5,0.00035602,1735862503.0974424,b,l
4654212,78171.5,0.00372039,1735862523.201134,b,l
4654213,78171.5,0.00025585,1735862525.389792,b,m
4654214,78171.5,0.00035593,1735862573.1581252,b,l
4654215,78171.5,0.0012479,1735862615.3669555,b,m
4654216,78171.5,0.00071588,1735862667.4818206,b,l
4654217,78171.5,6.225e-05,1735862676.2328856,b,l
4654218,78171.5,0.00035618,1735862703.1846588,b,l
4654219,78171.5,0.00015871,1735862750.2721174,b,l
4654220,78171.5,0.0012,1735862790.2948704,b,m
4654221,78171.5,0.00032432,1735862820.2772746,b,l
4654222,78171.4,0.00018157,1735862820.7788832,s,m
4654223,78171.4,9.572e-05,1735862820.7788832,s,m
4654224,78171.5,0.00667488,1735862846.6756554,b,l
4654225,78171.5,0.036704,1735862854.626333,b,l
4654226,78171.5,0.43793433,1735862854.778539,b,l
4654227,78215.0,0.00095501,1735862906.7700171,b,l
4654228,78215.0,0.00035593,1735862923.3854945,b,l
4654229,78215.0,8.934e-05,1735863058.9481544,b,l
4654230,78215.0,0.00010982,1735863060.7092378,b,m
4654231,78215.0,3.149e-05,1735863183.04801,b,l
4654232,78215.0,6.298e-05,1735863212.0349972,b,l
4654233,78215.0,0.00013012,1735863249.9023793,b,l
4654234,78215.0,0.01119878,1735863258.8315911,b,l
4654235,78214.9,0.00012785,1735863304.5791695,s,l
4654236,78171.5,0.00111506,1735863304.5791695,s,l
4654237,78171.5,0.04792734,1735863399.372528,b,l
4654238,78171.5,5e-05,1735863413.1901877,b,l
4654239,78171.4,0.01638987,1735863449.5720923,s,l
4654240,78171.4,0.00010234,1735863449.5720923,s,l
4654241,78144.6,0.0006607,1735863464.5023673,b,l
4654242,78144.6,0.00049817,1735863483.8586848,b,l
4654243,78144.5,0.00012796,1735863699.2709253,s,l
4654244,78144.5,0.00013027,1735863699.2709253,s,l
4654245,78132.0,0.00511954,1735863699.4072895,s,l
4654246,78144.6,0.00035597,1735863763.1302547,b,l
4654247,78127.2,0.00071628,1735863846.668523,b,l
4654248,78144.5,0.008805,1735863911.3722725,b,l
4654249,78144.6,0.02233768,1735863911.3722725,b,l
4654250,78144.6,0.00122962,1735864102.2432666,b,l
4654251,78144.6,0.00203466,1735864123.1027389,b,l
4654252,78144.6,0.00035716,1735864123.17685,b,l
4654253,78144.6,0.00429716,1735864127.0708184,b,l
4654254,78144.5,0.119,1735864132.6464958,s,l
4654255,78144.6,0.1,1735864157.159369,b,m
4654256,78144.6,0.0056398,1735864157.8182688,b,l
4654257,78144.6,0.00149452,1735864161.7281113,b,l
4654258,78144.5,0.00071268,1735864176.969911,s,l
4654259,78144.6,0.00013252,1735864217.060751,b,l
4654260,78144.6,0.16212091,1735864226.0414865,b,l
4654261,78215.0,1.244e-05,1735864234.0339518,b,l
4654262,78207.6,0.0001,1735864318.7287295,b,m
4654263,78202.0,0.00248903,1735864433.3026085,b,l
4654264,78170.5,0.00613282,1735864520.9891367,s,l
4654265,78187.0,0.000385,1735864556.9993966,b,l
4654266,78188.9,0.0056017,1735864556.9993966,b,l
4654267,78177.4,0.00035633,1735864630.4646628,b,l
4654268,78183.2,9.401e-05,1735864715.005469,s,l
4654269,78154.0,0.00342913,1735864978.2967105,b,m
4654270,78144.6,0.00024311,1735865056.2166991,b,l
4654271,78144.6,2.017e-05,1735865138.03288,b,l
4654272,78154.0,0.00639763,1735865282.5377588,b,m
4654273,78144.5,0.00012796,1735865429.5690174,s,l
4654274,78110.0,0.00124862,1735865429.5690174,s,l
4654275,78078.9,0.00123709,1735865429.5690174,s,l
4654276,78135.3,0.00010586,1735865429.790171,b,l
4654277,78070.9,1.247e-05,1735865539.366541,b,l
4654278,78070.8,0.00031165,1735865579.5893483,b,l
4654279,78065.8,0.01155978,1735865616.5010257,s,m
4654280,78065.8,0.00138269,1735865627.4995651,s,l
4654281,78074.6,0.00038081,1735865862.1197667,b,l
4654282,78062.2,0.00128103,1735865892.200214,b,m
4654283,78044.7,0.0001,1735865940.7914076,b,m
4654284,78044.1,0.00239727,1735865953.711279,b,l
4654285,78045.6,0.00031559,1735866000.085436,b,l
4654286,78040.5,0.00031561,1735866007.0360217,b,l
4654287,78034.5,1.263e-05,1735866105.0494924,b,l
4654288,78036.3,3.788e-05,1735866120.0332184,b,l
4654289,78031.6,1.509e-05,1735866124.6044147,b,l
4654290,78038.7,0.0016672,1735866219.8123858,b,l
4654291,78036.7,2.525e-05,1735866300.0375044,b,l
4654292,78012.9,0.00021204,1735866352.9324205,b,l
4654293,78009.2,0.00016696,1735866364.835547,b,l
4654294,78055.9,0.00419713,1735866425.6298308,b,l
4654295,78052.1,0.001,1735866445.2881863,b,l
4654296,78008.8,7e-05,1735866678.7895615,s,l
4654297,78000.1,0.000387,1735866761.3407075,b,l
4654298,78000.1,0.00045002,1735866761.3407075,b,l
4654299,78000.1,0.00023707,1735866834.3088129,b,l
4654300,78000.1,0.00128205,1735866918.4454863,b,m
4654301,78000.1,3.743e-05,1735866920.3857095,b,l
4654302,78000.1,1.248e-05,1735866951.039827,b,l
4654303,78000.0,5.128e-05,1735866982.3102877,s,m
4654304,78000.0,5e-05,1735866982.3102877,s,m
4654305,77922.8,8.54e-06,1735866982.3102877,s,m
4654306,77900.1,0.00023723,1735867059.258513,b,l
4654307,77900.0,5e-05,1735867059.4427404,s,m
4654308,77900.0,7e-05,1735867059.4427404,s,m
4654309,77929.5,9.304e-05,1735867187.439227,b,l
4654310,77997.4,0.03035731,1735867261.3190072,s,l
4654311,77956.7,0.00179875,1735867395.199679,b,l
4654312,77977.7,0.00300156,1735867405.89341,b,l
4654313,77977.6,0.00054124,1735867407.0309732,s,l
4654314,77977.7,0.00038753,1735867417.2730243,b,l
4654315,77977.7,0.00035621,1735867433.450559,b,l
4654316,77977.7,0.00204074,1735867455.49904,b,l
4654317,77977.7,0.00798248,1735867477.9739633,b,l
4654318,77977.7,0.08418008,1735867482.3937254,b,l
4654319,78000.0,5e-05,1735867483.8436232,b,l
4654320,78067.7,0.01243095,1735867483.8436232,b,l
4654321,78088.2,1.246e-05,1735867848.0347688,b,l
4654322,78047.6,0.0015571,1735867945.5279768,b,l
4654323,78047.6,0.0001275,1735867983.9361537,b,l
4654324,78041.5,0.00010349,1735867998.8488226,b,l
4654325,77978.1,0.01343003,1735868183.5096543,s,l
4654326,77978.0,0.00202308,1735868183.5096543,s,l
4654327,77962.5,0.00362675,1735868260.6848493,b,l
4654328,77976.3,0.00083359,1735868334.4203398,b,m
4654329,77975.1,0.00018953,1735868358.034202,b,l
4654330,78008.0,0.039,1735868688.2855113,b,m
4654331,78009.8,0.25879101,1735868688.2855113,b,m
4654332,78009.8,0.02268245,1735868688.2855113,b,m
4654333,77977.1,1.248e-05,1735868741.0336332,b,l
4654334,78033.1,2.525e-05,1735868804.243049,b,l
4654335,78026.6,3.788e-05,1735868820.0365574,b,l
4654336,78029.0,0.00029697,1735868943.4489934,b,l
4654337,78017.0,0.00239805,1735868978.8293128,b,l
4654338,78103.0,0.00035694,1735869073.1863606,b,l
4654339,78116.5,1.299e-05,1735869116.193379,s,l
4654340,78140.3,0.00252293,1735869287.7298825,b,l
4654341,78140.3,0.00089582,1735869292.8095508,b,m
4654342,78140.3,0.00180597,1735869312.8199823,b,l
4654343,78140.3,6.807e-05,1735869353.3384967,b,l
4654344,78140.3,0.00028874,1735869353.3384967,b,l
4654345,78140.3,0.0012455,1735869375.0665774,b,l
4654346,78140.3,0.00488834,1735869489.4391007,b,l
4654347,78149.8,7e-05,1735869489.4391007,b,l
4654348,78147.1,0.00065742,1735869504.871014,s,l
4654349,78183.2,0.00039707,1735869601.691555,b,l
4654350,78174.0,1.26e-05,1735869640.034443,b,l
4654351,78174.5,4.146e-05,1735869652.032477,b,l
4654352,78174.5,1.26e-05,1735869652.0363595,b,l
4654353,78164.0,0.00059604,1735869686.4549215,b,l
4654354,78130.7,0.00012799,1735869738.8612285,b,m
4654355,78149.5,0.00040413,1735870130.1212866,b,l
4654356,78149.5,0.00035735,1735870203.1572945,b,l
4654357,78149.5,0.01206517,1735870339.985423,b,l
4654358,78215.0,0.00174203,1735870438.0609472,b,l
4654359,78215.0,0.00025622,1735870506.0274975,b,m
4654360,78214.9,1.244e-05,1735870522.0370617,b,l
4654361,78215.0,0.00011659,1735870566.930667,b,l
4654362,78215.0,0.15177261,1735870567.7889354,b,l
4654363,78291.0,7e-05,1735870671.1335983,b,l
4654364,78348.9,0.00597887,1735870671.1335986,b,l
4654365,78349.0,0.25,1735870837.107148,b,l
4654366,78338.9,0.00027447,1735871231.5232778,b,m
4654367,78347.0,0.00031438,1735871310.0367954,b,l
4654368,78376.5,0.00063795,1735871370.1434257,b,m
4654369,78379.0,0.00011778,1735871400.9285138,b,l
4654370,78363.9,0.01253128,1735871401.056528,s,m
4654371,78363.6,0.000387,1735871401.1784182,s,m
4654372,78357.6,0.0745117,1735871401.3196197,s,m
4654373,78357.5,1.9e-07,1735871401.3196197,s,m
4654374,78357.5,0.11258,1735871401.4681163,s,m
4654375,78373.3,1.242e-05,1735871409.0458577,b,l
4654376,78328.3,0.00058246,1735871446.2005966,s,l
4654377,78341.5,0.00090271,1735871476.6376958,b,m
4654378,78248.5,0.01404521,1735871714.4394624,s,m
4654379,78300.7,0.00298729,1735871967.541858,b,l
4654380,78243.7,8.778e-05,1735872224.0501497,s,m
4654381,78243.7,0.00017657,1735872224.0501497,s,m
4654382,78239.9,0.00025185,1735872263.0382922,b,l
4654383,78220.0,1.244e-05,1735872357.0370104,b,l
4654384,78246.6,0.0006219,1735872415.302122,b,l
4654385,78246.6,6.39e-05,1735872691.5621471,b,m
4654386,78246.5,0.00010225,1735872803.1215224,s,m
4654387,78246.5,0.00010224,1735872803.1215224,s,m
4654388,78219.9,0.00069036,1735872803.1215224,s,m
4654389,78186.9,0.02466539,1735872803.121523,s,m
4654390,78149.9,6.397e-05,1735873146.5756023,b,m
4654391,78149.9,6.303e-05,1735873200.172305,b,l
4654392,78159.2,6.303e-05,1735873223.0349245,b,l
4654393,78159.2,4.16e-05,1735873223.0373414,b,l
4654394,78159.2,1.261e-05,1735873225.0494075,b,l
4654395,78157.3,0.00042141,1735873242.2349012,b,l
4654396,78155.8,0.00025212,1735873258.0356236,b,l
4654397,78204.1,0.00622241,1735873559.9030628,b,l
4654398,78215.9,0.00011659,1735873679.7740543,b,l
4654399,78149.9,0.0001262,1735874012.2145035,b,l
4654400,78149.9,1.245e-05,1735874127.0387075,b,l
4654401,78149.9,0.00061,1735874351.8488412,b,l
4654402,78149.9,0.00093401,1735874401.9102829,b,l
4654403,78149.8,7e-05,1735874423.7575114,s,l
4654404,78121.2,7.567e-05,1735874434.0339932,b,l
4654405,78094.4,0.00423718,1735874696.9681203,b,l
4654406,78126.8,0.00239487,1735874755.369815,b,l
4654407,78112.3,0.00035807,1735874792.9607224,b,l
4654408,78085.6,0.00026614,1735874941.2130957,s,l
4654409,78093.3,1.246e-05,1735875022.0360308,b,l
4654410,78133.1,0.0002491,1735875425.4644911,b,l
4654411,78097.1,0.00184,1735875630.096023,s,m
4654412,78100.7,0.00023968,1735875702.825312,b,l
4654413,78100.3,0.00035889,1735875808.6826217,b,l
4654414,78087.1,1.246e-05,1735875903.031621,b,l
4654415,78199.0,0.00345273,1735876413.814808,b,m
4654416,78208.7,0.00025195,1735876552.0317926,b,l
4654417,78186.4,5e-05,1735876563.2963526,b,l
4654418,78180.4,5e-05,1735876697.174395,b,m
4654419,78157.1,1.261e-05,1735876841.0319865,b,l
4654420,78126.6,0.0001,1735876904.3678586,b,m
4654421,78143.3,0.00035733,1735877103.23132,b,l
4654422,78126.5,0.00010741,1735877208.7192414,b,l
4654423,78152.1,0.00074718,1735877518.51346,b,l
4654424,78097.7,0.00025259,1735877641.5417895,s,m
4654425,78134.1,1.261e-05,1735877696.031814,b,l
4654426,78155.3,1.245e-05,1735877747.0332968,b,l
4654427,78163.4,0.00020057,1735877782.1034217,b,l
4654428,78118.7,0.0015058,1735877865.2574914,b,l
4654429,78133.2,0.00037365,1735878124.0242102,b,l
4654430,78107.3,0.00013679,1735878188.8954265,s,l
4654431,78104.0,0.01246276,1735878404.509826,b,l
4654432,78114.4,1.246e-05,1735878641.034808,b,l
4654433,78102.8,0.00137586,1735878833.9505234,b,l
4654434,78107.0,0.00167719,1735878844.6730757,b,m
4654435,78091.4,0.00128055,1735878867.462054,s,l
4654436,78083.8,0.00394755,1735878867.462054,s,l
4654437,78070.6,0.0006041,1735878932.7659743,b,l
4654438,78036.0,0.00023696,1735878994.6560962,b,l
4654439,78026.6,0.00060444,1735879373.2616208,b,l
4654440,78061.0,0.00038431,1735879447.996054,b,m
4654441,78013.3,0.00025258,1735879625.0385275,b,l
4654442,78008.8,7e-05,1735879641.847513,s,l
4654443,77998.7,0.00425291,1735879641.847513,s,l
4654444,78038.9,0.00043811,1735879725.9951155,b,l
4654445,78020.3,0.02020815,1735879748.2276287,s,l
4654446,78033.9,0.00133621,1735879754.7726684,b,l
4654447,78034.0,0.01081272,1735879754.7726684,b,l
4654448,78028.2,0.00015725,1735879872.5535057,b,m
4654449,77994.2,0.00024957,1735880039.1484556,b,l
4654450,77975.6,0.0071,1735880129.5022926,s,m
4654451,77984.9,0.00035716,1735880181.0521402,b,l
4654452,77999.9,0.00031578,1735880327.0370843,b,l
4654453,78009.6,6.315e-05,1735880400.0460973,b,l
4654454,77991.1,0.0006,1735880400.171774,s,l
4654455,78007.9,0.00227101,1735880406.1878858,s,l
4654456,78016.3,1.247e-05,1735880427.0428407,b,l
4654457,78016.3,1.263e-05,1735880428.0320582,b,l
4654458,78015.9,0.00042091,1735880440.034178,b,l
4654459,78015.8,0.00182002,1735880440.8132682,b,l
4654460,78015.4,9.408e-05,1735880445.2032728,b,l
4654461,77937.2,0.00701,1735880648.8222096,s,m
4654462,77936.4,0.00670908,1735880803.5047865,s,l
4654463,77936.4,0.00113562,1735880861.5516934,b,l
4654464,77936.3,0.00449084,1735880887.8860946,s,l
4654465,77930.9,0.00012847,1735880887.8860946,s,l
4654466,77970.1,0.0008379,1735881192.4377403,b,l
4654467,77970.1,0.00012,1735881192.7623322,b,m
4654468,78004.2,9.293e-05,1735881265.9912212,b,l
4654469,78015.1,0.00052682,1735881594.0633278,s,l
4654470,77957.7,0.00172582,1735881691.6893191,b,l
4654471,77900.0,0.000294,1735881971.9448438,s,l
4654472,77900.1,0.00018971,1735882203.0315146,b,l
4654473,77900.1,1.249e-05,1735882213.0349262,b,l
4654474,77936.6,6.244e-05,1735882684.6298594,b,l
4654475,77922.3,0.0016124,1735883198.291749,b,l
4654476,77923.1,0.0608779,1735883198.291749,b,l
4654477,77958.9,0.01248396,1735883264.5515718,b,l
4654478,77936.3,0.07486591,1735883443.864076,s,m
4654479,77936.2,0.039,1735883443.864076,s,m
4654480,77934.5,0.01279679,1735883443.864076,s,m
4654481,77948.2,7.62e-06,1735883881.1039388,b,m
4654482,77948.2,1.249e-05,1735884007.042521,b,l
4654483,77942.6,0.00060512,1735884016.8346293,b,l
4654484,77919.3,0.00164374,1735884039.0386753,b,l
4654485,77913.6,0.00125757,1735884079.8246057,b,l
4654486,77910.5,0.00011849,1735884105.8042028,b,l
4654487,77900.0,0.00091969,1735884108.9443612,s,l
4654488,77900.0,5e-05,1735884108.9443612,s,l
4654489,77889.4,0.01153413,1735884108.9443612,s,l
4654490,77922.0,3.793e-05,1735884179.0362668,b,l
4654491,77911.2,0.00011704,1735884215.117427,b,l
4654492,77949.2,0.00038481,1735884280.5080118,s,l
4654493,77972.0,0.0001,1735884296.2863002,b,m
4654494,78037.7,0.00499556,1735884428.8831725,s,m
4654495,78029.9,0.00563842,1735884727.431845,b,l
4654496,78015.8,0.037,1735884753.925964,s,m
4654497,78001.1,0.00011691,1735884808.5912814,b,l
4654498,78018.3,9.294e-05,1735884846.6691432,b,l
4654499,78003.3,9.295e-05,1735884957.1902883,b,l
4654500,78016.5,0.00035709,1735884968.4291725,b,l
4654501,78020.9,0.0005971,1735885109.547381,b,l
4654502,77988.7,0.02535959,1735885147.3972652,b,l
4654503,77957.5,1.276e-05,1735885184.035062,b,l
4654504,77960.4,0.0282205,1735885187.302663,b,m
4654505,77914.7,0.00029741,1735885307.6755738,b,l
4654506,77877.4,5.06e-05,1735885710.033384,b,l
4654507,77877.4,0.00063255,1735885800.0459757,b,l
4654508,77877.4,4.428e-05,1735885800.050095,b,l
4654509,77877.4,0.00126509,1735885808.045092,b,l
4654510,77877.4,0.00253019,1735885848.033868,b,l
4654511,77877.4,0.00287432,1735885873.963667,b,l
4654512,77877.4,0.00027345,1735885881.9498162,b,m
4654513,77877.4,0.00300391,1735885888.385898,b,l
4654514,77885.4,0.00012496,1735885935.7136843,b,l
4654515,77894.0,0.00192091,1735886091.0821476,b,l
4654516,77894.0,3.794e-05,1735886264.031598,b,l
4654517,77894.0,0.02253434,1735886286.4940453,b,l
4654518,77893.9,0.00010271,1735886465.5903993,s,l
4654519,77893.9,0.00413632,1735886465.5903993,s,l
4654520,77908.8,6.323e-05,1735886517.0330994,b,l
4654521,77868.3,0.00025,1735886601.8503952,s,m
4654522,77873.4,0.00011711,1735886706.6204672,b,l
4654523,77868.2,7e-05,1735886731.5486655,s,l
4654524,77868.2,0.00127767,1735886731.5486655,s,l
4654525,77863.4,0.00366623,1735886731.5486655,s,l
4654526,77800.0,5e-05,1735886853.3283894,s,m
4654527,77800.0,0.00033164,1735886853.3283894,s,m
4654528,77800.1,0.00011866,1735886869.1824036,b,l
4654529,77800.1,0.00475359,1735886884.8492396,b,l
4654530,77804.0,0.00187642,1735886946.771562,b,l
4654531,77800.1,5.025e-05,1735887271.386948,b,l
4654532,77800.1,0.00025327,1735887348.0339806,b,l
4654533,77800.1,0.00063746,1735887390.4075034,b,l
4654534,77800.1,0.00011866,1735887439.8244147,b,l
4654535,77800.0,0.0009537,1735887441.3174803,s,l
4654536,77794.0,0.0062069,1735887441.3174803,s,l
4654537,77781.2,5e-05,1735887441.3174803,s,l
4654538,77767.9,0.01466443,1735887441.3174803,s,l
4654539,77775.6,0.00126383,1735887451.2208142,b,l
4654540,77772.8,0.00062569,1735887469.4438214,b,l
4654541,77752.5,0.000385,1735887523.7775283,b,l
4654542,77754.0,0.00163133,1735887523.7775283,b,l
4654543,77756.2,0.01126541,1735887529.780196,b,l
4654544,77746.6,1.267e-05,1735887600.1638875,b,l
4654545,77746.6,0.00062438,1735887600.1695714,b,l
4654546,77746.6,0.00031681,1735887604.034697,b,l
4654547,77752.7,0.000385,1735887613.8248396,b,l
4654548,77770.9,0.00083144,1735887613.8248396,b,l
4654549,77782.1,1.267e-05,1735887621.0388288,b,l
4654550,77782.1,5.067e-05,1735887631.034172,b,l
4654551,77782.1,0.00125123,1735887631.4004953,b,l
4654552,77782.1,0.00024066,1735887633.2242703,b,l
4654553,77770.6,0.00025337,1735887647.0348804,b,l
4654554,77770.5,0.00012668,1735887648.0424156,b,l
4654555,77766.8,0.00036258,1735887650.25797,b,l
4654556,77767.8,3.801e-05,1735887655.0378036,b,l
4654557,77763.9,0.00011871,1735887656.8266609,b,l
4654558,77738.0,0.00023789,1735887853.4780416,b,l
4654559,77727.8,0.000387,1735887897.3044882,b,l
4654560,77727.8,0.00020393,1735887897.3044882,b,l
4654561,77727.7,7e-05,1735887899.453016,s,m
4654562,77705.5,3e-05,1735887899.4530163,s,m
4654563,77722.3,0.01252108,1735887901.499209,b,l
4654564,77757.3,0.000385,1735888000.7294705,s,l
4654565,77750.3,0.00522961,1735888000.7294705,s,l
4654566,77774.7,4.434e-05,1735888017.0380187,b,l
4654567,77794.3,0.00012664,1735888111.0334315,b,l
4654568,77787.4,0.00964166,1735888208.9905384,s,l
4654569,77770.6,5e-05,1735888373.1367657,b,l
4654570,77801.5,0.01251086,1735888513.8741665,b,l
4654571,77792.8,0.00012511,1735888580.4645011,b,l
4654572,77837.2,0.00020055,1735888592.5503387,s,l
4654573,77846.0,0.0001186,1735888593.0924118,b,l
4654574,77798.4,0.000179,1735888673.814171,s,l
4654575,77843.2,0.00264394,1735888735.3055997,b,l
4654576,77819.2,0.00168211,1735888814.7472768,b,l
4654577,77803.5,0.02886627,1735889041.8996503,s,l
4654578,77719.0,0.00025045,1735889277.930498,b,l
4654579,77703.4,0.00339635,1735889295.8041074,s,l
4654580,77709.3,0.00126783,1735889317.0340395,b,l
4654581,77714.9,0.00340437,1735889329.1025803,b,l
4654582,77736.5,0.00012674,1735889400.034176,b,l
4654583,77712.0,0.01351087,1735889470.5363238,b,l
4654584,77704.1,0.00529024,1735889488.714125,s,l
4654585,77718.6,0.00120234,1735889492.032688,b,l
4654586,77718.0,0.00025045,1735889496.9239802,b,l
4654587,77707.3,0.00121715,1735889580.8725665,b,l
4654588,77721.9,0.00025352,1735889633.037854,b,l
4654589,77709.8,0.00012868,1735889671.2650354,b,m
4654590,77702.2,0.00011736,1735889726.0479066,b,l
4654591,77702.2,0.00584728,1735889729.198275,b,l
4654592,77702.2,0.00115827,1735889862.876128,b,m
4654593,77702.1,0.00070783,1735889956.0661826,s,l
4654594,77700.0,5e-05,1735889956.0661829,s,l
4654595,77700.0,0.00128828,1735889956.0661829,s,l
4654596,77700.0,0.0001287,1735889956.0661829,s,l
4654597,77626.4,0.00024598,1735890004.5732784,s,l
4654598,77609.7,0.00038461,1735890048.9941294,s,l
4654599,77624.4,0.00154524,1735890052.0571182,s,l
4654600,77616.5,0.01267041,1735890118.2123854,s,l
4654601,77639.9,0.00034402,1735890301.6841624,s,l
4654602,77640.0,0.01253524,1735890312.1598866,b,l
4654603,77650.4,0.00027419,1735890406.435693,b,l
4654604,77681.5,0.02965122,1735890484.4370267,b,l
4654605,77640.0,0.00034021,1735890545.0612116,b,l
4654606,77639.4,0.00037049,1735890601.8302355,s,l
4654607,77652.9,0.00903121,1735890620.5044909,b,m
4654608,77649.0,0.00107252,1735890622.805818,b,l
4654609,77639.1,0.00128801,1735890633.565137,s,m
4654610,77639.1,0.00011603,1735890633.565137,s,m
4654611,77633.3,0.01582248,1735890633.565137,s,m
4654612,77671.7,0.07527599,1735890635.703763,b,m
4654613,77671.8,0.01845182,1735890635.703763,b,m
4654614,77673.2,0.06342095,1735890660.0332465,b,l
4654615,77648.7,0.06,1735890781.88879,b,m
4654616,77644.0,0.00012132,1735890906.7170014,b,l
4654617,77695.0,0.00011882,1735890993.7555046,b,l
4654618,77619.1,9.456e-05,1735891113.3259294,b,l
4654619,77600.1,0.00063481,1735891200.0952814,b,l
4654620,77600.1,0.00025392,1735891200.1321037,b,l
4654621,77600.1,0.00011896,1735891200.9005976,b,l
4654622,77600.1,0.00011896,1735891202.1559098,b,l
4654623,77600.1,1.27e-05,1735891203.032725,b,l
4654624,77600.1,0.00011896,1735891205.8367784,b,l
4654625,77600.0,5e-05,1735891216.0338864,s,l
4654626,77587.6,4.798e-05,1735891216.0338864,s,l
4654627,77594.5,0.00024126,1735891243.9762635,b,l
4654628,77600.1,0.00015235,1735891245.0487115,b,l
4654629,77600.1,0.00011897,1735891246.0744746,b,l
4654630,77620.1,0.00063464,1735891255.0345285,b,l
4654631,77617.9,0.00060761,1735891282.1154914,b,l
4654632,77597.1,0.00128205,1735891287.0371993,s,m
4654633,77588.3,0.01254557,1735891310.6011565,b,l
4654634,77587.7,9.345e-05,1735891365.7196558,b,l
4654635,77587.6,2.202e-05,1735891405.732232,s,l
4654636,77580.9,2.798e-05,1735891405.732232,s,l
4654637,77618.0,0.00319578,1735891512.753685,b,l
4654638,77643.8,0.00064397,1735891528.5999506,b,m
4654639,77657.5,0.00012877,1735891538.0168002,b,m
4654640,77646.0,7.192e-05,1735891547.6279554,s,m
4654641,77644.4,0.0129051,1735891560.6336129,s,l
4654642,77669.4,6.266e-05,1735891571.184231,b,l
4654643,77668.6,0.00064376,1735891598.9055102,b,m
4654644,77685.1,9.336e-05,1735891635.7008662,b,l
4654645,77656.2,0.00062653,1735891661.3742318,b,l
4654646,77646.1,0.00035592,1735891743.5031693,b,l
4654647,77678.3,0.00060715,1735891847.8171964,b,l
4654648,77688.5,0.01905044,1735891853.7669268,b,m
4654649,77704.8,0.0001188,1735891886.8688962,b,l
4654650,77661.4,0.000385,1735891989.0002606,s,l
4654651,77661.4,0.02052629,1735891989.0002606,s,l
4654652,77670.0,5e-05,1735891996.087855,b,l
4654653,77670.0,0.00788998,1735892008.0069366,b,l
4654654,77707.5,0.00063393,1735892084.0320685,b,l
4654655,77714.7,0.00077205,1735892133.0300283,b,m
4654656,77716.9,0.00072015,1735892208.2788205,b,l
4654657,77727.7,3.756e-05,1735892323.3365676,b,l
4654658,77727.7,3.244e-05,1735892483.9558454,b,m
4654659,77746.9,9.619e-05,1735892483.9558454,b,m
4654660,77741.2,0.00127834,1735892528.5821383,b,m
4654661,77743.5,0.00025037,1735892564.590325,b,l
4654662,77718.9,0.01305989,1735892663.5827117,s,l
4654663,77654.7,0.00034629,1735892882.3374355,s,l
4654664,77686.6,0.00122263,1735892897.1635215,b,l
4654665,77620.9,5.279e-05,1735893023.0359976,b,l
4654666,77620.9,6.346e-05,1735893045.0380323,b,l
4654667,77620.9,0.00026875,1735893087.8357782,b,m
4654668,77620.9,0.0045089,1735893087.8357782,b,m
4654669,77620.8,0.00079875,1735893112.9593508,s,l
4654670,77620.8,0.00322078,1735893112.9593508,s,l
4654671,77587.6,7e-05,1735893112.983639,s,l
4654672,77580.9,0.00037551,1735893112.983639,s,l
4654673,77576.4,0.07539024,1735893112.983639,s,l
4654674,77575.0,0.0319046,1735893112.983639,s,l
4654675,77556.8,0.000387,1735893112.9889956,s,l
4654676,77575.1,0.07539195,1735893113.0236454,s,l
4654677,77505.2,0.00024152,1735893163.2870634,b,l
4654678,77500.2,0.01289586,1735893223.498711,b,l
4654679,77500.1,0.00019354,1735893227.7540169,s,l
4654680,77500.0,5e-05,1735893227.7540169,s,l
4654681,77500.0,0.00012903,1735893227.7540169,s,l
4654682,77500.0,0.00025806,1735893227.7540169,s,l
4654683,77499.3,0.00200319,1735893227.7540169,s,l
4654684,77499.4,0.00029901,1735893244.3296192,b,l
4654685,77499.3,0.00108717,1735893370.0589726,s,l
4654686,77499.4,0.01290332,1735893418.6176655,b,m
4654687,77500.0,0.00241425,1735893515.6398735,b,l
4654688,77500.0,0.00035631,1735893533.116596,b,l
4654689,77500.0,0.00035627,1735893593.41419,b,l
4654690,77500.0,0.00193548,1735893615.0260878,b,m
4654691,77500.0,0.00828913,1735893632.699636,b,m
4654692,77500.0,0.01548387,1735893634.3939047,b,m
4654693,77500.0,0.01290323,1735893692.2730083,b,m
4654694,77500.0,0.00296774,1735893733.6481972,b,m
4654695,77499.9,0.00022539,1735893825.900013,s,l
4654696,77500.0,0.00053402,1735893880.7030275,b,l
4654697,77581.2,5e-05,1735893933.8989902,s,l
4654698,77572.4,6.35e-05,1735893946.034753,b,l
4654699,77551.8,0.00537465,1735894002.3807983,s,m
4654700,77551.7,0.03713308,1735894002.3807983,s,m
4654701,77562.2,0.00607625,1735894006.8729718,b,l
4654702,77554.1,0.00464442,1735894031.8362472,b,m
4654703,77553.9,0.00028252,1735894035.6531467,b,l
4654704,77553.9,0.00028252,1735894036.1561582,b,l
4654705,77553.8,0.00035774,1735894036.4883893,b,l
4654706,77553.4,0.00028278,1735894040.6465175,b,l
4654707,77552.7,0.00028193,1735894041.4525836,b,l
4654708,77536.0,4.845e-05,1735894091.2402475,b,l
4654709,77565.9,0.000387,1735894133.0404918,b,l
4654710,77566.0,9.303e-05,1735894133.0404918,b,l
4654711,77566.0,0.06316013,1735894136.075892,b,l
4654712,77540.7,0.00741319,1735894239.9664416,s,m
4654713,77540.6,0.12153681,1735894239.9664416,s,m
4654714,77524.5,0.00378261,1735894307.8644726,s,l
4654715,77538.2,0.00030254,1735894316.818982,b,l
4654716,77536.0,0.00011761,1735894423.9271996,b,l
4654717,77536.4,0.00029255,1735894456.1712227,b,l
4654718,77506.5,6.278e-05,1735894521.932987,b,l
4654719,77505.5,0.00031154,1735894531.2998302,b,l
4654720,77499.4,0.0006011,1735894574.8578262,b,l
4654721,77499.4,0.00063622,1735894575.6055813,b,l
4654722,77499.3,0.00226194,1735894613.3311143,s,m
4654723,77472.4,0.00022359,1735894613.3311143,s,m
4654724,77450.3,0.00265321,1735894635.0037997,s,l
4654725,77473.5,0.00125621,1735894637.184109,b,l
4654726,77450.1,4.935e-05,1735894645.9509623,s,l
4654727,77450.1,0.00960108,1735894679.3699343,s,m
4654728,77450.0,0.00338107,1735894679.3699343,s,m
4654729,77450.1,0.00122108,1735894706.9592533,b,l
4654730,77450.1,0.00042724,1735894715.848606,b,l
4654731,77463.2,0.00127186,1735894800.0610144,b,l
4654732,77463.2,0.00012719,1735894800.1108048,b,l
4654733,77463.2,6.359e-05,1735894800.1461816,b,l
4654734,77463.2,9.539e-05,1735894800.1546657,b,l
4654735,77463.2,0.00127186,1735894800.1790683,b,l
4654736,77461.3,0.00036401,1735894800.986761,b,l
4654737,77461.3,0.00060884,1735894801.012864,b,l
4654738,77461.3,0.00011917,1735894801.303126,b,l
4654739,77461.2,0.00030284,1735894809.4325662,b,l
4654740,77464.0,0.00122097,1735894813.8811364,b,l
4654741,77462.6,0.00125943,1735894828.4360447,b,l
4654742,77462.3,0.00018035,1735894844.0834396,b,l
4654743,77462.3,0.00063594,1735894847.03409,b,l
4654744,77462.3,0.00018035,1735894848.0542135,b,l
4654745,77512.4,0.01258643,1735895003.8195798,b,l
4654746,77511.4,0.00036022,1735895015.0495903,b,l
4654747,77493.2,0.00011796,1735895111.133849,b,l
4654748,77493.2,0.00011913,1735895149.2793655,b,l
4654749,77493.1,0.00322609,1735895187.4161906,s,l
4654750,77463.3,0.00258186,1735895187.4161906,s,l
4654751,77462.2,0.00011672,1735895187.4161906,s,l
4654752,77453.5,0.00343005,1735895187.4161906,s,l
4654753,77486.1,0.00125907,1735895226.9286144,b,l
4654754,77453.5,0.00163543,1735895284.7999988,b,m
4654755,77467.0,0.00062969,1735895619.8005552,b,l
4654756,77538.0,0.00023781,1735895732.616089,b,l
4654757,77538.1,0.00616471,1735895760.222245,b,m
4654758,77538.1,6.422e-05,1735895763.3054793,b,m
4654759,77538.1,0.00012706,1735895770.0439737,b,l
4654760,77538.1,0.00035698,1735895783.3071887,b,l
4654761,77538.1,0.0001179,1735895807.3104718,b,l
4654762,77538.1,0.00014218,1735895811.9697163,b,l
4654763,77538.1,0.00184738,1735895818.638538,b,l
4654764,77540.0,0.016,1735895818.7707205,b,l
4654765,77618.0,0.00019829,1735895819.4059434,s,l
4654766,77649.7,0.00015454,1735895860.557989,b,m
4654767,77666.3,0.01512854,1735895882.415149,b,l
4654768,77661.0,0.00015903,1735895896.9198864,b,l
4654769,77655.5,7.725e-05,1735895901.333202,b,l
4654770,77649.4,0.00048052,1735895926.3388586,b,l
4654771,77682.6,0.00038464,1735895973.5971467,b,m
4654772,77633.7,0.000385,1735895990.3200366,s,l
4654773,77630.8,0.000387,1735895990.3200366,s,l
4654774,77628.9,0.0049705,1735895990.3200366,s,l
4654775,77646.0,0.00317873,1735895996.498571,b,l
4654776,77604.6,0.00628439,1735896035.5370383,b,l
4654777,77646.1,8.882e-05,1735896060.0335577,b,l
4654778,77645.8,0.000387,1735896144.1032495,b,l
4654779,77645.9,0.0002145,1735896144.1032495,b,l
4654780,77694.0,0.00069407,1735896199.0598426,b,l
4654781,77668.6,0.00012875,1735896210.5405574,b,m
4654782,77644.2,0.00128769,1735896229.968411,b,l
4654783,77640.3,0.00753946,1735896258.671201,b,l
4654784,77642.1,0.00012563,1735896293.682598,b,l
4654785,77630.0,0.00017996,1735896341.8773024,b,l
4654786,77663.8,0.00078298,1735896350.165021,b,l
4654787,77625.0,0.04567806,1735896370.0397265,s,l
4654788,77624.9,0.24439099,1735896370.0397265,s,l
4654789,77603.9,0.00012886,1735896468.1478858,s,l
4654790,77649.7,0.00011889,1735896522.8457994,b,l
4654791,77648.1,0.00024107,1735896532.436866,b,l
4654792,77648.1,0.00036314,1735896536.132984,b,l
4654793,77636.7,0.00034145,1735896548.088014,s,l
4654794,77636.8,0.07478243,1735896595.000816,s,l
4654795,77636.7,0.00598316,1735896595.000816,s,l
4654796,77613.0,2.539e-05,1735896717.0336435,b,l
4654797,77648.7,0.00024108,1735896816.7056906,b,l
4654798,77651.8,0.00050005,1735896837.0645452,b,l
4654799,77651.8,0.00115438,1735896837.8748124,b,l
4654800,77657.7,0.00025373,1735896853.0354826,b,l
4654801,77657.7,0.74974563,1735896874.49588,b,l
4654802,77657.7,6.4e-07,1735896887.6745968,b,l
4654803,77726.1,0.00627487,1735896887.6745968,b,l
4654804,77712.1,0.00362162,1735896961.2090223,b,l
4654805,77727.7,7e-05,1735897009.3942544,b,l
4654806,77778.2,0.0003016,1735897146.436867,b,l
4654807,77777.6,0.00023833,1735897160.1812663,b,l
4654808,77777.5,0.00835717,1735897167.4089031,b,m
4654809,77787.7,0.0001796,1735897192.371058,b,l
4654810,77808.5,0.00017955,1735897278.7776706,b,l
4654811,77817.5,0.00014914,1735897361.1792293,b,l
4654812,77813.2,0.00025075,1735897476.8595974,b,l
4654813,77813.0,0.00090185,1735897496.880306,b,l
4654814,77812.7,0.000385,1735897504.7646434,b,m
4654815,77813.3,0.00156816,1735897504.7646437,b,m
4654816,77818.6,0.00128504,1735897512.564366,b,m
4654817,77812.7,0.0006269,1735897574.8373148,b,l
4654818,77813.9,0.00011747,1735897624.8973608,b,l
4654819,77800.5,0.14359985,1735897712.7376978,b,m
4654820,77800.7,0.0002406,1735897741.67316,b,l
4654821,77800.5,0.00026511,1735897778.6394618,b,l
4654822,77800.5,0.01263232,1735897791.2350252,b,l
4654823,77800.5,0.00137939,1735897799.936185,b,l
4654824,77800.5,0.02498829,1735897805.0993006,b,l
4654825,77800.5,0.03771113,1735897805.0993006,b,l
4654826,77800.4,0.00012853,1735897826.188175,s,l
4654827,77800.4,0.00237787,1735897826.188175,s,l
4654828,77819.2,0.02429208,1735897870.1737783,b,l
4654829,77832.9,0.03838491,1735897870.1737783,b,l
4654830,77825.1,0.00037807,1735897874.3669376,s,m
4654831,77861.0,0.00128434,1735897966.0710838,b,m
4654832,77859.4,0.00025308,1735898006.0365872,b,l
4654833,77844.1,0.00031631,1735898044.2995164,b,l
4654834,77821.1,0.00048551,1735898136.5397503,b,l
4654835,77819.3,0.00125369,1735898167.99749,b,l
4654836,77819.3,0.01880529,1735898230.101086,b,l
4654837,77819.3,0.24019153,1735898255.5880032,b,m
4654838,77819.3,0.000387,1735898255.5880032,b,m
4654839,77819.3,0.039,1735898255.5880032,b,m
4654840,77819.3,0.000385,1735898255.5880032,b,m
4654841,77819.3,0.02003647,1735898255.5880034,b,m
4654842,77819.3,6.33e-05,1735898298.0364285,b,l
4654843,77819.3,0.00514011,1735898379.9761038,b,m
4654844,77819.2,0.00154203,1735898398.0758426,s,l
4654845,77819.2,0.00771017,1735898398.0758426,s,l
4654846,77800.5,1.254e-05,1735898400.16227,b,l
4654847,77800.5,0.00063317,1735898400.1863918,b,l
4654848,77800.5,0.00011866,1735898401.5973568,b,l
4654849,77800.5,0.01215252,1735898403.2461286,b,l
4654850,77800.5,0.00018995,1735898419.033986,b,l
4654851,77800.4,0.00133226,1735898419.9651573,s,l
4654852,77800.4,0.00032133,1735898419.9651573,s,l
4654853,77800.0,0.00102827,1735898419.9687395,s,l
4654854,77799.2,6.332e-05,1735898420.0362575,b,l
4654855,77759.1,6.335e-05,1735898435.0381632,b,l
4654856,77714.4,0.008823,1735898463.8596582,b,l
4654857,77715.0,0.03938191,1735898463.8596582,b,l
4654858,77726.0,0.04425793,1735898479.586167,b,l
4654859,77726.1,0.00393973,1735898479.586167,b,l
4654860,77725.4,0.00037656,1735898483.6208923,b,l
4654861,77712.9,0.03346022,1735898495.4483984,b,l
4654862,77713.0,0.01474531,1735898495.4483984,b,l
4654863,77703.7,0.00035928,1735898501.3074412,b,l
4654864,77703.8,0.04820563,1735898511.0659986,b,l
4654865,77692.0,0.00064356,1735898549.279952,s,l
4654866,77688.0,0.000385,1735898549.279952,s,l
4654867,77695.4,0.00062784,1735898570.4305148,b,l
4654868,77692.4,0.00037671,1735898574.0413609,b,l
4654869,77681.0,0.04907278,1735898581.388505,s,l
4654870,77712.0,0.00256023,1735898682.9420562,b,l
4654871,77712.0,0.00081602,1735898683.4035032,b,l
4654872,77712.0,0.03794012,1735898695.332724,b,l
4654873,77712.1,0.00012647,1735898698.328141,b,l
4654874,77723.8,0.00156903,1735898747.4167984,b,l
4654875,77717.1,0.02450407,1735898779.6801126,b,l
4654876,77737.0,0.00043925,1735898889.2418752,b,l
4654877,77700.2,0.00642307,1735898936.9428227,s,m
4654878,77717.9,0.000387,1735898955.780105,b,l
4654879,77718.0,0.00262997,1735898955.780105,b,l
4654880,77710.1,0.0012868,1735898963.1021943,b,l
4654881,77711.5,0.00257341,1735899008.4200556,b,l
4654882,77730.2,0.00030179,1735899073.932335,b,l
4654883,77723.8,0.00025732,1735899082.5325422,b,m
4654884,77715.8,0.00156916,1735899112.5471468,b,l
4654885,77713.9,1.255e-05,1735899132.6779132,b,l
4654886,77710.1,0.00125545,1735899201.4608114,b,l
4654887,77710.0,0.00012531,1735899215.7438407,s,l
4654888,77717.8,0.00018969,1735899360.2013662,b,l
4654889,77717.7,0.01963838,1735899385.0767207,s,l
4654890,77717.8,0.0001,1735899405.4128735,b,m
4654891,77717.8,0.00063385,1735899424.0338993,b,l
4654892,77717.8,0.00077126,1735899446.3173213,b,l
4654893,77717.8,0.03340641,1735899462.948405,b,l
4654894,77824.7,0.00462933,1735899542.7814758,s,l
4654895,77817.8,0.000387,1735899651.0319097,s,l
4654896,77811.9,0.02842352,1735899651.0319097,s,l
4654897,77811.8,0.0103223,1735899651.0319097,s,l
4654898,77792.1,0.00062706,1735899758.0526333,b,l
4654899,77787.8,1.267e-05,1735899780.03501,b,l
4654900,77770.6,0.00032612,1735899802.4931092,b,l
4654901,77774.3,0.00241172,1735899819.155775,b,l
4654902,77778.3,0.00019001,1735899845.0340517,b,l
4654903,77760.0,0.03716781,1735899851.8642385,s,m
4654904,77759.9,0.00224277,1735899851.8642385,s,m
4654905,77777.0,0.00122426,1735899859.43776,b,l
4654906,77857.0,0.00029842,1735899951.0992053,b,l
4654907,77852.4,0.000387,1735899965.0317886,b,l
4654908,77852.4,0.0008785,1735899965.0317886,b,l
4654909,77856.3,0.00025309,1735899971.038715,b,l
4654910,77855.9,0.02506566,1735899975.2726245,b,l
4654911,77868.2,7e-05,1735900063.672762,b,l
4654912,77868.2,0.008812,1735900063.672762,b,l
4654913,77868.2,0.00373641,1735900063.672762,b,l
4654914,77868.2,0.00062645,1735900091.577582,b,l
4654915,77868.2,0.01127609,1735900132.1436136,b,l
4654916,77868.2,0.0012529,1735900213.3712826,b,l
4654917,77868.2,0.00017941,1735900214.2176054,b,l
4654918,77868.2,0.00063262,1735900217.0336185,b,l
4654919,77868.2,0.00645922,1735900233.9337633,b,m
4654920,77868.1,0.00435261,1735900241.352553,s,l
4654921,77868.1,0.00010274,1735900241.352553,s,l
4654922,77868.1,0.00064211,1735900241.352553,s,l
4654923,77868.1,0.00651834,1735900241.352553,s,l
4654924,77842.5,0.00023123,1735900241.352553,s,l
4654925,77868.2,0.00037598,1735900345.1465602,b,l
4654926,77878.1,0.02434105,1735900363.29371,s,l
4654927,77878.0,0.01688245,1735900363.29371,s,l
4654928,77883.6,0.00098886,1735900387.485557,s,l
4654929,77882.5,0.00123,1735900400.4692383,s,l
4654930,77882.0,0.00023804,1735900578.3213265,b,l
4654931,77882.0,0.0001486,1735900597.159522,b,l
4654932,77882.0,0.007,1735900629.4316683,b,l
4654933,77882.0,0.01316608,1735900629.6264513,b,l
4654934,77888.8,0.00576257,1735900629.6264513,b,l
4654935,77881.9,0.00128399,1735900810.4281368,s,m
4654936,77867.0,5e-05,1735900810.4281368,s,m
4654937,77852.7,0.00623159,1735900810.4281368,s,m
4654938,77852.6,0.02065492,1735900810.4281368,s,m
4654939,77852.6,0.01834508,1735900810.4281368,s,m
4654940,77850.8,0.008813,1735900810.4281368,s,m
4654941,77850.5,0.000387,1735900810.4281368,s,m
4654942,77849.9,0.03245492,1735900810.4281368,s,m
4654943,77867.1,0.00033828,1735900820.1262228,b,l
4654944,77867.0,0.00128399,1735900822.3452115,b,l
4654945,77867.0,0.02568482,1735900823.626163,b,m
4654946,77861.9,0.00491613,1735900852.348797,b,l
4654947,77861.1,0.00063333,1735900855.4756005,b,l
4654948,77857.3,0.00421805,1735900882.8283076,b,l
4654949,77853.5,0.12844638,1735900947.1600587,b,m
4654950,77851.8,0.039,1735900957.8341334,b,m
4654951,77853.3,0.08944746,1735900957.8341336,b,m
4654952,77850.1,0.07443813,1735900968.3333075,b,m
4654953,77850.1,0.05401386,1735900968.3333075,b,m
4654954,77850.0,0.00092352,1735900984.0339031,s,l
4654955,77850.1,0.20514793,1735900985.1861105,b,m
4654956,77850.1,0.000387,1735900985.1861105,b,m
4654957,77850.1,0.008813,1735900985.1861105,b,m
4654958,77850.1,0.04255604,1735900985.1861105,b,m
4654959,77850.0,0.00163871,1735900986.3171537,s,l
4654960,77850.0,0.00128452,1735900986.3171537,s,l
4654961,77798.7,0.07447713,1735901003.3789942,b,m
4654962,77798.8,0.05405965,1735901003.3789942,b,m
4654963,77792.0,0.07447755,1735901012.977788,b,m
4654964,77792.1,0.05232217,1735901012.977788,b,m
4654965,77758.8,0.00064333,1735901025.338663,s,l
4654966,77789.5,0.00121586,1735901080.81604,b,l
4654967,77793.7,0.00060037,1735901094.6905465,b,l
4654968,77793.5,0.00385636,1735901099.620126,b,m
4654969,77788.5,0.00062713,1735901144.0734928,b,l
4654970,77788.5,0.00060629,1735901144.6450322,b,l
4654971,77788.3,0.00037996,1735901150.033147,b,l
4654972,77793.1,0.00064271,1735901358.304526,b,m
4654973,77804.4,9.434e-05,1735901379.040553,b,l
4654974,77804.0,0.00627018,1735901380.1630435,b,l
4654975,77831.5,0.00072078,1735901431.4101686,b,l
4654976,77831.5,0.00103454,1735901431.4818792,b,m
4654977,77831.4,0.0125349,1735901433.667785,b,l
4654978,77797.1,9.434e-05,1735901473.8712606,b,l
4654979,77771.7,0.00012545,1735901569.5381222,b,l
4654980,77778.8,0.00376302,1735901590.5684044,b,l
4654981,77773.9,0.002268,1735901643.728356,b,l
4654982,77776.2,0.00107967,1735901649.956718,b,l
4654983,77770.5,0.00180779,1735901671.0041494,b,l
4654984,77770.3,0.02145776,1735901674.8149047,b,l
4654985,77780.1,0.00012544,1735901725.3895345,b,l
4654986,77780.0,0.00090227,1735901726.200102,b,l
4654987,77814.8,1.705e-05,1735901833.444366,b,l
4654988,77827.1,0.00012849,1735901912.0981529,b,m
4654989,77809.1,0.00475528,1735901912.49729,s,l
4654990,77831.0,0.00087745,1735901917.7409456,b,l
4654991,77830.9,0.00012535,1735901922.7136865,b,l
4654992,77833.3,0.00012534,1735901928.808627,b,l
4654993,77826.5,0.00263927,1735901965.0450668,b,l
4654994,77811.0,0.00075229,1735901980.5847046,b,l
4654995,77810.5,0.00063309,1735902008.0362766,b,l
4654996,77810.2,0.00072806,1735902017.8767676,b,l
4654997,77810.2,0.00063309,1735902020.035655,b,l
4654998,77810.2,1.266e-05,1735902023.0391028,b,l
4654999,77809.5,0.00424432,1735902033.1875389,b,m
4655000,77810.7,0.00082302,1735902047.0368674,b,l
4655001,77801.5,0.0026714,1735902065.488588,b,l
4655002,77797.5,0.00128629,1735902115.5304935,b,m
4655003,77822.4,0.01206339,1735902162.7136836,b,l
4655004,77822.5,0.00554912,1735902218.4206336,b,l
4655005,77822.4,0.00485424,1735902233.3635411,s,l
4655006,77822.4,0.00484939,1735902233.36508,s,l
4655007,77831.2,0.00020218,1735902289.59629,b,l
4655008,77831.1,0.00020988,1735902290.9461713,b,l
4655009,77822.4,0.00147567,1735902359.9351523,s,m
4655010,77784.8,0.00888693,1735902359.9351523,s,m
4655011,77784.7,0.008819,1735902359.9351523,s,m
4655012,77783.2,0.000387,1735902359.9351523,s,m
4655013,77778.5,0.039,1735902359.9351523,s,m
4655014,77778.5,0.000385,1735902359.9351523,s,m
4655015,77776.6,0.25923512,1735902359.9351523,s,m
4655016,77775.6,0.2592383,1735902359.9351523,s,m
4655017,77770.4,0.25925554,1735902359.9351523,s,m
4655018,77769.5,0.1,1735902359.9351523,s,m
4655019,77766.4,0.06256515,1735902359.9351523,s,m
4655020,77804.1,0.00024059,1735902378.365926,b,l
4655021,77760.5,8.807e-05,1735902486.4842212,b,l
4655022,77776.3,0.00048453,1735902506.5249984,b,l
4655023,77781.6,0.00025639,1735902507.8379498,b,l
4655024,77760.4,0.01652126,1735902536.281216,s,l
4655025,77760.5,0.00125463,1735902566.757574,b,l
4655026,77760.5,0.07342663,1735902610.7461417,b,m
4655027,77760.5,0.039,1735902610.7461417,b,m
4655028,77760.5,0.14638086,1735902610.7461417,b,m
4655029,77760.5,0.0012584,1735902617.5025196,b,l
4655030,77760.4,0.00066642,1735902636.8661995,s,l
4655031,77760.4,0.00195794,1735902638.898534,s,l
4655032,77768.7,0.00120431,1735902700.159027,b,l
4655033,77760.5,0.001286,1735902727.8364713,b,m
4655034,77760.5,0.00017966,1735902794.3878212,b,l
4655035,77760.5,0.00069005,1735902797.8680744,b,l
4655036,77760.5,0.00103783,1735902832.209483,b,l
4655037,77760.4,0.00076365,1735902967.4369736,s,l
4655038,77760.4,0.003849,1735902971.3608935,s,l
4655039,77760.5,0.00083589,1735903018.8248277,b,l
4655040,77760.5,0.00488617,1735903055.9519536,b,l
4655041,77774.3,0.00035908,1735903062.2920103,b,l
4655042,77778.4,0.00056445,1735903074.780268,b,l
4655043,77760.5,0.00011872,1735903089.085734,b,l
4655044,77760.5,6.335e-05,1735903100.0327046,b,l
4655045,77760.5,0.000385,1735903119.227254,b,l
4655046,77760.5,0.00149695,1735903119.227254,b,l
4655047,77760.5,0.00065586,1735903124.3508172,b,m
4655048,77760.5,0.0075278,1735903135.593139,b,l
4655049,77794.0,0.00027775,1735903225.5857549,s,l
4655050,77791.0,0.0186213,1735903255.9688537,s,l
4655051,77783.3,0.00020719,1735903272.5337243,b,l
4655052,77793.8,0.00121603,1735903296.9934688,b,l
4655053,77785.3,0.00072656,1735903301.0228071,b,l
4655054,77832.6,0.00795894,1735903404.930712,b,l
4655055,77820.4,0.000385,1735903446.570075,s,l
4655056,77820.4,0.00032125,1735903446.570075,s,l
4655057,77817.6,0.01519375,1735903446.570075,s,l
4655058,77900.6,0.00078142,1735903472.0491834,s,l
4655059,77904.8,0.00038502,1735903497.4369397,b,l
4655060,77914.3,0.00127833,1735903522.1300242,b,m
4655061,77902.3,0.00120215,1735903572.5498717,b,l
4655062,77834.1,2.028e-05,1735903648.5153854,s,l
4655063,77860.3,0.00090129,1735903684.490307,b,l
4655064,77880.6,0.00094878,1735903800.0500438,b,l
4655065,77880.4,0.00024036,1735903800.8534558,b,l
4655066,77926.5,0.00101746,1735903902.1493056,b,m
4655067,77952.5,0.00032213,1735903918.8770704,b,l
4655068,77942.3,0.00077987,1735903990.0322237,b,l
4655069,77944.0,0.00227425,1735903994.3715756,s,l
4655070,77965.4,0.00026943,1735903994.58736,b,m
4655071,77909.1,0.00115386,1735904049.0399847,s,l
4655072,77919.7,0.000384,1735904060.4155707,b,l
4655073,77923.1,0.00384102,1735904060.4155707,b,l
4655074,77887.7,0.0047601,1735904066.141895,s,l
4655075,77887.7,0.00475534,1735904066.1442544,s,l
4655076,77887.7,0.00484074,1735904066.1461022,s,l
4655077,77901.5,0.0012018,1735904076.3351386,b,l
4655078,77901.5,0.00128367,1735904076.9237,b,m
4655079,77887.6,0.0003457,1735904101.1756756,s,l
4655080,77900.7,0.00222685,1735904133.8079352,b,l
4655081,77887.7,0.006632,1735904133.9356952,s,l
4655082,77887.7,0.2,1735904146.8430655,b,l
4655083,77887.7,0.00025678,1735904155.3537288,b,m
4655084,77891.7,0.0010647,1735904188.1850371,b,l
4655085,77892.6,0.0001,1735904270.061397,b,m
4655086,77892.5,0.00113609,1735904275.5164824,s,l
4655087,77892.6,0.00061999,1735904276.227768,b,l
4655088,77892.5,0.00233315,1735904307.4360912,s,l
4655089,77892.6,0.00180511,1735904328.7957733,b,l
4655090,77892.5,0.000385,1735904348.858328,s,l
4655091,77892.5,0.00356275,1735904348.858328,s,l
4655092,77892.6,0.01747981,1735904400.2389293,b,l
4655093,77892.6,0.02037175,1735904400.2389293,b,l
4655094,77887.7,0.00250517,1735904413.7201324,b,l
4655095,77887.7,0.00151418,1735904499.4040632,b,l
4655096,77887.6,0.00013013,1735904528.3445532,s,l
4655097,77887.6,1.649e-05,1735904569.052299,s,l
4655098,77887.6,0.0264696,1735904597.1313534,s,l
4655099,77826.3,0.06863685,1735904597.1313534,s,l
4655100,77826.2,0.00489355,1735904597.1313534,s,l
4655101,77849.4,4.493e-05,1735904684.0337715,b,l
4655102,77848.7,0.00391143,1735904702.0670702,s,l
4655103,77909.1,0.00011739,1735904808.2408533,b,l
4655104,77860.3,0.00499519,1735904877.023523,s,m
4655105,77842.5,6.879e-05,1735905083.6352563,s,l
4655106,77855.4,6.879e-05,1735905088.2850852,s,l
4655107,77855.5,0.0002,1735905090.0878186,b,l
4655108,77855.1,0.0012846,1735905098.852755,s,m
4655109,77880.7,0.10093848,1735905123.455499,b,m
4655110,77888.6,0.00025298,1735905126.0330746,b,l
4655111,77895.5,0.00062617,1735905158.1968017,b,l
4655112,77884.6,0.00125263,1735905232.760692,b,l
4655113,77884.6,0.00032099,1735905239.5119696,b,m
4655114,77884.5,0.0100278,1735905285.217943,s,l
4655115,77884.6,0.00064134,1735905362.5629334,b,l
4655116,77884.6,6.414e-05,1735905388.410264,b,l
4655117,77884.5,0.00063284,1735905415.6216662,s,l
4655118,77884.6,0.00128395,1735905424.0415175,b,m
4655119,77884.5,0.00015621,1735905437.2344522,s,l
4655120,77884.5,0.02606424,1735905438.5967393,s,l
4655121,77884.6,0.00643695,1735905487.5435998,b,l
4655122,77927.9,0.01860173,1735905487.5435998,b,l
4655123,77936.8,0.00303106,1735905532.7103555,b,l
4655124,77936.8,0.01475365,1735905533.585908,b,l
4655125,77936.1,0.00013469,1735905538.5080109,b,l
4655126,77917.5,0.00041727,1735905571.0333712,b,l
4655127,77917.5,0.0001793,1735905575.8916905,b,l
4655128,77920.7,0.0030095,1735905585.5506368,b,l
4655129,77924.1,0.00025287,1735905600.0780566,b,l
4655130,77924.0,8.983e-05,1735905600.332661,b,m
4655131,77923.4,0.00024023,1735905608.987929,b,l
4655132,77928.1,0.00037928,1735905623.0365982,b,l
4655133,77937.9,1.252e-05,1735905628.6477697,b,l
4655134,77933.6,6.321e-05,1735905644.0360649,b,l
4655135,77930.2,0.00010266,1735905648.7981012,b,l
4655136,77930.2,0.07454,1735905648.8040826,b,l
4655137,77930.3,0.23843962,1735905648.8040826,b,l
4655138,77917.6,6.385e-05,1735905659.030989,b,l
4655139,77983.0,0.01179744,1735905800.9342854,b,m
4655140,77982.0,0.00479989,1735905808.0171163,b,m
4655141,77985.0,0.00180312,1735905830.9444532,b,l
4655142,77999.9,0.0003127,1735905853.0357769,b,l
4655143,77994.0,0.00012195,1735905872.1186414,b,m
4655144,77994.0,0.00121951,1735905872.1186414,b,m
4655145,77958.8,0.00026,1735905983.954101,s,l
4655146,77971.2,0.000384,1735906019.4155843,b,l
4655147,77972.3,0.00027516,1735906019.4155843,b,l
4655148,77975.6,0.00029853,1735906083.1252975,b,l
4655149,77980.1,0.00205181,1735906147.77272,b,m
4655150,77983.6,9.412e-05,1735906196.164878,b,l
4655151,77986.6,0.0005989,1735906211.1779556,b,l
4655152,77980.7,4.144e-05,1735906237.0341947,b,l
4655153,77975.3,0.00242908,1735906255.7548916,b,l
4655154,77993.0,0.07461611,1735906334.450607,b,l
4655155,77993.1,0.05170077,1735906334.450607,b,l
4655156,77989.0,0.01215581,1735906409.2408068,b,l
4655157,77981.9,0.00010975,1735906421.3859549,s,l
4655158,77981.9,3.13e-05,1735906425.247969,s,m
4655159,77978.7,0.00217852,1735906425.247969,s,m
4655160,77997.4,0.000387,1735906443.783666,b,l
4655161,77999.3,0.0021151,1735906443.783666,b,l
4655162,77991.7,0.00120085,1735906509.4385784,b,l
4655163,77988.4,6.316e-05,1735906542.3984518,b,l
4655164,77955.3,0.00062552,1735906556.9416418,b,l
4655165,77955.3,0.07398972,1735906562.88544,b,l
4655166,77955.3,0.02683077,1735906562.88544,b,l
4655167,77955.3,0.00012825,1735906577.6822808,b,l
4655168,77955.3,0.01251411,1735906579.7942252,b,l
4655169,77955.3,0.00011727,1735906631.1192498,b,l
4655170,77955.3,0.01883105,1735906678.4067297,b,l
4655171,78000.0,0.00025016,1735906752.1686215,b,l
4655172,78000.0,0.00061997,1735906753.163894,b,l
4655173,78000.0,9.318e-05,1735906760.08666,b,l
4655174,78000.0,0.00012208,1735906761.5995924,b,l
4655175,77999.9,0.00012208,1735906799.277427,s,l
4655176,78000.0,0.00063219,1735906807.5883875,b,l
4655177,77999.9,0.00033111,1735906822.3725822,s,l
4655178,78000.0,0.00012631,1735906823.036373,b,l
4655179,78000.0,0.0001164,1735906887.137062,b,l
4655180,78000.0,0.00077516,1735907012.1795511,b,l
4655181,78000.0,0.00011835,1735907016.1337852,b,l
4655182,77999.9,5.256e-05,1735907138.9252024,s,l
4655183,77999.9,0.01231477,1735907181.8865004,s,l
4655184,77999.9,0.00102564,1735907181.8865004,s,l
4655185,77955.3,0.00026181,1735907195.7294736,b,l
4655186,77955.3,0.00062575,1735907204.5683956,b,l
4655187,78000.0,0.07560008,1735907279.2705548,b,l
4655188,77999.9,0.00013141,1735907281.095364,s,l
4655189,78000.0,0.00041795,1735907298.6959782,b,m
4655190,77999.9,0.00026282,1735907379.342364,s,l
4655191,78000.0,3.158e-05,1735907400.041773,b,l
4655192,78000.0,0.00026575,1735907408.504599,b,l
4655193,78000.0,0.00849659,1735907420.94629,b,l
4655194,78000.0,0.00011835,1735907423.3085186,b,l
4655195,78000.0,0.00040468,1735907444.826166,b,l
4655196,78000.0,0.00126864,1735907473.478207,b,l
4655197,78000.0,0.01564728,1735907498.72882,b,l
4655198,78000.0,0.00039543,1735907515.2188325,b,l
4655199,77999.9,0.01237886,1735907518.3033996,s,l
4655200,78000.0,0.00089991,1735907528.495568,b,l
4655201,77997.8,0.00050752,1735907570.0579972,s,l
4655202,78000.0,3.158e-05,1735907637.0346332,b,l
4655203,78000.0,0.00017911,1735907646.2522328,b,l
4655204,77984.1,0.00023769,1735907703.6063857,b,l
4655205,77955.3,0.00106468,1735907740.7387931,b,l
4655206,77955.2,0.00038483,1735907803.1880677,s,m
4655207,77950.1,0.02527007,1735907803.1880677,s,m
4655208,77968.1,0.00309218,1735907833.771486,b,l
4655209,77968.2,0.06008882,1735907833.771486,b,l
4655210,77968.2,0.00025026,1735907846.41989,b,l
4655211,77968.2,0.0001184,1735907866.9989157,b,l
4655212,77966.5,0.00120131,1735907888.94094,b,l
4655213,77960.7,0.00120127,1735907905.5196714,b,l
4655214,77962.3,0.00024978,1735907986.3072624,b,l
4655215,77958.2,0.00176518,1735908038.9882762,b,m
4655216,77957.2,1.251e-05,1735908045.0317705,b,l
4655217,77953.0,0.00162282,1735908053.5383954,b,l
4655218,77948.5,5.498e-05,1735908087.7183242,b,l
4655219,77935.7,0.00160388,1735908218.8334453,s,l
4655220,77917.5,0.00012834,1735908218.8334453,s,l
4655221,77917.4,0.00560647,1735908218.8334453,s,l
4655222,77917.5,6.417e-05,1735908299.0297265,b,m
4655223,77917.5,0.0013097,1735908330.431278,b,l
4655224,77917.5,0.00219119,1735908331.650847,b,l
4655225,77917.5,0.00018782,1735908350.2648396,b,l
4655226,77917.5,0.00123208,1735908367.2359362,b,m
4655227,77917.5,0.00375632,1735908389.0206146,b,l
4655228,77917.4,0.00034632,1735908405.3077116,s,l
4655229,77917.5,6.772e-05,1735908474.066813,b,m
4655230,77917.5,0.000384,1735908474.066813,b,m
4655231,77917.5,0.0027568,1735908474.066813,b,m
4655232,77917.4,0.0135898,1735908545.7667005,s,l
4655233,77917.5,0.00059935,1735908728.456694,b,l
4655234,77917.5,6.417e-05,1735908732.759689,b,m
4655235,77917.5,0.00031303,1735908754.3105135,b,l
4655236,77917.5,0.00025042,1735908848.345252,b,l
4655237,77917.5,0.00038502,1735908848.529465,b,m
4655238,77917.5,2.529e-05,1735908880.036768,b,l
4655239,77917.4,0.00607171,1735908921.9800377,s,m
4655240,77917.4,0.00887172,1735908921.9800377,s,m
4655241,77917.4,0.0256682,1735908921.9800377,s,m
4655242,77900.0,0.00256739,1735908921.9800377,s,m
4655243,77900.0,5e-05,1735908921.9800377,s,m
4655244,77890.3,0.06281098,1735908921.9800377,s,m
4655245,77902.1,0.00626158,1735908943.4893649,b,l
4655246,77901.3,0.00012524,1735908946.2081926,b,l
4655247,77886.0,0.00282998,1735908992.950108,b,l
4655248,77901.1,0.00024029,1735909056.6105146,b,l
4655249,77900.9,0.00011735,1735909062.022138,b,l
4655250,77892.5,0.00017936,1735909095.7546651,b,l
4655251,77892.4,0.00093938,1735909096.3378124,b,l
4655252,77862.3,6.921e-05,1735909197.126188,s,m
4655253,77873.6,0.00024037,1735909209.4433162,b,l
4655254,77875.8,6.264e-05,1735909253.1077552,b,l
4655255,77874.5,0.00256823,1735909270.5917368,b,m
4655256,77815.9,0.01286309,1735909341.0362868,s,m
4655257,77851.3,0.00062643,1735909353.137488,b,l
4655258,77835.9,0.00125331,1735909366.492889,b,l
4655259,77800.1,0.00064257,1735909454.279961,b,l
4655260,77801.2,0.00382481,1735909473.484253,b,l
4655261,77800.0,5e-05,1735909474.936675,s,l
4655262,77791.8,0.00026623,1735909474.936675,s,l
4655263,77798.7,0.01101388,1735909488.9694328,b,l
4655264,77917.3,0.01252108,1735909700.7432754,b,l
4655265,77930.5,0.000301,1735909723.6129906,b,l
4655266,77911.1,0.00038506,1735909767.9823997,s,m
4655267,77950.5,0.01204538,1735909812.5315,b,l
4655268,77957.4,0.00100136,1735909814.5470474,b,l
4655269,77971.4,0.00023776,1735909831.5259974,b,l
4655270,77999.8,0.00096002,1735909861.099445,b,l
4655271,77995.2,6.254e-05,1735909879.758181,b,l
4655272,77988.4,0.00096012,1735909913.0351756,b,l
4655273,77948.3,0.00339534,1735909924.5127532,b,l
4655274,77884.0,0.00011264,1735909965.057984,b,l
4655275,77871.8,0.07481508,1735910038.953946,b,l
4655276,77871.9,0.0137445,1735910038.953946,b,l
4655277,77867.8,0.0012027,1735910045.9528213,b,l
4655278,77872.6,0.00033697,1735910058.6166198,b,l
4655279,77850.6,0.00031638,1735910092.0346832,b,l
4655280,77834.6,0.0026799,1735910113.6577425,b,l
4655281,77783.7,0.000387,1735910159.5602343,b,l
4655282,77783.7,1.3e-05,1735910159.5602343,b,l
4655283,77783.6,0.00253324,1735910172.6983728,b,l
4655284,77783.5,0.00128561,1735910220.479388,s,l
4655285,77760.4,0.00371439,1735910220.479388,s,l
4655286,77760.5,0.002572,1735910221.6045177,b,m
4655287,77760.5,0.00038582,1735910322.4108837,b,m
4655288,77760.5,0.00188195,1735910331.91974,b,l
4655289,77760.4,0.00048772,1735910367.7123768,s,l
4655290,77760.5,0.00120445,1735910378.977786,b,l
4655291,77760.5,0.00529878,1735910383.6812267,b,m
4655292,77760.5,0.04690652,1735910383.6812267,b,m
4655293,77760.5,0.01309778,1735910383.6812267,b,m
4655294,77864.9,0.0062642,1735910486.8007717,b,l
4655295,77911.9,0.01989164,1735910592.920433,s,m
4655296,77905.2,0.00519098,1735910607.9612143,s,m
4655297,77837.5,0.00064,1735910685.7166378,s,l
4655298,77837.5,0.00064236,1735910717.3746052,s,l
4655299,77826.8,0.000385,1735910717.3746052,s,l
4655300,77826.0,0.02897264,1735910717.3746052,s,l
4655301,77854.2,0.00047922,1735910725.6394598,b,l
4655302,77860.3,0.00050715,1735910766.3934174,b,l
4655303,77809.5,0.00164934,1735910844.6980178,s,l
4655304,77831.2,0.07497145,1735910864.0190313,b,m
4655305,77831.3,0.01728487,1735910864.0190313,b,m
4655306,77843.0,1.266e-05,1735910899.030941,b,l
4655307,77842.6,9.429e-05,1735910902.0359235,b,l
4655308,77778.2,0.00012543,1735910942.4182453,b,l
4655309,77781.0,1.254e-05,1735911000.0511854,b,l
4655310,77781.0,0.00037629,1735911000.1036377,b,l
4655311,77802.0,0.00011865,1735911063.7648818,b,l
4655312,77790.8,0.00013039,1735911068.511758,s,l
4655313,77773.9,0.01254408,1735911142.1416748,b,l
4655314,77798.3,0.02589726,1735911174.2666605,b,m
4655315,77805.2,6.331e-05,1735911191.0349114,b,l
4655316,77794.4,0.00125406,1735911211.2942228,b,l
4655317,77763.6,0.000387,1735911250.3415115,s,l
4655318,77760.5,0.00064709,1735911250.3415115,s,l
4655319,77777.7,0.00627157,1735911275.374552,b,l
4655320,77777.7,0.01285716,1735911275.8632784,b,m
4655321,77760.5,0.01779502,1735911277.4627466,s,l
4655322,77777.6,0.00190007,1735911420.0345864,b,l
4655323,77777.6,0.00145672,1735911422.79115,b,l
4655324,77777.6,0.0072133,1735911463.0917006,b,m
4655325,77777.6,6.429e-05,1735911545.946442,b,m
4655326,77777.5,0.00038571,1735911555.8087888,s,l
4655327,77777.5,0.00064298,1735911555.8087888,s,l
4655328,77761.3,0.00027637,1735911555.8087888,s,l
4655329,77779.5,0.00018815,1735911569.7253847,b,l
4655330,77802.3,0.01285866,1735911577.6152885,s,l
4655331,77813.1,0.00125378,1735911599.4024203,b,l
4655332,77813.1,6.331e-05,1735911613.0337832,b,l
4655333,77813.1,0.00250757,1735911613.8337913,b,l
4655334,77813.1,0.00125379,1735911666.780531,b,l
4655335,77818.6,0.01310875,1735911761.8436403,s,l
4655336,77845.7,0.002003,1735911772.302663,b,m
4655337,77864.9,0.00313236,1735911842.6910489,b,l
4655338,77851.8,0.00059988,1735911879.9709983,b,l
4655339,77849.0,0.00037596,1735911942.9057443,b,l
4655340,77840.2,0.01142604,1735911997.8501267,s,l
4655341,77840.3,0.01140315,1735912005.016974,b,l
4655342,77847.3,0.00023809,1735912034.1813743,b,l
4655343,77854.3,0.00094001,1735912035.3597207,b,l
4655344,77858.9,0.00056957,1735912066.099239,b,m
4655345,77840.2,4.609e-05,1735912098.756439,s,l
4655346,77840.3,0.000387,1735912185.1290202,b,l
4655347,77840.3,0.00204032,1735912185.1290202,b,l
4655348,77840.3,0.00121507,1735912206.928115,b,l
4655349,77840.3,0.00256936,1735912220.975891,b,l
4655350,77840.3,0.0012657,1735912229.0347934,b,l
4655351,77840.2,0.00359413,1735912235.267941,s,m
4655352,77840.3,0.00025281,1735912365.8369887,b,m
4655353,77840.2,0.00304012,1735912389.2788315,s,l
4655354,77840.3,0.00128443,1735912461.40286,b,l
4655355,77840.3,0.02569363,1735912469.878401,b,m
4655356,77840.3,4.329e-05,1735912471.0367794,b,l
4655357,77840.3,6.328e-05,1735912484.0319684,b,l
4655358,77840.3,0.01002678,1735912489.7504606,b,l
4655359,77840.3,1.253e-05,1735912511.4749064,b,l
4655360,77840.3,0.0012657,1735912517.4731743,b,l
4655361,77840.3,0.00024048,1735912603.8521743,b,l
4655362,77840.3,6.328e-05,1735912617.0334032,b,l
4655363,77840.3,3.797e-05,1735912672.033739,b,l
4655364,77840.2,0.00025693,1735912677.456716,s,l
4655365,77840.2,0.00303507,1735912677.456716,s,l
4655366,77840.3,9.337e-05,1735912711.6591232,b,l
4655367,77840.2,0.00051,1735912736.3180337,s,m
4655368,77840.2,0.01105977,1735912789.1719074,s,l
4655369,77835.0,0.013,1735912789.1719074,s,l
4655370,77834.9,0.02595236,1735912789.1719074,s,l
4655371,77788.4,0.00011695,1735912801.0267391,b,l
4655372,77836.3,1.266e-05,1735912817.0386732,b,l
4655373,77834.3,0.02569561,1735912893.4070013,b,m
4655374,77840.3,0.0002568,1735912921.3751764,b,l
4655375,77840.3,5e-05,1735912921.3751764,b,l
4655376,77840.5,0.01634278,1735912921.3751764,b,l
4655377,77840.5,0.00031334,1735912987.7461069,b,l
4655378,77840.5,0.00126696,1735913044.3586743,b,l
4655379,77840.5,0.00078096,1735913082.0598805,b,l
4655380,77840.5,9.429e-05,1735913124.3547018,b,l
4655381,77840.4,0.00066878,1735913149.8602085,s,l
4655382,77840.5,0.00168575,1735913184.0290167,b,l
4655383,77840.5,0.00062667,1735913203.3696203,b,l
4655384,77840.5,0.01214921,1735913253.7513857,b,l
4655385,77840.5,0.01,1735913253.8155372,b,l
4655386,77840.5,0.0727,1735913280.502066,b,l
4655387,77840.5,0.01250786,1735913280.5046225,b,l
4655388,77840.5,5e-05,1735913280.5046225,b,l
4655389,77954.1,0.00012638,1735913285.032366,b,l
4655390,77857.9,0.00068459,1735913287.5652788,s,l
4655391,77964.3,0.00064132,1735913335.868665,b,m
4655392,77964.2,0.00130188,1735913359.4618692,s,l
4655393,77964.3,0.00023776,1735913382.8763113,b,l
4655394,77964.3,0.00036099,1735913393.1402757,b,l
4655395,77964.3,0.00075786,1735913406.6748471,b,l
4655396,77999.9,0.00013013,1735913413.703313,s,l
4655397,78000.0,0.01148898,1735913455.9055078,b,l
4655398,78000.0,0.01148898,1735913456.1014998,b,l
4655399,78000.0,0.01011084,1735913456.3077023,b,l
4655400,78000.0,0.00954009,1735913456.8029256,b,l
4655401,78000.0,0.00901916,1735913457.2351902,b,l
4655402,78000.0,0.0085582,1735913457.6685364,b,l
4655403,78000.0,0.00813543,1735913459.1798215,b,l
4655404,78000.0,0.00774537,1735913459.613597,b,l
4655405,78000.0,0.00736487,1735913460.043798,b,l
4655406,78000.0,0.00702235,1735913460.4787552,b,l
4655407,78000.0,0.00670478,1735913460.9118395,b,l
4655408,78000.0,0.00641211,1735913461.6713412,b,l
4655409,78000.0,0.00616584,1735913462.1037073,b,l
4655410,78000.0,0.00594118,1735913462.5325005,b,l
4655411,78000.0,0.00572803,1735913462.963613,b,l
4655412,78000.0,0.0055254,1735913463.3950324,b,l
4655413,78000.0,0.00533287,1735913463.828612,b,l
4655414,78000.0,0.00533459,1735913464.266657,b,l
4655415,77999.9,0.00114254,1735913464.4058318,s,l
4655416,78000.0,0.00496878,1735913464.7089918,b,l
4655417,78000.0,0.00480341,1735913465.1482773,b,l
4655418,78000.0,0.00464594,1735913465.5877345,b,l
4655419,78000.0,0.00449018,1735913466.739967,b,l
4655420,78000.0,0.00434798,1735913467.1714375,b,l
4655421,78000.0,0.00421833,1735913467.6056266,b,l
4655422,78000.0,0.00408809,1735913468.0386193,b,l
4655423,78000.0,0.00396388,1735913468.4757946,b,l
4655424,78000.0,0.00384386,1735913468.9066412,b,l
4655425,78000.0,0.00373157,1735913469.3442829,b,l
4655426,78000.0,0.00362294,1735913469.775467,b,l
4655427,78000.0,0.00351962,1735913470.2083898,b,l
4655428,78000.0,0.00342442,1735913470.6418853,b,l
4655429,78000.0,0.00333522,1735913471.0745535,b,l
4655430,78000.0,0.00333523,1735913471.506774,b,l
4655431,78000.0,0.00333523,1735913471.9360037,b,l
4655432,78000.0,0.00333523,1735913472.3715403,b,l
4655433,78000.0,0.00333523,1735913472.8022351,b,l
4655434,78000.0,0.00333523,1735913473.234993,b,l
4655435,78000.0,0.00333523,1735913473.6675258,b,l
4655436,78000.0,0.00333523,1735913474.0988624,b,l
4655437,78000.0,0.00333523,1735913474.528376,b,l
4655438,78000.0,0.00333523,1735913474.965294,b,l
4655439,78000.0,0.00333523,1735913475.3960354,b,l
4655440,78000.0,0.00333523,1735913475.827771,b,l
4655441,78000.0,0.00333523,1735913476.2617178,b,l
4655442,78000.0,0.00333523,1735913476.6955893,b,l
4655443,78000.0,0.00333523,1735913477.136161,b,l
4655444,78000.0,0.00480289,1735913477.4627862,b,l
4655445,78000.0,0.00333523,1735913477.563795,b,l
4655446,78000.0,0.00333523,1735913477.997017,b,l
4655447,78000.0,0.00205766,1735913478.4279177,b,l
4655448,78000.0,0.00203762,1735913478.8585732,b,l
4655449,78000.0,0.0019974,1735913479.2948248,b,l
4655450,78000.0,0.0074512,1735913481.4283843,b,l
4655451,78000.0,0.00036108,1735913503.4736564,b,l
4655452,78000.0,0.00160097,1735913507.0474432,b,l
4655453,78000.0,0.00268646,1735913513.462026,b,l
4655454,78000.0,0.00263811,1735913530.006771,b,l
4655455,78000.0,0.00257344,1735913530.4354494,b,l
4655456,78000.0,0.00251423,1735913530.8733697,b,l
4655457,78000.0,0.01923077,1735913530.9945354,b,m
4655458,78000.0,0.0024543,1735913531.310874,b,l
4655459,78000.0,0.0023966,1735913531.751042,b,l
4655460,78000.0,0.00234101,1735913532.478016,b,l
4655461,77999.9,0.00130128,1735913549.2865112,s,l
4655462,78000.0,0.00081301,1735913563.62323,b,l
4655463,78000.0,0.00011745,1735913573.158713,b,l
4655464,78000.0,0.00167979,1735913579.8932292,b,l
4655465,78000.0,0.00025016,1735913611.6507156,b,l
4655466,78000.0,0.10631645,1735913624.620058,b,l
4655467,78000.0,0.00028177,1735913634.7775877,b,l
4655468,78000.0,0.00036101,1735913663.3730278,b,l
4655469,78000.0,0.00132108,1735913742.249664,b,l
4655470,78000.0,0.00125078,1735913783.629254,b,l
4655471,78000.0,0.0003252,1735913791.4735503,b,l
4655472,78000.0,0.0006314,1735913803.0438328,b,l
4655473,77999.9,0.00064103,1735913812.5129158,b,m
4655474,78000.0,0.01221639,1735913822.6862674,b,l
4655475,78000.0,0.00025016,1735913834.2846348,b,l
4655476,77965.7,0.00266342,1735913844.1769695,s,l
4655477,77965.6,0.008804,1735913844.1769695,s,l
4655478,77964.7,0.000387,1735913844.1769695,s,l
4655479,77960.1,0.000384,1735913844.1769695,s,l
4655480,77954.1,0.00933458,1735913844.1769698,s,l
4655481,77932.3,0.00131525,1735913852.9738915,s,l
4655482,78000.0,0.00771265,1735913946.6950033,b,l
4655483,78000.0,0.00063219,1735913946.7349424,b,l
4655484,78000.0,0.00284101,1735913949.578838,b,l
4655485,78000.0,0.00277706,1735913949.781272,b,l
4655486,78000.0,0.00271518,1735913950.3233068,b,l
4655487,78000.0,0.00265592,1735913950.756558,b,l
4655488,78000.0,0.00259816,1735913951.1884894,b,l
4655489,78000.0,0.00254221,1735913951.6230054,b,l
4655490,78000.0,0.002488,1735913952.1177022,b,l
4655491,78000.0,0.002488,1735913952.5504937,b,l
4655492,78000.0,0.00238344,1735913952.9812732,b,l
4655493,78000.0,0.00233416,1735913953.414664,b,l
4655494,78000.0,0.00228631,1735913953.850384,b,l
4655495,78000.0,0.00223989,1735913954.28274,b,l
4655496,78000.0,0.00219486,1735913954.7198906,b,l
4655497,78000.0,0.002393,1735913955.1495316,b,l
4655498,78000.0,0.002393,1735913955.58001,b,l
4655499,78000.0,0.00229495,1735913956.012557,b,l
4655500,78000.0,0.00224857,1735913956.4503143,b,l
4655501,78000.0,0.00220361,1735913956.885136,b,l
4655502,78000.0,0.00215996,1735913957.31792,b,l
4655503,78000.0,0.00211759,1735913957.7528155,b,l
4655504,78000.0,0.00207644,1735913958.1294432,b,l
4655505,78000.0,0.00203638,1735913958.6659276,b,l
4655506,78000.0,0.00203655,1735913959.106655,b,l
4655507,78000.0,0.00195923,1735913959.5424328,b,l
4655508,78000.0,0.005,1735913959.9387755,b,l
4655509,78000.0,0.00192248,1735913959.9839144,b,l
4655510,78000.0,0.39071311,1735913960.035843,b,l
4655511,78000.0,5e-05,1735913960.035843,b,l
4655512,78000.0,0.0051282,1735913960.035843,b,l
4655513,78000.0,0.03277,1735913960.035843,b,l
4655514,78008.8,7e-05,1735913960.0397658,b,l
4655515,78111.6,0.0008743,1735913973.000825,b,l
4655516,78111.1,0.00132891,1735914014.4704163,b,l
4655517,78081.5,0.00077576,1735914032.1967518,b,m
4655518,78038.0,7.7e-05,1735914048.0224922,s,m
4655519,78054.5,0.00098774,1735914095.9276645,s,m
4655520,78054.4,0.008797,1735914095.9276645,s,m
4655521,78054.2,0.039,1735914095.9276645,s,m
4655522,78052.3,0.07965392,1735914095.9276645,s,m
4655523,78079.7,1.262e-05,1735914108.4048803,b,l
4655524,78079.8,5.2e-05,1735914208.8690066,s,m
4655525,78079.9,6.019e-05,1735914233.1749325,b,l
4655526,78079.9,0.00095865,1735914233.1749325,b,l
4655527,78079.9,0.00192056,1735914249.3693652,b,l
4655528,78079.9,0.00011823,1735914264.893569,b,l
4655529,78079.9,0.00138632,1735914273.6557543,b,l
4655530,78079.9,0.00138632,1735914273.865789,b,l
4655531,78079.9,0.00133188,1735914274.2971091,b,l
4655532,78079.9,0.00130625,1735914274.726853,b,l
4655533,78079.9,0.00128028,1735914275.160627,b,l
4655534,78079.9,0.00125813,1735914275.5915923,b,l
4655535,78079.9,0.00123797,1735914276.0256283,b,l
4655536,78079.9,0.00121518,1735914276.454924,b,l
4655537,78079.9,0.00119316,1735914276.8890676,b,l
4655538,78079.9,0.00117532,1735914277.329654,b,l
4655539,78079.9,0.0011545,1735914277.7682848,b,l
4655540,78079.9,0.00700421,1735914277.928745,b,l
4655541,78111.6,0.00063948,1735914293.6789703,b,l
4655542,78111.6,0.00383852,1735914308.3511765,b,l
4655543,78149.8,7e-05,1735914320.5991852,b,l
4655544,78200.0,0.0001018,1735914345.3558507,b,l
4655545,78200.0,0.00629206,1735914395.5406437,b,l
4655546,78228.5,0.01260323,1735914395.5406437,b,l
4655547,78261.4,5.2e-05,1735914447.5862296,s,m
4655548,78261.5,0.0001999,1735914449.1290932,b,l
4655549,78261.5,0.0004234,1735914449.1290932,b,l
4655550,78270.2,0.008781,1735914506.6823225,b,l
4655551,78270.2,0.00368336,1735914506.6823225,b,l
4655552,78270.2,0.00629372,1735914543.4541614,b,l
4655553,78270.2,0.00119661,1735914556.881173,b,l
4655554,78270.2,0.00599616,1735914572.3865695,b,l
4655555,78270.1,0.000479,1735914580.4391668,s,l
4655556,78245.7,0.00012469,1735914604.33645,b,l
4655557,78236.0,0.00010226,1735914612.2787614,b,l
4655558,78194.2,0.0002369,1735914690.100942,s,l
4655559,78251.3,0.01158019,1735914729.241076,b,l
4655560,78277.0,2.693e-05,1735914804.038713,b,l
4655561,78257.5,0.00619138,1735914820.7304685,s,l
4655562,78243.5,5.1e-05,1735914822.3342206,s,m
4655563,78101.6,0.01283038,1735914876.9998336,s,l
4655564,78131.2,0.00018726,1735914886.02095,b,l
4655565,78054.4,0.00044871,1735914930.862628,s,l
4655566,78008.9,0.00125064,1735914958.9517848,b,l
4655567,78008.8,7e-05,1735914960.960894,s,l
4655568,77963.6,0.00148605,1735914960.960894,s,l
4655569,77964.0,0.00437724,1735914962.0541596,b,l
4655570,77951.8,0.00292836,1735914981.413211,b,l
4655571,77951.8,0.00020053,1735914981.4132116,b,l
4655572,77951.7,9.854e-05,1735915010.009645,s,l
4655573,78000.9,0.07504513,1735915049.2632043,b,l
4655574,78001.0,0.02506692,1735915049.2632043,b,l
4655575,78031.8,0.00035843,1735915060.7939796,b,l
4655576,78056.4,0.00328604,1735915090.4418025,s,l
4655577,78131.2,0.00025791,1735915109.4752414,b,l
4655578,78149.8,7e-05,1735915136.043193,b,l
4655579,78291.0,7e-05,1735915166.6577542,b,l
4655580,78343.1,0.04981235,1735915239.2314734,b,l
4655581,78314.1,0.00186795,1735915246.0536408,b,l
4655582,78288.8,0.00011791,1735915313.1348667,b,l
4655583,78335.4,0.00018865,1735915385.032631,b,l
4655584,78320.0,0.00023901,1735915469.508146,b,l
4655585,78288.6,0.00028125,1735915492.390829,b,l
4655586,78328.0,0.00251563,1735915500.0393872,b,l
4655587,78327.6,6.289e-05,1735915502.040207,b,l
4655588,78304.5,0.00622622,1735915512.1934214,b,l
4655589,78250.1,0.0191693,1735915542.553022,b,m
4655590,78250.0,0.0152639,1735915548.7023394,s,l
4655591,78181.8,0.00131685,1735915565.8731852,b,l
4655592,78149.9,0.00063916,1735915574.56613,b,l
4655593,78149.8,7e-05,1735915584.9573746,s,l
4655594,78059.7,0.00614298,1735915584.9573746,s,l
4655595,78092.3,0.01255,1735915602.2011173,s,l
4655596,78124.5,0.00191916,1735915627.2520509,b,l
4655597,78077.2,0.00390964,1735915641.299201,s,l
4655598,78143.7,0.01280973,1735915648.660962,b,m
4655599,78142.0,1.261e-05,1735915671.0369737,b,l
4655600,78066.0,1.262e-05,1735915676.0338826,b,l
4655601,78008.9,0.00300256,1735915713.4691553,b,l
4655602,78008.8,7e-05,1735915717.0315337,s,l
4655603,77946.8,0.000384,1735915717.0315337,s,l
4655604,77938.4,0.0399471,1735915717.0315337,s,l
4655605,77996.4,0.00117844,1735915729.9489596,b,l
4655606,78120.8,0.00011673,1735915877.2965193,b,l
4655607,78120.7,0.00032054,1735915878.4826694,s,l
4655608,78040.4,0.000811,1735915901.6581686,s,l
4655609,78000.1,0.00841589,1735915919.6387663,b,l
4655610,78019.9,0.00025256,1735915982.0355854,b,l
4655611,78101.3,0.00315365,1735916054.0334167,b,l
4655612,78046.1,0.00175203,1735916069.260993,b,l
4655613,78036.1,0.00500108,1735916089.2290366,b,l
4655614,78139.7,0.00097484,1735916142.0664463,b,l
4655615,78151.0,0.00624153,1735916158.6252098,b,l
4655616,78102.4,0.00011819,1735916176.8319778,b,l
4655617,78114.3,0.12489446,1735916182.7612762,b,l
4655618,78138.6,0.01248143,1735916226.858354,b,l
4655619,78149.2,0.00023728,1735916345.1513472,b,l
4655620,78149.2,6.398e-05,1735916402.2649786,b,l
4655621,78146.7,0.00048883,1735916421.4288597,b,l
4655622,78149.1,0.00030018,1735916423.3572738,b,l
4655623,78149.2,5.723e-05,1735916449.8497632,b,l
4655624,78149.1,0.00883323,1735916570.6963153,s,m
4655625,78149.1,0.00261923,1735916574.561658,s,l
4655626,78137.9,0.00080112,1735916574.561658,s,l
4655627,78148.6,0.00624238,1735916601.6619613,b,l
4655628,78105.2,0.00024977,1735916632.4883218,b,l
4655629,78149.1,0.00083842,1735916654.4707386,b,l
4655630,78149.2,0.00048013,1735916707.864141,b,l
4655631,78311.0,0.00011673,1735916775.7106566,b,l
4655632,78294.9,0.00627562,1735916796.543473,b,l
4655633,78291.6,0.00012869,1735916860.442153,b,l
4655634,78241.9,0.00070378,1735916881.0676222,s,l
4655635,78335.4,0.00747716,1735916891.1997886,b,l
4655636,78341.5,0.0068,1735916893.9935017,b,l
4655637,78323.2,0.00059614,1735916941.8960483,b,l
4655638,78300.0,5e-05,1735916981.663784,s,l
4655639,78290.7,0.00069448,1735916981.663784,s,l
4655640,78315.1,0.00599059,1735916983.5988204,b,l
4655641,78350.1,0.00019297,1735917028.7787125,b,l
4655642,78404.4,0.00147362,1735917071.9419997,s,l
4655643,78404.4,0.0623015,1735917107.3180797,s,l
4655644,78272.7,0.00030016,1735917121.061597,s,l
4655645,78279.2,1.271e-05,1735917199.034967,b,l
4655646,78304.5,0.00044871,1735917270.1442103,s,m
4655647,78343.1,0.00059606,1735917324.0841217,b,l
4655648,78342.9,0.00069736,1735917325.7132375,b,l
4655649,78358.5,0.01797807,1735917349.181928,b,l
4655650,78338.1,0.00024902,1735917361.2392342,b,l
4655651,78348.4,0.01088306,1735917394.087768,s,l
4655652,78348.8,0.06099234,1735917394.4278822,s,m
4655653,78345.9,0.05317865,1735917408.8443367,s,l
4655654,78302.0,0.07471117,1735917433.4480736,s,m
4655655,78301.9,0.008779,1735917433.448074,s,m
4655656,78301.8,0.11835083,1735917433.448074,s,m
4655657,78294.2,0.00574755,1735917471.5509243,b,m
4655658,78294.2,0.00081245,1735917491.4283533,b,l
4655659,78294.2,0.00025167,1735917500.0377853,b,l
4655660,78294.2,0.00012461,1735917505.1540108,b,l
4655661,78294.1,0.0003193,1735917514.179001,s,l
4655662,78294.1,0.0233897,1735917514.179001,s,l
4655663,78294.1,0.48750447,1735917552.235685,s,l
4655664,78294.1,0.00319308,1735917552.235685,s,l
4655665,78205.4,0.00094538,1735917634.1455972,b,m
4655666,78200.0,5e-05,1735917653.9116323,s,l
4655667,78153.5,0.00154195,1735917667.296831,b,m
4655668,78151.2,0.00218489,1735917776.4962916,b,l
4655669,78126.7,0.00069736,1735917776.9703133,s,l
4655670,78183.4,0.0031975,1735917802.4294894,s,l
4655671,78221.9,6.025e-05,1735917823.3250165,b,l
4655672,78190.7,0.002,1735917828.695433,s,l
4655673,78227.6,0.00041931,1735917860.005283,s,l
4655674,78315.0,0.00024916,1735917917.42005,b,l
4655675,78335.3,0.00934103,1735917923.5087423,b,l
4655676,78401.9,0.00018647,1735918068.4665518,s,l
4655677,78429.8,0.00025124,1735918071.0352886,b,l
4655678,78414.3,0.00013072,1735918114.0425868,s,l
4655679,78432.4,7e-05,1735918147.3218691,b,l
4655680,78493.2,0.000386,1735918147.3218694,b,l
4655681,78496.7,0.0007379,1735918147.3218694,b,l
4655682,78496.6,0.00127394,1735918148.2544477,b,m
4655683,78460.7,0.01,1735918199.155288,s,m
4655684,78450.0,0.00655678,1735918209.589687,s,l
4655685,78432.3,0.00254996,1735918212.237457,s,l
4655686,78353.5,0.00143247,1735918223.050805,b,l
4655687,78353.5,0.00865253,1735918236.4544666,b,l
4655688,78359.2,0.00870449,1735918237.8061965,s,l
4655689,78449.7,0.00012747,1735918262.0014434,b,m
4655690,78436.0,0.00023865,1735918270.970715,b,l
4655691,78398.3,0.00307472,1735918291.633323,s,l
4655692,78451.5,5.098e-05,1735918396.6173725,b,l
4655693,78478.9,0.00018831,1735918398.036487,b,l
4655694,78478.9,0.00621575,1735918412.7195244,b,l
4655695,78478.9,0.00038226,1735918431.541757,b,l
4655696,78465.8,0.07456164,1735918443.096505,s,l
4655697,78465.7,0.04690652,1735918443.096505,s,l
4655698,78464.9,0.04690652,1735918443.096505,s,l
4655699,78464.7,0.25709966,1735918443.096505,s,l
4655700,78464.7,0.25709966,1735918443.096505,s,l
4655701,78464.7,0.11413963,1735918443.096505,s,l
4655702,78478.9,0.00025437,1735918453.4904485,b,l
4655703,78478.9,0.00018647,1735918478.803736,b,l
4655704,78478.8,0.00124315,1735918516.1028223,b,l
4655705,78478.9,0.00626156,1735918532.195046,b,l
4655706,78478.9,0.04203928,1735918549.1919837,b,l
4655707,78500.0,5e-05,1735918553.3024583,b,l
4655708,78500.0,0.05,1735918553.3024583,b,l
4655709,78500.2,0.17143018,1735918553.3024583,b,l
4655710,78573.1,0.00436625,1735918560.5116518,s,l
4655711,78573.1,1.292e-05,1735918560.519455,s,l
4655712,78573.7,0.00011285,1735918567.0365956,b,l
4655713,78549.8,0.00204687,1735918574.14066,s,l
4655714,78574.1,7e-05,1735918585.0844755,b,l
4655715,78594.7,0.00327249,1735918598.2238586,b,l
4655716,78632.6,0.000537,1735918598.2238586,b,l
4655717,78633.7,0.000403,1735918598.2238586,b,l
4655718,78635.8,0.00102687,1735918598.2238586,b,l
4655719,78639.9,0.000382,1735918598.2238586,b,l
4655720,78640.1,0.01919005,1735918598.2238588,b,l
4655721,78615.0,0.00018613,1735918668.131848,b,l
4655722,78622.8,0.02481561,1735918774.193376,b,l
4655723,78608.0,0.00095395,1735918787.2062025,b,l
4655724,78561.4,0.01562608,1735918824.4182055,s,l
4655725,78576.5,0.00065979,1735918850.2138214,b,l
4655726,78607.7,0.00119193,1735918856.9424715,b,l
4655727,78642.1,0.00238698,1735918876.0777044,b,l
4655728,78633.4,0.00372213,1735918890.4796348,b,l
4655729,78641.0,0.00119986,1735918895.423998,b,l
4655730,78629.3,0.01271791,1735918905.0003934,b,m
4655731,78608.0,6.224e-05,1735918913.9047043,s,l
4655732,78645.5,0.0139,1735918930.0637891,b,m
4655733,78647.5,0.00130251,1735919010.895254,b,l
4655734,78664.7,0.00063154,1735919031.5957377,b,m
4655735,78657.5,0.00186024,1735919036.3747115,b,l
4655736,78611.9,0.000382,1735919065.769451,s,l
4655737,78588.3,0.00358149,1735919098.5768895,b,l
4655738,78640.4,0.00011739,1735919159.4794664,b,l
4655739,78649.3,0.000382,1735919165.2503004,b,l
4655740,78651.4,0.00085846,1735919165.2503004,b,l
4655741,78689.0,0.00010499,1735919194.5785656,b,l
4655742,78689.0,0.02140565,1735919194.5785656,b,l
4655743,78689.0,0.04262353,1735919194.5785656,b,l
4655744,78678.4,0.00065342,1735919207.128862,b,l
4655745,78662.8,0.00012401,1735919215.3051991,b,l
4655746,78588.3,0.00124142,1735919243.3466578,b,l
4655747,78606.0,0.000382,1735919257.4468837,b,l
4655748,78609.0,0.05548184,1735919257.4468837,b,l
4655749,78607.9,0.00023587,1735919262.0243838,b,l
4655750,78612.9,0.00031026,1735919270.647751,b,l
4655751,78595.1,0.00029549,1735919320.003671,b,l
4655752,78588.2,6.362e-05,1735919389.2274325,s,l
4655753,78524.6,0.01444985,1735919393.1245935,b,l
4655754,78524.7,0.039,1735919393.1245935,b,l
4655755,78527.3,0.000382,1735919393.1258535,b,l
4655756,78527.4,0.008761,1735919393.1258538,b,l
4655757,78535.0,0.000386,1735919393.1322598,b,l
4655758,78492.4,0.000382,1735919425.766923,s,l
4655759,78432.5,0.00815885,1735919426.3307295,b,l
4655760,78482.8,0.01395444,1735919461.2992957,b,l
4655761,78482.9,0.02354556,1735919461.2992957,b,l
4655762,78435.3,0.02557511,1735919476.693699,s,l
4655763,78432.5,0.025111,1735919495.891153,b,l
4655764,78459.6,6.215e-05,1735919526.6734416,b,l
4655765,78575.2,0.01303692,1735919591.3750556,b,l
4655766,78500.0,0.00636942,1735919627.2691658,s,l
4655767,78498.9,0.000382,1735919627.2691658,s,l
4655768,78562.5,2.508e-05,1735919704.0357895,b,l
4655769,78569.2,0.0001254,1735919715.0331268,b,l
4655770,78551.1,0.005,1735919728.3303652,s,l
4655771,78569.7,0.00913227,1735919770.2003994,s,l
4655772,78615.6,0.01241186,1735919777.300784,b,l
4655773,78648.2,0.00072641,1735919818.2737854,b,l
4655774,78628.8,0.0124076,1735919837.0820413,b,l
4655775,78603.4,0.00652114,1735919839.6093812,s,l
4655776,78618.3,0.00269425,1735919851.3796315,b,l
4655777,78645.6,9.245e-05,1735919888.86916,b,l
4655778,78687.4,0.00508391,1735919953.2514708,b,m
4655779,78622.4,6.204e-05,1735919989.5823393,b,l
4655780,78620.3,0.00011742,1735920002.023825,b,l
4655781,78620.2,0.039,1735920013.2584891,s,l
4655782,78620.3,0.00381078,1735920016.0595706,b,m
4655783,78620.3,1.88e-05,1735920019.0384414,b,l
4655784,78620.3,2.196e-05,1735920052.3732302,b,l
4655785,78620.3,0.00059403,1735920057.7770576,b,l
4655786,78620.3,0.00391997,1735920058.3115163,b,l
4655787,78716.0,0.0742989,1735920070.3620498,s,l
4655788,78716.0,0.1257011,1735920070.3620498,s,l
4655789,78716.1,7e-05,1735920089.413803,b,l
4655790,78728.6,6.632e-05,1735920089.413803,b,l
4655791,78728.6,0.00524403,1735920094.4261055,b,l
4655792,78738.3,0.00343017,1735920094.4261055,b,l
4655793,78728.9,0.000385,1735920100.9178612,s,l
4655794,78725.7,0.038615,1735920100.9178612,s,l
4655795,78717.2,0.000382,1735920124.6440988,s,l
4655796,78708.6,0.002818,1735920124.6440988,s,l
4655797,78683.0,0.00023791,1735920151.0226665,b,l
4655798,78620.4,0.00071352,1735920179.058899,b,l
4655799,78620.3,0.0001,1735920183.6046162,b,l
4655800,78620.3,0.00019037,1735920196.3716502,b,l
4655801,78620.3,0.00014,1735920201.8284907,b,l
4655802,78620.3,0.00036811,1735920225.1648538,b,l
4655803,78620.4,0.00015213,1735920375.4860845,b,l
4655804,78620.3,0.039,1735920378.5612953,s,l
4655805,78620.2,0.55107735,1735920415.992218,s,l
4655806,78574.1,7e-05,1735920437.72656,s,l
4655807,78498.9,0.0012739,1735920447.545187,s,l
4655808,78499.0,0.00119987,1735920461.9707456,b,m
4655809,78543.5,0.02084906,1735920461.9707456,b,m
4655810,78543.6,0.0805908,1735920461.9707456,b,m
4655811,78593.1,0.00422053,1735920480.307682,b,l
4655812,78563.1,2.508e-05,1735920533.062313,b,l
4655813,78563.1,0.00035692,1735920569.1371818,b,l
4655814,78563.1,0.08727767,1735920569.1371818,b,l
4655815,78563.1,0.00024836,1735920649.427196,b,l
4655816,78563.1,0.0001175,1735920681.7662275,b,l
4655817,78563.1,0.00012541,1735920772.0369542,b,l
4655818,78563.0,0.00031847,1735920789.404565,s,l
4655819,78563.0,9.496e-05,1735920789.404565,s,l
4655820,78563.1,0.00012729,1735920804.719091,b,m
4655821,78563.0,0.00131178,1735920815.4670906,s,l
4655822,78563.1,0.00032544,1735920822.1547818,b,m
4655823,78600.0,5e-05,1735920822.1547818,b,m
4655824,78608.3,0.00962522,1735920822.1547818,b,m
4655825,78681.4,0.00651324,1735920906.842435,s,l
4655826,78686.4,0.00022939,1735920956.9835038,s,l
4655827,78654.1,0.01162858,1735920973.5394337,s,l
4655828,78679.4,0.000385,1735921045.6964211,b,l
4655829,78716.1,7e-05,1735921045.6964211,b,l
4655830,78723.4,0.00078448,1735921045.6964211,b,l
4655831,78707.3,0.00059336,1735921080.589466,b,l
4655832,78683.1,0.00819642,1735921085.749564,s,l
4655833,78739.8,0.00176424,1735921146.618456,b,l
4655834,78739.3,4.104e-05,1735921152.0481586,b,l
4655835,78727.3,0.02477758,1735921178.3080127,b,l
4655836,78727.9,1.239e-05,1735921188.9638069,b,l
4655837,78727.9,8.891e-05,1735921202.207968,b,m
4655838,78727.9,0.00182876,1735921223.865666,b,l
4655839,78778.9,0.00684043,1735921223.865666,b,l
4655840,78779.4,0.00214388,1735921261.4972982,b,l
4655841,78803.0,0.03,1735921325.1271636,b,l
4655842,78850.1,0.00011708,1735921367.8178928,b,l
4655843,78850.1,7.467e-05,1735921367.8207164,b,l
4655844,78858.3,7e-05,1735921368.9481664,b,l
4655845,78885.3,0.00010472,1735921368.9821167,b,l
4655846,78888.0,0.00069257,1735921372.7599142,b,l
4655847,78900.0,0.00633713,1735921373.5502577,b,l
4655848,78922.0,0.002,1735921385.3682415,b,l
4655849,78922.0,0.00317605,1735921385.3682415,b,l
4655850,78934.7,0.00074654,1735921385.3682415,b,l
4655851,78954.6,0.00347795,1735921385.3682415,b,l
4655852,78986.7,0.00295609,1735921385.3682415,b,l
4655853,78989.0,0.02,1735921388.3027592,b,l
4655854,78989.0,0.13191988,1735921389.0480058,b,l
4655855,78995.0,0.02531805,1735921389.1637,b,l
4655856,79000.0,0.00026408,1735921389.1952543,b,l
4655857,79000.0,0.1,1735921389.1952543,b,l
4655858,79000.0,5e-05,1735921389.1952543,b,l
4655859,79000.0,0.0025,1735921389.1952543,b,l
4655860,79000.0,0.00126582,1735921389.1952543,b,l
4655861,79000.0,0.00987,1735921389.1952543,b,l
4655862,79000.0,0.01241394,1735921389.1952543,b,l
4655863,79000.0,0.05,1735921389.1952543,b,l
4655864,79000.0,0.00656966,1735921389.1952543,b,l
4655865,79000.8,0.0001,1735921389.1952546,b,l
4655866,79016.9,0.10138834,1735921390.291885,s,m
4655867,79017.0,0.00665338,1735921393.233333,b,l
4655868,79081.9,0.00010446,1735921398.2927814,b,m
4655869,79099.7,0.00059554,1735921398.2927814,b,m
4655870,79100.1,0.00019115,1735921410.5477114,b,l
4655871,79143.4,0.00638051,1735921411.8455486,s,m
4655872,79143.5,0.0001,1735921422.924299,b,l
4655873,79192.7,0.02460242,1735921422.924299,b,l
4655874,79178.9,0.00012819,1735921450.867755,s,l
4655875,79190.2,0.0006,1735921461.1938765,s,l
4655876,79191.8,0.00386,1735921462.290662,s,l
4655877,79192.8,0.00012817,1735921470.4510005,s,l
4655878,79199.9,0.00012943,1735921489.1249995,s,l
4655879,79199.9,9e-05,1735921494.0980003,s,l
4655880,79199.9,0.00038,1735921503.8683703,s,l
4655881,79199.9,0.00077017,1735921503.8683703,s,l
4655882,79200.0,0.00153819,1735921504.5424025,b,l
4655883,79199.2,0.00012626,1735921530.3096948,b,m
4655884,79200.0,0.00769377,1735921553.021576,b,l
4655885,79199.9,0.00064252,1735921571.2438953,s,m
4655886,79200.0,0.00349531,1735921584.1351614,b,l
4655887,79208.9,0.00903121,1735921598.2895665,s,m
4655888,79209.0,0.01,1735921598.8837771,b,l
4655889,79276.0,0.00123065,1735921614.069784,b,l
4655890,79241.0,0.00031754,1735921652.7292626,s,l
4655891,79200.0,6.159e-05,1735921666.5964673,b,l
4655892,79200.0,0.01261906,1735921669.8864412,b,l
4655893,79200.0,0.00248793,1735921692.5571873,b,l
4655894,79200.0,0.00031566,1735921711.3549004,b,m
4655895,79199.9,5e-05,1735921736.9973602,s,l
4655896,79080.0,0.00012645,1735921771.7073553,s,l
4655897,79000.9,0.00157776,1735921778.8815508,b,l
4655898,79011.6,0.00140502,1735921778.8815508,b,l
4655899,79000.9,0.0001,1735921789.2515311,b,m
4655900,79000.9,0.00617467,1735921795.3775554,b,l
4655901,79104.6,0.00126415,1735921826.4027822,b,m
4655902,79146.6,0.00059079,1735921845.4523125,b,l
4655903,79146.4,0.00073444,1735921846.174903,b,l
4655904,79155.8,0.00023425,1735921849.1440043,b,l
4655905,79159.7,0.00924392,1735921913.1581583,b,l
4655906,79137.0,0.0256682,1735921917.3081975,s,l
4655907,79136.4,9.177e-05,1735921937.6467843,b,l
4655908,79132.5,0.00050537,1735921944.0400214,s,l
4655909,79163.2,0.01185223,1735921966.3098834,b,l
4655910,79162.8,0.00018948,1735921969.6790123,b,m
4655911,79159.8,0.00064271,1735922128.817399,s,m
4655912,79159.8,0.02458474,1735922131.9654508,s,l
4655913,79135.8,0.00025777,1735922138.0816572,b,m
4655914,79135.8,0.00239347,1735922146.329917,b,l
4655915,79135.8,0.00018492,1735922155.070213,b,l
4655916,79140.3,0.01311545,1735922170.2666175,s,l
4655917,79151.9,2.914e-05,1735922192.7028904,s,l
4655918,79135.7,0.01263652,1735922236.5269835,s,l
4655919,79135.7,0.00016351,1735922236.5269835,s,l
4655920,79100.0,5e-05,1735922239.1142094,s,l
4655921,79098.5,0.00632111,1735922268.8780642,b,l
4655922,79095.9,0.00023435,1735922292.769671,b,l
4655923,79100.0,0.0020445,1735922344.5660725,b,l
4655924,79099.9,0.00643174,1735922362.0358248,s,l
4655925,79100.0,0.00246678,1735922399.242761,b,l
4655926,79100.0,0.00012642,1735922411.582773,b,m
4655927,79100.0,0.00118405,1735922414.6933272,b,l
4655928,79100.0,0.00761173,1735922418.8130786,b,l
4655929,79099.9,0.00102259,1735922425.5552828,s,m
4655930,79100.0,0.00023665,1735922448.7712004,b,l
4655931,79100.0,0.00059042,1735922449.8107133,b,l
4655932,79078.8,0.07396061,1735922475.2556183,s,m
4655933,79078.7,0.09495241,1735922475.2556183,s,m
4655934,79078.5,0.08108698,1735922475.2556183,s,m
4655935,79097.6,0.00124557,1735922480.5569472,b,l
4655936,79000.8,7e-05,1735922598.3978004,s,l
4655937,79000.0,5e-05,1735922598.3978004,s,l
4655938,78988.3,0.00193033,1735922598.3978004,s,l
4655939,79013.9,0.00418768,1735922612.9121246,b,l
4655940,79022.6,0.00011682,1735922627.247795,b,l
4655941,79047.7,0.00254387,1735922668.6941235,b,l
4655942,79037.5,0.00308481,1735922719.9853814,b,l
4655943,79031.4,0.00018517,1735922728.9270403,b,l
4655944,79018.9,0.00047225,1735922761.399901,b,l
4655945,78976.9,0.00109693,1735922790.3276882,s,l
4655946,78960.5,0.00038,1735922792.7308846,s,l
4655947,78956.2,0.00296357,1735922792.7308846,s,l
4655948,79012.2,0.00144461,1735922793.5173798,b,l
4655949,78999.2,0.00031491,1735922801.8246517,b,l
4655950,78900.1,0.00864975,1735922826.823369,b,l
4655951,78900.0,5e-05,1735922847.405663,s,l
4655952,78858.3,7e-05,1735922847.405663,s,l
4655953,78832.6,0.0741919,1735922847.405663,s,l
4655954,78832.5,0.00367114,1735922847.405663,s,l
4655955,78882.7,0.00082995,1735922850.139869,b,l
4655956,78852.2,0.03390653,1735922873.1923635,s,l
4655957,78883.6,0.0004,1735922924.9387758,b,m
4655958,78883.6,0.01377746,1735922949.1050756,b,l
4655959,78883.6,0.03653016,1735922953.02395,b,l
4655960,78933.8,0.00154291,1735922958.1468172,s,l
4655961,78969.4,0.00215304,1735922975.127704,b,l
4655962,78970.6,0.00038,1735922976.6162045,b,l
4655963,78971.0,0.0002114,1735922976.6162045,b,l
4655964,78977.4,0.00038,1735923037.586102,s,l
4655965,78972.3,0.00030347,1735923037.586102,s,l
4655966,78972.3,9.201e-05,1735923128.2419784,b,l
4655967,78972.2,0.00010131,1735923138.0816936,s,l
4655968,78876.4,0.000381,1735923223.205977,b,l
4655969,78880.6,0.00038979,1735923223.205977,b,l
4655970,78800.1,6.345e-05,1735923269.5773768,b,m
4655971,78800.0,5e-05,1735923273.079869,s,l
4655972,78776.7,0.00034041,1735923273.079869,s,l
4655973,78812.7,0.00178401,1735923346.6202817,b,l
4655974,78760.1,0.0003031,1735923354.6291585,s,l
4655975,78760.2,0.00554586,1735923406.4173944,s,l
4655976,78781.0,0.00124747,1735923420.0302997,b,l
4655977,78791.2,0.00049529,1735923426.5752437,b,l
4655978,78790.4,0.00012504,1735923432.0340836,b,l
4655979,78799.9,0.01238228,1735923468.735968,b,l
4655980,78780.7,0.00732093,1735923553.8507962,s,l
4655981,78815.7,0.07430999,1735923556.6654236,b,l
4655982,78815.8,0.25544831,1735923556.6654236,b,l
4655983,78815.8,0.25544831,1735923556.6654236,b,l
4655984,78815.8,0.01332941,1735923556.6654236,b,l
4655985,78806.6,1.238e-05,1735923600.0427194,b,l
4655986,78806.4,0.00012502,1735923600.0934803,b,l
4655987,78827.7,9.314e-05,1735923601.992853,b,l
4655988,78843.7,1.25e-05,1735923605.036293,b,l
4655989,78841.9,0.000384,1735923643.0359926,b,l
4655990,78841.9,0.000381,1735923643.0359926,b,l
4655991,78841.9,0.008731,1735923643.0359926,b,l
4655992,78841.9,0.0054994,1735923643.0359926,b,l
4655993,78841.9,1.874e-05,1735923650.034249,b,l
4655994,78841.9,0.00023743,1735923653.1217237,b,l
4655995,78841.9,0.00011709,1735923653.2027855,b,l
4655996,78841.9,0.00033398,1735923655.1905324,b,l
4655997,78824.5,0.07426321,1735923677.3564072,b,m
4655998,78824.6,0.1,1735923677.3564072,b,m
4655999,78824.8,0.1,1735923677.3564072,b,m
4656000,78825.0,0.11563182,1735923677.3564072,b,m
4656001,78825.0,0.23807956,1735923677.3564072,b,m
4656002,78845.6,0.00029473,1735923732.1258087,b,l
4656003,78842.2,0.00178317,1735923750.2842915,b,l
4656004,78841.0,0.00037489,1735923763.0321028,b,l
4656005,78921.9,0.00059758,1735923857.4035418,b,l
4656006,78921.7,0.00035379,1735923858.7038596,b,l
4656007,78877.2,0.00253506,1735923874.9533691,b,l
4656008,78889.2,0.01299279,1735923892.265093,s,l
4656009,78906.4,0.00023723,1735923900.8372724,b,l
4656010,78889.6,0.00055739,1735923929.2699962,s,l
4656011,78889.6,0.00259829,1735923930.2345867,s,l
4656012,78923.7,0.01359733,1735923932.0554116,b,l
4656013,78920.0,0.00619556,1735923954.6366751,b,l
4656014,78913.4,0.00185415,1735924004.345822,b,l
4656015,78913.0,8.315e-05,1735924010.0316312,b,l
4656016,78948.5,0.00047275,1735924064.722629,b,l
4656017,78948.5,0.00253167,1735924064.8330803,b,l
4656018,78923.7,0.01576082,1735924138.5272331,b,l
4656019,78923.7,0.0001,1735924171.0293567,b,m
4656020,78923.6,0.01140343,1735924186.363479,s,l
4656021,78852.1,0.0028154,1735924194.0775335,b,m
4656022,78849.2,0.01979677,1735924201.5077994,b,l
4656023,78807.5,0.01249405,1735924205.143991,b,l
4656024,78807.5,0.0001267,1735924209.4051454,b,l
4656025,78807.5,0.00024759,1735924246.965838,b,l
4656026,78849.2,0.00088785,1735924260.2822478,b,m
4656027,78807.4,0.00026008,1735924300.133308,s,l
4656028,78891.0,0.00059782,1735924322.3323934,b,l
4656029,78881.1,0.00191705,1735924339.0568883,b,l
4656030,78877.4,0.00061868,1735924367.3693774,b,m
4656031,78822.8,0.00012685,1735924388.9796238,s,l
4656032,78822.8,0.01950578,1735924427.990269,s,l
4656033,78807.4,0.00048767,1735924520.8359742,s,m
4656034,78807.5,0.00012502,1735924554.0351818,b,l
4656035,78807.5,0.00139898,1735924566.295435,b,l
4656036,78878.6,0.00297542,1735924613.4261131,b,l
4656037,78873.3,0.00356833,1735924638.1347196,b,l
4656038,78869.3,2.498e-05,1735924658.0385072,b,l
4656039,78830.9,0.0006041,1735924746.8051243,s,l
4656040,78881.3,0.00253546,1735924757.8220618,b,m
4656041,78877.0,9.918e-05,1735924794.0813622,b,l
4656042,78892.3,0.0008914,1735924812.7078226,b,l
4656043,78914.3,0.00508652,1735924878.4123735,b,m
4656044,78870.8,0.00063394,1735924895.6495965,b,m
4656045,78926.2,0.00023717,1735924922.0835395,b,l
4656046,78936.4,0.00172206,1735924954.4902968,b,l
4656047,78936.2,0.00123614,1735924957.087396,b,l
4656048,78936.0,0.00216326,1735924959.776887,b,l
4656049,78946.5,0.00617915,1735924972.465329,b,l
4656050,78950.0,0.00268,1735925049.8541791,b,l
4656051,78950.0,0.00012494,1735925049.8541791,b,l
4656052,79000.8,7e-05,1735925055.0972383,b,l
4656053,79071.8,0.00093,1735925055.0972383,b,l
4656054,79021.5,0.00059683,1735925075.7490556,b,l
4656055,79054.1,0.00012874,1735925116.969757,b,l
4656056,79031.3,0.06730981,1735925148.1531055,s,m
4656057,79073.3,0.00020988,1735925187.5100317,b,l
4656058,79073.0,0.00616894,1735925205.5012157,b,l
4656059,79036.2,0.00023444,1735925230.196782,b,l
4656060,79021.6,0.00696012,1735925266.1006763,b,l
4656061,79021.5,0.00124126,1735925277.215593,s,l
4656062,79021.6,0.00246922,1735925304.6921911,b,l
4656063,79021.6,0.04165147,1735925320.704773,b,l
4656064,79021.6,0.008097,1735925320.7047732,b,l
4656065,79032.0,0.00014087,1735925401.1428845,b,l
4656066,79032.0,0.00024685,1735925429.9101088,b,l
4656067,79032.0,0.0013632,1735925446.6350882,b,l
4656068,79031.9,0.01265312,1735925454.6045902,s,l
4656069,79021.5,0.00055874,1735925456.356115,s,l
4656070,79000.9,0.02531617,1735925464.049426,b,m
4656071,79000.9,0.00011114,1735925496.935737,b,l
4656072,79000.9,0.00011685,1735925526.838273,b,l
4656073,79000.9,0.0037048,1735925565.006739,b,l
4656074,79000.9,0.00017511,1735925635.4603508,b,l
4656075,79000.8,6.487e-05,1735925681.4421997,s,l
4656076,79000.9,0.00030873,1735925688.7444255,b,l
4656077,79000.9,0.00733937,1735925729.3321898,b,l
4656078,79107.0,0.00098662,1735925737.9738178,b,l
4656079,79045.2,0.00029677,1735925822.3000276,b,l
4656080,79045.2,0.00012464,1735925839.0343626,b,l
4656081,79045.7,0.0005,1735925859.7843237,b,l
4656082,79045.6,0.01018399,1735925884.0736115,s,m
4656083,79045.7,0.00029387,1735925959.9995687,b,l
4656084,79043.9,0.00191033,1735926170.5987113,b,m
4656085,79045.3,0.00108292,1735926251.6416385,b,l
4656086,79043.1,0.00104913,1735926349.872347,b,l
4656087,79000.9,0.00023464,1735926384.9922056,b,l
4656088,79000.9,0.032152,1735926397.4302008,b,l
4656089,79000.8,5.13e-06,1735926410.772391,s,l
4656090,79000.8,9.532e-05,1735926410.772391,s,l
4656091,78988.1,0.00018527,1735926442.7849038,b,l
4656092,79000.7,0.00027326,1735926446.1512623,b,l
4656093,79000.8,0.00023464,1735926495.1640182,b,l
4656094,79000.8,2.47e-05,1735926531.8703792,b,l
4656095,79000.8,0.00370481,1735926559.3675284,b,l
4656096,79000.8,0.00099863,1735926653.0874531,b,l
4656097,79017.4,0.0002362,1735926653.0874531,b,l
4656098,79044.0,0.00124642,1735926665.0339377,b,l
4656099,79042.1,0.00012877,1735926733.765906,b,l
4656100,79040.9,0.00253034,1735926742.596655,b,m
4656101,79000.0,0.00011677,1735926765.4569936,s,l
4656102,79000.1,9.2e-05,1735926788.3954294,b,l
4656103,79000.0,0.00233576,1735926790.8855796,s,l
4656104,78920.8,0.00177981,1735926793.614261,b,l
4656105,78920.7,0.00126709,1735926834.009087,s,l
4656106,78920.7,0.00031677,1735926834.009087,s,l
4656107,78908.7,0.00071792,1735926846.354821,b,l
4656108,78890.4,0.00012369,1735926873.017573,s,l
4656109,78906.6,0.00297154,1735926876.0690403,b,l
4656110,78902.1,0.00074189,1735926941.816121,b,l
4656111,78901.9,0.00012365,1735926942.9320698,b,l
4656112,78917.4,0.00061812,1735927028.6790698,b,l
4656113,78959.7,0.00077426,1735927069.9797385,b,l
4656114,78970.7,0.0004772,1735927132.1332493,b,l
4656115,78946.5,0.01520016,1735927188.636831,s,m
4656116,78930.2,0.008722,1735927188.636831,s,m
4656117,78920.3,0.000381,1735927188.636831,s,m
4656118,78917.5,0.000384,1735927188.636831,s,m
4656119,78917.4,0.01131284,1735927188.636831,s,m
4656120,78964.4,0.0006179,1735927220.217542,b,l
4656121,78918.3,0.05,1735927239.507568,s,m
4656122,78948.4,0.0024715,1735927288.5143075,b,l
4656123,78939.7,0.0032646,1735927339.395571,s,l
4656124,79010.6,0.000384,1735927366.9994624,b,m
4656125,79010.6,0.04391385,1735927366.9994624,b,m
4656126,79027.1,0.00370398,1735927390.4918482,b,l
4656127,79031.6,0.00012466,1735927396.0376048,b,l
4656128,79041.5,0.00107932,1735927431.5129254,s,l
4656129,79045.7,0.00253018,1735927463.8969424,b,m
4656130,79045.6,0.007128,1735927494.5915475,s,l
4656131,79045.6,0.031872,1735927494.5915475,s,l
4656132,79045.7,0.00037392,1735927510.0371585,b,l
4656133,79045.7,0.00049369,1735927555.351484,b,l
4656134,79045.6,0.00061205,1735927637.3997557,s,l
4656135,79045.7,0.00631914,1735927649.6852677,b,l
4656136,79045.6,0.00316273,1735927779.5296595,s,l
4656137,79045.5,0.00010121,1735927779.5310757,s,l
4656138,78974.9,0.02460923,1735927797.9222493,s,l
4656139,78974.8,0.00296048,1735927808.9060285,s,l
4656140,78988.3,0.03033106,1735927822.7108035,s,l
4656141,79032.1,0.00118519,1735927851.6841643,b,l
4656142,79031.8,0.01188047,1735927854.7425816,b,l
4656143,79045.6,0.000311,1735927926.1697335,s,m
4656144,79045.6,0.007128,1735927926.1697335,s,m
4656145,79045.6,0.002561,1735927926.1697335,s,m
4656146,79045.7,0.002984,1735927950.0086553,b,l
4656147,79045.7,1.246e-05,1735927988.033346,b,l
4656148,79045.6,0.0101989,1735928005.8294926,s,m
4656149,79045.7,0.01264222,1735928017.5266256,b,l
4656150,79045.7,0.00377358,1735928022.3913455,b,l
4656151,79045.7,0.22132694,1735928029.0036757,b,l
4656152,79100.0,0.00012642,1735928068.2338605,b,l
4656153,79099.9,0.00037926,1735928078.14775,s,l
4656154,79100.0,0.00050729,1735928116.927829,b,l
4656155,79100.0,0.00236629,1735928121.8946557,b,l
4656156,79143.0,0.0003768,1735928187.6144836,b,l
4656157,79143.5,7e-05,1735928202.3305895,b,l
4656158,79157.1,0.0002235,1735928202.3305895,b,l
4656159,79111.8,0.03790606,1735928230.5502417,b,l
4656160,79132.7,0.00011666,1735928292.8569436,b,l
4656161,79150.4,0.00112,1735928367.5936604,s,l
4656162,79189.1,3.11e-05,1735928390.0328238,b,l
4656163,79178.6,0.00243854,1735928413.2146876,s,l
4656164,79171.3,0.00257038,1735928449.7361355,s,l
4656165,79171.3,0.000191,1735928487.6779182,s,l
4656166,79158.7,0.01185001,1735928529.9128845,s,l
4656167,79157.8,0.00026325,1735928546.2051747,s,l
4656168,79157.0,0.0010281,1735928565.9316714,s,m
4656169,79157.0,0.0060939,1735928578.672825,s,l
4656170,79156.9,0.000311,1735928578.672825,s,l
4656171,79149.9,6.958e-05,1735928578.672825,s,l
4656172,79152.8,0.00123304,1735928685.364183,b,l
4656173,79215.1,0.02044413,1735928760.9570143,s,m
4656174,79215.3,0.00023591,1735928764.4503934,b,l
4656175,79209.4,0.02425447,1735928904.319893,b,l
4656176,79209.4,0.00025249,1735928911.5072775,b,l
4656177,79242.5,0.01845998,1735929039.1856563,b,l
4656178,79196.9,0.00623561,1735929106.6235976,b,l
4656179,79133.2,0.0002697,1735929199.618808,b,l
4656180,79124.1,0.00053997,1735929225.28054,b,m
4656181,79165.8,0.00195792,1735929310.126541,s,m
4656182,79160.0,0.00029631,1735929332.8263917,b,l
4656183,79172.4,0.0007,1735929435.4900258,s,l
4656184,79227.5,5.81e-05,1735929473.9061186,b,m
4656185,79234.1,0.00118203,1735929500.0897045,b,l
4656186,79240.0,0.02574457,1735929613.7067597,b,m
4656187,79229.5,0.18667254,1735929724.7532248,b,m
4656188,79229.5,2.487e-05,1735929726.038691,b,l
4656189,79276.0,0.00051504,1735929880.8295455,b,m
4656190,79276.0,0.00118142,1735929883.9766283,b,l
4656191,79263.7,0.00069819,1735929893.213645,s,l
4656192,79275.9,0.007118,1735930021.574131,s,l
4656193,79275.9,0.00031,1735930021.574131,s,l
4656194,79275.9,0.004572,1735930021.574131,s,l
4656195,79275.9,0.00064648,1735930054.3999026,s,l
4656196,79275.9,0.00020387,1735930082.9365475,s,l
4656197,79276.0,0.00707289,1735930112.782095,b,l
4656198,79279.1,0.0001042,1735930112.7843566,b,l
4656199,79286.5,7e-05,1735930113.0433445,b,l
4656200,79307.5,0.0060326,1735930120.5208142,s,m
4656201,79307.6,0.00039951,1735930125.25771,b,l
4656202,79318.0,0.00037981,1735930125.5309808,b,l
4656203,79332.7,5e-05,1735930126.1435292,b,l
4656204,79341.9,0.00053042,1735930127.2701075,b,l
4656205,79350.1,0.00019054,1735930127.4145544,b,l
4656206,79350.1,0.00019054,1735930127.4145544,b,l
4656207,79350.6,0.00522743,1735930127.6098776,b,l
4656208,79376.2,0.00065354,1735930129.9019938,s,l
4656209,79376.2,0.00056402,1735930173.3695035,s,l
4656210,79376.3,6.879e-05,1735930182.1194656,b,l
4656211,79388.0,0.001,1735930233.9755125,b,l
4656212,79388.0,0.0031363,1735930233.9755125,b,l
4656213,79387.9,0.00806898,1735930240.733331,s,m
4656214,79367.2,0.04690652,1735930240.733331,s,m
4656215,79366.6,0.000383,1735930240.733331,s,m
4656216,79362.1,0.07392357,1735930240.733331,s,m
4656217,79362.0,0.05739047,1735930240.733331,s,m
4656218,79282.7,0.01230539,1735930311.4411492,b,l
4656219,79257.2,0.0003,1735930361.731115,b,l
4656220,79260.3,0.00052169,1735930446.308006,b,m
4656221,79286.2,0.00031,1735930479.895394,b,l
4656222,79286.8,0.00088291,1735930479.895394,b,l
4656223,79261.7,0.02982102,1735930550.4691114,b,l
4656224,79219.9,0.00712,1735930568.994728,s,l
4656225,79219.9,0.00024268,1735930568.994728,s,l
4656226,79278.8,0.04740252,1735930722.9963589,b,l
4656227,79272.7,0.00078728,1735930726.6129892,s,l
4656228,79296.8,0.00012394,1735930733.8363888,b,l
4656229,79315.4,0.00192403,1735930754.8867657,s,l
4656230,79318.0,0.00013303,1735930760.594967,s,m
4656231,79349.4,0.000383,1735930762.65969,b,l
4656232,79349.9,0.00035485,1735930762.65969,b,l
4656233,79322.1,0.00062103,1735930800.129133,b,l
4656234,79365.8,0.00012414,1735930812.0340595,b,l
4656235,79366.1,9.248e-05,1735930816.0740583,b,l
4656236,79400.4,0.00632238,1735930865.652521,b,l
4656237,79401.1,0.0251598,1735930865.652521,b,l
4656238,79401.0,0.03120713,1735930893.9121037,s,m
4656239,79401.0,0.007116,1735930893.9121037,s,m
4656240,79401.0,0.00031,1735930893.9121037,s,m
4656241,79401.0,0.039,1735930893.9121037,s,m
4656242,79400.6,0.01836687,1735930893.9121037,s,m
4656243,79401.0,0.00042735,1735930899.646639,s,l
4656244,79401.0,0.02313641,1735930900.0954368,s,l
4656245,79400.8,0.01586359,1735930900.0954368,s,l
4656246,79401.1,0.00024574,1735930905.037652,b,l
4656247,79401.1,0.00307178,1735930912.876007,b,l
4656248,79401.1,0.00012287,1735930916.7005887,b,l
4656249,79400.6,0.00029544,1735930932.837062,b,l
4656250,79367.2,0.00031,1735930948.459595,b,l
4656251,79389.4,0.06112561,1735930948.459595,b,l
4656252,79328.2,0.007117,1735930969.5249362,b,l
4656253,79328.5,0.00518137,1735930969.5249362,b,l
4656254,79339.0,0.00062971,1735930971.788295,b,l
4656255,79339.0,0.00354483,1735930971.8869138,b,l
4656256,79339.0,0.00046998,1735930971.887062,b,l
4656257,79391.3,0.01229332,1735930988.4890974,b,l
4656258,79391.1,0.01228855,1735930990.686164,b,l
4656259,79390.9,0.00062049,1735930994.0312965,b,l
4656260,79401.0,0.00383737,1735931031.6340215,s,l
4656261,79401.1,0.00368613,1735931040.2935836,b,l
4656262,79401.1,0.00595366,1735931056.8075764,b,l
4656263,79401.1,0.00025088,1735931068.0562212,b,m
4656264,79401.1,0.02017138,1735931079.8381238,b,l
4656265,79401.1,0.0174244,1735931080.2703784,b,l
4656266,79401.1,0.01519776,1735931083.1507878,b,l
4656267,79401.1,0.01343566,1735931083.3563616,b,l
4656268,79401.1,0.01200635,1735931083.5598066,b,l
4656269,79401.1,0.0108266,1735931084.0141995,b,l
4656270,79401.1,0.00986286,1735931084.4587111,b,l
4656271,79401.1,0.00904183,1735931084.8856373,b,l
4656272,79401.1,0.00833486,1735931085.3257794,b,l
4656273,79401.1,0.0077205,1735931085.7585795,b,l
4656274,79401.1,0.00718489,1735931086.1941795,b,l
4656275,79401.1,0.00671099,1735931086.6433694,b,l
4656276,79401.1,0.00629371,1735931087.0783377,b,l
4656277,79401.1,0.00592033,1735931087.8450246,b,l
4656278,79401.1,0.00558443,1735931088.332481,b,l
4656279,79401.1,0.00528104,1735931088.758662,b,l
4656280,79401.1,0.00500576,1735931089.458742,b,l
4656281,79401.1,0.00472235,1735931091.023355,b,l
4656282,79401.1,0.00472235,1735931091.4598317,b,l
4656283,79401.1,0.0042883,1735931091.8880217,b,l
4656284,79401.1,0.00410843,1735931092.3265584,b,l
4656285,79401.0,0.01290916,1735931102.470656,s,l
4656286,79401.1,0.50224425,1735931119.9793456,b,l
4656287,79429.7,8e-05,1735931123.367718,b,l
4656288,79476.6,0.00012275,1735931160.6577678,b,l
4656289,79476.9,0.00010394,1735931231.226816,b,m
4656290,79488.5,0.00113428,1735931231.2268162,b,m
4656291,79454.6,0.00245595,1735931286.680018,b,l
4656292,79500.0,5e-05,1735931297.953825,b,l
4656293,79500.0,0.0002568,1735931297.953825,b,l
4656294,79486.8,0.000383,1735931307.26724,s,l
4656295,79485.0,0.00153245,1735931307.26724,s,l
4656296,79498.8,0.0031447,1735931326.7160769,b,m
4656297,79498.7,0.00011612,1735931327.7073832,b,l
4656298,79498.8,9.233e-05,1735931330.1666508,b,l
4656299,79497.9,0.00117829,1735931339.4141736,b,l
4656300,79484.8,0.00031,1735931391.3720863,b,l
4656301,79484.8,0.00582708,1735931391.3720863,b,l
4656302,79484.8,0.00060143,1735931431.0318244,b,l
4656303,79484.8,0.00083034,1735931457.707219,b,m
4656304,79484.8,0.00314526,1735931463.7353969,b,m
4656305,79484.7,0.0012581,1735931499.233483,s,m
4656306,79484.7,0.00320427,1735931499.233483,s,m
4656307,79484.8,0.06178611,1735931515.9193845,b,l
4656308,79484.8,0.000383,1735931529.306754,b,l
4656309,79484.8,0.00031,1735931529.306754,b,l
4656310,79484.8,0.00268375,1735931529.306754,b,l
4656311,79484.7,0.00601473,1735931587.026712,s,l
4656312,79484.7,0.00178709,1735931587.026712,s,l
4656313,79484.8,0.00118993,1735931599.9878578,b,l
4656314,79484.8,0.03874338,1735931600.478264,b,m
4656315,79484.8,0.00377431,1735931625.6830306,b,m
4656316,79500.0,0.03384687,1735931646.119925,b,l
4656317,79500.0,0.03773584,1735931646.119925,b,l
4656318,79500.0,0.08805031,1735931646.119925,b,l
4656319,79500.0,0.05,1735931646.119925,b,l
4656320,79500.0,0.005,1735931646.119925,b,l
4656321,79500.0,0.005,1735931646.119925,b,l
4656322,79539.6,0.00141056,1735931688.3721745,b,l
4656323,79539.5,0.0046833,1735931735.714221,s,l
4656324,79537.4,0.00827791,1735931736.5177236,b,l
4656325,79537.6,0.00124466,1735931740.141251,b,l
4656326,79539.6,0.00011493,1735931753.9790344,b,l
4656327,79539.6,0.00133603,1735931756.35501,b,m
4656328,79544.7,0.2461627,1735931756.35501,b,m
4656329,79573.3,2.476e-05,1735931886.60857,b,l
4656330,79598.8,0.00013654,1735931889.83402,b,l
4656331,79600.0,0.00280956,1735931889.83402,b,l
4656332,79600.0,0.00377011,1735931907.105168,b,l
4656333,79600.0,0.00342033,1735931909.9491196,b,l
4656334,79600.1,0.00018994,1735931909.9491196,b,l
4656335,79634.4,0.00074654,1735931909.9491196,b,l
4656336,79642.4,0.01096261,1735931909.9491196,b,l
4656337,79635.7,0.00253167,1735931968.9162748,s,m
4656338,79642.2,0.00029167,1735931975.8395169,b,l
4656339,79625.2,0.01255884,1735932025.1758184,b,m
4656340,79615.2,0.00122537,1735932088.4914074,b,l
4656341,79625.2,0.00612626,1735932111.6746964,b,l
4656342,79622.9,0.00049343,1735932166.050825,b,l
4656343,79622.9,0.00036759,1735932182.3140764,b,l
4656344,79622.8,0.00188451,1735932196.4935515,s,l
4656345,79622.8,0.01255921,1735932196.4935515,s,l
4656346,79565.1,0.05655746,1735932212.5396478,b,m
4656347,79565.0,0.00106329,1735932221.074007,s,l
4656348,79565.0,0.03035756,1735932234.1881704,s,l
4656349,79500.9,0.0029452,1735932256.7264671,b,l
4656350,79500.7,0.00353752,1735932261.1501725,b,l
4656351,79460.9,0.00017401,1735932281.598045,b,l
4656352,79429.8,0.00012283,1735932399.6043775,b,l
4656353,79434.4,0.00927748,1735932413.83164,s,m
4656354,79434.3,0.01590198,1735932413.83164,s,m
4656355,79442.2,0.00960881,1735932483.724836,s,l
4656356,79442.1,0.007114,1735932483.724836,s,l
4656357,79442.1,0.000383,1735932483.724836,s,l
4656358,79440.2,0.00031,1735932483.724836,s,l
4656359,79435.3,0.02158419,1735932483.724836,s,l
4656360,79429.8,9.151e-05,1735932530.7539215,b,l
4656361,79429.8,0.00063138,1735932576.991666,b,m
4656362,79429.8,0.00321233,1735932584.1100557,b,l
4656363,79429.8,0.00614121,1735932588.259825,b,l
4656364,79429.8,0.00059376,1735932605.3934834,b,l
4656365,79429.8,0.00017322,1735932615.5015216,b,l
4656366,79464.7,0.00011617,1735932635.093479,b,l
4656367,79464.9,0.00192085,1735932658.2875388,s,l
4656368,79465.0,0.00017409,1735932720.1280084,b,l
4656369,79465.0,0.00117887,1735932780.1996653,b,l
4656370,79464.9,0.00012899,1735932844.711253,s,l
4656371,79463.8,0.02455448,1735932870.2829838,b,l
4656372,79429.8,0.00491307,1735932970.9524677,b,l
4656373,79429.8,0.00023976,1735932985.367609,b,l
4656374,79429.8,0.00196217,1735932998.1429815,b,l
4656375,79429.8,0.00172263,1735932998.1429815,b,l
4656376,79429.8,0.00307067,1735933015.7013478,b,l
4656377,79429.7,7e-05,1735933046.264099,s,l
4656378,79429.7,7.454e-05,1735933046.2640991,s,l
4656379,79429.7,0.0125325,1735933087.133203,s,l
4656380,79401.1,0.00036858,1735933139.584944,b,l
4656381,79401.1,0.00030718,1735933152.892456,b,l
4656382,79459.9,0.1239898,1735933236.227986,b,l
4656383,79463.6,0.0004991,1735933253.9518828,b,l
4656384,79463.6,0.00247968,1735933256.3897576,b,l
4656385,79453.2,0.00151013,1735933269.235428,b,l
4656386,79431.3,0.00119073,1735933287.9473825,b,l
4656387,79439.0,0.00229376,1735933374.084592,s,l
4656388,79463.0,0.00041058,1735933401.3234048,b,l
4656389,79442.0,0.00124018,1735933403.0316007,b,l
4656390,79440.4,0.00053426,1735933454.4633183,b,l
4656391,79456.2,0.00073441,1735933474.9673774,b,l
4656392,79401.1,0.00059159,1735933504.4331305,b,l
4656393,79401.0,0.008816,1735933524.411255,s,l
4656394,79359.1,0.00011633,1735933559.7999167,b,l
4656395,79372.1,0.000383,1735933660.0797749,b,l
4656396,79372.1,2.871e-05,1735933660.0797749,b,l
4656397,79372.1,0.00012292,1735933676.7301562,b,l
4656398,79372.0,0.00019229,1735933676.981958,s,l
4656399,79372.1,0.0007375,1735933710.953097,b,l
4656400,79372.0,0.00012494,1735933744.670597,s,l
4656401,79372.1,6.342e-05,1735933748.1301217,b,l
4656402,79405.9,0.00052111,1735933860.0387704,b,l
4656403,79398.1,0.00028261,1735933875.9202151,b,l
4656404,79372.2,0.00631253,1735933939.152575,b,l
4656405,79372.2,0.00029991,1735934005.3642814,b,l
4656406,79372.1,0.00050395,1735934058.3649771,s,l
4656407,79372.0,0.0015726,1735934058.3649774,s,l
4656408,79371.9,5.039e-05,1735934058.3649774,s,l
4656409,79360.0,0.012,1735934058.3649774,s,l
4656410,79344.8,0.00106571,1735934058.3649774,s,l
4656411,79342.6,0.00189048,1735934083.9346712,b,l
4656412,79342.6,0.00132799,1735934087.1426427,b,l
4656413,79342.6,0.00017608,1735934097.872682,b,l
4656414,79342.5,0.0001,1735934103.9999244,s,l
4656415,79340.6,0.00040385,1735934103.9999244,s,l
4656416,79338.7,0.00011629,1735934139.984187,b,l
4656417,79338.7,0.001,1735934141.1538432,b,l
4656418,79356.6,0.0368819,1735934164.3756762,b,l
4656419,79342.5,0.0012075,1735934183.6129527,b,l
4656420,79342.6,0.00630178,1735934192.784784,b,m
4656421,79343.3,0.00011635,1735934261.6232264,b,l
4656422,79338.7,0.00171306,1735934297.381644,b,l
4656423,79338.7,0.00124087,1735934330.1710882,b,l
4656424,79354.4,6.208e-05,1735934402.0316734,b,l
4656425,79347.6,0.01260278,1735934432.074062,b,m
4656426,79359.3,1.241e-05,1735934448.0353727,b,l
4656427,79338.7,0.00043463,1735934488.0357902,b,l
4656428,79338.7,0.01229677,1735934519.0329733,b,l
4656429,79338.6,0.00041593,1735934520.0770254,s,l
4656430,79286.6,0.00356996,1735934541.2902358,b,m
4656431,79286.5,7e-05,1735934546.2361977,s,m
4656432,79265.1,0.007121,1735934546.2361977,s,m
4656433,79261.3,0.00031,1735934546.2361977,s,m
4656434,79255.1,0.07392209,1735934546.2361977,s,m
4656435,79255.0,0.039,1735934546.2361977,s,m
4656436,79253.2,0.000383,1735934546.2361977,s,m
4656437,79247.8,0.12669264,1735934546.2361977,s,m
4656438,79250.3,0.007121,1735934546.4438288,s,l
4656439,79246.5,0.00031,1735934546.4438288,s,l
4656440,79241.3,0.000383,1735934546.4438288,s,l
4656441,79232.5,0.031186,1735934546.4438288,s,l
4656442,79248.5,0.01633609,1735934556.9194682,s,l
4656443,79282.6,0.00012427,1735934558.0327644,b,l
4656444,79267.3,0.00124291,1735934571.3395555,b,l
4656445,79244.4,0.02680616,1735934580.6269877,s,m
4656446,79244.3,0.039,1735934580.6269877,s,m
4656447,79242.4,0.04690652,1735934580.6269877,s,m
4656448,79242.4,0.15904182,1735934580.6269877,s,m
4656449,79242.2,0.00556557,1735934580.6269877,s,m
4656450,79250.8,0.00316224,1735934591.831331,b,m
4656451,79232.0,0.00010476,1735934620.9322126,b,m
4656452,79229.7,0.00127728,1735934637.4958124,b,l
4656453,79204.4,0.00135296,1735934638.8740478,s,l
4656454,79231.0,0.00012443,1735934649.3484502,b,l
4656455,79185.9,0.00057286,1735934701.9639866,s,l
4656456,79222.6,0.00100981,1735934770.5514662,b,m
4656457,79212.2,0.039,1735934777.9441338,s,l
4656458,79187.1,0.00115924,1735934778.8015568,s,l
4656459,79210.8,0.00039388,1735934789.8680413,b,l
4656460,79179.1,0.00647134,1735934811.6174777,s,l
4656461,79241.1,0.00130014,1735934913.695223,b,l
4656462,79237.4,0.00011537,1735934981.896112,b,l
4656463,79226.6,0.00098503,1735934998.224235,b,l
4656464,79226.6,0.00017,1735935013.4182298,b,l
4656465,79226.5,0.0006311,1735935014.9523866,s,l
4656466,79205.5,0.00096063,1735935014.9523866,s,l
4656467,79224.5,0.00126224,1735935028.95144,b,m
4656468,79161.4,0.00045639,1735935055.7950966,s,l
4656469,79201.9,0.00062197,1735935089.0146396,b,l
4656470,79160.5,0.0110864,1735935113.5165389,b,l
4656471,79160.4,0.00011428,1735935114.2888143,s,l
4656472,79160.4,0.00013837,1735935116.270088,s,l
4656473,79143.6,0.00024897,1735935134.916304,b,l
4656474,79143.6,0.00062243,1735935178.980874,b,l
4656475,79165.8,6.223e-05,1735935198.0331385,b,l
4656476,79143.5,1.882e-05,1735935207.1988797,s,l
4656477,79196.9,0.00123215,1735935262.184445,b,l
4656478,79252.3,0.00012656,1735935355.8889604,b,m
4656479,79265.0,0.02523182,1735935439.4883976,b,m
4656480,79265.2,0.00152305,1735935454.9996998,s,l
4656481,79264.3,0.00011533,1735935483.4847405,b,l
4656482,79254.8,0.00083034,1735935485.3159013,s,m
4656483,79282.7,6.213e-05,1735935584.0390294,b,l
4656484,79262.0,0.0123094,1735935667.355873,b,l
4656485,79286.4,0.03630416,1735935683.310325,s,l
4656486,79286.5,5.231e-05,1735935750.65514,b,l
4656487,79286.5,1.769e-05,1735935760.9450412,b,l
4656488,79395.1,0.00031,1735935804.2297869,b,m
4656489,79395.2,0.0737291,1735935804.2297869,b,m
4656490,79395.3,0.20328097,1735935804.2297869,b,m
4656491,79398.7,5.699e-05,1735935918.706359,b,l
4656492,79381.4,0.005,1735935957.4565277,b,l
4656493,79360.5,0.03009256,1735935961.998289,s,l
4656494,79360.5,5e-05,1735936015.756845,b,l
4656495,79360.5,0.01199752,1735936015.7568452,b,l
4656496,79360.5,1.241e-05,1735936122.0328984,b,l
4656497,79360.5,5.039e-05,1735936191.4732149,b,l
4656498,79360.5,0.00063004,1735936253.6224442,b,m
4656499,79360.4,0.00010081,1735936297.5682068,s,l
4656500,79261.9,0.00011647,1735936368.9145017,b,l
4656501,79269.2,0.00047075,1735936410.03835,b,l
4656502,79268.4,0.00012308,1735936418.8111176,b,l
4656503,79279.6,0.00134902,1735936464.0618567,b,l
4656504,79340.0,0.00070709,1735936560.0345037,b,l
4656505,79353.8,0.00024589,1735936615.374668,b,l
4656506,79353.9,0.01260271,1735936651.9979482,s,l
4656507,79300.0,5e-05,1735936812.4940133,s,l
4656508,79254.9,0.00384416,1735936842.333355,b,l
4656509,79254.8,0.00043141,1735936850.0750644,s,l
4656510,79208.1,0.0012317,1735936899.0551789,b,l
4656511,79255.2,0.00141562,1735936944.4465077,b,l
4656512,79221.3,0.000311,1735937026.2940204,s,l
4656513,79219.6,0.07392354,1735937026.2940204,s,l
4656514,79219.5,0.007122,1735937026.2940204,s,l
4656515,79214.1,0.000383,1735937026.2940204,s,l
4656516,79211.2,0.25397672,1735937026.2940204,s,l
4656517,79210.4,0.57597694,1735937026.294021,s,l
4656518,79210.3,0.0883068,1735937026.294021,s,l
4656519,79245.3,0.00046167,1735937066.2243626,b,l
4656520,79226.3,0.02994211,1735937214.1177747,s,l
4656521,79257.5,5.039e-05,1735937258.190881,s,l
4656522,79268.6,0.00023615,1735937260.7651124,b,l
4656523,79268.0,0.0630517,1735937266.7427795,b,l
4656524,79257.5,0.000383,1735937286.8327878,b,l
4656525,79257.5,0.00021205,1735937286.8327878,b,l
4656526,79257.4,0.00031565,1735937296.3064897,s,l
4656527,79250.0,0.00021166,1735937296.3064897,s,l
4656528,79250.1,5.008e-05,1735937301.1090472,b,l
4656529,79221.7,0.00078261,1735937332.9119208,b,m
4656530,79221.7,0.00378684,1735937358.5406651,b,m
4656531,79221.7,0.0124057,1735937439.0710628,b,l
4656532,79221.6,0.00066156,1735937461.3000517,s,l
4656533,79210.0,0.00623508,1735937481.067589,s,l
4656534,79210.0,7.725e-05,1735937493.9934802,s,l
4656535,79200.0,5e-05,1735937493.9934802,s,l
4656536,79164.7,0.0001423,1735937493.9934804,s,l
4656537,79197.5,0.0002488,1735937509.039377,b,l
4656538,79196.2,9.155e-05,1735937532.4253569,b,l
4656539,79200.9,0.00947015,1735937542.5991502,s,m
4656540,79214.9,0.01881712,1735937547.9755566,s,l
4656541,79215.0,0.0006158,1735937549.2889383,b,l
4656542,79218.6,0.00018473,1735937578.1542668,b,l
4656543,79192.4,0.00064201,1735937602.1745088,s,l
4656544,79214.1,0.0006158,1735937616.2824566,b,l
4656545,79212.5,0.00061581,1735937633.8086448,b,l
4656546,79181.3,0.01919647,1735937646.8519485,s,m
4656547,79205.1,0.00047063,1735937670.9183877,s,l
4656548,79192.8,0.00011657,1735937752.254575,b,l
4656549,79192.8,0.01231942,1735937828.693075,b,l
4656550,79192.8,0.00058973,1735937852.9998,b,l
4656551,79192.7,0.00757645,1735937865.2223358,s,m
4656552,79168.0,0.00063156,1735937865.2223358,s,m
4656553,79161.1,0.00947435,1735937865.2223358,s,m
4656554,79129.4,0.07398269,1735937865.222336,s,m
4656555,79129.3,0.01471779,1735937865.222336,s,m
4656556,79164.8,9.272e-05,1735937908.8456268,b,l
4656557,79138.7,0.00128434,1735937933.5642154,s,m
4656558,79140.9,7.469e-05,1735938000.0865798,b,l
4656559,79135.5,0.00073379,1735938033.353958,b,m
4656560,79101.5,0.000311,1735938078.200437,b,l
4656561,79101.5,0.00027916,1735938078.200437,b,l
4656562,79101.5,0.00010263,1735938082.0340276,b,l
4656563,79101.5,0.00632099,1735938090.659954,b,m
4656564,79101.5,6.32e-05,1735938104.0592804,b,m
4656565,79101.5,0.0006321,1735938104.2337673,b,m
4656566,79101.4,0.0012642,1735938111.031886,s,m
4656567,79100.0,5e-05,1735938111.031886,s,m
4656568,79066.4,0.03589444,1735938111.031886,s,m
4656569,79066.3,0.039,1735938111.031886,s,m
4656570,79064.3,0.18738624,1735938111.031886,s,m
4656571,79060.4,6.32e-05,1735938114.36539,s,m
4656572,79090.9,0.00062284,1735938118.2872567,b,l
4656573,79084.5,0.02096749,1735938149.1812782,s,l
4656574,79084.5,0.02812423,1735938149.1812782,s,l
4656575,79084.6,0.00032839,1735938182.39968,b,l
4656576,79057.7,0.00012648,1735938249.8372512,s,m
4656577,79045.6,0.02579107,1735938249.8372512,s,m
4656578,79045.7,0.00497333,1735938295.431533,b,l
4656579,79045.6,0.00189336,1735938339.2195847,s,m
4656580,79045.7,0.00316273,1735938363.6667492,b,m
4656581,79045.7,0.00024685,1735938370.1253176,b,l
4656582,79045.7,0.00062329,1735938371.1103282,b,l
4656583,79045.6,0.000848,1735938371.2820818,s,l
4656584,79045.6,0.0180045,1735938375.842144,s,m
4656585,79045.7,0.10244151,1735938382.4864943,b,l
4656586,79045.6,0.00030281,1735938397.4921205,s,l
4656587,79045.6,0.01816026,1735938399.5614676,s,l
4656588,79045.6,0.02083974,1735938399.5614676,s,l
4656589,79045.7,0.20531475,1735938428.865178,b,l
4656590,79133.5,0.00616372,1735938463.1459596,b,l
4656591,79083.3,0.00785449,1735938521.3172944,s,l
4656592,79080.8,0.01233701,1735938557.2497852,b,l
4656593,79085.8,0.00059635,1735938575.2692606,b,l
4656594,79085.4,0.00246721,1735938578.9604914,b,l
4656595,79081.7,0.00061684,1735938618.7630165,b,l
4656596,79045.6,0.00126509,1735938735.4534123,s,l
4656597,79045.6,0.00623954,1735938735.4534123,s,l
4656598,79029.6,0.00506537,1735938735.4534128,s,l
4656599,79028.7,0.0015597,1735938784.4961908,s,l
4656600,79037.4,0.00059671,1735938835.1774883,b,l
4656601,79037.4,0.000472,1735938838.9166126,b,l
4656602,79021.2,0.00016772,1735938993.7778423,s,l
4656603,79040.9,0.0006216,1735939219.9709954,b,l
4656604,79036.0,0.00882952,1735939235.8909774,b,m
4656605,79011.8,0.02852135,1735939282.743436,s,l
4656606,79011.7,0.007127,1735939282.743436,s,l
4656607,79011.5,0.00046738,1735939282.743436,s,l
4656608,79018.9,0.00061719,1735939287.470605,b,l
4656609,79039.9,0.000384,1735939350.354233,s,l
4656610,79039.9,0.00030796,1735939350.354233,s,l
4656611,79040.0,0.00296774,1735939356.25995,b,l
4656612,79040.0,0.00111804,1735939414.2280784,b,m
4656613,79040.0,0.00378289,1735939544.87139,b,m
4656614,79039.9,0.0096281,1735939682.554767,s,m
4656615,79040.0,0.00617162,1735939771.9967346,b,l
4656616,79040.0,0.00154291,1735939791.1320689,b,l
4656617,79040.0,0.00162931,1735939801.03795,b,l
4656618,79040.0,0.0001168,1735939847.921002,b,l
4656619,79040.0,0.00126518,1735939883.5017977,b,m
4656620,79040.0,9.263e-05,1735939898.2743466,b,l
4656621,79040.0,0.00035326,1735939944.408693,b,l
4656622,79040.0,0.04407754,1735939946.0339918,b,l
4656623,79119.1,0.00012639,1735940064.665504,b,m
4656624,79151.6,0.01207926,1735940168.3435862,b,l
4656625,79134.8,0.00124602,1735940218.6819391,s,l
4656626,79155.8,0.00031117,1735940278.030658,b,l
4656627,79155.8,0.00012447,1735940352.033246,b,l
4656628,79155.8,0.02526663,1735940364.1706758,b,m
4656629,79155.7,6.475e-05,1735940383.9385748,s,l
4656630,79155.8,9.182e-05,1735940427.2271063,b,l
4656631,79155.8,0.00029635,1735940436.819198,b,l
4656632,79155.8,0.00017244,1735940451.8429055,b,l
4656633,79155.7,3.756e-05,1735940467.5968978,s,l
4656634,79155.7,0.000383,1735940467.5968978,s,l
4656635,79155.7,0.00087471,1735940467.5968978,s,l
4656636,79137.0,0.00013116,1735940604.584638,b,m
4656637,79121.7,0.00039468,1735940701.91524,s,l
4656638,79131.7,0.00018678,1735940733.9943542,b,l
4656639,79130.1,7.397e-05,1735940749.6762445,b,l
4656640,79129.5,0.00051361,1735940753.2730863,b,l
4656641,79113.3,0.001264,1735940821.346326,s,l
4656642,79042.2,0.00246636,1735940829.6860623,b,l
4656643,79060.6,0.00059654,1735940980.869035,b,l
4656644,79087.4,0.01727649,1735941027.9060748,b,l
4656645,79086.9,0.00126443,1735941048.8501406,b,m
4656646,79107.3,0.00616632,1735941093.7327526,b,l
4656647,79137.2,0.00616688,1735941137.0079384,b,l
4656648,79155.8,0.00023649,1735941176.7861807,b,l
4656649,79154.0,0.00210011,1735941246.9988885,b,l
4656650,79155.7,0.01295286,1735941327.65639,s,l
4656651,79133.1,0.00123285,1735941406.044269,b,l
4656652,79131.2,0.00012329,1735941506.0079951,b,l
4656653,79117.8,0.00011668,1735941604.1701534,b,l
4656654,79129.3,9.188e-05,1735941605.1521742,b,l
4656655,79109.2,9.864e-05,1735941623.19838,b,l
4656656,79120.5,0.00104062,1735941633.1224306,b,m
4656657,79120.1,0.00035295,1735941637.3886282,b,l
4656658,79117.5,0.0118009,1735941668.051695,b,l
4656659,79127.7,0.00296393,1735941691.4492218,b,l
4656660,79142.1,0.00101284,1735941713.4024355,s,l
4656661,79155.8,0.00062233,1735941732.0346396,b,l
4656662,79155.8,0.00221853,1735941756.994497,b,l
4656663,79155.8,0.00025259,1735941778.7619014,b,l
4656664,79155.7,0.000384,1735941780.157731,s,l
4656665,79155.7,0.00602741,1735941780.157731,s,l
4656666,79155.8,0.02287164,1735941785.6588864,b,l
4656667,79239.1,0.00024625,1735941799.8729076,b,l
4656668,79222.9,0.00024629,1735941933.0567973,b,l
4656669,79211.7,0.00528517,1735941942.1787815,s,l
4656670,79226.0,0.00221668,1735941946.7862704,b,l
4656671,79232.4,0.00068954,1735941961.9390223,b,l
4656672,79220.4,0.0004147,1735942100.2809289,b,l
4656673,79218.6,0.00022089,1735942107.8358994,b,l
4656674,79192.3,0.00070814,1735942116.8970923,b,l
4656675,79191.9,4.928e-05,1735942121.6642866,b,l
4656676,79190.5,0.00307994,1735942129.8053043,b,l
4656677,79178.4,0.00123216,1735942322.1205792,b,l
4656678,79176.4,4.929e-05,1735942339.758291,b,l
4656679,79130.3,0.03450293,1735942385.7900238,b,l
4656680,79129.1,0.00801405,1735942394.8033495,b,l
4656681,79146.2,9.274e-05,1735942443.0417583,b,l
4656682,79156.1,0.00918438,1735942461.6306105,b,m
4656683,79169.1,0.00126311,1735942479.127993,s,l
4656684,79177.2,0.00296296,1735942491.651456,b,l
4656685,79179.4,0.00311073,1735942588.0089586,b,l
4656686,79179.8,0.00063547,1735942689.63669,b,l
4656687,79226.3,0.00081986,1735942689.63669,b,l
4656688,79244.1,0.00258694,1735942775.381616,s,l
4656689,79226.3,0.00124355,1735942835.0378757,b,l
4656690,79226.3,0.00011538,1735942862.6402235,b,l
4656691,79226.3,0.00677282,1735942867.752174,b,l
4656692,79226.3,0.00030786,1735942900.1332853,b,l
4656693,79226.3,0.00024628,1735942900.2471452,b,l
4656694,79201.9,0.00029477,1735942930.3769262,s,l
4656695,79215.5,0.00612254,1735942985.8022344,b,m
4656696,79214.9,0.00061579,1735942989.8760166,b,l
4656697,79214.9,0.0006158,1735943132.353221,b,l
4656698,79214.9,0.00177498,1735943135.3761194,b,l
4656699,79248.8,0.00126184,1735943309.225357,b,l
4656700,79248.8,0.00118183,1735943342.5658238,b,l
4656701,79247.8,0.00246217,1735943377.527435,b,l
4656702,79247.8,0.00044039,1735943382.5964243,b,m
4656703,79248.0,1.243e-05,1735943449.038156,b,l
4656704,79248.0,5e-05,1735943468.2179756,b,m
4656705,79247.8,0.00011649,1735943482.984634,b,l
4656706,79247.7,0.0001,1735943577.2247524,s,l
4656707,79202.9,0.00023621,1735943577.9067252,b,l
4656708,79202.9,0.00012439,1735943594.0343852,b,l
4656709,79202.8,0.00189387,1735943597.146665,s,m
4656710,79200.1,0.007124,1735943597.146665,s,m
4656711,79200.0,0.00064532,1735943597.146665,s,m
4656712,79196.6,0.000311,1735943597.146665,s,m
4656713,79189.7,0.000383,1735943597.146665,s,m
4656714,79174.8,0.00035205,1735943597.146665,s,m
4656715,79168.4,0.01485758,1735943597.146665,s,m
4656716,79168.3,0.17443318,1735943597.146665,s,m
4656717,79195.9,0.001057,1735943679.2265449,b,m
4656718,79192.7,0.06307779,1735943701.0156734,b,l
4656719,79198.6,0.00030647,1735943786.0332017,b,l
4656720,79199.7,0.00011542,1735943818.9362276,b,l
4656721,79179.4,0.25259095,1735943831.3612597,b,m
4656722,79196.9,0.00151521,1735943854.0109954,b,m
4656723,79196.8,0.00420888,1735943907.1862018,b,m
4656724,79179.4,0.00011542,1735943937.3513403,b,l
4656725,79178.7,0.00012322,1735943949.431646,b,l
4656726,79179.5,0.00059564,1735944006.9336448,b,l
4656727,79179.5,0.00631477,1735944007.8941324,b,m
4656728,79179.5,0.00283394,1735944094.8397386,b,l
4656729,79179.5,0.00085503,1735944103.637185,b,l
4656730,79179.4,0.000383,1735944137.454924,s,l
4656731,79179.4,0.00462436,1735944137.454924,s,l
4656732,79179.5,0.0001,1735944145.3217971,b,m
4656733,79179.4,0.00028514,1735944159.1688614,s,l
4656734,79179.5,0.00248734,1735944181.77956,b,l
4656735,79179.5,0.00862505,1735944215.148645,b,l
4656736,79179.5,0.00175705,1735944291.8447087,b,l
4656737,79179.5,0.00169024,1735944309.290206,b,m
4656738,79179.5,0.00209862,1735944309.290206,b,m
4656739,79179.4,0.05683296,1735944508.798467,s,l
4656740,79179.4,0.00012629,1735944508.7984672,s,l
4656741,79179.4,0.00261595,1735944508.7984672,s,l
4656742,79179.4,5.178e-05,1735944508.7984672,s,l
4656743,79125.9,0.0001,1735944542.94617,b,m
4656744,79125.9,0.0001,1735944544.4057994,b,l
4656745,79125.8,0.00024605,1735944558.1296675,s,m
4656746,79125.9,0.00011553,1735944602.8782358,b,l
4656747,79125.9,0.00118366,1735944625.5841446,b,l
4656748,79125.8,0.00011493,1735944731.2407491,s,l
4656749,79125.8,0.00279854,1735944756.055784,s,l
4656750,79125.8,0.00010111,1735944756.055784,s,l
4656751,79114.3,0.00657276,1735944759.7804506,s,l
4656752,79060.2,0.000311,1735944767.7990053,s,l
4656753,79058.3,0.000526,1735944767.7990053,s,l
4656754,79048.3,0.000384,1735944767.7990053,s,l
4656755,79042.1,0.001779,1735944767.7990053,s,l
4656756,79112.1,0.00022239,1735944803.9605534,b,l
4656757,79111.7,0.00118408,1735944809.601621,b,l
4656758,79082.3,0.00986577,1735944827.9036157,b,l
4656759,79054.8,0.00015559,1735944883.605491,s,l
4656760,79057.0,0.02325056,1735945035.1394732,s,m
4656761,79080.0,0.00272767,1735945069.589292,b,l
4656762,79079.9,0.00427255,1735945071.8148456,s,l
4656763,79079.9,0.000212,1735945167.1304884,s,l
4656764,79081.4,0.00024917,1735945200.0946815,b,l
4656765,79081.3,0.0018877,1735945207.77103,s,l
4656766,79081.4,5e-05,1735945233.4823456,b,m
4656767,79081.4,0.00024917,1735945239.0324483,b,l
4656768,79081.4,1.246e-05,1735945258.0320067,b,l
4656769,79081.4,0.00059638,1735945279.8435936,b,l
4656770,79081.4,0.00863575,1735945294.284586,b,l
4656771,79081.4,0.00017494,1735945300.3436823,b,l
4656772,79081.4,0.00017494,1735945303.1590033,b,l
4656773,79081.3,0.00247983,1735945330.5848749,s,l
4656774,79081.4,0.00029663,1735945407.0383077,b,l
4656775,79081.4,0.00049847,1735945419.3774133,b,l
4656776,79081.4,0.00616839,1735945451.7951534,b,l
4656777,79081.4,0.01168831,1735945543.7235,b,m
4656778,79081.4,0.00061684,1735945544.1065693,b,l
4656779,79081.4,0.00118433,1735945592.0787606,b,l
4656780,79081.4,0.00616839,1735945663.2089844,b,l
4656781,79081.4,0.00124372,1735945724.8076134,b,l
4656782,79079.8,0.0001156,1735945816.5694177,b,l
4656783,79048.6,0.00012965,1735945837.9685812,s,l
4656784,79081.3,0.00059537,1735945919.2645202,s,m
4656785,79081.4,0.00011673,1735945957.4132898,b,l
4656786,79081.4,0.01187538,1735945960.201819,b,l
4656787,79115.2,0.000311,1735945960.2018192,b,l
4656788,79124.0,0.00250383,1735945960.2018192,b,l
4656789,79124.1,0.02258353,1735945960.2018192,b,l
4656790,79109.6,0.0001766,1735945967.8612506,b,l
4656791,79057.8,0.004975,1735946029.1120026,s,l
4656792,79040.5,4.202e-05,1735946177.8640995,s,l
4656793,79069.2,0.00024677,1735946224.9322112,b,l
4656794,79039.9,0.03795532,1735946247.1441717,s,l
4656795,79040.0,0.00014812,1735946353.770988,b,l
4656796,79039.9,0.00064841,1735946409.4106004,s,l
4656797,79040.0,0.000384,1735946440.7544355,b,l
4656798,79040.0,0.00825627,1735946440.7544355,b,l
4656799,79040.0,0.0002493,1735946464.0308092,b,l
4656800,79048.7,0.00011566,1735946509.315512,b,l
4656801,79056.0,0.00965139,1735946512.0578492,b,m
4656802,79040.5,0.00385246,1735946521.0325894,s,l
4656803,79050.3,0.02468217,1735946571.5172207,b,l
4656804,79050.3,0.00049619,1735946572.1640656,b,m
4656805,79040.0,0.00237299,1735946633.2666724,b,l
4656806,79039.9,0.00128561,1735946650.9655194,s,l
4656807,79039.9,0.1,1735946657.77061,s,l
4656808,79040.0,0.01234324,1735946697.517146,b,l
4656809,79039.9,0.00458222,1735946726.9957557,s,l
4656810,79039.9,0.17182438,1735946827.385239,s,l
4656811,79039.9,0.01265183,1735946827.385239,s,l
4656812,79039.9,0.00097419,1735946827.385239,s,l
4656813,79000.9,4.988e-05,1735946828.3162072,b,l
4656814,79000.9,0.00050632,1735946834.104952,b,l
4656815,79000.8,7e-05,1735946909.255324,s,l
4656816,79000.0,0.00253164,1735946929.9149506,s,l
4656817,79000.0,5e-05,1735946929.9149506,s,l
4656818,78999.0,0.00012658,1735946929.9149506,s,l
4656819,78976.0,0.00247061,1735946970.4275544,b,l
4656820,78933.3,0.00013654,1735947028.8548307,s,m
4656821,78916.0,0.00030059,1735947028.8548307,s,m
4656822,78916.0,0.00090145,1735947028.8548307,s,m
4656823,78916.0,0.00031937,1735947028.8548307,s,m
4656824,78932.7,0.0004944,1735947043.510125,b,l
4656825,78913.1,0.00019312,1735947103.5842245,s,l
4656826,78932.7,1.236e-05,1735947131.567933,b,l
4656827,78932.1,0.00598892,1735947134.940169,b,l
4656828,78985.8,0.00107607,1735947357.6004615,b,l
4656829,78986.2,0.00370545,1735947498.3749218,b,l
4656830,78992.8,0.00061753,1735947690.1830018,b,l
4656831,78991.2,0.01188453,1735947716.0709476,b,l
4656832,78966.4,0.01643818,1735947724.5960302,s,l
4656833,78986.6,0.00062213,1735947764.9472358,b,l
4656834,78988.5,0.00023699,1735947871.9954982,b,l
4656835,78971.2,0.00871634,1735947994.9848216,b,l
4656836,78956.9,1.804e-05,1735948109.2040176,s,l
4656837,78991.5,0.00031039,1735948113.4622333,b,m
4656838,78950.1,0.00024715,1735948203.088186,b,l
4656839,78950.1,0.00024958,1735948210.034061,b,l
4656840,78950.1,6.142e-05,1735948216.2610433,b,l
4656841,78950.1,0.00012579,1735948216.2610433,b,l
4656842,78971.1,0.00175838,1735948286.1132302,b,l
4656843,78978.1,0.00911645,1735948325.8244066,b,m
4656844,78964.8,0.00211583,1735948362.7627332,b,l
4656845,78964.6,0.00160157,1735948365.030785,b,l
4656846,78950.1,0.02178467,1735948390.251267,b,l
4656847,78950.0,0.00633312,1735948442.9522283,s,m
4656848,78943.9,0.00025334,1735948442.9522283,s,m
4656849,78937.2,0.000311,1735948442.9522283,s,m
4656850,78935.6,0.01496167,1735948442.9522283,s,m
4656851,78935.5,0.03214048,1735948442.9522283,s,m
4656852,78935.4,0.00011065,1735948563.3691204,s,l
4656853,78929.1,0.01282588,1735948563.3691204,s,l
4656854,78929.0,0.000126,1735948563.3691204,s,l
4656855,78927.1,0.000311,1735948563.3691204,s,l
4656856,78925.7,0.000384,1735948563.3691204,s,l
4656857,78919.9,0.02524247,1735948563.3691206,s,l
4656858,78942.6,0.00043681,1735948605.8245554,b,l
4656859,78939.9,1.236e-05,1735948632.2630386,b,l
4656860,78947.5,0.007124,1735948673.8394015,b,l
4656861,78960.1,0.00035232,1735948675.1787517,b,l
4656862,78960.1,0.00379311,1735948680.1329684,b,l
4656863,78960.1,6.239e-05,1735948740.0507004,b,l
4656864,78960.1,3.119e-05,1735948740.0706549,b,l
4656865,78964.7,0.000311,1735948751.7970943,b,l
4656866,78968.4,0.00216002,1735948751.7970943,b,l
4656867,78990.0,0.00011687,1735948799.086265,b,l
4656868,78990.0,6.236e-05,1735948800.0534298,b,l
4656869,78990.0,1.247e-05,1735948800.0671053,b,l
4656870,78990.0,0.00012442,1735948800.0746028,b,l
4656871,78990.0,0.0001372,1735948800.1799755,b,l
4656872,78990.0,0.00024945,1735948800.2382903,b,l
4656873,78990.0,0.00012473,1735948800.323046,b,l
4656874,78990.0,0.00029698,1735948801.233664,b,l
4656875,78990.0,9.292e-05,1735948801.2943542,b,l
4656876,78999.9,0.00494304,1735948807.7241287,s,l
4656877,79000.0,1.871e-05,1735948808.035421,b,l
4656878,79000.0,3.129e-05,1735948811.0323763,b,l
4656879,79000.0,0.00046756,1735948811.0323763,b,l
4656880,79000.0,0.00023695,1735948816.8785002,b,l
4656881,79000.0,1.232e-05,1735948817.0369534,b,l
4656882,79000.0,6.229e-05,1735948819.0371025,b,l
4656883,79000.0,0.00124712,1735948824.041281,b,l
4656884,79000.0,0.00012471,1735948828.0337677,b,l
4656885,79000.0,0.00025497,1735948828.1110935,b,l
4656886,79000.0,0.00260239,1735948828.1110935,b,l
4656887,79000.0,0.00123495,1735948839.2511942,b,l
4656888,79000.0,0.00028347,1735948840.037529,b,l
4656889,79000.0,1.247e-05,1735948859.0351627,b,l
4656890,79000.0,0.00018707,1735948860.036829,b,l
4656891,79000.0,0.00040373,1735948865.651374,b,m
4656892,79000.0,0.00025316,1735948877.0746808,b,m
4656893,78984.3,0.00789491,1735949005.2118027,s,l
4656894,78984.2,0.00144606,1735949005.211803,s,l
4656895,78999.9,0.00808623,1735949100.2714708,s,l
4656896,78999.9,0.00423973,1735949100.2714708,s,l
4656897,78999.7,0.0043542,1735949179.6283696,b,l
4656898,78999.7,0.0012,1735949191.4696994,b,m
4656899,78999.2,0.00024699,1735949201.587443,b,l
4656900,78966.2,0.00023474,1735949265.4439635,b,l
4656901,78966.1,0.00424375,1735949274.088029,s,l
4656902,78960.1,0.00365733,1735949385.1503575,b,m
4656903,78960.1,0.00061779,1735949387.497538,b,l
4656904,78960.1,0.00025848,1735949389.3375156,b,l
4656905,78960.0,0.00050658,1735949402.9872382,s,l
4656906,78942.0,0.007578,1735949431.615547,s,l
4656907,78942.0,0.01687441,1735949431.615547,s,l
4656908,78906.9,5e-05,1735949519.4267175,s,l
4656909,78906.9,0.00010417,1735949519.4267175,s,l
4656910,78906.9,1.691e-05,1735949519.4267175,s,l
4656911,78906.9,0.01017489,1735949521.9879687,s,l
4656912,78907.0,3.121e-05,1735949583.032255,b,l
4656913,78929.4,6.241e-05,1735949612.033749,b,l
4656914,78934.6,0.00012893,1735949650.3031516,b,l
4656915,78939.5,9.288e-05,1735949675.5856595,b,l
4656916,78939.5,0.00021812,1735949683.4921322,b,l
4656917,78939.9,8.844e-05,1735949683.4921322,b,l
4656918,78939.9,0.0005279,1735949683.5109315,b,l
4656919,78939.9,0.00031151,1735949683.733637,b,l
4656920,78939.9,0.00061794,1735949697.205053,b,l
4656921,78939.9,0.000384,1735949809.6611338,b,l
4656922,78946.1,0.00208778,1735949809.6611338,b,l
4656923,78958.5,0.00253455,1735949919.1070068,s,m
4656924,78958.5,0.00796492,1735949937.8687818,s,l
4656925,78957.2,0.00665233,1735949937.8687818,s,l
4656926,78952.5,0.03538275,1735949937.8687818,s,l
4656927,78958.7,0.000384,1735949950.3590198,b,m
4656928,78958.8,0.000311,1735949950.3590198,b,m
4656929,78959.0,0.0119698,1735949950.3590198,b,m
4656930,78976.3,0.00093332,1735950002.6339035,b,l
4656931,78958.6,0.00012664,1735950040.268808,s,l
4656932,78957.8,0.00808314,1735950040.268808,s,l
4656933,78957.4,0.03079022,1735950040.268808,s,l
4656934,78946.6,0.0002348,1735950128.7564266,b,l
4656935,78946.6,0.00018924,1735950130.8064747,b,m
4656936,78946.6,0.00023711,1735950154.8650043,b,l
4656937,78963.6,0.00030888,1735950242.4464114,b,l
4656938,78946.6,0.00562729,1735950359.7683463,b,l
4656939,78946.6,0.00594412,1735950468.071317,b,l
4656940,78946.6,0.00012358,1735950493.7103624,b,l
4656941,78946.6,0.00059157,1735950509.8954,b,l
4656942,78946.5,0.00012586,1735950515.11461,s,l
4656943,78946.6,1.236e-05,1735950600.036372,b,l
4656944,78946.6,0.00221669,1735950631.3344254,b,m
4656945,78946.6,1.233e-05,1735950634.0305014,b,l
4656946,78946.5,0.00012747,1735950697.9864683,s,m
4656947,78946.5,0.00253336,1735950697.9864683,s,m
4656948,78900.0,5e-05,1735950697.9864683,s,m
4656949,78900.0,0.00063054,1735950697.9864683,s,m
4656950,78892.2,0.01777977,1735950697.9864683,s,m
4656951,78892.1,0.01350448,1735950697.9864683,s,m
4656952,78942.9,0.0042304,1735950702.006997,b,m
4656953,78901.6,0.00123643,1735950869.9592836,b,l
4656954,78885.8,0.00010409,1735950881.315308,s,l
4656955,78874.1,0.00054566,1735950881.315308,s,l
4656956,78858.4,6.186e-05,1735950919.8682804,b,l
4656957,78858.3,7e-05,1735950925.1874328,s,l
4656958,78843.8,0.00256893,1735950925.1874328,s,l
4656959,78829.3,0.00013836,1735950989.2206476,s,m
4656960,78829.4,0.00012498,1735951009.6171694,b,l
4656961,78829.4,0.00249963,1735951040.4657314,b,l
4656962,78829.4,0.00309405,1735951083.759911,b,l
4656963,78829.3,0.00049592,1735951123.615534,s,m
4656964,78807.4,0.00178995,1735951123.615534,s,m
4656965,78800.0,5e-05,1735951123.615534,s,m
4656966,78787.9,0.00780973,1735951123.615534,s,m
4656967,78787.8,0.03783321,1735951123.615534,s,m
4656968,78810.8,0.0001,1735951216.12674,b,m
4656969,78816.1,0.18,1735951286.3950615,b,m
4656970,78803.5,0.00126415,1735951302.9182997,s,m
4656971,78828.8,0.000311,1735951467.4753177,s,l
4656972,78828.8,0.00620606,1735951467.4753177,s,l
4656973,78840.1,1.999e-05,1735951538.0353734,b,l
4656974,78882.6,0.0017114,1735951682.2551715,b,m
4656975,78854.6,0.00360618,1735951725.4293127,s,l
4656976,78854.3,0.000384,1735951725.4293127,s,l
4656977,78852.5,0.007125,1735951725.4293127,s,l
4656978,78849.1,0.000311,1735951725.429313,s,l
4656979,78844.7,0.02757382,1735951725.429313,s,l
4656980,78844.1,0.00123739,1735951778.0567665,b,l
4656981,78844.1,0.01237391,1735951909.0465157,b,l
4656982,78844.1,0.000384,1735951911.8346272,b,l
4656983,78844.1,0.007125,1735951911.8346274,b,l
4656984,78844.1,0.000311,1735951911.8346274,b,l
4656985,78844.1,0.02195163,1735951911.8346274,b,l
4656986,78844.1,0.00015975,1735952012.8144062,b,l
4656987,78846.7,0.00015975,1735952164.501488,s,l
4656988,78844.1,0.00634163,1735952257.9413404,b,m
4656989,78844.0,0.00012556,1735952284.2186108,s,l
4656990,78844.0,1.27e-06,1735952295.0450208,s,l
4656991,78807.5,0.003856,1735952295.0450208,s,l
4656992,78807.4,0.00614273,1735952295.0450208,s,l
4656993,78840.7,0.00012683,1735952298.7437713,b,l
4656994,78822.4,0.00031248,1735952400.0448074,b,l
4656995,78821.4,0.00031249,1735952407.039139,b,l
4656996,78821.4,1.25e-05,1735952505.0363786,b,l
4656997,78821.4,3.75e-05,1735952520.032117,b,l
4656998,78821.4,0.00094997,1735952550.4250631,b,l
4656999,78821.2,0.00010136,1735952698.3864956,b,l
4657000,78821.2,2.5e-05,1735952700.032445,b,l
4657001,78815.5,0.00250007,1735952760.0344293,b,l
4657002,78803.6,0.00255331,1735952830.6488557,b,m
4657003,78783.9,0.00177701,1735953141.159515,s,m
4657004,78783.8,0.00081818,1735953141.159515,s,m
4657005,78783.9,0.00033668,1735953235.6160269,b,l
4657006,78783.9,1.235e-05,1735953351.0349,b,l
4657007,78783.8,0.00011298,1735953434.2275984,s,l
4657008,78783.8,0.00033813,1735953464.3731627,s,l
4657009,78783.8,0.00031986,1735953464.3731627,s,l
4657010,78783.8,0.00031732,1735953464.3731627,s,l
4657011,78760.0,6.348e-05,1735953620.4717238,s,l
4657012,78750.1,0.00019047,1735953620.4717238,s,l
4657013,78736.5,0.00170894,1735953620.4717238,s,l
4657014,78730.9,0.00013946,1735953635.5831587,s,m
4657015,78755.5,0.00984528,1735953637.7480285,b,l
4657016,78781.6,0.02417303,1735953751.3117342,b,l
4657017,78789.3,0.00495511,1735953797.5650842,b,m
4657018,78813.0,0.00024758,1735953955.2778022,b,l
4657019,78800.0,0.00604697,1735954030.838929,b,l
4657020,78803.4,0.000311,1735954030.838929,b,l
4657021,78804.1,0.00014707,1735954030.838929,b,l
4657022,78804.0,0.0002476,1735954056.1830554,b,l
4657023,78804.3,0.00031724,1735954164.2445722,b,m
4657024,78825.0,0.00024753,1735954201.9101756,b,l
4657025,78811.0,1.235e-05,1735954248.033846,b,l
4657026,78781.4,0.00017265,1735954311.89329,s,l
4657027,78825.0,0.00012624,1735954383.7132685,b,l
4657028,78825.0,0.01237691,1735954449.8729596,b,l
4657029,78825.0,0.00050953,1735954552.2343037,b,m
4657030,78824.9,0.002953,1735954561.8484085,s,l
4657031,78825.0,0.00126863,1735954702.2002234,b,m
4657032,78859.9,0.0001874,1735954758.0313928,b,l
4657033,78860.0,0.00123714,1735954772.940273,b,l
4657034,78860.0,0.00309285,1735954847.6529658,b,l
4657035,78860.0,0.00024987,1735955103.0322578,b,l
4657036,78854.8,1.234e-05,1735955141.0340517,b,l
4657037,78860.0,3.748e-05,1735955220.033613,b,l
4657038,78860.0,0.0124933,1735955786.0323634,b,l
4657039,78860.0,0.00045259,1735955833.6866724,b,l
4657040,78859.9,0.00114486,1735955931.843208,s,m
4657041,78860.0,1.249e-05,1735956040.037047,b,l
4657042,78860.0,4.11e-05,1735956052.0354507,b,l
4657043,78860.0,1.249e-05,1735956052.042956,b,l
4657044,78857.2,0.00297372,1735956134.0980344,b,l
4657045,78858.0,0.01237173,1735956200.117152,b,l
4657046,78856.2,0.00883256,1735956216.030295,s,l
4657047,78856.2,0.00042659,1735956216.3605344,s,l
4657048,78856.2,0.00127196,1735956216.6502426,s,l
4657049,78856.2,0.00886166,1735956216.6842828,s,l
4657050,78855.2,0.00011893,1735956231.5500708,s,l
4657051,78800.0,5e-05,1735956520.4851904,s,l
4657052,78800.0,0.0038071,1735956520.4851904,s,l
4657053,78800.0,0.00025444,1735956905.850359,b,m
4657054,78800.0,1.235e-05,1735956922.0334842,b,l
4657055,78799.9,0.00010153,1735956945.9109666,b,l
4657056,78779.8,0.0009,1735957142.0902028,b,m
4657057,78758.4,0.01292968,1735957342.900046,s,l
4657058,78781.4,0.00031264,1735957710.0340924,b,l
4657059,78756.3,0.00480228,1735957725.73052,s,l
4657060,78767.0,0.01208905,1735957777.3888776,b,l
4657061,78768.1,1.236e-05,1735957809.037732,b,l
4657062,78760.8,0.000311,1735957893.6019258,b,l
4657063,78761.0,0.00087804,1735957893.6019258,b,l
4657064,78768.1,0.00405507,1735957975.4324665,b,l
4657065,78768.1,0.00631123,1735957977.759313,b,l
4657066,78768.1,0.02025349,1735958115.953376,b,l
4657067,78858.0,0.0003112,1735958174.2688322,b,l
4657068,78858.0,0.63376727,1735958231.836649,b,l
4657069,78858.0,0.19153117,1735958231.8406725,b,l
4657070,78860.0,0.00207403,1735958232.8285248,b,l
4657071,78987.5,0.00010382,1735958387.9683268,s,l
4657072,78958.4,0.00244848,1735958387.9683268,s,l
4657073,78956.8,0.0005915,1735958628.3131387,b,l
4657074,78954.5,0.00013726,1735958663.0329332,b,l
4657075,78963.2,0.00316603,1735958680.4300623,b,m
4657076,79000.0,1.232e-05,1735958757.0340805,b,l
4657077,79000.0,0.00864464,1735958758.5764377,b,l
4657078,79000.0,0.36623972,1735958766.2678535,b,l
4657079,79000.0,5e-05,1735958766.2678535,b,l
4657080,79000.8,0.00010721,1735958766.2715814,b,l
4657081,79000.8,7e-05,1735958766.2715814,b,l
4657082,79077.3,0.000384,1735959207.4832718,b,l
4657083,79077.3,0.00712,1735959207.4832718,b,l
4657084,79077.9,0.000311,1735959207.4832718,b,l
4657085,79080.0,0.00949738,1735959207.483272,b,l
4657086,79075.7,0.00082958,1735959364.6833148,s,l
4657087,79075.8,0.0010487,1735959487.4140694,b,l
4657088,79075.7,0.00142033,1735959494.3113658,s,l
4657089,79075.8,6.323e-05,1735959534.610265,b,m
4657090,79102.3,6.228e-05,1735959600.0358026,b,l
4657091,79102.2,0.0001167,1735959602.2022176,b,l
4657092,79100.4,6.228e-05,1735959623.0376413,b,l
4657093,79100.4,4.11e-05,1735959623.037918,b,l
4657094,79100.2,1.246e-05,1735959625.0348766,b,l
4657095,79098.3,0.00041639,1735959642.234887,b,l
4657096,79075.8,0.00024918,1735959658.030645,b,l
4657097,79075.7,0.00091121,1735960056.795312,s,l
4657098,79075.7,0.00948536,1735960093.5105789,s,m
4657099,79075.7,0.00064495,1735960093.5105789,s,m
4657100,79075.7,0.00031628,1735960093.5105789,s,m
4657101,79005.5,0.000311,1735960093.5105789,s,m
4657102,79002.1,0.05053842,1735960093.5105789,s,m
4657103,78983.1,0.00076914,1735960271.8848426,s,l
4657104,78969.7,0.00380523,1735960280.069533,s,l
4657105,78983.1,0.00012129,1735960308.8612225,s,l
4657106,78995.4,0.00063231,1735960519.494534,b,l
4657107,78994.8,1.232e-05,1735960527.0327413,b,l
4657108,78903.3,0.00037766,1735960931.3976572,s,m
4657109,78923.9,0.0034051,1735961052.8086684,b,m
4657110,78935.3,0.02127104,1735961216.2544062,s,l
4657111,78927.7,0.0001948,1735961266.5416572,s,l
4657112,78936.3,1.233e-05,1735961422.036035,b,l
4657113,78937.1,0.00134771,1735961462.9564404,b,l
4657114,78995.7,0.0005318,1735961760.916376,b,l
4657115,79011.9,0.00023692,1735962103.2304454,b,l
4657116,79039.0,0.0001,1735962241.0491073,b,m
4657117,79067.2,1.231e-05,1735962303.0332582,b,l
4657118,79066.8,0.00308476,1735962527.0284047,b,l
4657119,79066.7,0.00010119,1735962616.5030968,s,l
4657120,79033.0,0.00295856,1735962616.5030968,s,l
4657121,79032.4,0.01225315,1735962677.633272,s,l
4657122,79056.3,0.00024925,1735962952.033645,b,l
4657123,79048.5,0.00139284,1735962962.721594,s,l
4657124,78929.5,1.248e-05,1735963241.0369384,b,l
4657125,78858.4,0.00059807,1735963642.2316945,b,l
4657126,78858.4,0.00309292,1735963971.8053682,b,l
4657127,78858.4,1.249e-05,1735964096.03433,b,l
4657128,78858.4,1.234e-05,1735964147.033173,b,l
4657129,78858.4,0.0001,1735964202.9658103,b,m
4657130,78858.3,7e-05,1735964239.9907436,s,l
4657131,78823.9,0.00021196,1735964397.2546756,b,l
4657132,78823.0,0.0005925,1735964467.8686907,b,l
4657133,78823.3,0.00012686,1735964871.351121,b,l
4657134,78823.3,0.00443845,1735964946.5999434,b,l
4657135,78816.1,1.235e-05,1735965041.034698,b,l
4657136,78816.0,0.00126877,1735965245.5241866,s,l
4657137,78815.9,0.00317194,1735965245.5241866,s,l
4657138,78800.0,0.00093038,1735965245.5241866,s,l
4657139,78819.1,0.00041687,1735965314.499616,b,l
4657140,78837.6,0.00037809,1735965573.8375058,s,l
4657141,78858.3,3.848e-05,1735965790.531325,b,l
4657142,78869.1,0.0016254,1735965790.531325,b,l
4657143,78868.7,0.00011591,1735965852.5708804,b,l
4657144,78839.6,0.00029456,1735965943.401204,b,l
4657145,78821.8,0.00024999,1735966025.0358846,b,l
4657146,78817.1,0.00061891,1735966452.0427785,b,l
4657147,78831.0,0.00011596,1735966529.9121847,b,l
4657148,78845.1,0.00030947,1735966716.8806264,b,l
4657149,78844.9,0.00031239,1735966727.032333,b,l
4657150,78856.9,6.247e-05,1735966800.0561514,b,l
4657151,78856.8,0.0006,1735966800.1310835,s,l
4657152,78856.8,6.247e-05,1735966816.0326557,b,l
4657153,78856.8,1.234e-05,1735966827.034893,b,l
4657154,78856.8,1.249e-05,1735966828.0324886,b,l
4657155,78856.9,0.00041642,1735966840.0360198,b,l
4657156,78856.9,9.308e-05,1735966845.397018,b,l
4657157,78878.7,0.00043042,1735967009.4449718,b,l
4657158,78880.4,0.0014579,1735967025.329961,b,l
4657159,78878.0,0.0001,1735967332.4160163,b,m
4657160,78880.8,0.0003359,1735967342.2672954,b,l
4657161,78877.4,0.00125876,1735967665.492638,b,l
4657162,78877.4,0.02473737,1735967678.5147336,b,l
4657163,78890.0,0.00060353,1735967703.1479473,b,l
4657164,78942.4,0.000384,1735968061.9372206,b,l
4657165,78942.4,0.000316,1735968061.9372208,b,l
4657166,78962.5,0.00105023,1735968130.350077,b,l
4657167,78962.6,0.00696526,1735968299.4415224,b,l
4657168,78989.9,5e-05,1735968342.124976,b,m
4657169,78983.2,0.00010129,1735968551.805373,s,l
4657170,78975.5,0.00226171,1735968551.805373,s,l
4657171,78982.2,0.00018711,1735968603.0480592,b,l
4657172,78974.5,1.232e-05,1735968613.0336382,b,l
4657173,78994.4,0.00119732,1735968736.6953125,b,l
4657174,78996.0,0.00029406,1735968968.3120935,b,l
4657175,78996.0,0.00083981,1735968976.9784138,b,l
4657176,78989.8,0.01870913,1735969221.6830497,b,m
4657177,79000.7,6.487e-05,1735969513.787255,s,l
4657178,78994.1,0.000311,1735969670.3270938,s,m
4657179,78988.5,0.000384,1735969670.3270938,s,m
4657180,78987.6,0.000595,1735969670.3270938,s,m
4657181,78965.1,0.00023705,1735970086.0736256,b,l
4657182,78960.6,0.00029416,1735970101.912088,b,l
4657183,78956.9,0.00118604,1735970117.6891026,b,l
4657184,78989.9,0.00024894,1735970193.1233106,b,l
4657185,78977.8,0.00308824,1735970397.5387847,b,l
4657186,78977.9,1.232e-05,1735970407.0329633,b,l
4657187,78977.9,7.588e-05,1735970408.7734232,b,l
4657188,78978.1,0.00059716,1735970416.8413746,b,l
4657189,78977.6,0.00162171,1735970439.0354214,b,l
4657190,78977.6,0.00124747,1735970443.0310223,b,l
4657191,78966.5,3.743e-05,1735970579.0353358,b,l
4657192,78940.4,0.01877942,1735970627.3026204,s,l
4657193,78939.1,0.00063339,1735971034.8588026,b,l
4657194,78939.1,0.00024557,1735971354.5523777,b,m
4657195,78939.1,0.00029427,1735971498.8399954,b,l
4657196,78939.0,0.00304202,1735971520.289674,s,l
4657197,78939.1,1.261e-05,1735971584.031316,b,l
4657198,78939.1,4.992e-05,1735972110.031185,b,l
4657199,78939.1,6.24e-05,1735972200.0472822,b,l
4657200,78939.1,0.00027168,1735972200.057505,b,l
4657201,78939.1,0.00035236,1735972200.057505,b,l
4657202,78939.0,0.00084401,1735972276.9749064,s,l
4657203,78939.0,0.00118117,1735972312.1857708,s,l
4657204,78920.0,0.0012671,1735972312.1857708,s,l
4657205,78910.7,0.00672266,1735972312.1857708,s,l
4657206,78910.6,0.000311,1735972312.1857708,s,l
4657207,78910.5,0.004275,1735972312.1857708,s,l
4657208,78927.7,3.745e-05,1735972664.0320237,b,l
4657209,78942.9,0.00061792,1735972892.4838023,b,l
4657210,78942.9,0.00242766,1735972894.0990312,b,l
4657211,78942.9,6.24e-05,1735972917.0327342,b,l
4657212,78955.0,0.00149623,1735973705.0887012,b,l
4657213,78955.0,0.00132265,1735973705.528777,b,l
4657214,78955.0,0.00019424,1735973705.958056,b,l
4657215,78987.9,0.0003535,1735973910.6950958,b,l
4657216,78987.9,0.02275097,1735973979.0343966,b,l
4657217,78987.9,1.247e-05,1735974000.0585015,b,l
4657218,78987.9,0.00061457,1735974000.075475,b,l
4657219,78987.8,0.00010129,1735974001.255504,s,l
4657220,78970.0,0.00071018,1735974001.255504,s,l
4657221,78969.9,0.02373999,1735974001.255504,s,l
4657222,78987.7,0.00062366,1735974019.031593,b,l
4657223,78987.7,1.247e-05,1735974021.0349474,b,l
4657224,78987.7,4.989e-05,1735974031.0315812,b,l
4657225,78987.5,0.00024946,1735974047.0406868,b,l
4657226,78987.4,0.00012473,1735974048.033168,b,l
4657227,78987.0,3.742e-05,1735974055.0344243,b,l
4657228,78985.5,0.00064419,1735974133.2487607,s,l
4657229,78992.3,0.00049514,1735974381.4367518,b,l
4657230,78992.4,4.365e-05,1735974417.0344272,b,l
4657231,78997.0,0.00142984,1735974482.6915076,s,l
4657232,78993.9,0.00484164,1735974482.6915076,s,l
4657233,79000.8,7e-05,1735974500.5889015,b,m
4657234,79006.9,0.00024131,1735974500.5889015,b,m
4657235,79006.9,0.0001247,1735974511.0354762,b,l
4657236,79027.2,0.00011681,1735974732.0832758,b,l
4657237,79076.1,0.00049354,1735974963.9634995,b,l
4657238,79072.1,0.02485822,1735974996.1407566,b,l
4657239,79112.2,0.00029376,1735975012.4528818,b,l
4657240,79132.8,0.00029644,1735975043.915173,b,l
4657241,79112.1,0.00298508,1735975058.3604722,b,l
4657242,79065.6,0.00077,1735975138.4361267,s,l
4657243,79040.3,0.00044281,1735975255.0216515,b,m
4657244,79015.8,0.0034016,1735975428.3150408,b,l
4657245,79006.4,0.00553425,1735975459.222334,s,l
4657246,79006.3,0.00577383,1735975459.222334,s,l
4657247,79007.5,0.0090019,1735975494.654836,b,l
4657248,79003.1,0.00123487,1735975558.690143,b,l
4657249,79002.9,0.00010384,1735975559.7865355,b,l
4657250,79052.1,0.000384,1735975717.0343535,b,l
4657251,79053.0,0.00086228,1735975717.0343535,b,l
4657252,79052.9,0.00077465,1735975736.0055587,b,l
4657253,79039.4,0.00015,1735975762.647739,b,m
4657254,79036.0,0.00012465,1735975800.0380163,b,l
4657255,79044.1,0.00012343,1735975912.0551498,b,l
4657256,79030.0,0.00024933,1735976033.0358665,b,l
4657257,79029.9,0.00063267,1735976238.9069571,s,l
4657258,79022.4,0.00258408,1735976238.9069571,s,l
4657259,79070.9,0.00128684,1735976580.9343812,s,l
4657260,79076.6,0.00020739,1735976601.699864,s,l
4657261,79120.2,9.277e-05,1735976848.7650952,b,l
4657262,79120.2,0.00450647,1735976849.0384252,b,l
4657263,79088.4,0.00177782,1735976946.8195374,b,l
4657264,79103.0,0.0027261,1735977039.662716,s,l
4657265,79102.9,0.00121524,1735977039.662716,s,l
4657266,79080.0,0.0025311,1735977187.4660668,s,l
4657267,79060.3,0.01014302,1735977187.4660668,s,l
4657268,79058.7,0.00059655,1735977237.2821352,b,l
4657269,79065.5,0.00038973,1735977250.2982614,s,l
4657270,79048.9,0.00102067,1735977377.2029855,s,l
4657271,79064.6,0.000311,1735977477.2467394,b,l
4657272,79064.6,0.00016098,1735977477.2467394,b,l
4657273,79072.7,0.00030842,1735977503.7644734,b,l
4657274,79093.9,1.246e-05,1735977603.0350013,b,l
4657275,79080.6,9.613e-05,1735977616.034413,s,l
4657276,79080.7,0.0001495,1735977645.0313933,b,l
4657277,79080.7,0.00062292,1735977655.033853,b,l
4657278,79080.7,0.00063226,1735977664.5012352,b,l
4657279,79091.5,0.03841607,1735977816.7175293,s,m
4657280,79097.5,0.0505705,1735977928.8309689,b,m
4657281,79097.4,0.00024526,1735977937.2308557,s,l
4657282,79054.0,0.00061705,1735978067.782972,b,l
4657283,79053.9,0.000958,1735978091.4889083,s,l
4657284,79049.4,0.000311,1735978107.6314695,s,m
4657285,79049.0,0.00071312,1735978107.6314695,s,m
4657286,79075.0,0.00237193,1735978258.4862096,b,l
4657287,79078.6,0.06168531,1735978284.1235971,b,l
4657288,79078.7,0.00011674,1735978286.9378483,b,l
4657289,79073.0,0.0006298,1735978307.8924985,b,m
4657290,79072.2,0.00029667,1735978418.7830942,b,l
4657291,79077.5,0.00062295,1735978484.0319147,b,l
4657292,79080.0,0.00022917,1735978557.149406,s,l
4657293,79080.1,0.00023671,1735978663.7058733,b,l
4657294,79080.1,0.00126438,1735978765.0826228,b,l
4657295,79080.1,1.246e-05,1735978778.0330863,b,l
4657296,79080.1,0.07271944,1735978785.365337,b,m
4657297,79080.1,0.039,1735978785.365337,b,m
4657298,79080.1,0.04690652,1735978785.365337,b,m
4657299,79080.1,0.000314,1735978785.365337,b,m
4657300,79080.1,0.15280062,1735978785.365337,b,m
4657301,79080.1,0.00765646,1735978785.365337,b,m
4657302,79080.1,0.00011674,1735978793.6735473,b,l
4657303,79080.1,0.00037011,1735978836.4963708,b,l
4657304,79080.0,3.872e-05,1735978934.4898844,s,l
4657305,79080.0,6.245e-05,1735978978.7786922,s,l
4657306,78991.1,0.02377019,1735979015.7594066,b,l
4657307,78979.6,0.000314,1735979205.828519,s,l
4657308,78975.4,0.00098387,1735979205.828519,s,l
4657309,79049.5,5.184e-05,1735979423.039021,b,l
4657310,79047.2,6.232e-05,1735979445.0325785,b,l
4657311,79056.5,0.00070959,1735979515.1678045,b,l
4657312,79072.7,0.00018577,1735979598.2528305,b,l
4657313,79067.3,0.00193033,1735979600.6407845,s,l
4657314,79050.5,0.0006325,1735979862.0597107,s,l
4657315,79011.7,0.00057825,1735979964.3718872,s,l
4657316,79018.9,0.00123466,1735979968.24809,b,l
4657317,79009.5,0.00635366,1735980022.5338366,s,l
4657318,79009.6,0.00025313,1735980038.3727007,b,m
4657319,79026.3,0.00712,1735980058.7876203,b,l
4657320,79028.1,0.02258687,1735980058.7876203,b,l
4657321,79033.2,0.000311,1735980068.311478,b,m
4657322,79033.2,0.00607872,1735980068.311478,b,m
4657323,79013.6,0.01543376,1735980165.6974869,b,l
4657324,79006.7,0.00024964,1735980209.6397414,b,l
4657325,78996.0,3.893e-05,1735980229.686761,s,l
4657326,79004.8,0.1234874,1735980275.0438335,b,l
4657327,79005.8,0.00068586,1735980288.0329964,b,l
4657328,78991.6,6.236e-05,1735980346.0354595,b,l
4657329,78967.2,0.00191953,1735980543.783245,b,l
4657330,78967.2,0.00024953,1735980760.0373476,b,l
4657331,78967.1,0.0005934,1735980769.2026029,s,l
4657332,78967.2,1.235e-05,1735980798.5724864,b,l
4657333,78967.2,0.00011548,1735980824.2847152,b,l
4657334,78967.1,0.06464389,1735980862.8358953,s,l
4657335,78872.7,0.00059796,1735980876.2690525,b,l
4657336,78872.1,0.02287492,1735981016.5987844,s,l
4657337,78872.2,0.04690652,1735981051.6924417,b,m
4657338,78872.2,0.1,1735981051.6924417,b,m
4657339,78872.2,0.15752265,1735981051.692442,b,m
4657340,78872.1,0.00025991,1735981170.6806686,s,l
4657341,78872.2,0.00024739,1735981185.8741407,b,l
4657342,78872.2,6.661e-05,1735981188.1105933,b,l
4657343,78872.2,0.00112086,1735981188.1105933,b,l
4657344,78872.2,0.00012491,1735981200.0897915,b,l
4657345,78872.2,1.237e-05,1735981200.106259,b,l
4657346,78872.2,9.369e-05,1735981200.139281,b,l
4657347,78872.2,0.00124914,1735981200.1738398,b,l
4657348,78872.2,0.00050639,1735981238.6640987,b,m
4657349,78872.2,0.00012491,1735981243.035856,b,l
4657350,78872.1,0.00111888,1735981257.7794285,s,l
4657351,78872.2,0.0023777,1735981434.159559,b,l
4657352,78872.1,6.854e-05,1735981494.2700698,s,l
4657353,78872.2,0.00550384,1735981511.557265,b,m
4657354,78872.2,1.237e-05,1735981533.236012,b,l
4657355,78872.2,0.00011704,1735981549.2476633,b,l
4657356,78872.2,0.00011704,1735981600.7953904,b,l
4657357,78872.1,0.01123142,1735981716.768392,s,l
4657358,78858.3,7e-05,1735981716.7727883,s,l
4657359,78800.1,0.000314,1735981774.2964916,b,l
4657360,78800.1,0.00093628,1735981774.2964916,b,l
4657361,78800.1,0.00286858,1735981786.4740474,b,l
4657362,78800.0,0.00074324,1735981804.0337927,s,l
4657363,78800.1,0.00031257,1735981829.0341742,b,l
4657364,78800.0,0.00024739,1735981861.6869545,s,l
4657365,78800.1,0.000311,1735981987.61994,b,m
4657366,78800.1,0.009689,1735981987.61994,b,m
4657367,78800.0,6.343e-05,1735982063.4903843,s,m
4657368,78800.1,6.319e-05,1735982083.7289252,b,m
4657369,78800.1,0.00123808,1735982116.6244817,b,l
4657370,78800.0,1.25337482,1735982147.9446414,s,l
4657371,78800.0,0.01367627,1735982147.9447742,s,l
4657372,78762.7,0.000311,1735982147.9957306,s,l
4657373,78762.6,0.007136,1735982147.9957306,s,l
4657374,78762.5,0.000315,1735982147.9957306,s,l
4657375,78762.8,0.007762,1735982148.0224535,s,l
4657376,78762.8,0.007762,1735982148.023016,s,l
4657377,78762.8,0.007762,1735982148.0246232,s,l
4657378,78762.8,0.00358567,1735982148.0257545,s,l
4657379,78758.5,0.00012509,1735982170.0386248,b,l
4657380,78810.9,0.00107736,1735982190.2047818,s,l
4657381,78872.1,0.01376543,1735982247.7676942,s,m
4657382,78863.9,0.03284878,1735982247.7676942,s,m
4657383,78795.4,0.005,1735982407.5890012,s,l
4657384,78758.8,8.757e-05,1735982460.0318315,b,l
4657385,78741.5,0.00118869,1735982472.5757575,b,l
4657386,78744.6,0.02371365,1735982485.9003067,b,l
4657387,78802.3,0.00594263,1735982599.1150312,b,l
4657388,78817.6,0.000311,1735982634.0594294,b,l
4657389,78820.0,0.03682995,1735982634.0594294,b,l
4657390,78830.5,0.00017722,1735982742.8754313,b,l
4657391,78813.5,0.00011037,1735982842.105765,b,l
4657392,78799.8,0.00023758,1735982932.3234675,b,l
4657393,78792.5,0.00026018,1735982943.0357292,s,l
4657394,78805.2,0.00029767,1735982963.4150774,b,l
4657395,78804.2,0.00063448,1735982974.3613925,b,m
4657396,78796.7,0.000308,1735982989.9590929,s,l
4657397,78795.9,0.00678008,1735982989.9590929,s,l
4657398,78795.8,0.02291192,1735982989.9590929,s,l
4657399,78812.0,2.5e-05,1735983117.0360796,b,l
4657400,78811.5,0.00149642,1735983126.5647836,b,l
4657401,78826.9,0.00185648,1735983193.2514756,b,l
4657402,78829.9,0.07448635,1735983196.3953967,b,l
4657403,78830.0,0.08640157,1735983196.3953967,b,l
4657404,78806.4,0.00023753,1735983216.7081342,b,l
4657405,78786.6,0.000308,1735983252.7886035,s,l
4657406,78785.7,0.00017275,1735983252.7886035,s,l
4657407,78800.3,0.00025006,1735983253.032869,b,l
4657408,78787.4,0.00097175,1735983304.6704865,b,l
4657409,78787.4,0.00026648,1735983304.6704865,b,l
4657410,78781.7,0.00619186,1735983322.17697,b,l
4657411,78781.6,0.00255478,1735983556.536738,s,l
4657412,78761.1,0.00017738,1735983592.541818,b,l
4657413,78761.1,0.00016103,1735983669.9366176,b,l
4657414,78761.1,0.01247825,1735983736.7723372,b,l
4657415,78761.1,0.00018357,1735983767.382738,b,l
4657416,78761.1,0.00495478,1735983816.807172,b,l
4657417,78761.1,0.00011721,1735983881.024283,b,l
4657418,78761.1,0.00126966,1735984014.9875803,b,m
4657419,78761.0,0.00066653,1735984052.5561044,s,l
4657420,78761.0,0.00012696,1735984052.5561044,s,l
4657421,78756.8,0.69835239,1735984052.5561044,s,l
4657422,78728.6,0.00526873,1735984053.081323,s,l
4657423,78716.1,7e-05,1735984053.081323,s,l
4657424,78700.0,5e-05,1735984056.1087976,s,l
4657425,78689.5,0.00010435,1735984056.1087976,s,l
4657426,78680.0,0.00127097,1735984056.1171343,s,l
4657427,78659.3,5e-05,1735984058.1339536,s,l
4657428,78650.0,0.00445009,1735984058.1339538,s,l
4657429,78630.4,5e-05,1735984058.1339538,s,l
4657430,78600.0,5e-05,1735984058.1474628,s,l
4657431,78651.0,0.000315,1735984121.2291665,b,l
4657432,78651.6,0.00030522,1735984121.2291665,b,l
4657433,78643.1,0.00023803,1735984141.193691,b,l
4657434,78643.1,7.397e-05,1735984166.7774253,b,l
4657435,78643.5,0.00111696,1735984166.7774253,b,l
4657436,78623.3,0.00558379,1735984206.5130982,b,l
4657437,78621.1,0.00119127,1735984231.3561509,b,l
4657438,78626.6,0.00231342,1735984249.8692336,s,l
4657439,78643.2,0.000315,1735984313.5630708,s,l
4657440,78637.3,0.01051296,1735984313.5630708,s,l
4657441,78644.9,0.00248871,1735984328.5531995,s,m
4657442,78656.6,0.0001,1735984373.2850244,b,m
4657443,78647.0,0.00170494,1735984396.3416097,s,l
4657444,78654.9,0.00025052,1735984406.0350652,b,l
4657445,78697.9,0.00012399,1735984521.028968,b,l
4657446,78680.9,0.00149957,1735984557.5006928,b,l
4657447,78668.3,0.00130292,1735984596.5592985,s,l
4657448,78668.4,6.262e-05,1735984698.036939,b,l
4657449,78668.4,0.00053537,1735984748.1144097,b,l
4657450,78668.4,0.000312,1735984800.032582,b,l
4657451,78668.4,6.371e-05,1735984800.032582,b,l
4657452,78668.4,0.00017629,1735984800.082744,b,l
4657453,78668.4,7.418e-05,1735984800.082744,b,l
4657454,78668.4,0.00011735,1735984801.4800446,b,l
4657455,78668.4,1.252e-05,1735984815.0345163,b,l
4657456,78668.4,0.00018786,1735984819.0329013,b,l
4657457,78668.4,6.262e-05,1735984820.031879,b,l
4657458,78668.4,0.00668847,1735984825.171644,b,l
4657459,78668.4,0.00583709,1735984825.171644,b,l
4657460,78668.4,0.0001162,1735984830.6675532,b,l
4657461,78668.4,6.262e-05,1735984835.0325122,b,l
4657462,78668.4,0.00062008,1735984857.094797,b,l
4657463,78668.4,0.00023552,1735984998.88885,b,l
4657464,78668.4,0.0747243,1735985106.9263823,b,l
4657465,78668.4,0.1753757,1735985106.9263823,b,l
4657466,78668.3,0.00127116,1735985120.8981209,s,l
4657467,78668.3,0.00444906,1735985120.8981209,s,l
4657468,78655.8,0.007144,1735985120.8981209,s,l
4657469,78654.3,0.00016634,1735985120.8981209,s,l
4657470,78640.1,0.00022574,1735985420.3807745,b,l
4657471,78640.0,0.00025419,1735985453.8813086,s,l
4657472,78626.7,0.00019554,1735985461.6238568,s,l
4657473,78637.8,0.07476054,1735985462.1120954,b,m
4657474,78637.9,0.000312,1735985462.1120954,b,m
4657475,78638.1,0.02492965,1735985462.1120954,b,m
4657476,78640.0,0.1,1735985521.016236,b,m
4657477,78640.0,0.00062641,1735985556.0317087,b,l
4657478,78639.9,0.00039102,1735985560.0193555,s,l
4657479,78640.0,0.00372181,1735985649.3775296,b,l
4657480,78640.0,0.00023571,1735985659.4590118,b,l
4657481,78640.0,0.01253467,1735985753.2722278,b,l
4657482,78639.9,0.00047627,1735985781.3135736,s,l
4657483,78640.0,0.12528251,1735985816.140275,b,l
4657484,78640.0,0.00062641,1735985824.0379484,b,l
4657485,78639.9,0.03852373,1735985838.4027617,s,l
4657486,78639.9,0.000315,1735985838.402762,s,l
4657487,78639.9,0.007145,1735985838.402762,s,l
4657488,78639.9,0.02608922,1735985838.402762,s,l
4657489,78639.9,0.03661234,1735985838.402762,s,l
4657490,78636.0,0.00152602,1735986025.495585,b,m
4657491,78636.0,0.00561898,1735986033.5666506,b,m
4657492,78636.0,0.00204772,1735986033.5666506,b,m
4657493,78636.0,0.25391339,1735986046.4153028,b,l
4657494,78636.0,0.007145,1735986046.4153028,b,l
4657495,78636.0,0.039,1735986046.4153028,b,l
4657496,78638.1,0.25595428,1735986046.4153028,b,l
4657497,78638.2,0.000314,1735986046.415303,b,l
4657498,78638.4,0.25595352,1735986046.415303,b,l
4657499,78640.0,0.05816279,1735986046.415303,b,l
4657500,78641.8,0.000312,1735986046.415303,b,l
4657501,78643.9,0.25593555,1735986046.415303,b,l
4657502,78650.0,0.03871583,1735986051.0331323,s,l
4657503,78650.1,0.00633184,1735986090.2425814,b,m
4657504,78650.1,9.936e-05,1735986105.523095,b,l
4657505,78650.1,0.01193616,1735986138.5658736,b,l
4657506,78650.0,0.00390973,1735986192.3013563,s,l
4657507,78650.0,0.1007366,1735986208.256996,s,m
4657508,78650.1,0.00248089,1735986210.505863,b,l
4657509,78650.1,0.00062022,1735986222.3046222,b,l
4657510,78674.2,0.00010509,1735986316.8898551,b,l
4657511,78672.0,0.00124007,1735986330.0517836,b,l
4657512,78676.5,0.00125224,1735986365.0328412,b,l
4657513,78676.2,0.00025045,1735986371.034304,b,l
4657514,78681.6,0.00024961,1735986387.3010986,b,m
4657515,78712.2,0.00023551,1735986461.543037,b,l
4657516,78732.0,0.01917979,1735986478.3100145,b,m
4657517,78703.3,0.01263,1735986511.6449888,s,l
4657518,78710.1,0.00062585,1735986617.0336225,b,l
4657519,78703.5,0.000312,1735986622.8658626,s,l
4657520,78703.2,0.00011604,1735986622.8658626,s,l
4657521,78701.6,0.00139533,1735986622.8658626,s,l
4657522,78709.6,0.07480749,1735986635.24609,b,l
4657523,78709.7,0.2557349,1735986635.24609,b,l
4657524,78709.8,0.039,1735986635.24609,b,l
4657525,78713.1,0.00015245,1735986668.6776516,b,m
4657526,78713.1,0.2555714,1735986669.809119,b,l
4657527,78713.1,0.25572385,1735986669.809119,b,l
4657528,78713.1,0.25572385,1735986669.809119,b,l
4657529,78713.2,0.007139,1735986669.809119,b,l
4657530,78716.6,0.000311,1735986669.809119,b,l
4657531,78718.0,0.25570797,1735986669.809119,b,l
4657532,78733.7,0.0748061,1735986669.809119,b,l
4657533,78733.8,0.25565679,1735986669.809119,b,l
4657534,78737.7,0.1,1735986669.809119,b,l
4657535,78754.9,0.00215874,1735986817.0794291,b,l
4657536,78761.0,0.07432744,1735986828.5898535,b,l
4657537,78761.1,0.00018308,1735986847.194377,b,l
4657538,78761.0,0.011,1735986872.3985765,s,l
4657539,78757.3,0.07478029,1735987053.1270251,b,m
4657540,78757.4,0.02521968,1735987053.1270251,b,m
4657541,78757.1,0.00030969,1735987056.13265,b,l
4657542,78751.7,0.00063347,1735987068.6852772,b,l
4657543,78751.7,0.00127191,1735987103.9420457,b,m
4657544,78761.1,0.01874383,1735987103.9420457,b,m
4657545,78761.1,0.0029777,1735987167.397774,b,l
4657546,78761.0,0.000311,1735987174.8658445,s,l
4657547,78761.0,0.00291871,1735987174.8658445,s,l
4657548,78761.1,0.00507865,1735987180.794054,b,m
4657549,78761.1,0.08009882,1735987240.5687385,b,l
4657550,78761.1,0.07477628,1735987240.5687385,b,l
4657551,78767.2,0.25556592,1735987240.5687385,b,l
4657552,78770.1,0.25555645,1735987240.5687385,b,l
4657553,78771.0,0.000311,1735987240.5687385,b,l
4657554,78772.1,0.25555001,1735987240.5687385,b,l
4657555,78776.6,0.25553545,1735987240.5687385,b,l
4657556,78776.7,0.003778,1735987240.5687385,b,l
4657557,78780.7,0.08801409,1735987240.5687385,b,l
4657558,78790.1,0.05159036,1735987303.4314232,b,l
4657559,78797.7,0.0002977,1735987352.020081,b,l
4657560,78810.4,0.07477516,1735987367.990584,b,l
4657561,78810.5,0.25544027,1735987367.990584,b,l
4657562,78810.5,0.25544027,1735987367.990584,b,l
4657563,78810.5,0.25544027,1735987367.990584,b,l
4657564,78810.5,0.25544027,1735987367.990584,b,l
4657565,78810.7,0.039,1735987367.990584,b,l
4657566,78811.5,0.000306,1735987367.990584,b,l
4657567,78814.7,0.04690652,1735987367.990584,b,l
4657568,78815.0,0.05885917,1735987367.990584,b,l
4657569,78815.2,0.18463312,1735987367.990584,b,l
4657570,78816.1,0.16389088,1735987367.990584,b,l
4657571,78820.5,0.09358477,1735987367.990584,b,l
4657572,78823.5,0.25539831,1735987367.990584,b,l
4657573,78829.3,0.1,1735987367.9905844,b,l
4657574,78830.0,0.03041366,1735987419.8946168,s,l
4657575,78830.0,0.002962,1735987424.6969275,s,l
4657576,78830.1,1.238e-05,1735987441.4665508,b,l
4657577,78830.1,2.5e-05,1735987446.034304,b,l
4657578,78830.1,0.00317201,1735987471.1209595,b,l
4657579,78830.1,0.00118811,1735987499.4100523,b,l
4657580,78830.1,0.02053444,1735987506.894373,b,l
4657581,78830.1,0.00126855,1735987508.3043668,b,m
4657582,78830.1,0.00037494,1735987550.0324752,b,l
4657583,78830.1,6.188e-05,1735987558.6039484,b,l
4657584,78830.0,6.188e-05,1735987586.2810917,s,l
4657585,78830.1,0.00136768,1735987603.367407,b,l
4657586,78830.1,9.311e-05,1735987778.9739673,b,l
4657587,78830.1,0.00076113,1735987831.295283,b,l
4657588,78830.1,0.00033288,1735987840.2770903,b,l
4657589,78830.1,0.00012376,1735987956.311775,b,l
4657590,78830.1,0.00118811,1735987989.662187,b,l
4657591,78830.1,0.0003542,1735988019.0871916,b,l
4657592,78818.6,0.04481638,1735988042.2731924,b,l
4657593,78818.7,0.01518362,1735988042.2731924,b,l
4657594,78790.9,0.00130086,1735988076.6666005,s,l
4657595,78768.0,0.00062539,1735988124.143107,b,l
4657596,78770.7,0.00031738,1735988138.000121,b,m
4657597,78767.9,0.0013,1735988143.2052965,s,m
4657598,78767.9,0.00187157,1735988169.736935,b,l
4657599,78762.3,0.000311,1735988305.24885,s,l
4657600,78751.4,0.00391904,1735988305.24885,s,l
4657601,78790.7,0.00123822,1735988324.9843433,b,l
4657602,78783.5,0.00582006,1735988366.311082,b,l
4657603,78779.1,0.00023762,1735988400.7516956,b,l
4657604,78778.1,0.00062531,1735988408.0371325,b,l
4657605,78775.7,1.251e-05,1735988423.0394557,b,l
4657606,78756.7,6.347e-05,1735988430.6193657,s,l
4657607,78756.7,0.00069836,1735988437.3610682,s,l
4657608,78755.1,0.000311,1735988437.3610682,s,l
4657609,78753.4,0.06499064,1735988437.3610682,s,l
4657610,78772.3,0.00081297,1735988447.038291,b,l
4657611,78774.9,0.00672624,1735988505.2489867,b,l
4657612,78767.4,0.00062386,1735988588.178048,b,l
4657613,78744.6,0.00019524,1735988590.8031108,s,l
4657614,78763.8,0.0123863,1735988609.4293454,b,l
4657615,78743.1,0.00086709,1735988643.1000955,b,l
4657616,78743.1,0.00020745,1735988691.7217886,b,l
4657617,78743.0,0.00083626,1735988755.5509512,s,l
4657618,78743.0,0.00023773,1735988778.2670822,b,l
4657619,78743.0,0.00023773,1735988787.7432692,b,l
4657620,78743.0,0.00445512,1735988795.7872446,b,l
4657621,78744.8,0.00181744,1735988795.7872448,b,l
4657622,78735.2,0.01536661,1735988828.895432,s,m
4657623,78750.3,0.00012389,1735988849.8053334,b,l
4657624,78730.4,0.00459926,1735988862.869469,b,l
4657625,78702.4,0.00012706,1735988884.9894826,b,m
4657626,78700.1,0.0717054,1735988908.6384168,b,l
4657627,78700.2,0.05317252,1735988908.6384168,b,l
4657628,78700.0,0.0021694,1735988914.4302907,b,l
4657629,78709.3,0.0004201,1735989007.368606,s,m
4657630,78734.5,0.00061972,1735989094.026614,b,l
4657631,78707.6,0.0011431,1735989096.6871696,s,l
4657632,78718.3,0.00120961,1735989178.1004725,b,l
4657633,78716.9,0.00017748,1735989194.9842827,b,l
4657634,78719.7,0.00041433,1735989216.0441778,b,l
4657635,78721.9,0.039,1735989260.999507,s,l
4657636,78721.8,0.01902099,1735989260.999507,s,l
4657637,78719.1,0.00029799,1735989262.8522882,b,l
4657638,78720.3,0.00019715,1735989267.9323597,s,l
4657639,78736.9,0.00324961,1735989352.499771,b,l
4657640,78730.6,0.00216855,1735989418.5223572,b,l
4657641,78756.3,0.00011722,1735989489.3456817,b,l
4657642,78755.5,6.255e-05,1735989500.0364852,b,l
4657643,78742.2,0.00120114,1735989696.9859352,b,l
4657644,78740.3,0.00030975,1735989718.2461748,b,l
4657645,78739.7,0.00049469,1735989784.3849738,s,l
4657646,78734.2,0.00011607,1735989910.21515,b,l
4657647,78734.2,0.00596016,1735989982.166959,b,l
4657648,78734.2,0.00041832,1735990006.0169897,b,l
4657649,78734.2,0.0001,1735990050.0449033,b,m
4657650,78744.8,0.00011803,1735990191.2681916,s,l
4657651,78744.8,0.00093837,1735990200.0454323,b,l
4657652,78744.2,0.01269935,1735990212.535018,b,m
4657653,78734.1,0.00050791,1735990245.1888108,s,l
4657654,78732.8,0.00303317,1735990245.188811,s,l
4657655,78752.8,0.00412052,1735990414.6052897,s,l
4657656,78755.8,0.00062395,1735990591.4060383,b,l
4657657,78755.8,0.00184237,1735990606.705414,b,l
4657658,78758.2,0.00030818,1735990666.0315406,b,l
4657659,78758.2,0.00041281,1735990769.5629635,b,l
4657660,78758.2,0.00024957,1735990818.048774,b,l
4657661,78758.1,0.00028892,1735990841.7452848,s,l
4657662,78758.2,0.0676501,1735990918.4755416,b,m
4657663,78758.2,0.00011721,1735990922.0164678,b,l
4657664,78758.2,0.00247748,1735990952.360572,b,l
4657665,78758.2,0.0004,1735991081.3127918,b,m
4657666,78758.2,4.441e-05,1735991084.0365236,b,l
4657667,78758.2,0.00077186,1735991101.420328,b,l
4657668,78758.2,0.00037162,1735991124.502113,b,l
4657669,78758.2,0.00023536,1735991168.278529,b,l
4657670,78758.2,0.0061937,1735991174.59333,b,l
4657671,78758.2,0.00310212,1735991224.8209977,b,l
4657672,78789.3,0.00798146,1735991224.8209977,b,l
4657673,78796.4,0.00012381,1735991247.241813,b,l
4657674,78793.6,0.00118866,1735991305.4547358,b,l
4657675,78801.7,6.345e-05,1735991337.7705252,b,m
4657676,78805.4,5e-05,1735991423.4716733,b,m
4657677,78804.6,0.000116,1735991434.362233,b,l
4657678,78830.0,0.00313533,1735991555.5869706,s,l
4657679,78830.1,0.00012376,1735991586.4002347,b,l
4657680,78851.5,0.00390209,1735991622.0833046,b,l
4657681,78858.3,7e-05,1735991696.241729,b,m
4657682,78865.5,0.000564,1735991696.241729,b,m
4657683,78858.2,8.66e-05,1735991703.6378057,b,l
4657684,78834.5,0.00126833,1735991716.4540515,s,m
4657685,78841.1,0.00185615,1735991723.1426697,b,l
4657686,78832.1,0.00047332,1735991727.8602464,b,l
4657687,78840.0,0.04690652,1735991767.5203147,s,m
4657688,78840.0,0.039,1735991767.5203147,s,m
4657689,78839.9,0.25533445,1735991767.5203147,s,m
4657690,78839.3,0.007128,1735991767.5203147,s,m
4657691,78837.0,0.000311,1735991767.5203147,s,m
4657692,78836.6,0.1,1735991767.5203147,s,m
4657693,78836.5,0.25534579,1735991767.5203147,s,m
4657694,78836.5,0.25534579,1735991767.5203147,s,m
4657695,78832.0,0.00010149,1735991767.5203147,s,m
4657696,78832.0,0.25536036,1735991767.5203147,s,m
4657697,78825.9,0.000314,1735991767.5203147,s,m
4657698,78812.7,0.25542286,1735991767.5203147,s,m
4657699,78797.1,0.25547337,1735991767.520315,s,m
4657700,78793.5,0.0317285,1735991767.520315,s,m
4657701,78787.2,0.1111725,1735991767.520315,s,m
4657702,78787.0,0.07748019,1735991767.520315,s,m
4657703,78776.9,0.2555388,1735991767.520315,s,m
4657704,78770.2,0.01066643,1735991767.520315,s,m
4657705,78767.4,0.09983366,1735991767.520315,s,m
4657706,78753.9,0.25561333,1735991767.520315,s,m
4657707,78753.4,0.165186,1735991767.520315,s,m
4657708,78721.9,0.07480887,1735991767.520315,s,m
4657709,78721.8,0.00792009,1735991767.520315,s,m
4657710,78721.7,0.00808735,1735991767.520315,s,m
4657711,78716.1,7e-05,1735991767.520315,s,m
4657712,78709.8,0.18340934,1735991767.520315,s,m
4657713,78709.7,0.25575708,1735991767.520315,s,m
4657714,78699.7,0.1908,1735991767.520315,s,m
4657715,78698.8,0.1912,1735991767.520315,s,m
4657716,78684.5,0.1799,1735991767.5203152,s,m
4657717,78680.0,0.00393619,1735991767.5203152,s,m
4657718,78653.9,0.25593852,1735991767.5203152,s,m
4657719,78626.7,0.01259297,1735991767.5203152,s,m
4657720,78626.7,0.25,1735991767.5203152,s,m
4657721,78832.8,0.00231712,1735991830.558735,s,l
4657722,78843.3,0.00017721,1735991975.9665864,b,l
4657723,78839.5,0.000311,1735991990.84997,s,l
4657724,78838.6,0.01189531,1735991990.84997,s,l
4657725,78820.0,0.00011712,1735992002.0756128,b,l
4657726,78812.5,0.00037502,1735992023.0330665,b,l
4657727,78812.5,6.25e-05,1735992044.032077,b,l
4657728,78827.1,6.312e-05,1735992059.0365672,b,l
4657729,78816.3,0.00676872,1735992065.8616853,b,m
4657730,78827.8,0.000314,1735992065.8616853,b,m
4657731,78829.1,0.05614098,1735992065.8616853,b,m
4657732,78812.7,0.00012787,1735992112.128763,b,l
4657733,78832.5,0.00984602,1735992183.8670113,b,l
4657734,78832.6,0.25532799,1735992183.8670113,b,l
4657735,78832.6,0.04431327,1735992183.8670113,b,l
4657736,78851.7,0.00872807,1735992206.302763,b,m
4657737,78851.8,0.25526582,1735992206.302763,b,m
4657738,78851.8,0.25526582,1735992206.3027632,b,m
4657739,78851.8,0.25526582,1735992206.3027632,b,m
4657740,78852.2,0.25526452,1735992206.3027632,b,m
4657741,78852.7,0.000311,1735992206.3027632,b,m
4657742,78858.3,7e-05,1735992206.3027632,b,m
4657743,78862.9,0.007126,1735992206.3027632,b,m
4657744,78868.5,0.14458256,1735992206.3027632,b,m
4657745,78870.4,0.17945739,1735992206.3027632,b,m
4657746,78875.0,0.00012678,1735992224.579569,b,m
4657747,78854.7,0.00367043,1735992366.7771044,b,l
4657748,78854.8,0.05213068,1735992366.7771044,b,l
4657749,78848.5,0.00938509,1735992420.2020967,b,m
4657750,78848.4,0.02,1735992427.492154,s,m
4657751,78848.5,0.00011594,1735992453.0446863,b,l
4657752,78848.5,0.00623221,1735992548.5353937,b,l
4657753,78825.3,0.00029759,1735992603.902167,b,l
4657754,78820.6,0.00178323,1735992611.967161,b,l
4657755,78800.7,4.101e-05,1735992637.0332327,b,l
4657756,78800.7,0.00053311,1735992668.109749,b,l
4657757,78800.6,0.00013008,1735992864.922696,s,l
4657758,78800.7,0.00928554,1735992866.430792,b,l
4657759,78800.7,0.00063463,1735992886.587812,b,l
4657760,78805.4,0.00126895,1735992902.7812922,b,m
4657761,78805.4,0.00156274,1735992903.033349,b,l
4657762,78802.2,0.00268118,1735992903.3009045,s,l
4657763,78800.7,0.00021877,1735992923.4555054,b,l
4657764,78800.7,6.251e-05,1735992942.0319808,b,l
4657765,78800.6,0.0024822,1735992962.634838,s,l
4657766,78800.7,0.00029479,1735992994.8340049,b,l
4657767,78800.6,0.00266654,1735993000.7424476,s,l
4657768,78800.7,0.0001269,1735993118.1274269,b,m
4657769,78800.7,0.0068731,1735993176.932258,b,l
4657770,78800.7,0.00504025,1735993176.932258,b,l
4657771,78825.5,0.00025548,1735993295.735779,s,l
4657772,78825.6,0.01608986,1735993299.117415,b,l
4657773,78832.0,0.00071167,1735993322.1872709,b,l
4657774,78830.6,0.00010241,1735993343.197174,s,l
4657775,78853.5,0.00029467,1735993350.1007764,b,l
4657776,78898.1,0.000311,1735993535.0651689,b,l
4657777,78899.0,0.00031336,1735993535.0651689,b,l
4657778,78936.5,0.0006181,1735993614.4948907,b,l
4657779,78928.4,0.00012923,1735993664.5752282,b,l
4657780,78859.6,0.00011706,1735993705.56471,b,l
4657781,78851.9,0.00123878,1735993744.3297598,s,l
4657782,78847.3,0.007127,1735993780.4688897,s,l
4657783,78847.2,0.000311,1735993780.4688897,s,l
4657784,78839.0,0.0183099,1735993780.4688897,s,l
4657785,78852.3,3.124e-05,1735993800.082463,b,l
4657786,78823.7,0.00011712,1735993823.2173693,b,l
4657787,78823.7,0.00634327,1735993832.793683,b,m
4657788,78822.6,0.00024755,1735993895.3584056,b,l
4657789,78864.0,0.00030923,1735993976.7391136,b,l
4657790,78866.5,3.123e-05,1735994037.033893,b,l
4657791,78848.2,0.01627218,1735994065.96644,b,m
4657792,78848.3,0.01543429,1735994065.96644,b,m
4657793,78825.5,0.00024749,1735994113.2495315,b,l
4657794,78825.5,0.00297347,1735994113.5722518,b,l
4657795,78825.5,0.00119988,1735994124.0243096,b,l
4657796,78825.5,0.00123768,1735994126.0916162,b,l
4657797,78825.5,0.00012311,1735994135.4460902,b,l
4657798,78849.9,0.000311,1735994228.1977124,b,l
4657799,78851.7,6.019e-05,1735994228.1977124,b,l
4657800,78869.3,0.000311,1735994240.2730322,b,l
4657801,78870.1,0.00206805,1735994240.2730322,b,l
4657802,78869.2,0.00011705,1735994266.90616,b,l
4657803,78869.2,0.00019395,1735994269.249377,b,l
4657804,78882.3,0.00598997,1735994269.249377,b,l
4657805,78882.2,7.421e-05,1735994288.7791414,b,l
4657806,78882.0,0.00371029,1735994294.0085192,b,l
4657807,78882.0,0.00136295,1735994298.1696074,b,l
4657808,78882.2,6.184e-05,1735994337.3074963,b,l
4657809,78882.2,0.00012016,1735994358.9729154,b,l
4657810,78902.3,3.52e-06,1735994358.9729154,b,l
4657811,78902.3,0.0006514,1735994367.2192929,b,l
4657812,78859.7,0.00059622,1735994396.4347355,b,l
4657813,78859.7,1.237e-05,1735994445.0332377,b,l
4657814,78859.7,0.00024987,1735994476.0327134,b,l
4657815,78859.6,0.000311,1735994590.2381382,s,l
4657816,78850.0,0.00031689,1735994744.673411,s,l
4657817,78850.0,0.000311,1735994744.673411,s,l
4657818,78822.6,0.00012018,1735994764.858855,b,l
4657819,78822.6,0.00011598,1735994800.766518,b,l
4657820,78822.5,0.00031754,1735994809.95549,s,l
4657821,78822.5,0.000311,1735994809.95549,s,l
4657822,78800.7,0.0005985,1735994822.7550633,b,l
4657823,78800.6,0.01312113,1735994867.0081103,s,m
4657824,78800.7,0.00037142,1735994932.41914,b,l
4657825,78810.6,0.00029479,1735994965.8812585,b,l
4657826,78822.3,0.00012681,1735995006.9972708,b,l
4657827,78810.5,0.000311,1735995076.0750358,s,l
4657828,78807.7,0.00137477,1735995076.0750358,s,l
4657829,78810.5,0.000311,1735995090.7920065,s,l
4657830,78807.8,8.397e-05,1735995090.7920065,s,l
4657831,78810.5,0.00030948,1735995092.6984627,b,l
4657832,78810.7,0.00371387,1735995116.4241774,b,l
4657833,78808.0,2.5e-05,1735995280.0366626,b,l
4657834,78807.9,0.000311,1735995298.2955303,s,l
4657835,78800.6,0.00739055,1735995298.2955303,s,l
4657836,78823.6,0.00238019,1735995333.5890446,b,l
4657837,78824.8,0.00383695,1735995346.076775,b,l
4657838,78831.1,0.00017722,1735995495.7853131,b,l
4657839,78830.4,0.02537092,1735995519.8669195,b,m
4657840,78829.7,0.00053291,1735995528.418064,b,l
4657841,78823.7,0.00062495,1735995600.0565271,b,l
4657842,78823.7,1.238e-05,1735995600.068791,b,l
4657843,78835.6,0.00092312,1735995625.1049843,s,l
4657844,78835.6,0.00025369,1735995774.7377892,s,l
4657845,78825.6,0.00289414,1735995774.7377892,s,l
4657846,78822.2,0.00193156,1735995789.4521868,s,l
4657847,78828.7,0.00178373,1735995839.0474842,b,l
4657848,78821.8,0.00061887,1735995880.6281047,b,l
4657849,78826.8,0.00030942,1735995911.1376235,b,l
4657850,78830.0,0.000311,1735995944.970916,b,l
4657851,78835.6,0.01086623,1735995944.970916,b,l
4657852,78835.7,0.00119803,1735995944.970916,b,l
4657853,78835.5,0.00035419,1735995972.2782345,b,l
4657854,78835.7,0.0002475,1735996073.9568155,b,l
4657855,78835.7,0.00029756,1735996177.9164743,b,l
4657856,78835.6,0.0167245,1735996210.864816,s,l
4657857,78835.7,0.00061876,1735996302.7121463,b,l
4657858,78835.7,0.00035679,1735996378.05265,b,l
4657859,78835.7,0.00123752,1735996389.9303598,b,l
4657860,78828.4,0.00024997,1735996392.5088527,b,l
4657861,78821.6,0.00394562,1735996655.014857,b,m
4657862,78821.5,0.000311,1735996660.8063796,s,l
4657863,78821.5,0.00126868,1735996660.8063796,s,l
4657864,78819.2,0.00634363,1735996661.6219296,s,l
4657865,78813.5,0.00735417,1735996663.3828402,b,l
4657866,78813.5,0.04690652,1735996663.3828402,b,l
4657867,78813.5,0.039,1735996663.3828402,b,l
4657868,78813.5,0.03610084,1735996663.3828402,b,l
4657869,78813.4,0.000311,1735996666.1945567,s,l
4657870,78810.6,0.0010326,1735996694.5141864,s,m
4657871,78805.2,0.000311,1735996694.5141864,s,m
4657872,78800.6,0.00117565,1735996694.5141864,s,m
4657873,78800.7,0.00092855,1735996735.253504,b,l
4657874,78800.6,0.0002227,1735996808.809639,s,l
4657875,78800.7,0.00011715,1735996923.943387,b,l
4657876,78800.6,0.00266644,1735996945.4556642,s,m
4657877,78800.6,0.00325169,1735996961.690048,s,l
4657878,78800.7,0.00025005,1735997040.2608538,b,l
4657879,78800.7,0.00024142,1735997085.9000504,b,l
4657880,78810.9,0.00118855,1735997106.4471214,b,l
4657881,78808.7,0.00118855,1735997141.2138016,b,l
4657882,78813.2,1.25e-05,1735997299.0329704,b,l
4657883,78813.2,9.313e-05,1735997302.1858945,b,l
4657884,78813.2,0.00538476,1735997330.158257,b,l
4657885,78812.2,0.00371368,1735997350.957899,b,l
4657886,78811.2,0.00250021,1735997389.47445,b,l
4657887,78800.6,0.01180694,1735997539.9612565,s,l
4657888,78800.7,0.00023523,1735997552.9211264,b,l
4657889,78800.7,0.01238072,1735997563.0239744,b,l
4657890,78800.7,0.00029769,1735997584.2911725,b,l
4657891,78800.7,6.251e-05,1735997591.0485463,b,l
4657892,78800.7,0.00238019,1735997596.888587,b,l
4657893,78800.6,0.01549481,1735997610.601107,s,l
4657894,78800.7,0.00384771,1735997710.883278,b,l
4657895,78800.6,0.00011707,1735997760.457759,s,l
4657896,78800.6,0.00061135,1735997775.745996,s,l
4657897,78800.7,0.00187541,1735997820.0342364,b,l
4657898,78800.7,0.12380724,1735997976.7676132,b,l
4657899,78800.7,0.00028349,1735997976.941049,b,l
4657900,78800.7,6.251e-05,1735998013.0316548,b,l
4657901,78800.7,0.0001269,1735998155.8839805,b,l
4657902,78800.7,0.0006236,1735998180.8046715,b,l
4657903,78800.7,0.00037823,1735998267.4981737,b,l
4657904,78800.6,0.00028337,1735998267.5882945,s,l
4657905,78800.6,0.00062775,1735998284.1066866,s,l
4657906,78800.7,0.00532309,1735998318.36306,b,l
4657907,78800.7,0.00532309,1735998318.3710542,b,l
4657908,78800.7,0.00119124,1735998318.375178,b,l
4657909,78800.7,0.00413185,1735998318.375178,b,l
4657910,78800.7,0.00238248,1735998318.3837566,b,l
4657911,78800.7,0.00294061,1735998318.3837566,b,l
4657912,78800.7,0.00357372,1735998318.384832,b,l
4657913,78800.7,0.00174937,1735998318.384832,b,l
4657914,78800.7,0.00238248,1735998318.4686158,b,l
4657915,78800.7,0.00238248,1735998318.471922,b,l
4657916,78800.7,0.00357372,1735998318.4729726,b,l
4657917,78800.7,0.00294061,1735998318.4752102,b,l
4657918,78800.7,0.00182435,1735998318.4752102,b,l
4657919,78800.7,0.00468998,1735998318.489636,b,l
4657920,78800.7,7.498e-05,1735998318.489636,b,l
4657921,78800.7,0.00476496,1735998318.4897647,b,l
4657922,78800.7,0.00167439,1735998318.509298,b,l
4657923,78800.7,0.00309057,1735998318.509298,b,l
4657924,78800.7,0.00342376,1735998318.5105448,b,l
4657925,78800.7,0.0013412,1735998318.5105448,b,l
4657926,78800.7,0.00476496,1735998318.5189438,b,l
4657927,78800.7,0.00040817,1735998318.51991,b,l
4657928,78800.7,0.00435679,1735998318.51991,b,l
4657929,78800.7,0.00215754,1735998318.5321612,b,l
4657930,78800.7,0.00260742,1735998318.5321612,b,l
4657931,78800.7,0.00390691,1735998318.550447,b,l
4657932,78800.7,0.00085805,1735998318.550447,b,l
4657933,78800.7,0.00476496,1735998318.55451,b,l
4657934,78800.7,0.00089132,1735998318.5564263,b,l
4657935,78800.7,0.00387364,1735998318.5564263,b,l
4657936,78800.7,0.00264069,1735998318.5588326,b,l
4657937,78800.7,0.00212427,1735998318.5588326,b,l
4657938,78800.7,0.00438997,1735998318.5629227,b,l
4657939,78813.5,0.000311,1735998355.6968293,b,l
4657940,78875.0,0.01267751,1735998431.1336696,s,m
4657941,78887.7,0.00024735,1735998490.8376598,b,l
4657942,78883.7,0.00126939,1735998499.163811,s,m
4657943,78883.4,0.015,1735998516.473872,s,l
4657944,78887.7,6.365e-05,1735998583.884446,b,m
4657945,78918.1,0.00627206,1735998583.884446,b,m
4657946,78917.9,0.01698795,1735998589.6516094,b,l
4657947,78918.0,0.000306,1735998589.6516094,b,l
4657948,78918.0,0.00055298,1735998589.6516094,b,l
4657949,78889.2,0.00046468,1735998645.771493,s,l
4657950,78898.9,0.00030913,1735998676.9987,b,l
4657951,78899.0,0.000306,1735998839.1051748,b,l
4657952,78918.2,0.02788775,1735998839.116285,b,l
4657953,78918.2,0.02788775,1735998839.1192832,b,l
4657954,78918.2,0.02788775,1735998839.12268,b,l
4657955,78918.2,0.02788775,1735998839.1240876,b,l
4657956,78918.1,0.00021765,1735998868.23125,s,l
4657957,78918.2,0.00257163,1735998870.5529866,b,l
4657958,78918.2,4.27e-05,1735998871.032722,b,l
4657959,78918.2,6.242e-05,1735998884.041177,b,l
4657960,78918.2,0.000311,1735998917.0348902,b,l
4657961,78969.7,0.0009368,1735998917.0348902,b,l
4657962,78972.2,0.000308,1735998920.8077288,b,l
4657963,78975.5,0.01187864,1735998920.8077288,b,l
4657964,78975.6,0.007117,1735998920.8077288,b,l
4657965,78977.6,0.03320196,1735998920.8077288,b,l
4657966,78977.5,0.000308,1735998935.5283914,b,l
4657967,78984.1,0.0111557,1735998935.5283916,b,l
4657968,78984.2,0.02420263,1735998935.5283916,b,l
4657969,78969.4,0.00012663,1735998966.1158116,b,m
4657970,78969.4,0.00016737,1735998973.4158616,b,l
4657971,78993.7,0.00101831,1735998973.4158616,b,l
4657972,78957.3,0.00860018,1735998988.7108078,b,l
4657973,78970.6,0.05982875,1735998988.7108078,b,l
4657974,78965.2,0.00249528,1735998999.4903162,b,l
4657975,78957.5,6.239e-05,1735999017.034566,b,l
4657976,78927.1,0.01038881,1735999054.6293435,s,l
4657977,78940.0,3.744e-05,1735999072.034781,b,l
4657978,78937.4,0.00010135,1735999081.0969012,b,l
4657979,78936.0,0.00617979,1735999108.6406286,b,l
4657980,78914.9,0.00068344,1735999114.7723198,s,l
4657981,78909.4,0.00101382,1735999127.9920533,b,m
4657982,78938.9,1.248e-05,1735999217.0387175,b,l
4657983,78922.1,0.00012647,1735999285.4714274,b,l
4657984,78922.1,9.209e-05,1735999328.6392913,b,l
4657985,78922.0,0.00126707,1735999397.423623,s,m
4657986,78902.7,0.00038012,1735999397.423623,s,m
4657987,78895.9,0.00012366,1735999442.1142826,b,l
4657988,78895.8,0.00063374,1735999486.475979,s,l
4657989,78889.3,0.00603626,1735999486.475979,s,l
4657990,78902.3,0.00030912,1735999490.1645007,b,l
4657991,78918.0,0.00059191,1735999506.5681803,b,l
4657992,78916.0,9.363e-05,1735999509.034731,b,l
4657993,78895.9,0.00181887,1735999520.5797713,b,l
4657994,78895.9,9.303e-05,1735999524.131931,b,l
4657995,78895.9,0.05133347,1735999552.713531,b,m
4657996,78863.6,0.00030927,1735999660.866013,b,l
4657997,78868.0,0.00012492,1735999685.0318372,b,l
4657998,78892.5,0.00118716,1735999788.1936631,b,l
4657999,78892.2,0.00356805,1735999796.65945,b,l
4658000,78895.8,0.00024914,1735999822.6835086,b,l
4658001,78882.4,0.01299411,1735999823.054955,s,l
4658002,78870.1,0.00012996,1735999974.7866995,s,l
4658003,78870.1,0.00027292,1735999982.0452132,s,l
4658004,78870.1,0.00059651,1735999993.0364912,b,l
4658005,78870.1,0.00213998,1736000134.9295542,b,l
4658006,78870.1,0.00027414,1736000203.3944342,b,l
4658007,78870.1,0.00031234,1736000238.8868914,b,l
4658008,78870.1,0.00011705,1736000242.818151,b,l
4658009,78870.1,0.00035751,1736000274.9590356,b,l
4658010,78870.1,0.00297334,1736000284.6070237,b,l
4658011,78870.1,0.0011875,1736000302.5317807,b,l
4658012,78870.1,0.001,1736000305.249845,b,l
4658013,78870.1,0.0018003,1736000328.6665215,b,l
4658014,78870.0,0.00090036,1736000367.0644531,s,l
4658015,78870.1,0.00309246,1736000397.5714376,b,l
4658016,78903.6,1.249e-05,1736000508.0330322,b,l
4658017,78886.6,0.00029736,1736000558.8978963,b,l
4658018,78870.1,0.00649777,1736000589.344216,s,l
4658019,78888.2,0.00019018,1736000620.6574695,s,l
4658020,78915.5,0.00191224,1736000672.379979,s,l
4658021,78954.0,0.00259489,1736000736.8825526,b,l
4658022,78940.8,0.00063338,1736000747.7889073,s,l
4658023,78960.4,1.428e-05,1736000758.7578766,s,l
4658024,78938.0,0.00101345,1736000844.2709131,b,l
4658025,78945.8,4.815e-05,1736000858.6684718,s,l
4658026,78972.4,0.0001169,1736000859.8204625,b,l
4658027,78969.7,0.00012663,1736000878.3859189,b,m
4658028,78969.5,0.00030885,1736000879.3930616,b,l
4658029,78971.1,0.0018531,1736000914.8829467,b,l
4658030,78959.5,0.00088873,1736000944.4314623,b,l
4658031,78954.8,0.00086,1736000953.9809058,s,l
4658032,78954.9,0.00126655,1736001049.9370272,b,m
4658033,78954.8,0.00257742,1736001177.635821,s,l
4658034,78954.9,2.67e-05,1736001200.0324416,b,l
4658035,78954.8,0.00063723,1736001216.0287776,s,l
4658036,78954.9,0.00356486,1736001293.5713103,b,l
4658037,78954.9,0.01189009,1736001294.5749805,b,l
4658038,79000.0,0.00100554,1736001430.4636,b,l
4658039,79000.8,7e-05,1736001430.4636,b,l
4658040,79000.8,0.00620853,1736001430.4636,b,l
4658041,78996.7,0.02410691,1736001489.143804,b,l
4658042,79000.7,0.00017513,1736001695.1377933,b,l
4658043,79000.7,0.00011685,1736001713.2827847,b,l
4658044,78992.0,0.0018122,1736001740.145809,s,l
4658045,79000.7,0.00061747,1736001753.306139,b,l
4658046,78993.5,0.0001,1736001760.310738,s,l
4658047,78997.2,0.00018707,1736001785.0411663,b,l
4658048,78984.3,0.0033469,1736001821.016281,s,m
4658049,78995.9,0.01235018,1736001823.0650692,b,l
4658050,78977.4,0.00066192,1736001859.151662,s,l
4658051,78990.5,0.00023465,1736001859.7334423,b,l
4658052,79000.8,0.00249421,1736001900.03678,b,l
4658053,79000.6,6.236e-05,1736001902.0348125,b,l
4658054,78999.0,0.000597,1736001921.234265,b,l
4658055,78999.7,0.07492817,1736001942.4693162,b,l
4658056,78999.8,0.1744945,1736001942.4693162,b,l
4658057,79000.8,0.00118557,1736001996.673271,b,l
4658058,78989.7,1.247e-05,1736002071.031952,b,l
4658059,78987.8,1.247e-05,1736002076.032607,b,l
4658060,78985.5,0.00126596,1736002085.500675,b,l
4658061,78954.8,0.00225808,1736002124.7851815,s,l
4658062,78954.8,0.00012665,1736002124.7851815,s,l
4658063,78949.1,0.00663683,1736002124.7851815,s,l
4658064,78961.6,0.00617742,1736002151.016167,b,l
4658065,78987.7,0.02532004,1736002208.4760287,b,l
4658066,78982.8,0.00092639,1736002234.108629,b,l
4658067,78960.8,0.00011549,1736002277.4565444,b,l
4658068,78951.7,0.00507846,1736002374.7941394,s,m
4658069,78969.9,0.01247591,1736002410.5068347,b,l
4658070,79000.7,0.00037062,1736002425.729998,b,l
4658071,79000.7,0.00210017,1736002431.0013962,b,l
4658072,78999.2,0.00311782,1736002454.0366092,b,l
4658073,78998.2,0.06180873,1736002467.7733245,b,l
4658074,78997.8,0.00387492,1736002471.4640603,b,m
4658075,78998.0,0.00011686,1736002560.2780712,b,l
4658076,78996.7,0.00047339,1736002561.786322,b,l
4658077,78999.6,0.00025316,1736002590.5808012,b,l
4658078,79000.4,0.01188318,1736002593.4466665,b,l
4658079,78985.0,0.00077723,1736002701.8363907,b,l
4658080,78991.1,0.02488371,1736002730.4799268,b,l
4658081,78995.1,6.329e-05,1736002802.3542504,b,l
4658082,78987.6,0.00644088,1736002831.3293405,s,l
4658083,78999.9,0.00016783,1736002835.5091944,b,l
4658084,78999.8,0.00023695,1736002837.7721572,b,l
4658085,78995.2,0.00555757,1736002854.4056146,b,l
4658086,78978.8,0.00057843,1736002889.2376697,s,l
4658087,78988.7,0.00045696,1736002927.3140578,b,l
4658088,78983.2,0.01266092,1736002974.0948942,b,m
4658089,78950.0,0.01,1736003154.9435053,s,m
4658090,78950.0,0.0025,1736003160.2337234,s,l
4658091,78945.8,0.00086506,1736003181.9471922,b,l
4658092,78947.5,0.00010822,1736003328.0758612,b,l
4658093,78945.7,0.00010296,1736003432.0578177,s,l
4658094,78945.7,0.00253338,1736003432.0578177,s,l
4658095,78918.4,0.00775323,1736003432.0578177,s,l
4658096,78909.6,0.00012485,1736003496.03341,b,l
4658097,78908.1,0.02241859,1736003499.8894598,b,l
4658098,78907.1,0.00088524,1736003507.0494106,b,l
4658099,78940.3,0.00037578,1736003522.8098614,b,l
4658100,78909.0,0.00580275,1736003523.1396954,s,l
4658101,78939.9,0.00059598,1736003526.734065,b,l
4658102,78949.8,1.26e-05,1736003599.0318515,b,l
4658103,78950.0,4.943e-05,1736003648.838917,b,l
4658104,78949.9,0.05205412,1736003723.6438775,s,l
4658105,78949.9,0.00065567,1736003757.330613,s,l
4658106,78949.9,0.00274953,1736003777.820681,s,l
4658107,78949.9,7.562e-05,1736003800.062064,s,l
4658108,78950.0,2.471e-05,1736003893.0147552,b,l
4658109,78950.0,0.00267701,1736003898.3351002,b,l
4658110,79000.8,0.00024942,1736003900.0384943,b,l
4658111,79000.8,0.12440393,1736003911.1761458,b,l
4658112,79000.8,0.00031073,1736004005.5068371,b,l
4658113,79000.8,0.00035344,1736004033.688769,b,l
4658114,79000.7,0.00052729,1736004035.6205475,s,l
4658115,79000.8,0.00136707,1736004044.97212,b,l
4658116,79000.8,0.0001043,1736004056.5174427,b,l
4658117,79000.7,0.00168669,1736004106.879184,s,l
4658118,79000.8,0.01852405,1736004123.2188008,b,l
4658119,79000.8,0.00042267,1736004205.877022,b,l
4658120,79000.8,0.00033696,1736004233.0986955,b,l
4658121,79000.8,0.00047421,1736004258.931038,b,l
4658122,79000.8,0.00059116,1736004347.0583134,b,l
4658123,79000.7,0.00013923,1736004364.00255,s,l
4658124,78921.2,0.00059757,1736004392.2997043,b,l
4658125,78884.4,0.000311,1736004437.1410186,s,l
4658126,78870.0,0.00025785,1736004437.1410186,s,l
4658127,78870.1,0.00123676,1736004443.4125123,b,l
4658128,78870.0,0.00010969,1736004454.140869,s,l
4658129,78870.0,0.00633954,1736004454.140869,s,l
4658130,78870.0,0.000311,1736004454.140869,s,l
4658131,78858.3,7e-05,1736004455.4571917,s,l
4658132,78858.3,0.000311,1736004455.4571917,s,l
4658133,78800.7,0.00023301,1736004458.575385,b,l
4658134,78800.6,0.00159036,1736004464.6058836,s,l
4658135,78800.7,0.00025005,1736004471.037712,b,l
4658136,78800.6,0.04205764,1736004483.1132455,s,l
4658137,78800.6,0.01776386,1736004483.1132455,s,l
4658138,78800.6,0.00076598,1736004483.1132455,s,l
4658139,78800.6,0.01269025,1736004483.1132455,s,l
4658140,78800.6,0.000311,1736004483.1132455,s,l
4658141,78800.0,0.02,1736004483.1132455,s,l
4658142,78755.1,0.00084324,1736004487.0324326,b,l
4658143,78755.0,0.01330869,1736004487.2088068,s,l
4658144,78755.0,0.000311,1736004487.2088068,s,l
4658145,78716.8,0.00049665,1736004488.249158,s,l
4658146,78716.1,7e-05,1736004488.249158,s,l
4658147,78700.0,8.41e-05,1736004488.249158,s,l
4658148,78700.1,0.000312,1736004497.4941738,s,m
4658149,78700.0,0.00245719,1736004497.4941738,s,m
4658150,78690.2,0.00193753,1736004497.4941738,s,m
4658151,78661.7,0.007143,1736004497.4941738,s,m
4658152,78660.3,0.01985918,1736004497.4941738,s,m
4658153,78773.8,0.0001,1736004539.193089,b,m
4658154,78835.6,0.00151199,1736004608.452065,b,l
4658155,78825.4,0.000311,1736004631.1542263,s,l
4658156,78798.0,0.00545,1736004639.1599915,s,l
4658157,78798.0,0.000311,1736004639.1599915,s,l
4658158,78763.8,0.007136,1736004695.029004,b,m
4658159,78766.2,0.00873397,1736004695.029004,b,m
4658160,78763.7,0.000312,1736004720.5602958,s,l
4658161,78693.0,0.00012696,1736004726.0986502,b,l
4658162,78715.4,0.00059331,1736004781.7691634,b,l
4658163,78716.2,0.00018774,1736004798.0374658,b,l
4658164,78729.2,0.00118669,1736004826.36716,s,l
4658165,78776.5,0.0001101,1736004873.8714588,b,l
4658166,78776.5,0.00039024,1736004883.4383714,b,l
4658167,78776.5,0.00086692,1736004885.7365549,b,l
4658168,78776.4,0.000312,1736004892.962874,s,l
4658169,78715.3,0.00012704,1736004902.6105711,s,l
4658170,78715.3,0.00029,1736004902.6105711,s,l
4658171,78680.9,0.0001127,1736004967.0343342,b,l
4658172,78698.5,0.00101654,1736004974.8931792,b,m
4658173,78695.8,0.00030997,1736005138.920405,b,l
4658174,78673.5,0.02479707,1736005238.4293602,b,l
4658175,78680.1,6.2e-05,1736005387.9627368,b,l
4658176,78693.8,0.00064467,1736005431.6429806,b,l
4658177,78685.1,0.00095304,1736005502.4966333,b,l
4658178,78693.9,0.00023787,1736005540.0469072,b,l
4658179,78693.9,0.00011731,1736005559.4780135,b,l
4658180,78693.9,0.00101114,1736005656.330611,b,l
4658181,78693.9,0.00061988,1736005669.3528826,b,l
4658182,78644.1,0.00029539,1736005811.6909652,b,l
4658183,78640.0,0.0003179,1736005859.272545,s,l
4658184,78640.0,0.00057222,1736005859.272545,s,l
4658185,78638.7,5e-05,1736005859.272545,s,l
4658186,78638.7,5.086e-05,1736005859.272545,s,l
4658187,78634.2,0.00572591,1736005859.272545,s,l
4658188,78690.0,0.00619893,1736005906.1282744,b,l
4658189,78693.2,0.0002239,1736005919.326078,b,l
4658190,78693.2,0.00123976,1736005919.4488826,b,l
4658191,78689.0,0.00035491,1736005954.823817,b,l
4658192,78693.9,0.00074539,1736006016.3216045,b,l
4658193,78693.9,0.00023729,1736006027.508881,b,l
4658194,78693.9,0.0001229,1736006069.68992,b,l
4658195,78693.9,2.504e-05,1736006104.0330698,b,l
4658196,78693.9,0.0001252,1736006115.0347936,b,l
4658197,78671.0,0.00179998,1736006188.00732,b,l
4658198,78687.7,0.01527381,1736006220.2542615,s,m
4658199,78687.6,0.01132619,1736006220.2542615,s,m
4658200,78690.7,0.00010548,1736006250.0730972,b,m
4658201,78691.7,0.00300944,1736006347.1337726,b,l
4658202,78675.0,0.00012711,1736006406.844738,b,m
4658203,78693.9,1.878e-05,1736006419.0328948,b,l
4658204,78693.9,0.00045602,1736006520.4829955,b,l
4658205,78693.9,0.00011552,1736006525.5176568,b,l
4658206,78693.9,0.00011731,1736006533.9416542,b,l
4658207,78693.9,0.02781901,1736006548.0754192,b,l
4658208,78734.2,0.01251323,1736006611.8952043,b,l
4658209,78761.1,0.00262018,1736006659.1913314,b,l
4658210,78763.7,0.00063142,1736006689.882118,s,l
4658211,78757.8,9.226e-05,1736006727.131044,b,l
4658212,78710.5,0.00196502,1736006797.0577433,b,l
4658213,78693.0,0.0032325,1736006850.2926052,s,l
4658214,78698.0,0.00596383,1736006909.639978,b,l
4658215,78687.7,0.00126643,1736006925.5058377,s,m
4658216,78701.9,2.504e-05,1736006933.0345514,b,l
4658217,78687.9,0.00247496,1736006969.888568,s,l
4658218,78743.4,0.0001239,1736007077.590096,b,l
4658219,78743.2,0.00042625,1736007077.7559507,b,l
4658220,78778.7,0.000312,1736007146.4267125,b,l
4658221,78792.4,0.00012504,1736007172.0308332,b,l
4658222,78792.4,0.00011716,1736007228.725752,b,l
4658223,78792.4,9.315e-05,1736007238.88257,b,l
4658224,78792.4,0.00010169,1736007242.7837005,b,l
4658225,78792.4,0.00270365,1736007242.7837005,b,l
4658226,78794.5,0.00215751,1736007330.942482,b,m
4658227,78794.6,0.000312,1736007407.4762104,b,l
4658228,78815.2,0.00028647,1736007407.4762104,b,l
4658229,78815.1,0.000312,1736007426.2992709,b,l
4658230,78832.5,0.00278265,1736007426.299271,b,l
4658231,78825.4,0.01053097,1736007448.580481,s,l
4658232,78825.1,0.07513853,1736007540.4366322,b,l
4658233,78825.1,0.007132,1736007540.4366322,b,l
4658234,78825.1,0.01055616,1736007540.4366322,b,l
4658235,78825.1,0.00024754,1736007540.5009031,b,l
4658236,78793.8,4.101e-05,1736007552.0333335,b,l
4658237,78793.7,0.00115284,1736007684.079804,s,l
4658238,78793.7,0.00015109,1736007697.8978183,s,l
4658239,78793.8,0.00149677,1736007766.9235458,b,l
4658240,78793.8,0.00011716,1736007767.8820052,b,l
4658241,78808.8,0.00012379,1736007801.9905293,b,l
4658242,78808.3,0.00643427,1736007814.6867635,s,l
4658243,78808.4,0.00067604,1736007820.375213,b,l
4658244,78809.2,0.02476362,1736007823.8683844,b,l
4658245,78806.6,0.00065215,1736007852.1698606,b,l
4658246,78793.8,0.00029711,1736007991.6083508,b,l
4658247,78793.7,0.00416,1736007999.6573012,s,l
4658248,78793.7,0.01988073,1736008006.97497,s,l
4658249,78793.7,0.00010152,1736008006.97497,s,l
4658250,78792.6,0.000307,1736008006.975341,s,l
4658251,78766.7,0.00495441,1736008041.779117,b,l
4658252,78763.3,0.00014002,1736008063.9200358,b,l
4658253,78750.5,0.00317458,1736008113.5992963,b,m
4658254,78750.4,0.000312,1736008115.025926,s,l
4658255,78722.2,0.00164096,1736008115.025926,s,l
4658256,78744.9,0.00059315,1736008168.2509556,b,l
4658257,78722.3,0.00123931,1736008185.3508034,b,l
4658258,78722.3,0.00123931,1736008198.7404926,b,l
4658259,78722.3,0.00035469,1736008229.4590173,b,l
4658260,78722.3,0.0001859,1736008286.4116883,b,l
4658261,78722.2,0.000312,1736008287.2033198,s,l
4658262,78692.8,0.00198031,1736008287.2033198,s,l
4658263,78708.6,2.48e-05,1736008343.5844295,b,l
4658264,78720.2,0.00619761,1736008363.391852,b,l
4658265,78711.1,0.000312,1736008419.638734,s,l
4658266,78692.9,0.00031769,1736008419.638734,s,l
4658267,78690.0,0.0006354,1736008419.638734,s,l
4658268,78670.9,0.00073978,1736008419.638734,s,l
4658269,78671.0,0.01252331,1736008427.6753745,b,l
4658270,78670.9,0.05010494,1736008474.4639935,s,l
4658271,78647.6,0.007147,1736008474.4639935,s,l
4658272,78633.4,0.01358368,1736008474.4639935,s,l
4658273,78633.3,0.00652534,1736008474.4639935,s,l
4658274,78626.6,0.00257384,1736008485.0785344,s,l
4658275,78626.7,0.00119077,1736008502.911274,b,l
4658276,78647.7,0.00018791,1736008527.644893,b,l
4658277,78626.7,0.0004,1736008544.4877343,s,l
4658278,78643.9,0.00894891,1736008546.6053936,b,l
4658279,78626.8,0.01095445,1736008551.9610243,s,l
4658280,78626.7,0.00251844,1736008551.9610243,s,l
4658281,78664.2,2.481e-05,1736008629.7028534,b,l
4658282,78676.5,0.02542055,1736008645.5775206,b,m
4658283,78702.0,0.00119008,1736008681.577816,b,l
4658284,78685.0,0.00011724,1736008766.3739789,s,l
4658285,78715.8,0.00123965,1736008886.380828,b,l
4658286,78704.3,0.00281306,1736008917.3004076,b,m
4658287,78672.8,0.00029817,1736009088.817339,b,l
4658288,78669.8,0.00198054,1736009320.4806092,s,l
4658289,78703.2,0.00308865,1736009435.9048004,s,l
4658290,78714.1,0.00040664,1736009608.1098924,s,l
4658291,78719.8,6.197e-05,1736009627.1416955,b,l
4658292,78714.1,0.00198944,1736009633.9049375,s,l
4658293,78704.2,0.00048597,1736009775.0717704,s,m
4658294,78707.8,0.00123953,1736009793.2619302,b,l
4658295,78697.2,0.007143,1736009810.4155169,s,l
4658296,78697.2,0.00123747,1736009810.4155169,s,l
4658297,78718.8,0.00012516,1736009832.032464,b,l
4658298,78718.2,0.0012397,1736009840.826288,b,l
4658299,78713.3,0.00118985,1736009912.4598303,b,l
4658300,78710.5,0.00126136,1736009942.9738996,b,m
4658301,78717.6,0.0020961,1736009952.4521637,b,m
4658302,78721.4,0.02403482,1736009961.1410935,b,l
4658303,78704.7,0.0004447,1736009993.2054892,s,l
4658304,78720.2,0.00120149,1736009995.916859,b,l
4658305,78718.7,0.00012516,1736010000.101635,b,l
4658306,78718.1,1.252e-05,1736010005.033908,b,l
4658307,78725.5,6.345e-05,1736010020.891064,b,l
4658308,78734.0,0.01501595,1736010043.0320573,b,l
4658309,78737.2,1.877e-05,1736010050.0359783,b,l
4658310,78737.0,0.00011725,1736010053.2462103,b,l
4658311,78713.4,0.00061129,1736010158.8057044,b,l
4658312,78699.8,0.00061275,1736010159.8128126,s,l
4658313,78739.0,0.00030133,1736010194.6577458,b,l
4658314,78724.1,0.00079423,1736010221.96957,s,l
4658315,78727.5,0.00023536,1736010279.1995518,b,l
4658316,78759.9,0.00371744,1736010364.037711,b,l
4658317,78761.6,0.00029493,1736010393.317913,b,l
4658318,78763.8,0.01256922,1736010398.3381722,s,m
4658319,78763.7,0.0116053,1736010398.3381722,s,m
4658320,78784.3,8.329e-05,1736010410.0338535,b,l
4658321,78768.8,0.00016383,1736010469.587862,b,m
4658322,78774.6,0.000312,1736010500.1153293,b,l
4658323,78778.3,0.0020924,1736010500.1153293,b,l
4658324,78773.0,0.00012384,1736010518.1399262,b,l
4658325,78769.7,0.00136242,1736010588.7377317,b,l
4658326,78759.1,0.04690652,1736010697.9862163,s,l
4658327,78759.1,0.00113492,1736010708.6159554,b,l
4658328,78759.1,0.00668006,1736010720.0326087,b,l
4658329,78759.1,0.00332738,1736010720.0326087,b,l
4658330,78759.0,0.000312,1736010734.203722,s,l
4658331,78751.2,0.00199444,1736010734.203722,s,l
4658332,78752.4,0.00118917,1736010760.2910972,b,l
4658333,78754.2,0.00013647,1736010786.0210452,s,m
4658334,78751.2,0.000312,1736010826.3237712,s,l
4658335,78740.3,0.00409705,1736010826.3237712,s,l
4658336,78751.0,0.00120102,1736010830.880187,b,l
4658337,78761.1,0.00039686,1736010907.559399,s,m
4658338,78761.2,0.00012509,1736010954.037375,b,l
4658339,78774.6,0.025595,1736010964.6847994,s,l
4658340,78773.9,2.501e-05,1736011058.0312583,b,l
4658341,78773.8,0.03229183,1736011072.0942812,s,l
4658342,78773.9,0.00028699,1736011077.349066,b,l
4658343,78782.8,0.00033222,1736011077.349066,b,l
4658344,78782.6,0.08460436,1736011081.0696917,b,l
4658345,78782.6,0.00065632,1736011098.6125343,b,l
4658346,78782.6,3.808e-05,1736011120.066499,s,l
4658347,78782.6,0.00709992,1736011205.4611354,s,l
4658348,78782.6,0.00032843,1736011205.4611354,s,l
4658349,78782.7,0.000312,1736011273.4771929,b,m
4658350,78794.3,0.00108485,1736011273.4771929,b,m
4658351,78797.2,0.00118878,1736011276.3785388,b,l
4658352,78774.9,0.00059944,1736011432.9009829,s,l
4658353,78783.2,0.000309,1736011512.302488,b,l
4658354,78803.1,0.0006815,1736011512.302488,b,l
4658355,78802.4,0.00012915,1736011517.248949,b,l
4658356,78787.6,0.00035439,1736011566.7922182,b,l
4658357,78784.8,0.0063464,1736011614.9696467,b,m
4658358,78784.2,0.0253858,1736011623.929062,b,m
4658359,78778.6,0.001,1736011633.3218927,s,m
4658360,78788.1,0.00381012,1736011636.578528,b,l
4658361,78788.1,0.0023807,1736011647.042113,b,l
4658362,78789.9,0.00012917,1736011711.767732,b,l
4658363,78789.9,0.00017683,1736011734.2131894,b,m
4658364,78791.1,0.00083852,1736011734.2131894,b,m
4658365,78770.1,0.00014134,1736011800.8949566,b,l
4658366,78778.3,0.00338396,1736011832.1708915,b,l
4658367,78770.1,0.0076171,1736011839.9965937,s,m
4658368,78795.5,0.0005929,1736011895.0343263,b,l
4658369,78795.1,0.00029771,1736011902.8362296,b,l
4658370,78797.4,0.00011716,1736011926.8298137,b,l
4658371,78805.9,0.00144557,1736012016.4455788,s,l
4658372,78806.0,0.000306,1736012016.704112,b,l
4658373,78850.9,0.00340689,1736012016.704112,b,l
4658374,78854.4,0.00989875,1736012018.7419088,b,l
4658375,78844.6,0.00027841,1736012054.2283156,b,l
4658376,78844.9,0.000306,1736012115.6881125,b,l
4658377,78858.3,7e-05,1736012115.6881125,b,l
4658378,78861.8,0.00087935,1736012115.6881125,b,l
4658379,78864.9,0.00015616,1736012132.1591043,b,l
4658380,78843.3,0.00011592,1736012179.4130042,b,l
4658381,78843.3,0.00019608,1736012189.9030108,b,l
4658382,78873.6,0.00575464,1736012189.9030108,b,l
4658383,78872.9,0.00029742,1736012222.3180127,b,l
4658384,78872.5,0.00012491,1736012239.0318065,b,l
4658385,78872.3,0.00023508,1736012244.550701,b,l
4658386,78863.6,0.00315655,1736012282.684704,s,l
4658387,78871.3,0.03106326,1736012292.1484938,b,m
4658388,78831.8,0.02600493,1736012346.9808044,s,l
4658389,78839.5,9.219e-05,1736012414.894462,b,l
4658390,78808.0,0.002542,1736012494.2362804,s,l
4658391,78809.0,1.301e-05,1736012517.7315545,s,l
4658392,78833.0,0.00030939,1736012601.5507271,b,l
4658393,78844.3,0.000312,1736012659.6591446,b,l
4658394,78849.4,0.01871562,1736012659.6591446,b,l
4658395,78844.2,0.0001,1736012726.088106,b,m
4658396,78856.9,0.00011958,1736012768.6833825,s,l
4658397,78857.0,1.237e-05,1736012820.157285,b,l
4658398,78857.0,6.341e-05,1736012906.079916,b,m
4658399,78857.0,5e-05,1736012977.4390974,b,l
4658400,78856.9,0.00279843,1736012990.9806385,s,l
4658401,78857.0,3.022e-05,1736013045.6871722,b,l
4658402,78888.7,0.00020478,1736013045.6871722,b,l
4658403,78871.8,0.01990447,1736013103.5708349,s,l
4658404,78893.9,0.000129,1736013133.826573,b,l
4658405,78893.3,0.00010141,1736013196.064564,b,l
4658406,78882.1,6.886e-05,1736013217.7852676,s,l
4658407,78893.5,0.00142158,1736013311.9025674,b,l
4658408,78971.7,0.0012357,1736013458.6162703,b,l
4658409,78955.9,0.00023708,1736013583.8520217,b,l
4658410,78955.9,0.00011692,1736013657.8735363,b,l
4658411,78955.8,0.08837842,1736013667.365417,s,m
4658412,78955.9,4.325e-05,1736013670.7918203,b,l
4658413,78955.8,0.011351,1736013680.2185829,s,l
4658414,78955.8,0.00019473,1736013705.6779523,s,l
4658415,78955.9,0.00106064,1736013722.4130676,b,l
4658416,78955.9,6.178e-05,1736013781.9247365,b,l
4658417,78955.9,0.03166349,1736013790.208604,b,l
4658418,78955.9,0.00012478,1736013796.0340283,b,l
4658419,78955.9,0.0020781,1736013825.3832283,b,l
4658420,78955.9,0.00144273,1736013844.0605016,b,l
4658421,78955.9,0.00024997,1736013844.8544383,b,l
4658422,78955.9,0.00023708,1736013851.425118,b,l
4658423,78955.9,0.00594342,1736013869.228941,b,l
4658424,78955.9,0.00713,1736013899.28741,b,l
4658425,78955.9,0.04043901,1736013899.28741,b,l
4658426,78955.9,0.00089755,1736013900.9722722,b,l
4658427,78955.9,0.00037434,1736013910.0351253,b,l
4658428,78955.8,0.00017607,1736013946.7665334,s,l
4658429,78955.9,0.00087176,1736013950.6942258,b,l
4658430,78955.9,0.00036388,1736013950.6942258,b,l
4658431,78955.8,0.0135933,1736013980.1817188,s,l
4658432,78955.9,0.00012665,1736013995.6050203,b,m
4658433,78958.4,0.00061782,1736014084.134202,b,l
4658434,78989.9,0.0012351,1736014147.713188,b,l
4658435,78989.1,0.00308779,1736014157.8388937,b,l
4658436,78990.7,0.00124419,1736014180.109263,b,l
4658437,78989.9,6.176e-05,1736014189.8558342,b,l
4658438,78976.2,9.203e-05,1736014285.8321376,b,l
4658439,78976.2,0.00011689,1736014291.3653028,b,l
4658440,78977.7,0.00045334,1736014342.0519557,s,l
4658441,78999.8,0.00087153,1736014370.3945246,s,l
4658442,79000.0,1.247e-05,1736014388.04572,b,l
4658443,78989.6,0.00035448,1736014425.1904678,b,m
4658444,78999.1,5e-05,1736014454.4183078,b,m
4658445,79000.0,3.753e-05,1736014522.9406016,b,l
4658446,79000.0,0.0002,1736014522.9406016,b,l
4658447,79000.8,0.00231879,1736014522.9406016,b,l
4658448,79000.7,0.00011572,1736014599.863021,b,l
4658449,79000.8,0.00011685,1736014692.8508604,b,l
4658450,79000.8,0.00038124,1736014788.0402422,b,l
4658451,79000.8,3.118e-05,1736014790.0369997,b,l
4658452,79000.8,0.00135843,1736014794.6851046,b,l
4658453,79000.8,0.00296842,1736014837.7169652,b,l
4658454,79000.7,0.00163973,1736014866.1529074,s,l
4658455,79000.7,0.00483697,1736014866.1529074,s,l
4658456,78996.6,0.00015,1736014873.325611,b,l
4658457,78996.6,0.00066391,1736014897.2048175,s,m
4658458,78996.6,0.00094783,1736014963.3163626,b,l
4658459,78996.6,6.204e-05,1736015000.368454,b,l
4658460,79000.8,0.00482119,1736015106.941949,b,l
4658461,79000.8,0.00113799,1736015158.3177438,b,l
4658462,79000.8,9.2e-05,1736015204.9899542,b,l
4658463,79000.8,0.00023464,1736015230.4899704,b,l
4658464,79000.8,0.00145423,1736015330.5048828,b,l
4658465,79000.8,0.00011571,1736015411.0343506,b,l
4658466,79000.8,0.00123494,1736015585.0371065,b,l
4658467,79000.8,0.02469873,1736015595.6510608,b,l
4658468,79000.8,0.00054087,1736015625.2198913,b,m
4658469,79000.8,0.00024699,1736015632.2825477,b,l
4658470,79000.8,0.01852405,1736015702.3802345,b,l
4658471,79000.8,0.00023695,1736015775.4263675,b,l
4658472,79000.8,0.00012349,1736015958.3406756,b,l
4658473,79000.8,0.00023464,1736016055.6066952,b,l
4658474,79000.8,0.00506324,1736016109.2508757,b,m
4658475,79000.8,0.00023464,1736016111.2665515,b,l
4658476,79000.8,0.00024699,1736016125.472144,b,l
4658477,79000.8,2.494e-05,1736016126.0334413,b,l
4658478,79000.8,0.00208922,1736016204.0354047,b,m
4658479,79000.7,0.0045881,1736016286.2351503,s,l
4658480,79000.7,0.00367466,1736016291.6159682,s,l
4658481,79000.7,0.01101846,1736016322.3399663,s,l
4658482,79000.7,0.01265811,1736016322.3399668,s,l
4658483,79000.1,0.00124495,1736016378.19151,b,l
4658484,79000.1,0.00098796,1736016395.4294932,b,l
4658485,79000.0,0.005,1736016421.536301,s,l
4658486,79000.0,0.00765822,1736016426.3062768,s,l
4658487,78996.5,0.00059953,1736016426.3578255,s,l
4658488,78996.5,0.00067331,1736016429.864144,s,l
4658489,78994.6,0.0126591,1736016429.9710736,s,l
4658490,78976.2,0.00311873,1736016460.9676208,b,l
4658491,78976.1,0.00158275,1736016466.0891883,s,l
4658492,78937.2,0.00011576,1736016491.7723818,b,l
4658493,78899.0,0.0005647,1736016492.286871,s,l
4658494,78896.0,0.01828185,1736016499.067048,b,l
4658495,78895.9,0.00033577,1736016500.1199195,s,m
4658496,78896.0,0.00136023,1736016522.9851785,b,l
4658497,78896.0,0.00126623,1736016605.2100182,b,l
4658498,78896.0,0.06360493,1736016629.6821384,b,l
4658499,78918.9,7.417e-05,1736016662.3607192,b,l
4658500,78917.1,0.0061814,1736016781.7857754,b,l
4658501,78896.7,0.005112,1736016807.937005,s,l
4658502,78907.1,0.00032237,1736016836.3740768,s,l
4658503,78909.6,0.00064949,1736016842.255967,s,l
4658504,78918.9,0.00089673,1736016926.5412133,s,l
4658505,78918.9,0.00015104,1736016960.1840017,s,l
4658506,78919.0,0.00012671,1736016965.464584,b,m
4658507,78919.0,1.248e-05,1736017021.0339203,b,l
4658508,78919.0,0.00164723,1736017023.1251135,b,l
4658509,78919.0,0.00049936,1736017099.7183666,b,l
4658510,78920.4,0.00062419,1736017200.0639997,b,l
4658511,78937.9,0.00012481,1736017212.0363352,b,l
4658512,78941.0,9.298e-05,1736017215.7788289,b,l
4658513,78928.7,0.00251277,1736017293.1930923,b,m
4658514,78928.7,0.00124824,1736017300.3220105,b,l
4658515,78919.0,0.00025241,1736017389.4334943,b,m
4658516,78921.5,0.00062418,1736017394.033317,b,l
4658517,78919.0,0.00047634,1736017483.7898602,b,l
4658518,78919.0,0.07484714,1736017523.4318075,b,m
4658519,78920.9,0.18874774,1736017523.4318075,b,m
4658520,78918.9,0.00309432,1736017569.8683252,s,l
4658521,78936.2,0.00025324,1736017631.082303,b,l
4658522,78979.2,7.021e-05,1736017731.9898086,b,l
4658523,78965.9,0.00077883,1736017741.3860843,s,l
4658524,79000.7,0.00017437,1736017777.10337,b,l
4658525,79000.7,0.00119428,1736017872.1607003,b,l
4658526,79000.7,0.00033577,1736017914.797944,b,m
4658527,79000.5,0.00010127,1736017943.7354968,s,l
4658528,78994.6,0.01255883,1736017943.7354968,s,l
4658529,79000.7,0.00012349,1736018017.6165965,b,l
4658530,78987.2,0.0070511,1736018071.3524396,s,l
4658531,79000.7,0.00012349,1736018102.209375,b,l
4658532,79000.7,0.06714128,1736018108.8542073,b,l
4658533,79000.8,0.00228918,1736018108.8542073,b,l
4658534,79050.0,0.00670585,1736018114.7480462,b,l
4658535,79050.0,0.01339415,1736018143.0694594,b,l
4658536,79131.3,0.00011666,1736018167.9275992,b,l
4658537,79143.5,7e-05,1736018185.1093404,b,l
4658538,79161.3,0.00924626,1736018227.8737724,b,l
4658539,79161.3,0.00061622,1736018230.5991814,b,l
4658540,79216.9,2.487e-05,1736018286.0362558,b,l
4658541,79169.6,0.00031578,1736018301.3053758,b,m
4658542,79149.7,0.00029341,1736018313.5900824,b,l
4658543,79143.5,0.0010054,1736018397.0227432,b,l
4658544,79143.4,0.00011308,1736018633.4166217,s,l
4658545,79062.3,0.00592933,1736018652.3288288,b,l
4658546,79062.4,0.00119017,1736018717.8505166,b,l
4658547,79072.9,0.02821989,1736018717.8505166,b,l
4658548,79073.0,0.0352916,1736018717.8505166,b,l
4658549,79091.1,0.00093278,1736018780.995824,b,l
4658550,79073.3,0.00379395,1736018794.9821844,b,m
4658551,79084.1,0.00012889,1736019005.2777665,s,l
4658552,79106.5,0.0001167,1736019035.2144763,b,l
4658553,79105.8,0.00011285,1736019096.1131504,b,l
4658554,79113.6,0.00050375,1736019096.1131504,b,l
4658555,79115.2,0.00061662,1736019122.3462815,b,l
4658556,79130.1,0.01263742,1736019202.7087493,b,m
4658557,79130.0,0.00640629,1736019232.6827233,s,l
4658558,79123.5,0.0115966,1736019232.6827233,s,l
4658559,79118.6,0.01614138,1736019253.771185,s,m
4658560,79163.1,0.00076798,1736019318.3803997,b,l
4658561,79132.9,0.0012637,1736019385.9071395,b,m
4658562,79136.6,0.00029355,1736019466.621314,b,l
4658563,79109.0,0.01263743,1736019565.800643,b,l
4658564,79108.9,0.00126408,1736019667.0491872,s,l
4658565,79064.2,0.00379095,1736019675.7803705,s,l
4658566,79094.0,0.00011556,1736019680.2280333,b,l
4658567,79042.4,0.00316737,1736019707.8069625,s,l
4658568,79060.7,0.00123391,1736019719.0191145,b,l
4658569,79075.3,0.00062143,1736019772.3414664,b,l
4658570,79075.9,0.00124592,1736019803.034191,b,l
4658571,79075.9,0.01264608,1736019811.5609438,b,m
4658572,79065.3,0.00023442,1736019843.5009506,b,l
4658573,79069.6,0.00072253,1736019877.070579,b,l
4658574,79058.4,0.07514506,1736019938.8714037,s,l
4658575,79058.3,0.254647,1736019938.8714037,s,l
4658576,79058.3,0.254647,1736019938.8714037,s,l
4658577,79058.3,0.254647,1736019938.871404,s,l
4658578,79051.4,0.16553859,1736019938.871404,s,l
4658579,79064.0,0.00632399,1736019969.473971,b,m
4658580,79067.3,0.00018508,1736019983.3267806,b,l
4658581,79057.7,0.0126836,1736020010.9307532,s,l
4658582,79067.9,0.00060707,1736020017.4088523,b,m
4658583,79040.2,0.01347681,1736020097.367697,s,l
4658584,79048.1,0.04690652,1736020222.612934,b,m
4658585,79048.2,0.07591073,1736020222.6129344,b,m
4658586,79048.8,0.00365815,1736020222.6129344,b,m
4658587,79050.1,0.00012342,1736020223.3105288,b,l
4658588,79104.9,6.321e-05,1736020408.3986638,b,m
4658589,79108.8,0.07508843,1736020419.1677244,s,m
4658590,79108.8,0.039,1736020419.1677246,s,m
4658591,79108.8,0.03551157,1736020419.1677246,s,m
4658592,79108.9,0.00514221,1736020464.1301188,b,l
4658593,79116.9,0.00684116,1736020464.1301188,b,l
4658594,79107.4,0.0005903,1736020523.4909036,b,l
4658595,79097.2,0.00077095,1736020532.940369,s,l
4658596,79106.4,0.00499302,1736020539.9053538,b,m
4658597,79106.4,0.0001167,1736020539.9622204,b,l
4658598,79118.7,0.0005961,1736020621.8732402,b,l
4658599,79111.7,0.01345807,1736020623.361379,s,l
4658600,79096.7,0.0063179,1736020647.3691225,s,m
4658601,79090.2,1.234e-05,1736020800.0430515,b,l
4658602,79088.4,6.229e-05,1736020802.0496862,b,l
4658603,79170.8,0.00126309,1736020807.9331975,b,m
4658604,79216.7,0.00053541,1736020833.7532587,b,l
4658605,79249.7,0.01618492,1736020833.8882847,b,l
4658606,79249.7,0.01618492,1736020833.892029,b,l
4658607,79249.7,0.01618492,1736020833.8951166,b,l
4658608,79249.7,0.01618492,1736020833.8964033,b,l
4658609,79249.7,0.01618492,1736020833.9504204,b,l
4658610,79249.7,0.01618492,1736020833.9521525,b,l
4658611,79249.7,0.01618492,1736020833.9605658,b,l
4658612,79249.7,0.01618492,1736020833.9620454,b,l
4658613,79249.7,0.01618492,1736020833.9658237,b,l
4658614,79249.7,0.01618492,1736020833.97778,b,l
4658615,79249.7,0.01618492,1736020833.9805582,b,l
4658616,79249.7,0.01618492,1736020833.9822645,b,l
4658617,79249.7,0.01618492,1736020833.9849784,b,l
4658618,79249.7,0.01618492,1736020833.9892044,b,l
4658619,79249.7,0.01618481,1736020833.9922435,b,l
4658620,79279.1,0.0001042,1736020834.710287,b,l
4658621,79286.5,1.243e-05,1736020848.0320592,b,l
4658622,79232.2,0.00059372,1736020885.166546,b,l
4658623,79230.4,0.00043522,1736020888.0332973,b,l
4658624,79228.7,0.00473485,1736020892.687878,b,l
4658625,79203.6,0.00018941,1736020954.7500362,s,l
4658626,79223.1,0.00012436,1736020958.031778,b,l
4658627,79222.7,0.00277698,1736020963.1471543,b,m
4658628,79200.0,0.00058979,1736021048.2345784,b,l
4658629,79187.5,0.00049281,1736021113.2214613,b,l
4658630,79187.3,0.00031571,1736021276.5916402,b,m
4658631,79187.3,0.00125778,1736021386.9615784,b,m
4658632,79187.3,0.00674268,1736021429.691878,b,m
4658633,79197.2,0.00448886,1736021429.691878,b,m
4658634,79194.5,0.00062203,1736021578.0324588,b,l
4658635,79191.1,6.221e-05,1736021598.0321834,b,l
4658636,79180.0,0.00643361,1736021686.4976823,s,m
4658637,79193.4,0.01185377,1736021691.1083412,b,l
4658638,79196.7,0.00059551,1736021743.941822,b,l
4658639,79197.1,0.0002962,1736021759.314775,b,l
4658640,79211.8,0.00119406,1736021970.6841474,b,l
4658641,79214.3,6.219e-05,1736021984.0346272,b,l
4658642,79214.3,0.00011541,1736021993.4500072,b,l
4658643,79246.3,0.00694213,1736022044.3146966,s,m
4658644,79266.9,0.01231252,1736022075.2694678,b,l
4658645,79266.9,6.154e-05,1736022076.9905434,b,l
4658646,79252.4,0.00668038,1736022124.80282,s,l
4658647,79269.8,0.25395531,1736022139.6354525,b,m
4658648,79269.8,0.05116332,1736022139.6354525,b,m
4658649,79255.6,9.161e-05,1736022248.826064,s,l
4658650,79261.3,0.0119303,1736022293.4005885,b,l
4658651,79249.8,0.00153603,1736022308.0654273,s,l
4658652,79287.7,0.00357608,1736022476.5726964,b,l
4658653,79287.7,0.00015132,1736022486.9615548,b,l
4658654,79287.7,0.00061523,1736022512.07596,b,l
4658655,79287.7,1.243e-05,1736022522.0337636,b,l
4658656,79287.7,6.3e-05,1736022570.224661,b,l
4658657,79287.6,0.0001009,1736022662.034753,s,l
4658658,79272.6,0.00103677,1736022662.034753,s,l
4658659,79269.5,0.00045258,1736022705.4158711,s,l
4658660,79287.6,0.02522936,1736022716.2945626,s,m
4658661,79287.6,3.946e-05,1736022757.0953014,s,l
4658662,79287.7,0.00011643,1736022768.887396,b,l
4658663,79283.5,0.00011644,1736022787.3223453,b,l
4658664,79287.7,0.0206901,1736023019.148431,b,l
4658665,79350.3,0.00490789,1736023072.0912523,b,l
4658666,79341.9,0.00061,1736023265.1087725,b,l
4658667,79350.6,0.00526873,1736023265.3808868,b,l
4658668,79399.9,0.1521667,1736023265.5905612,s,m
4658669,79399.9,0.06716027,1736023265.5905612,s,m
4658670,79399.9,0.04690652,1736023265.5905612,s,m
4658671,79351.9,0.039,1736023265.5905614,s,m
4658672,79350.6,0.04690652,1736023265.5905614,s,m
4658673,79350.6,0.05875999,1736023265.5905614,s,m
4658674,79399.8,2.557e-05,1736023298.01549,s,l
4658675,79400.0,0.10032773,1736023404.7841234,b,l
4658676,79394.7,0.0003701,1736023495.8155494,b,l
4658677,79386.7,5.764e-05,1736023558.5471475,b,l
4658678,79423.5,0.00359655,1736023571.6887238,b,l
4658679,79393.2,0.00491524,1736023718.19901,b,l
4658680,79381.8,0.0062986,1736023855.1054747,b,l
4658681,79376.1,0.00024824,1736023909.041814,b,l
4658682,79376.1,0.00013653,1736023917.029539,b,l
4658683,79388.3,9.134e-05,1736023932.2322078,b,l
4658684,79429.7,7e-05,1736024145.2172327,b,l
4658685,79436.1,0.00336877,1736024145.2172327,b,l
4658686,79430.7,9.241e-05,1736024308.1761808,b,l
4658687,79430.5,0.0032902,1736024315.8137832,b,l
4658688,79434.4,0.00039302,1736024338.8009007,b,l
4658689,79434.9,0.01181788,1736024382.4705,b,l
4658690,79476.8,0.00012897,1736024466.3327875,s,l
4658691,79476.9,0.00010394,1736024473.4525945,b,l
4658692,79488.3,0.00013157,1736024473.4525945,b,l
4658693,79476.7,0.00010215,1736024482.032627,b,l
4658694,79458.3,0.00035134,1736024506.4774582,b,l
4658695,79460.5,0.00033887,1736024551.7003343,s,l
4658696,79499.0,0.02362048,1736024631.3323004,b,l
4658697,79486.3,0.00046,1736024667.0367396,s,l
4658698,79498.4,0.00277224,1736024675.527781,b,l
4658699,79499.0,0.0001,1736024687.281081,b,m
4658700,79498.9,0.00125787,1736024710.3243666,s,l
4658701,79499.0,0.00094187,1736024710.555023,b,l
4658702,79499.0,0.00613599,1736024735.065822,b,l
4658703,79499.0,0.0006136,1736024813.0199585,b,l
4658704,79499.0,0.00179662,1736024815.4722743,b,l
4658705,79499.0,0.00490879,1736024882.3224514,b,l
4658706,79499.0,0.00024544,1736024885.0193226,b,l
4658707,79498.9,0.1194985,1736024909.9580266,s,l
4658708,79498.3,0.00476743,1736024909.9580266,s,l
4658709,79458.3,0.01251559,1736024929.449393,s,m
4658710,79403.9,9.546e-05,1736024929.449393,s,m
4658711,79400.1,0.00012287,1736025065.574265,b,l
4658712,79400.1,0.00031021,1736025170.0339952,b,l
4658713,79400.4,0.00274109,1736025190.019664,s,l
4658714,79400.0,0.03,1736025235.6276824,s,l
4658715,79378.7,0.07212217,1736025235.6276827,s,l
4658716,79378.6,0.25360938,1736025235.6276827,s,l
4658717,79376.0,0.00835882,1736025235.6276827,s,l
4658718,79376.0,0.01259826,1736025235.6276827,s,l
4658719,79375.0,0.03149606,1736025235.6276827,s,l
4658720,79375.0,0.25362084,1736025235.6276827,s,l
4658721,79374.1,0.2536236,1736025235.6276827,s,l
4658722,79370.8,0.007107,1736025235.6276827,s,l
4658723,79368.7,0.07746387,1736025235.6276827,s,l
4658724,79380.7,9.156e-05,1736025279.4495456,b,l
4658725,79387.4,0.00058831,1736025291.3779428,b,l
4658726,79356.1,0.01208595,1736025359.5622847,b,l
4658727,79370.6,0.00035526,1736025378.8572085,b,l
4658728,79370.5,0.00061458,1736025379.6735551,b,l
4658729,79388.0,0.01259636,1736025386.786105,b,m
4658730,79407.8,0.01199126,1736025412.6772833,b,l
4658731,79398.2,0.00092155,1736025600.056546,b,l
4658732,79396.8,0.00755698,1736025607.5611498,b,m
4658733,79407.5,0.02802695,1736025619.9580605,s,m
4658734,79399.6,0.00283075,1736025619.9580605,s,m
4658735,79416.5,0.00027026,1736025668.8736117,b,l
4658736,79416.5,0.007105,1736025703.3282435,b,l
4658737,79416.5,0.00488489,1736025703.3282435,b,l
4658738,79419.1,0.00055557,1736025859.8049707,s,m
4658739,79419.2,0.00125914,1736025909.2861547,b,m
4658740,79419.2,0.00082452,1736025911.9503877,b,l
4658741,79419.2,0.00125914,1736025912.689382,b,m
4658742,79419.2,0.00393098,1736025955.138025,b,l
4658743,79419.2,0.00081855,1736025962.814752,b,l
4658744,79419.2,0.00202691,1736025970.3295915,b,l
4658745,79419.2,0.00302194,1736026106.8711588,b,m
4658746,79419.2,0.00494994,1736026156.197812,b,l
4658747,79419.1,0.00012444,1736026220.0781286,s,l
4658748,79310.6,1.55e-05,1736026254.4841835,s,l
4658749,79318.7,0.00012299,1736026257.1125317,b,l
4658750,79310.7,0.00201475,1736026299.0304074,b,l
4658751,79310.7,0.00118091,1736026304.2375414,b,l
4658752,79340.8,0.00010886,1736026526.871264,s,l
4658753,79340.8,0.00316285,1736026526.871264,s,l
4658754,79335.8,0.00189056,1736026639.5151303,b,l
4658755,79349.6,0.00024594,1736026643.2909112,b,l
4658756,79336.3,0.00031046,1736026678.036585,b,l
4658757,79340.7,0.00012418,1736026752.03326,b,l
4658758,79300.1,0.00049203,1736026856.4866035,b,l
4658759,79300.1,0.01476331,1736026888.9413671,b,l
4658760,79300.0,0.04,1736027033.8157318,s,l
4658761,79286.5,7e-05,1736027033.8312428,s,l
4658762,79283.5,0.00123028,1736027038.3170002,b,l
4658763,79283.5,0.00012305,1736027056.6356096,b,l
4658764,79283.5,0.00015997,1736027118.0256836,b,l
4658765,79283.5,0.00011644,1736027163.2363875,b,l
4658766,79283.5,0.00016895,1736027258.1448567,b,l
4658767,79283.4,0.00126129,1736027263.609683,s,l
4658768,79283.4,3.6e-07,1736027263.609683,s,l
4658769,79283.5,1.231e-05,1736027343.7401488,b,l
4658770,79283.5,0.02461066,1736027378.424403,b,l
4658771,79283.5,0.00088512,1736027472.4074547,b,l
4658772,79283.5,0.00058906,1736027521.4112272,b,l
4658773,79283.4,0.00010055,1736027553.8054783,s,l
4658774,79283.4,6.306e-05,1736027553.8054783,s,l
4658775,79259.4,0.00037291,1736027640.037373,b,l
4658776,79259.4,0.015,1736027657.16181,b,l
4658777,79259.3,0.00189264,1736027761.4159832,s,l
4658778,79226.3,0.00210378,1736027761.4159832,s,l
4658779,79226.2,0.00327646,1736027761.4159832,s,l
4658780,79236.5,0.01243394,1736027765.418678,b,l
4658781,79242.5,0.0001165,1736027854.7652066,b,l
4658782,79222.9,0.00246409,1736027892.8264542,s,l
4658783,79222.8,0.007115,1736027892.8264542,s,l
4658784,79216.1,0.00335884,1736027892.8264542,s,l
4658785,79232.0,0.00403877,1736027960.9830494,b,m
4658786,79235.5,0.00033193,1736028015.1898632,s,l
4658787,79235.6,0.06156385,1736028018.0785186,b,l
4658788,79235.6,0.00058941,1736028202.0555315,b,l
4658789,79235.6,0.00242214,1736028231.3145533,b,m
4658790,79235.5,0.00063103,1736028511.3701625,s,m
4658791,79235.5,0.00031551,1736028511.3701625,s,m
4658792,79211.2,0.00146712,1736028511.3701625,s,m
4658793,79230.9,0.00012313,1736028511.7358675,b,l
4658794,79221.6,0.01567185,1736028555.9364886,b,l
4658795,79224.3,0.00015719,1736028603.2639768,b,l
4658796,79223.8,0.00123146,1736028667.3956156,b,l
4658797,79226.7,0.00255887,1736028719.0059,s,l
4658798,79220.3,0.00287151,1736028719.0059,s,l
4658799,79235.6,0.0018,1736028807.0308847,b,l
4658800,79254.7,0.00068665,1736028807.0308847,b,l
4658801,79240.8,9.263e-05,1736028842.985317,b,l
4658802,79227.2,0.00177477,1736028929.3914185,b,l
4658803,79227.1,0.00249224,1736028934.323629,s,l
4658804,79217.6,3.019e-05,1736028934.323629,s,l
4658805,79219.7,0.00012449,1736029067.7826514,b,l
4658806,79216.5,0.00081364,1736029123.7049649,s,l
4658807,79214.0,0.00124375,1736029235.0348244,b,l
4658808,79216.0,0.01231582,1736029247.0080495,b,l
4658809,79218.4,0.00119393,1736029265.3883982,b,l
4658810,79207.2,0.00151501,1736029381.5692046,s,m
4658811,79200.0,0.00126262,1736029381.5692046,s,m
4658812,79190.7,0.00088906,1736029381.5692046,s,m
4658813,79184.7,0.00038833,1736029398.9916892,s,l
4658814,79184.6,0.00011088,1736029433.701065,b,l
4658815,79180.6,0.00024335,1736029586.5301874,b,l
4658816,79176.3,0.00018945,1736029664.7957382,s,l
4658817,79164.3,0.00259925,1736029664.7957382,s,l
4658818,79164.2,0.02720333,1736029664.7957382,s,l
4658819,79174.2,0.00018484,1736029671.153087,b,l
4658820,79162.8,1.245e-05,1736029849.0332365,b,l
4658821,79207.3,0.00757506,1736029910.9400191,b,m
4658822,79207.3,0.00126103,1736029935.6994758,b,l
4658823,79207.3,0.00431101,1736029984.9476168,b,l
4658824,79207.3,0.00012773,1736029987.1649778,b,l
4658825,79207.3,0.00012439,1736029994.0331311,b,l
4658826,79207.3,0.00015027,1736030016.3566844,b,l
4658827,79207.2,0.0001168,1736030184.6124067,s,l
4658828,79207.3,0.00030643,1736030186.0316591,b,l
4658829,79207.3,0.00126251,1736030237.5931232,b,m
4658830,79207.3,0.07346743,1736030248.9809132,b,l
4658831,79225.0,0.25409472,1736030248.9809132,b,l
4658832,79226.1,0.25409134,1736030248.9809132,b,l
4658833,79231.0,0.02178214,1736030248.9809132,b,l
4658834,79306.1,0.00141809,1736030408.037655,b,l
4658835,79305.8,0.00063047,1736030454.2528062,b,m
4658836,79297.7,0.00135396,1736030572.2160325,s,m
4658837,79297.6,0.253862,1736030572.2160325,s,m
4658838,79297.2,0.04990267,1736030572.2160325,s,m
4658839,79293.6,0.00414169,1736030635.5794475,b,l
4658840,79293.6,0.00023377,1736030649.179131,b,l
4658841,79293.5,0.00031562,1736030700.1605554,s,l
4658842,79263.4,0.00318438,1736030700.1605554,s,l
4658843,79240.2,0.00015296,1736030759.086841,b,l
4658844,79240.2,0.00048941,1736030759.087128,b,l
4658845,79240.2,0.00033646,1736030759.0872862,b,l
4658846,79240.2,0.00018351,1736030759.0874546,b,l
4658847,79240.2,0.00018351,1736030759.0876627,b,l
4658848,79240.2,0.00018351,1736030759.0880792,b,l
4658849,79240.2,0.00018351,1736030759.088277,b,l
4658850,79317.1,0.0030749,1736031007.780923,b,l
4658851,79323.9,0.00246002,1736031029.146183,b,l
4658852,79319.7,0.00094524,1736031095.4711163,b,l
4658853,79337.2,9.252e-05,1736031230.9465818,b,l
4658854,79330.2,0.0053879,1736031248.1519516,b,l
4658855,79323.7,0.00023366,1736031257.2771444,b,l
4658856,79319.6,0.00172193,1736031274.549052,b,l
4658857,79306.4,0.00232592,1736031292.047076,s,m
4658858,79306.3,0.12467408,1736031292.047076,s,m
4658859,79319.7,0.00504158,1736031314.0484588,b,l
4658860,79316.0,0.00129915,1736031358.142182,b,l
4658861,79316.6,0.00012422,1736031431.0304644,b,l
4658862,79315.7,0.00097371,1736031482.6413057,b,l
4658863,79311.1,0.00100869,1736031525.0975077,b,m
4658864,79274.6,0.00246066,1736031579.3209913,s,l
4658865,79274.5,0.00012531,1736031579.3209913,s,l
4658866,79280.6,0.00310676,1736031600.0523944,b,l
4658867,79280.6,0.00062135,1736031600.067406,b,l
4658868,79280.6,0.00062135,1736031600.108364,b,l
4658869,79280.5,9.258e-05,1736031601.083819,b,l
4658870,79235.6,0.00024868,1736031639.0365863,b,l
4658871,79228.5,1.244e-05,1736031658.033684,b,l
4658872,79239.1,0.00061561,1736031776.7043786,b,l
4658873,79239.1,0.0019629,1736031786.4505308,b,l
4658874,79274.4,0.00542425,1736031786.4505308,b,l
4658875,79248.3,0.00010164,1736031973.0699184,s,l
4658876,79212.9,0.00012438,1736032004.028386,b,l
4658877,79212.8,0.00031497,1736032027.459891,s,l
4658878,79206.2,0.0001,1736032030.316108,s,l
4658879,79150.1,0.03081518,1736032208.539178,b,l
4658880,79150.0,0.00126342,1736032244.5557768,s,l
4658881,79149.0,0.00271715,1736032244.5557768,s,l
4658882,79143.5,7e-05,1736032244.5600457,s,l
4658883,79085.1,0.00092282,1736032318.6280932,s,m
4658884,79095.2,0.01264221,1736032326.641142,b,l
4658885,79095.2,0.00011671,1736032357.3064196,b,l
4658886,79094.7,0.00098616,1736032382.7482734,s,l
4658887,79080.9,0.00268011,1736032478.3106017,s,m
4658888,79093.6,0.01233484,1736032536.4720976,b,l
4658889,79095.2,8.635e-05,1736032569.1742802,b,l
4658890,79120.0,0.00012334,1736032577.278097,b,l
4658891,79117.0,0.04887713,1736032610.9544632,b,m
4658892,79120.2,0.00328986,1736032733.2465951,s,m
4658893,79133.1,0.00023424,1736032734.8439915,b,l
4658894,79132.3,0.00315909,1736032753.035088,s,m
4658895,79148.9,0.00616365,1736032792.8907468,b,l
4658896,79158.8,0.00011548,1736032857.2966204,b,l
4658897,79158.2,0.00024892,1736032864.034207,b,l
4658898,79167.8,0.00083614,1736032908.5771854,b,l
4658899,79160.3,0.00118304,1736032928.2580702,b,l
4658900,79160.2,0.00252627,1736032931.5111077,b,l
4658901,79161.8,0.00061622,1736032938.7894962,b,l
4658902,79169.3,0.00062222,1736032969.122826,b,l
4658903,79152.7,6.163e-05,1736033006.355517,b,l
4658904,79152.7,0.00299185,1736033006.7214622,b,l
4658905,79147.9,0.00059036,1736033168.1306548,b,l
4658906,79131.1,0.01186031,1736033406.72966,b,l
4658907,79128.7,0.03735263,1736033418.2657251,b,l
4658908,79135.2,0.00047172,1736033439.146114,b,m
4658909,79133.7,6.225e-05,1736033635.0308776,b,l
4658910,79157.9,5.497e-05,1736033646.5169992,b,l
4658911,79153.0,0.00246512,1736033691.2691708,b,l
4658912,79152.1,0.0067081,1736033744.7365212,s,l
4658913,79152.0,0.2543304,1736033744.7365212,s,l
4658914,79152.0,0.23896157,1736033744.7365212,s,l
4658915,79151.9,0.00062236,1736033820.1005075,b,l
4658916,79115.1,0.00308288,1736034179.2110329,b,l
4658917,79127.5,0.00061658,1736034191.5045004,b,l
4658918,79115.1,0.00252676,1736034250.0283806,b,l
4658919,79122.5,0.00023659,1736034271.9956565,b,l
4658920,79127.5,0.00035547,1736034318.4090328,b,l
4658921,79115.0,0.00012639,1736034408.8514986,s,l
4658922,79109.8,0.00175232,1736034408.8514986,s,l
4658923,79142.3,0.00019864,1736034581.7817078,b,l
4658924,79159.3,0.00024892,1736034610.032376,b,l
4658925,79175.1,0.00011959,1736034643.9882677,s,m
4658926,79191.0,0.00014656,1736034650.158502,b,l
4658927,79185.2,0.00011543,1736034656.3462057,b,l
4658928,79185.8,0.00011544,1736034685.395098,b,l
4658929,79169.7,0.02526219,1736034751.2780511,b,m
4658930,79166.3,0.00012323,1736034846.859907,b,l
4658931,79148.1,0.0006475,1736034923.5220697,s,l
4658932,79163.3,0.00119476,1736034945.8202183,b,l
4658933,79122.6,3.113e-05,1736035140.0638378,b,l
4658934,79122.6,6.226e-05,1736035140.1186838,b,l
4658935,79116.7,0.00159908,1736035190.0282197,b,l
4658936,79127.8,0.00246591,1736035198.5442796,b,l
4658937,79127.6,0.00011667,1736035199.0172007,b,l
4658938,79126.5,0.00012421,1736035200.068467,b,l
4658939,79126.5,1.245e-05,1736035200.080489,b,l
4658940,79126.5,0.00013696,1736035200.230796,b,l
4658941,79126.5,0.00024902,1736035200.2823875,b,l
4658942,79126.5,0.00012451,1736035200.3602424,b,l
4658943,79130.2,0.0029929,1736035201.921914,b,l
4658944,79130.4,1.868e-05,1736035208.033538,b,l
4658945,79130.4,0.00049802,1736035211.036722,b,l
4658946,79130.4,0.0066033,1736035212.1211343,b,m
4658947,79138.4,0.00476859,1736035212.1211343,b,m
4658948,79152.2,1.23e-05,1736035217.0399344,b,l
4658949,79153.6,0.00012447,1736035228.0315282,b,l
4658950,79153.5,0.00012622,1736035229.5525565,s,l
4658951,79153.6,0.00012326,1736035239.3500264,b,l
4658952,79153.6,0.00028292,1736035240.03493,b,l
4658953,79153.4,1.245e-05,1736035259.0374177,b,l
4658954,79153.4,0.0001867,1736035260.038809,b,l
4658955,79153.4,0.00025267,1736035265.4472044,b,m
4658956,79153.4,0.00060214,1736035284.2913294,b,l
4658957,79110.1,0.00049329,1736035408.5819218,b,l
4658958,79110.1,0.01177673,1736035428.0150597,b,l
4658959,79110.1,0.0001,1736035433.8015902,b,m
4658960,79110.1,0.00082774,1736035440.9063003,b,l
4658961,79110.0,3.998e-05,1736035497.2743113,s,l
4658962,79110.1,0.0007,1736035592.477603,b,m
4658963,79110.1,0.00036997,1736035669.8828132,b,l
4658964,79139.9,0.00123275,1736035713.645668,b,l
4658965,79169.6,3.111e-05,1736035983.033327,b,l
4658966,79166.3,0.00507947,1736035983.046519,s,l
4658967,79169.7,0.02652529,1736036002.0551498,b,l
4658968,79205.3,0.02892026,1736036002.0551498,b,l
4658969,79179.4,6.221e-05,1736036012.032741,b,l
4658970,79180.7,0.00012853,1736036049.965592,b,l
4658971,79166.0,0.00037362,1736036069.1855245,b,l
4658972,79163.9,0.00024775,1736036108.5200262,s,m
4658973,79199.5,0.00012535,1736036167.015166,s,l
4658974,79214.8,0.0006241,1736036190.4750135,b,m
4658975,79168.8,6.159e-05,1736036199.8164594,b,l
4658976,79211.6,0.00130481,1736036239.7455134,b,l
4658977,79227.1,0.00058948,1736036462.0887327,b,l
4658978,79227.1,0.00184711,1736036471.9172828,b,l
4658979,79227.0,0.01262195,1736036521.2270982,s,l
4658980,79211.5,0.00010223,1736036521.2775924,s,l
4658981,79200.0,0.00012626,1736036535.5584428,s,l
4658982,79148.2,0.00108987,1736036535.5584428,s,l
4658983,79179.3,0.00047594,1736036554.934582,b,l
4658984,79154.1,0.01232545,1736036811.072,b,l
4658985,79154.1,0.00369763,1736036850.4303634,b,l
4658986,79154.0,0.00042737,1736036887.7672226,s,l
4658987,79179.6,1.232e-05,1736037000.0405092,b,l
4658988,79175.2,1.229e-05,1736037034.0339694,b,l
4658989,79154.3,0.07493411,1736037115.2128294,s,m
4658990,79154.2,0.007119,1736037115.2128294,s,m
4658991,79154.0,0.00209935,1736037115.2128294,s,m
4658992,79152.8,0.00107386,1736037115.2128294,s,m
4658993,79170.7,0.00024649,1736037210.4231496,b,l
4658994,79183.7,0.00044459,1736037242.5750237,s,l
4658995,79183.7,0.00419026,1736037372.817391,s,m
4658996,79183.8,0.00174101,1736037386.696139,b,m
4658997,79183.7,0.00023421,1736037505.558304,s,l
4658998,79183.8,5e-05,1736037543.161755,b,m
4658999,79187.5,0.03843165,1736037575.5296843,s,l
4659000,79187.4,0.22156835,1736037575.5296843,s,l
4659001,79208.2,0.00238623,1736037596.5796046,b,l
4659002,79184.0,0.01613473,1736037626.716682,b,l
4659003,79183.7,0.00087357,1736037895.6486742,s,l
4659004,79183.8,1.991e-05,1736037938.0380836,b,l
4659005,79183.8,0.00027106,1736037988.2118256,b,l
4659006,79183.8,0.02273192,1736038081.3162704,b,m
4659007,79183.7,0.00077667,1736038130.3157542,s,l
4659008,79183.7,0.00655415,1736038233.926604,s,l
4659009,79183.7,0.00378865,1736038233.926604,s,l
4659010,79183.7,0.014961,1736038233.926604,s,l
4659011,79183.8,0.0002341,1736038288.3779774,b,l
4659012,79183.8,0.0002341,1736038360.6600227,b,l
4659013,79183.7,0.00491684,1736038421.3738012,s,l
4659014,79183.8,0.00684736,1736038491.9063563,b,m
4659015,79183.8,6.314e-05,1736038577.237474,b,m
4659016,79183.8,0.00616041,1736038741.0230377,b,l
4659017,79183.8,0.00031106,1736038800.0658786,b,l
4659018,79183.8,0.00031106,1736038807.0478134,b,l
4659019,79183.8,0.00070845,1736038846.1467607,b,l
4659020,79183.8,1.244e-05,1736038905.0362346,b,l
4659021,79183.8,3.733e-05,1736038920.0341794,b,l
4659022,79183.8,0.00030802,1736038975.636697,b,l
4659023,79183.8,2.488e-05,1736039100.043374,b,l
4659024,79183.7,0.07415805,1736039119.4610677,s,l
4659025,79183.7,0.00012628,1736039119.4610677,s,l
4659026,79183.7,0.00189432,1736039119.4610677,s,l
4659027,79110.1,4.359e-05,1736039139.033923,b,l
4659028,79110.1,0.0006295,1736039178.7494636,b,m
4659029,79110.0,0.00043468,1736039291.730611,s,l
4659030,79110.1,0.00059035,1736039379.5760808,b,l
4659031,79144.8,0.00043989,1736039423.7628095,b,l
4659032,79144.8,0.01849034,1736039454.805431,b,l
4659033,79152.3,0.01968355,1736039533.4634132,s,m
4659034,79173.2,0.00118294,1736039750.8224404,b,l
4659035,79173.2,1.229e-05,1736039751.0350573,b,l
4659036,79153.2,0.00079359,1736039871.700365,s,m
4659037,79192.0,9.785e-05,1736039877.6312504,b,l
4659038,79192.0,0.00123195,1736039951.8545868,b,l
4659039,79191.9,0.001,1736040109.7834787,s,m
4659040,79164.9,0.0184,1736040261.1027071,s,m
4659041,79150.0,0.00012634,1736040436.2218094,s,m
4659042,79140.7,0.02021715,1736040436.2218094,s,m
4659043,79138.5,0.17965651,1736040436.2218094,s,m
4659044,79126.3,0.00124531,1736040524.019568,b,l
4659045,79121.5,1.23e-05,1736040648.0327787,b,l
4659046,79110.1,0.0506,1736040720.1211717,b,l
4659047,79110.1,0.00012578,1736040783.8026175,b,l
4659048,79110.1,0.00017487,1736040804.8602474,b,l
4659049,79110.0,0.00926261,1736040993.9291227,s,l
4659050,79110.0,0.01491593,1736040993.9291227,s,l
4659051,79110.0,0.00010584,1736040993.9291227,s,l
4659052,79100.0,5e-05,1736040996.3168054,s,l
4659053,79100.0,0.00024124,1736040996.3168054,s,l
4659054,79100.0,0.64639714,1736040996.3168054,s,l
4659055,79100.0,0.61782536,1736040996.3201268,s,l
4659056,79077.1,0.00121999,1736041077.381346,b,l
4659057,79077.1,0.00061687,1736041113.5886347,b,l
4659058,79077.1,0.01264589,1736041119.485554,b,m
4659059,79077.1,0.03242377,1736041129.4820285,b,m
4659060,79077.1,0.07501119,1736041129.4820285,b,m
4659061,79077.1,0.007122,1736041129.4820285,b,m
4659062,79077.1,0.01063731,1736041129.4820285,b,m
4659063,79077.1,0.00018689,1736041158.031387,b,l
4659064,79077.0,0.01011682,1736041177.6221287,s,m
4659065,79077.0,0.00031614,1736041177.6221287,s,m
4659066,79029.5,0.0122735,1736041177.6221287,s,m
4659067,79029.4,0.039,1736041177.6221287,s,m
4659068,79027.0,0.03829354,1736041177.6221287,s,m
4659069,79001.3,0.01076485,1736041237.4363189,s,m
4659070,79001.2,0.00189313,1736041237.4363189,s,m
4659071,79041.4,0.00198747,1736041272.4452994,s,l
4659072,79043.0,0.00118493,1736041290.0913222,b,l
4659073,79072.4,0.01560962,1736041412.9197438,s,l
4659074,79072.3,0.00339038,1736041412.9197438,s,l
4659075,79087.8,0.00023438,1736041438.018037,b,l
4659076,79087.5,0.01233583,1736041490.765578,b,l
4659077,79087.5,0.00024915,1736041503.0341418,b,l
4659078,79087.5,1.231e-05,1736041541.0363257,b,l
4659079,79049.3,3.739e-05,1736041620.0328014,b,l
4659080,79000.8,7e-05,1736041776.414619,s,l
4659081,79000.0,6.329e-05,1736041776.414619,s,l
4659082,79000.0,5e-05,1736041776.414619,s,l
4659083,78995.8,0.00010384,1736041776.414619,s,l
4659084,79002.9,0.00185237,1736042076.0080397,b,l
4659085,79069.1,0.01234205,1736042378.8421774,b,l
4659086,79060.5,0.0002468,1736042407.7364843,b,l
4659087,79080.2,1.246e-05,1736042440.0359051,b,l
4659088,79078.7,1.246e-05,1736042452.0336816,b,l
4659089,79078.7,4.099e-05,1736042452.0352776,b,l
4659090,79077.9,0.00118432,1736042553.3678374,b,l
4659091,79068.1,0.00012571,1736042582.3914244,b,l
4659092,79055.0,0.00409276,1736042583.659042,s,l
4659093,79078.4,0.00188926,1736042611.6129258,b,m
4659094,79069.5,0.00477772,1736042665.4466834,s,l
4659095,79069.4,0.00377914,1736042665.4466834,s,l
4659096,79079.6,9.191e-05,1736042708.3866951,b,l
4659097,79090.4,8.947e-05,1736042723.1369274,b,l
4659098,79073.9,0.00011262,1736042852.697656,b,m
4659099,79105.0,0.00123331,1736042975.3833032,b,l
4659100,79104.9,0.00025359,1736043306.031439,b,m
4659101,79104.9,1.23e-05,1736043322.0376165,b,l
4659102,79104.9,0.00012641,1736043371.2177477,b,m
4659103,79104.8,0.00038,1736043471.979818,s,m
4659104,79104.8,0.00011377,1736043471.979818,s,m
4659105,79092.8,0.00288392,1736043471.979818,s,m
4659106,79092.7,0.01621656,1736043471.979818,s,m
4659107,79104.9,0.00011335,1736043525.7155948,b,m
4659108,79106.1,0.00051581,1736043525.7155948,b,m
4659109,79103.0,0.00026056,1736043767.835268,b,l
4659110,79120.4,0.0003113,1736044110.0317793,b,l
4659111,79116.4,0.00474418,1736044141.1304178,b,l
4659112,79105.7,1.23e-05,1736044209.037017,b,l
4659113,79105.6,0.00059038,1736044210.853959,b,l
4659114,79068.3,9.018e-05,1736044288.2303488,b,l
4659115,79047.8,0.01234202,1736044423.6741214,b,l
4659116,79101.0,0.00030557,1736044682.7541993,s,m
4659117,79074.6,0.0001,1736044846.6960683,b,m
4659118,79078.4,0.00013705,1736045063.035187,b,l
4659119,79076.1,0.00158076,1736045108.069998,b,m
4659120,79084.7,0.00030557,1736045125.4329662,b,m
4659121,79087.2,1.231e-05,1736045157.031978,b,l
4659122,79070.3,0.0007389,1736045222.024328,s,l
4659123,79093.6,0.00011391,1736045291.9621303,b,l
4659124,79085.9,7.087e-05,1736045355.0270958,s,l
4659125,79093.7,0.00011674,1736045430.2924106,s,l
4659126,79086.3,0.0030841,1736045714.263486,b,m
4659127,79109.0,0.00025914,1736045840.7069268,s,l
4659128,79133.5,6.318e-05,1736045934.9808846,b,m
4659129,79135.7,0.00049796,1736046000.0401063,b,l
4659130,79135.7,6.225e-05,1736046000.053203,b,l
4659131,79114.6,0.07504302,1736046020.511231,b,m
4659132,79135.3,0.00222843,1736046020.511231,b,m
4659133,79137.1,0.007119,1736046020.511231,b,m
4659134,79139.4,0.00083587,1736046020.511231,b,m
4659135,79115.5,6.226e-05,1736046023.0346663,b,l
4659136,79115.5,4.109e-05,1736046023.036078,b,l
4659137,79115.5,1.245e-05,1736046025.03491,b,l
4659138,79117.5,0.00041629,1736046042.5743797,b,l
4659139,79117.5,0.00024905,1736046058.031813,b,l
4659140,79117.5,0.00120352,1736046088.693187,b,l
4659141,79115.5,0.02317106,1736046266.400201,b,l
4659142,79115.5,0.01109832,1736046283.385154,b,l
4659143,79115.5,0.00072201,1736046472.5218964,b,l
4659144,79115.4,0.00010112,1736046635.6610174,s,l
4659145,79092.9,9.324e-05,1736046635.6610174,s,l
4659146,79092.9,2.526e-05,1736046639.9271228,s,l
4659147,79093.0,0.00050522,1736046912.7571075,b,l
4659148,79093.0,1.23e-05,1736046927.034521,b,l
4659149,79093.0,0.00624149,1736047565.989679,b,l
4659150,79093.0,1.23e-05,1736047822.034001,b,l
4659151,79093.0,0.00059047,1736047921.9074433,b,l
4659152,79093.0,0.00023667,1736048502.8657825,b,l
4659153,79092.9,7.744e-05,1736048695.7936678,s,l
4659154,79092.9,0.00015386,1736048695.7936678,s,l
4659155,79086.0,1.231e-05,1736048703.0328827,b,l
4659156,79085.9,0.006252,1736048709.9011266,s,l
4659157,79085.9,7.744e-05,1736048709.9011266,s,l
4659158,79037.8,0.00063261,1736048930.7386131,b,m
4659159,79071.8,0.00019904,1736048966.1344535,s,l
4659160,79078.5,0.00024918,1736049352.0307174,b,l
4659161,79078.4,0.00062259,1736049390.4599526,s,l
4659162,79078.4,0.00089755,1736049510.2441747,s,l
4659163,79078.4,0.00038,1736049510.2441747,s,l
4659164,79078.4,0.00046336,1736049510.2441747,s,l
4659165,79078.5,0.00062468,1736049520.1400745,b,l
4659166,79131.2,0.0001245,1736049624.03609,b,l
4659167,79134.7,1.245e-05,1736049641.0395515,b,l
4659168,79143.4,0.00038,1736050022.1566882,s,l
4659169,79143.4,0.00146877,1736050022.1566882,s,l
4659170,79143.5,7e-05,1736050290.0359235,b,l
4659171,79152.9,1.245e-05,1736050496.0604532,b,l
4659172,79140.7,1.23e-05,1736050547.0323286,b,l
4659173,79140.7,0.00026776,1736050550.160209,b,l
4659174,79180.2,0.00094569,1736050729.2976177,b,l
4659175,79180.9,1.244e-05,1736050778.033028,b,l
4659176,79192.0,0.02105708,1736051108.2018404,b,l
4659177,79286.5,7e-05,1736051335.7322743,b,l
4659178,79322.1,1.227e-05,1736051441.0319614,b,l
4659179,79296.3,0.00308968,1736051502.0323484,b,m
4659180,79296.3,0.00378635,1736052374.968307,b,l
4659181,79296.2,0.00010089,1736052402.2190287,s,l
4659182,79238.1,0.00024867,1736052425.0335064,b,l
4659183,79226.4,0.00031089,1736053127.0320334,b,l
4659184,79231.7,0.00095543,1736053160.3737006,b,m
4659185,79226.9,6.218e-05,1736053200.0919442,b,l
4659186,79226.8,0.0006,1736053200.1711,s,l
4659187,79241.0,0.00012433,1736053216.037167,b,l
4659188,79243.9,1.228e-05,1736053227.0325875,b,l
4659189,79243.9,1.243e-05,1736053228.033577,b,l
4659190,79243.9,0.00041438,1736053240.0337486,b,l
4659191,79244.0,9.262e-05,1736053245.2736268,b,l
4659192,79221.3,0.00046705,1736053617.1068785,b,m
4659193,79230.5,0.00223828,1736053680.0382736,b,l
4659194,79208.0,8.588e-05,1736053937.588483,s,m
4659195,79187.5,0.00611482,1736053937.588483,s,m
4659196,79187.4,0.00644519,1736053937.588483,s,m
4659197,79201.9,0.00011542,1736054104.2142406,b,l
4659198,79231.6,0.00031551,1736054555.4183764,b,l
4659199,79238.9,0.0001746,1736054614.1218646,b,l
4659200,79238.3,0.0003101,1736054614.8916416,b,l
4659201,79269.5,0.0025,1736054764.5409086,s,m
4659202,79286.8,0.0002549,1736054779.3171802,b,m
4659203,79297.8,0.00018636,1736055003.0322227,b,l
4659204,79295.4,1.227e-05,1736055013.0426197,b,l
4659205,79268.1,0.00324216,1736055205.6864078,b,m
4659206,79258.0,0.00119332,1736055859.5016372,b,l
4659207,79208.8,0.00070819,1736056391.7499545,b,l
4659208,79263.5,0.00252323,1736056599.0602446,b,m
4659209,79242.7,1.228e-05,1736056807.0337086,b,l
4659210,79242.7,0.00059517,1736056816.78053,b,l
4659211,79242.7,0.00161629,1736056839.0356102,b,l
4659212,79242.7,0.0012433,1736056843.0419822,b,l
4659213,79242.7,3.73e-05,1736056979.0360608,b,l
4659214,79242.6,0.00010153,1736057091.4754117,s,l
4659215,79196.5,0.00012775,1736057091.4754117,s,l
4659216,79199.2,0.006015,1736057492.5411985,b,l
4659217,79223.1,0.00126703,1736057776.924296,s,l
4659218,79223.1,0.00094992,1736057849.60511,s,l
4659219,79229.3,1.256e-05,1736057984.0329163,b,l
4659220,79258.9,0.0001,1736058219.0970323,b,m
4659221,79240.1,0.00033438,1736058307.0216093,b,l
4659222,79248.0,4.973e-05,1736058510.036825,b,l
4659223,79254.3,0.00062154,1736058600.0529947,b,l
4659224,79256.6,6.215e-05,1736058600.0604007,b,l
4659225,79254.8,0.00018453,1736058632.5694072,s,l
4659226,79254.0,0.00041881,1736058675.3848665,s,l
4659227,79253.9,0.00076511,1736058675.3848665,s,l
4659228,79253.0,0.00134088,1736058746.3994362,b,m
4659229,79222.0,3.731e-05,1736059064.0330448,b,l
4659230,79222.2,0.00051313,1736059099.4565177,s,l
4659231,79222.1,0.00038,1736059099.4565177,s,l
4659232,79220.3,0.0004,1736059129.5500524,b,m
4659233,79222.1,6.218e-05,1736059317.0348656,b,l
4659234,79222.1,0.0001,1736059404.3237965,b,m
4659235,79222.1,0.00084037,1736059620.3329322,b,m
4659236,79238.2,0.00231484,1736059620.3329322,b,m
4659237,79328.6,1.23e-05,1736059848.340984,b,l
4659238,79340.0,0.00378605,1736060001.395188,s,l
4659239,79309.8,0.00315059,1736060301.134077,b,l
4659240,79309.8,0.00124819,1736060309.830669,b,l
4659241,79300.7,1.242e-05,1736060400.0805037,b,l
4659242,79300.7,0.00061215,1736060400.092844,b,l
4659243,79300.7,1.242e-05,1736060421.0363944,b,l
4659244,79300.7,4.97e-05,1736060431.0321796,b,l
4659245,79300.7,0.0007622,1736060435.1517997,b,l
4659246,79300.7,0.00597588,1736060437.17297,b,l
4659247,79290.1,0.00024851,1736060447.0396636,b,l
4659248,79290.1,0.00012426,1736060448.0374763,b,l
4659249,79289.1,0.00029585,1736060451.863353,b,l
4659250,79288.2,3.728e-05,1736060455.0392487,b,l
4659251,79292.8,0.00017619,1736060519.0122323,b,l
4659252,79301.2,0.00129254,1736060584.8044276,s,l
4659253,79302.3,5e-05,1736060681.7952995,b,m
4659254,79308.1,4.348e-05,1736060817.035812,b,l
4659255,79319.4,0.00012421,1736060911.0346825,b,l
4659256,79247.7,0.00154074,1736061248.965824,s,l
4659257,79242.3,0.00059517,1736061562.237141,b,l
4659258,79250.8,0.00059495,1736061654.7887058,s,l
4659259,79242.4,0.00010096,1736061744.6165469,b,l
4659260,79266.2,2.572e-05,1736061992.965112,b,l
4659261,79249.6,0.00124319,1736062117.0427196,b,l
4659262,79243.1,0.00012433,1736062200.041875,b,l
4659263,79243.1,0.00062165,1736062204.0316582,b,l
4659264,79243.1,0.00061558,1736062262.9206216,b,l
4659265,79243.1,0.00047092,1736062420.688789,b,l
4659266,79243.1,0.00024866,1736062433.032678,b,l
4659267,79243.1,0.03691886,1736062550.2833362,b,l
4659268,79243.1,0.02463917,1736062550.2833362,b,l
4659269,79243.1,1.231e-05,1736062924.0164385,b,l
4659270,79243.1,0.00035496,1736063116.2712777,b,l
4659271,79243.0,5.047e-05,1736063162.5362325,s,l
4659272,79242.2,6.309e-05,1736063162.5362325,s,l
4659273,79203.6,0.00057319,1736063162.5362325,s,l
4659274,79209.4,3.19e-05,1736063183.4407496,b,l
4659275,79200.0,0.00126262,1736063235.2259808,s,m
4659276,79199.9,0.00038,1736063235.2259808,s,m
4659277,79199.5,0.007114,1736063235.2259808,s,m
4659278,79185.0,0.00296334,1736063235.2259808,s,m
4659279,79184.9,0.0009063,1736063235.2259808,s,m
4659280,79201.3,0.00890768,1736063237.5289268,b,m
4659281,79193.1,0.00025255,1736063342.8022523,b,m
4659282,79202.3,1.232e-05,1736063528.290816,b,l
4659283,79199.7,0.0094602,1736063542.1134212,b,l
4659284,79203.4,0.00945976,1736063557.099862,b,l
4659285,79199.2,0.00946026,1736063572.1339295,b,l
4659286,79189.1,0.00946146,1736063587.1794095,b,l
4659287,79189.1,0.0006314,1736063625.3345864,b,m
4659288,79189.1,0.00058976,1736063682.588252,b,l
4659289,79189.1,0.0002464,1736063865.4610317,b,l
4659290,79189.1,0.03753244,1736063871.1582773,b,m
4659291,79189.1,0.00038,1736063871.1582773,b,m
4659292,79189.1,0.007115,1736063871.1582773,b,m
4659293,79189.1,0.00370742,1736063871.1582773,b,m
4659294,79189.1,0.000308,1736064000.1997192,b,l
4659295,79189.1,0.00060751,1736064001.3325417,b,l
4659296,79189.1,1.244e-05,1736064003.0362225,b,l
4659297,79189.0,0.00050512,1736064005.40631,s,l
4659298,79181.7,0.00010755,1736064008.5477958,s,l
4659299,79160.0,0.00037784,1736064008.7340777,s,l
4659300,79143.5,7e-05,1736064010.3054948,s,l
4659301,79091.5,9.612e-05,1736064016.0325382,s,l
4659302,79107.9,0.00014945,1736064045.0326426,b,l
4659303,79099.8,0.00062277,1736064055.037021,b,l
4659304,79050.1,6.171e-05,1736064156.3602042,b,l
4659305,79050.1,0.00047672,1736064181.452758,b,l
4659306,79050.0,0.00126502,1736064211.8594785,s,m
4659307,79021.9,0.00227651,1736064211.8594785,s,m
4659308,79021.8,0.00038,1736064211.8594785,s,m
4659309,79021.6,0.007123,1736064211.8594785,s,m
4659310,79003.7,0.00160569,1736064211.8594785,s,m
4659311,79000.8,7e-05,1736064230.6793296,s,l
4659312,79000.0,0.00506338,1736064231.1203337,s,l
4659313,78959.9,0.000381,1736064407.894586,b,l
4659314,78959.9,0.00023673,1736064407.894586,b,l
4659315,78959.8,0.00041793,1736064455.7784455,s,l
4659316,78959.6,0.00886529,1736064455.7784455,s,l
4659317,78910.0,0.00027005,1736064616.0920677,s,l
4659318,78913.7,0.00011698,1736064686.8525438,b,l
4659319,78956.0,0.00062391,1736064884.0326862,b,l
4659320,78909.9,5e-05,1736064912.6701536,s,l
4659321,78900.0,0.00633713,1736065043.23219,s,l
4659322,78900.0,5e-05,1736065043.23219,s,l
4659323,78895.9,0.00029797,1736065043.23219,s,l
4659324,78885.8,0.00010409,1736065043.2453833,s,l
4659325,78870.1,0.0001,1736065078.1074448,b,m
4659326,78870.0,0.0126711,1736065082.2800562,s,l
4659327,78858.3,7e-05,1736065082.6823957,s,l
4659328,78850.1,0.00371189,1736065093.2684782,b,l
4659329,78850.1,0.00011708,1736065101.6175902,b,l
4659330,78850.0,0.05707038,1736065145.438695,s,l
4659331,78829.0,0.01249821,1736065208.0897083,b,l
4659332,78828.6,0.00011248,1736065208.1758552,b,l
4659333,78828.0,0.00119981,1736065208.9223776,b,l
4659334,78818.9,0.00025308,1736065213.194911,b,l
4659335,78809.5,0.02475818,1736065270.329548,b,l
4659336,78803.6,0.00123807,1736065299.7497897,b,l
4659337,78818.9,0.001,1736065322.817854,b,m
4659338,78846.1,0.00038693,1736065362.8912911,b,l
4659339,78846.0,0.00110739,1736065363.9247594,s,l
4659340,78826.7,0.00539536,1736065363.9247594,s,l
4659341,78847.5,6.187e-05,1736065534.570622,b,l
4659342,78873.4,0.00061847,1736065660.5917685,b,l
4659343,78873.4,0.02473863,1736065747.3871918,b,l
4659344,78873.4,0.00247386,1736065839.5182624,b,l
4659345,78873.4,6.246e-05,1736065845.0349314,b,l
4659346,78865.6,0.00011037,1736065887.514577,b,l
4659347,78843.9,0.00278,1736065984.6997862,b,m
4659348,78837.0,0.00012374,1736065995.1250412,b,l
4659349,78838.7,0.0039002,1736066039.7664964,s,l
4659350,78872.8,0.02473765,1736066151.321837,b,l
4659351,78861.6,0.00030928,1736066238.7362027,b,l
4659352,78863.3,0.00371135,1736066249.9337983,b,l
4659353,78870.7,0.00023495,1736066401.6527996,b,l
4659354,78834.4,0.0018746,1736066520.633294,b,l
4659355,78813.5,0.00238561,1736066534.6913853,s,l
4659356,78813.4,0.00045759,1736066534.6913853,s,l
4659357,78837.3,0.0012375,1736066713.935498,b,l
4659358,78850.8,6.247e-05,1736066746.0345898,b,l
4659359,78852.1,0.01267852,1736066835.9975352,b,l
4659360,78801.1,0.00126901,1736066990.0763214,b,l
4659361,78801.2,0.00014728,1736067025.846069,b,l
4659362,78801.3,0.00371419,1736067155.8987868,b,l
4659363,78812.4,0.00011571,1736067223.8222516,b,l
4659364,78802.3,0.000381,1736067300.169793,s,l
4659365,78802.2,0.00107499,1736067300.169793,s,l
4659366,78815.1,0.00110402,1736067412.3525212,s,l
4659367,78815.1,0.00036053,1736067412.3525212,s,l
4659368,78813.6,0.00011713,1736067429.766651,b,l
4659369,78801.1,0.00012381,1736067474.4596446,b,l
4659370,78815.0,9.375e-05,1736067600.0424073,b,l
4659371,78815.0,1.238e-05,1736067600.1059875,b,l
4659372,78815.0,0.00125004,1736067600.1384645,b,l
4659373,78815.0,0.000125,1736067600.177917,b,l
4659374,78809.6,0.00023751,1736067602.273061,b,l
4659375,78825.1,0.00031247,1736067616.0356593,b,l
4659376,78824.5,0.00023516,1736067616.243574,b,l
4659377,78825.9,0.00012499,1736067643.03493,b,l
4659378,78822.5,0.00059834,1736067648.8273926,b,l
4659379,78843.7,0.00025367,1736067700.2428474,b,m
4659380,78801.1,0.0011973,1736067855.4989922,b,l
4659381,78801.1,0.00063451,1736067855.6697044,b,m
4659382,78801.1,0.00011715,1736067949.3082116,b,l
4659383,78801.1,0.00024761,1736068020.0390356,b,l
4659384,78806.6,0.00059846,1736068155.3651035,b,l
4659385,78806.6,0.00118854,1736068155.6806836,b,l
4659386,78803.5,0.00044413,1736068175.5571787,b,l
4659387,78802.1,0.00037141,1736068184.5112865,b,l
4659388,78809.3,1.238e-05,1736068253.362541,b,l
4659389,78816.0,0.00216864,1736068295.9259515,b,l
4659390,78874.0,6.313e-05,1736068482.371982,b,m
4659391,78859.3,0.00012493,1736068570.0349224,b,l
4659392,78868.9,0.00038038,1736068634.2484918,b,m
4659393,78868.9,0.01584909,1736068718.376522,b,m
4659394,78838.4,8.748e-05,1736068860.034013,b,l
4659395,78833.3,0.00031244,1736068864.0371802,b,l
4659396,78806.5,0.00120017,1736068889.0643184,b,l
4659397,78806.5,0.00123798,1736068966.5807538,b,l
4659398,78806.5,0.00012689,1736069012.327081,b,m
4659399,78806.4,0.00012689,1736069041.5139723,s,m
4659400,78801.0,0.00983311,1736069041.5139723,s,m
4659401,78801.1,0.00021132,1736069126.4403384,b,l
4659402,78801.1,0.00063449,1736069141.645203,b,l
4659403,78801.1,0.00017729,1736069141.8563576,b,l
4659404,78821.3,0.00011715,1736069161.3527925,b,l
4659405,78817.3,0.00017556,1736069168.786404,b,l
4659406,78801.1,0.00029769,1736069317.7983444,b,l
4659407,78801.1,0.00023755,1736069332.7041397,b,l
4659408,78801.1,0.0623596,1736069354.2205129,b,l
4659409,78801.1,0.0017843,1736069395.1042864,b,l
4659410,78801.1,0.00416758,1736069459.6926637,b,l
4659411,78801.1,0.00118854,1736069471.388307,b,l
4659412,78801.1,2.501e-05,1736069517.0324693,b,l
4659413,78801.1,0.18564781,1736069518.558917,b,l
4659414,78801.1,0.039,1736069518.558917,b,l
4659415,78801.1,0.0786784,1736069518.558917,b,l
4659416,78801.1,0.00019809,1736069577.7368443,b,l
4659417,78801.1,0.00023755,1736069616.795085,b,l
4659418,78801.1,0.00025005,1736069653.0347223,b,l
4659419,78801.1,0.00037142,1736069708.9855618,b,l
4659420,78801.0,0.00393828,1736069775.8510687,s,l
4659421,78801.0,0.00105,1736069775.851069,s,l
4659422,78800.0,5e-05,1736069775.851069,s,l
4659423,78800.0,0.00126903,1736069775.851069,s,l
4659424,78800.0,0.00654999,1736069775.851069,s,l
4659425,78819.5,0.00058217,1736069835.1874614,s,l
4659426,78803.6,0.00171783,1736069835.1874614,s,l
4659427,78818.5,0.00013005,1736069948.5984976,s,l
4659428,78809.2,0.03713567,1736069970.993882,b,l
4659429,78809.2,6.19e-05,1736069992.3280375,b,l
4659430,78809.2,0.00017727,1736069992.3424313,b,l
4659431,78809.0,0.03806672,1736070030.9973714,b,m
4659432,78842.4,0.00013368,1736070253.5998485,b,m
4659433,78859.2,0.00011926,1736070261.543711,b,l
4659434,78839.0,0.00012373,1736070347.0949132,b,l
4659435,78838.9,0.00032503,1736070360.745464,s,l
4659436,78830.4,0.000381,1736070380.0110614,s,l
4659437,78830.3,0.007131,1736070380.0110614,s,l
4659438,78822.0,0.00012686,1736070380.0110614,s,l
4659439,78816.5,0.00051602,1736070380.0110614,s,l
4659440,78816.4,0.01228664,1736070380.0110614,s,l
4659441,78830.4,0.00883783,1736070380.032862,b,l
4659442,78817.3,0.00050935,1736070406.5414157,s,m
4659443,78817.2,0.00933545,1736070406.5414157,s,m
4659444,78817.2,0.0002375,1736070541.2554274,b,l
4659445,78817.2,0.00071174,1736070560.447986,b,l
4659446,78817.2,0.00247563,1736070574.4993434,b,l
4659447,78817.2,0.000125,1736070600.0387452,b,l
4659448,78817.1,5.887e-05,1736070633.6604342,s,l
4659449,78817.1,4.349e-05,1736070641.4873254,s,l
4659450,78817.1,0.00495171,1736070641.4873254,s,l
4659451,78807.2,5e-05,1736070643.467512,s,l
4659452,78800.1,0.00012381,1736070674.4876926,b,l
4659453,78800.1,0.00371425,1736070692.4953165,b,l
4659454,78800.1,0.00025009,1736070712.61036,b,l
4659455,78800.0,0.00614036,1736070719.6325026,s,l
4659456,78796.1,0.0001,1736070720.5118272,s,l
4659457,78776.4,5e-05,1736070721.2804658,s,l
4659458,78750.0,0.00126984,1736070721.2804658,s,l
4659459,78728.6,0.00526873,1736070721.2804658,s,l
4659460,78725.0,0.03175611,1736070721.2804658,s,l
4659461,78725.0,0.039,1736070721.2804658,s,l
4659462,78722.0,0.000381,1736070721.2804658,s,l
4659463,78720.4,0.007135,1736070721.2804658,s,l
4659464,78716.1,7e-05,1736070721.2804658,s,l
4659465,78706.3,0.000385,1736070721.2804658,s,l
4659466,78702.0,0.00027757,1736070721.280466,s,l
4659467,78701.9,0.22128229,1736070721.280466,s,l
4659468,78700.3,0.0002746,1736070773.938174,s,m
4659469,78700.2,0.000381,1736070773.938174,s,m
4659470,78700.0,5e-05,1736070773.938174,s,m
4659471,78700.0,0.00056335,1736070773.938174,s,m
4659472,78708.0,0.00025035,1736070806.0361369,b,l
4659473,78700.1,0.00619828,1736071007.6864562,b,l
4659474,78700.1,0.00059342,1736071043.0228736,b,l
4659475,78700.1,0.00010425,1736071069.1810834,b,l
4659476,78700.1,6.259e-05,1736071098.0368986,b,l
4659477,78700.0,0.00070729,1736071125.1148374,s,l
4659478,78700.0,0.00254129,1736071125.1148374,s,l
4659479,78700.0,0.04917407,1736071125.1148374,s,l
4659480,78699.6,6.353e-05,1736071125.1148374,s,l
4659481,78689.5,0.00010435,1736071130.10886,s,l
4659482,78673.1,0.00248016,1736071159.5492008,b,l
4659483,78673.1,0.00025046,1736071200.0940492,b,l
4659484,78673.1,0.00124008,1736071200.0974002,b,l
4659485,78673.1,0.00015654,1736071200.109014,b,l
4659486,78673.1,0.00011734,1736071201.2548685,b,l
4659487,78673.1,1.252e-05,1736071215.0331388,b,l
4659488,78673.1,0.00018784,1736071219.035737,b,l
4659489,78673.1,6.261e-05,1736071220.0349517,b,l
4659490,78673.1,0.00025046,1736071222.0382023,b,l
4659491,78673.1,0.000479,1736071227.122619,b,l
4659492,78673.1,6.261e-05,1736071235.0417826,b,l
4659493,78673.1,0.00431554,1736071275.6626408,b,m
4659494,78673.1,0.000381,1736071275.6626408,b,m
4659495,78673.1,0.000136,1736071275.6626408,b,m
4659496,78673.1,0.008622,1736071275.6626408,b,m
4659497,78673.0,0.00126803,1736071348.1110027,s,l
4659498,78673.0,0.02542168,1736071348.1110027,s,l
4659499,78646.0,0.00012405,1736071362.8672783,b,l
4659500,78646.0,0.00031013,1736071425.7165868,b,l
4659501,78660.6,0.00031932,1736071606.9900496,s,m
4659502,78660.6,6.568e-05,1736071607.9852717,s,l
4659503,78650.3,0.00013788,1736071624.9652028,s,l
4659504,78657.9,0.00298164,1736071668.68239,b,l
4659505,78670.8,0.00059949,1736071699.2160013,b,l
4659506,78670.8,0.00047435,1736071700.7861178,b,l
4659507,78672.1,0.000385,1736071817.570372,b,l
4659508,78672.1,0.00457538,1736071817.570372,b,l
4659509,78679.6,0.00141052,1736071915.369155,s,m
4659510,78672.0,0.007135,1736071915.369155,s,m
4659511,78671.9,0.000381,1736071915.369155,s,m
4659512,78670.6,0.01077682,1736071915.369155,s,m
4659513,78718.4,0.00185885,1736071998.6123157,b,l
4659514,78703.6,0.00682085,1736072077.8932755,b,l
4659515,78696.5,0.00031768,1736072087.011375,b,m
4659516,78690.7,0.03099449,1736072092.9521315,b,l
4659517,78692.3,6.353e-05,1736072108.1782467,b,l
4659518,78650.5,0.00062633,1736072224.03264,b,l
4659519,78650.3,0.00012714,1736072246.890298,s,l
4659520,78647.1,0.03603495,1736072246.890298,s,l
4659521,78686.7,7.4e-05,1736072297.2762866,b,m
4659522,78692.0,0.00018016,1736072297.2762866,b,m
4659523,78709.7,0.00364413,1736072394.601199,b,l
4659524,78698.3,0.00069817,1736072407.8933153,b,l
4659525,78693.9,0.03869423,1736072451.0340717,s,l
4659526,78697.9,0.01239791,1736072492.3781724,b,l
4659527,78689.7,0.01239819,1736072500.5053852,b,l
4659528,78700.0,0.00124573,1736072546.0992072,s,l
4659529,78700.1,0.00247931,1736072620.034239,b,l
4659530,78700.0,2.491e-05,1736072646.5494726,s,m
4659531,78659.7,0.00415267,1736072646.5494726,s,m
4659532,78659.6,0.039,1736072646.5494726,s,m
4659533,78659.0,0.00031782,1736072646.5494726,s,m
4659534,78653.8,0.05296483,1736072646.5494726,s,m
4659535,78645.9,4.203e-05,1736072695.215708,s,m
4659536,78645.9,5e-05,1736072695.215708,s,m
4659537,78645.9,5e-05,1736072695.215708,s,m
4659538,78645.9,5e-05,1736072695.215708,s,m
4659539,78645.9,5e-05,1736072695.215708,s,m
4659540,78645.9,5e-05,1736072695.215708,s,m
4659541,78645.9,2.585e-05,1736072695.215708,s,m
4659542,78626.6,2.415e-05,1736072695.215708,s,m
4659543,78626.6,5e-05,1736072695.215708,s,m
4659544,78626.6,5e-05,1736072695.215708,s,m
4659545,78626.6,0.00039778,1736072695.215708,s,m
4659546,78626.6,5e-05,1736072695.215708,s,m
4659547,78626.6,5e-05,1736072695.215708,s,m
4659548,78626.7,1.241e-05,1736072759.5904517,b,l
4659549,78626.7,0.00036859,1736072765.0369017,b,l
4659550,78626.7,0.00088445,1736072765.0369017,b,l
4659551,78626.7,0.000125,1736072765.9984326,b,l
4659552,78626.6,0.01557033,1736072766.2239068,s,l
4659553,78626.7,0.00025061,1736072771.032143,b,l
4659554,78626.7,0.00124081,1736072775.623507,b,l
4659555,78626.7,0.00047461,1736072775.7614822,b,l
4659556,78626.7,0.00416052,1736072796.0765676,b,l
4659557,78626.7,0.00576598,1736072796.0765676,b,l
4659558,78626.6,0.00031141,1736072806.3720806,s,l
4659559,78626.6,0.00018092,1736072806.3720806,s,l
4659560,78626.7,0.00015262,1736072850.8886096,b,m
4659561,78626.6,9.85e-06,1736072853.5716636,s,l
4659562,78606.3,0.00142092,1736072853.5716636,s,l
4659563,78600.1,0.00062673,1736073017.0434446,b,l
4659564,78600.1,0.00127226,1736073024.4554276,b,m
4659565,78608.7,0.03620364,1736073053.6174648,b,l
4659566,78637.5,0.00024813,1736073154.2046208,b,l
4659567,78638.6,0.00309705,1736073295.9745235,s,l
4659568,78637.7,0.007136,1736073295.9745235,s,l
4659569,78637.7,0.000381,1736073295.9745235,s,l
4659570,78633.9,0.02888595,1736073295.9745235,s,l
4659571,78638.2,0.22109497,1736073321.0493495,b,l
4659572,78638.7,0.00204734,1736073341.3075469,b,m
4659573,78638.6,0.00017453,1736073446.1334162,s,l
4659574,78638.6,3.49e-06,1736073535.5208285,s,l
4659575,78638.6,0.00272879,1736073535.5208285,s,l
4659576,78638.6,0.00440721,1736073646.1519887,s,l
4659577,78638.6,0.000381,1736073646.1519887,s,l
4659578,78638.6,0.000385,1736073646.1519887,s,l
4659579,78638.6,0.01392682,1736073646.1519887,s,l
4659580,78638.6,0.241981,1736073680.5834522,s,l
4659581,78638.6,0.01256766,1736073680.5834522,s,l
4659582,78638.7,0.00075171,1736073733.0334349,b,l
4659583,78638.7,0.00107153,1736073781.947337,b,l
4659584,78638.7,0.00124062,1736073801.5447466,b,l
4659585,78638.7,2.506e-05,1736073846.0330665,b,l
4659586,78638.6,0.000591,1736073874.0368469,s,l
4659587,78638.6,0.00286972,1736073908.9730375,s,l
4659588,78638.7,0.00117859,1736073915.022615,b,l
4659589,78638.7,0.00037585,1736073950.034764,b,l
4659590,78638.7,0.01202589,1736073972.1230624,b,l
4659591,78638.7,0.01240623,1736074013.1261635,b,l
4659592,78638.7,2.506e-05,1736074079.8734865,b,l
4659593,78638.7,0.00254258,1736074177.8844738,b,l
4659594,78638.7,9.334e-05,1736074178.9342444,b,l
4659595,78638.7,0.00248125,1736074245.2896566,b,l
4659596,78638.7,0.00062031,1736074328.5611644,b,l
4659597,78638.6,0.00129145,1736074396.8572369,s,l
4659598,78638.7,0.0012044,1736074602.538563,b,l
4659599,78638.6,0.00532107,1736074604.636056,s,m
4659600,78638.6,0.05872523,1736074604.636056,s,m
4659601,78638.7,0.0015815,1736074621.7982087,b,l
4659602,78638.7,0.00012406,1736074675.517755,b,l
4659603,78682.3,0.00012399,1736074762.9767275,b,l
4659604,78658.8,0.00062626,1736074808.032617,b,l
4659605,78654.1,1.253e-05,1736074823.0416124,b,l
4659606,78651.7,0.000385,1736074838.188037,s,l
4659607,78651.7,9.5e-05,1736074838.188037,s,l
4659608,78651.7,0.00558,1736074838.188037,s,l
4659609,78651.7,0.01255209,1736074838.188037,s,l
4659610,78651.8,0.00081421,1736074847.0348885,b,l
4659611,78651.8,0.00031316,1736074855.163664,b,l
4659612,78651.8,0.00017762,1736074891.756141,b,l
4659613,78651.8,0.00062021,1736074901.8933337,b,l
4659614,78651.8,7.433e-05,1736075006.7109811,b,l
4659615,78651.8,0.00020769,1736075090.7628984,b,l
4659616,78651.8,0.00012714,1736075100.2821476,b,m
4659617,78651.7,0.000385,1736075104.4290292,s,l
4659618,78651.7,0.00613107,1736075104.4290292,s,l
4659619,78651.8,0.00102279,1736075133.5982757,b,l
4659620,78651.7,0.0007148,1736075160.603821,s,l
4659621,78651.8,0.00120253,1736075172.12294,b,l
4659622,78651.8,0.00087387,1736075173.7366624,b,l
4659623,78651.8,0.000238,1736075178.2254343,b,l
4659624,78651.8,0.00037212,1736075332.474641,b,l
4659625,78651.8,0.00127143,1736075419.0984964,b,m
4659626,78651.8,0.00017762,1736075594.7637722,b,l
4659627,78651.8,0.00376167,1736075625.262433,b,l
4659628,78651.8,0.00093948,1736075690.0375483,b,l
4659629,78651.8,0.00124042,1736075698.3179808,b,l
4659630,78651.8,0.00019071,1736075731.866247,b,l
4659631,78651.8,0.0011908,1736075779.0254917,b,l
4659632,78651.7,5.008e-05,1736075779.0768158,s,l
4659633,78651.8,0.00100124,1736075862.6910913,b,l
4659634,78651.8,0.0376089,1736075880.0053074,b,l
4659635,78651.8,0.00677874,1736075880.43631,b,l
4659636,78651.8,0.02075768,1736075880.43631,b,l
4659637,78651.8,0.02153298,1736075880.8691688,b,l
4659638,78651.8,0.00771255,1736075881.3082228,b,l
4659639,78681.0,0.00011733,1736075888.9149594,b,l
4659640,78681.0,6.261e-05,1736075900.033379,b,l
4659641,78680.9,0.039,1736075952.722609,s,m
4659642,78680.9,0.000385,1736075952.722609,s,m
4659643,78680.9,0.1182757,1736075952.722609,s,m
4659644,78680.9,0.0683155,1736075952.722609,s,m
4659645,78681.0,0.000124,1736075985.226761,b,l
4659646,78680.9,0.00013027,1736075990.072041,s,l
4659647,78681.0,0.00069606,1736076096.9872656,b,l
4659648,78718.5,0.00050577,1736076096.9872656,b,l
4659649,78719.6,0.00024787,1736076146.2440715,b,l
4659650,78692.7,0.000385,1736076163.9546049,s,l
4659651,78708.4,0.00038113,1736076191.3274643,b,l
4659652,78680.9,0.0037,1736076238.16063,b,m
4659653,78680.9,0.00272791,1736076274.9913688,b,l
4659654,78680.9,0.00018599,1736076334.1370573,b,l
4659655,78680.9,0.075145,1736076361.8031158,b,l
4659656,78680.9,0.01078487,1736076361.8031158,b,l
4659657,78680.8,0.00010168,1736076466.422231,s,l
4659658,78680.0,0.00012709,1736076466.422231,s,l
4659659,78664.4,0.00037297,1736076466.422231,s,l
4659660,78664.5,6.2e-05,1736076466.4353795,b,l
4659661,78651.7,0.00013,1736076470.0119376,s,l
4659662,78651.8,0.0049964,1736076470.2991674,b,l
4659663,78651.8,0.000124,1736076470.7972414,b,l
4659664,78651.8,0.00017762,1736076482.9782922,b,l
4659665,78651.8,0.00991999,1736076532.5791943,b,l
4659666,78651.7,0.00085547,1736076566.5311434,s,l
4659667,78651.8,0.000385,1736076600.0380902,b,l
4659668,78651.8,0.00055448,1736076600.0380902,b,l
4659669,78651.7,0.00308497,1736076626.5755937,s,l
4659670,78651.8,0.00012714,1736076709.9001076,b,m
4659671,78651.7,6.17e-05,1736076855.9301434,s,l
4659672,78600.1,0.00012822,1736076867.1104696,b,l
4659673,78600.1,0.02506922,1736076874.776893,b,l
4659674,78600.1,0.00376038,1736076874.7813356,b,l
4659675,78610.1,0.00142713,1736077145.044722,b,l
4659676,78625.8,0.0002358,1736077162.3469927,b,l
4659677,78621.3,0.00041353,1736077169.03561,b,l
4659678,78621.8,0.000385,1736077197.4238193,b,l
4659679,78627.0,0.00457814,1736077197.4238193,b,l
4659680,78602.4,0.0028638,1736077262.7561438,b,l
4659681,78600.1,0.00025029,1736077292.7364104,s,l
4659682,78617.1,0.00119131,1736077345.696911,b,l
4659683,78600.1,0.000385,1736077409.5019,b,m
4659684,78603.7,0.000381,1736077409.5019,b,m
4659685,78605.1,0.00733262,1736077409.5019,b,m
4659686,78621.1,4.449e-05,1736077484.034977,b,l
4659687,78621.1,0.00053359,1736077497.5844328,b,l
4659688,78621.1,0.00023577,1736077498.119986,b,l
4659689,78621.1,0.00023577,1736077591.5767958,b,l
4659690,78621.1,0.00608638,1736077739.458223,b,l
4659691,78621.1,0.000381,1736077739.458223,b,l
4659692,78622.0,0.12072348,1736077739.458223,b,l
4659693,78622.1,0.00137507,1736077754.2521925,s,m
4659694,78623.4,0.000385,1736077776.0818036,b,l
4659695,78626.8,0.0089211,1736077776.0818036,b,l
4659696,78621.1,0.00012657,1736077830.4308903,b,l
4659697,78621.0,0.00074819,1736077846.64455,s,l
4659698,78621.1,0.00083289,1736077941.4465024,b,l
4659699,78621.0,1.496e-05,1736077997.993041,s,m
4659700,78600.0,5e-05,1736077997.993041,s,m
4659701,78600.0,0.00012722,1736077997.993041,s,m
4659702,78600.0,0.00636132,1736077997.993041,s,m
4659703,78600.0,0.00636145,1736077997.993041,s,m
4659704,78593.0,0.03235738,1736077997.993041,s,m
4659705,78588.6,0.00381502,1736078011.0363111,s,l
4659706,78601.8,0.01365305,1736078037.7646537,b,l
4659707,78600.4,0.00060003,1736078056.9581914,b,l
4659708,78594.8,0.00619634,1736078079.778522,b,m
4659709,78589.3,0.00337196,1736078095.5806644,s,l
4659710,78588.1,0.000381,1736078095.5806646,s,l
4659711,78583.4,5e-05,1736078095.5806646,s,l
4659712,78577.7,0.00840444,1736078095.5806646,s,l
4659713,78587.6,0.00012414,1736078104.215126,b,l
4659714,78606.0,0.00099069,1736078187.1142783,b,l
4659715,78618.1,0.00358161,1736078198.5986712,b,l
4659716,78616.1,6.36e-05,1736078218.9848044,b,m
4659717,78615.4,0.00019856,1736078285.1817513,b,l
4659718,78615.2,0.00024993,1736078307.9765923,b,l
4659719,78617.7,0.01271978,1736078326.527244,b,m
4659720,78616.7,0.00011742,1736078342.1452,b,l
4659721,78612.4,0.00017771,1736078375.9289298,b,l
4659722,78612.0,5e-05,1736078380.3917997,b,l
4659723,78614.0,0.00011743,1736078402.032697,b,l
4659724,78614.5,0.00037597,1736078423.0322793,b,l
4659725,78609.3,0.000381,1736078437.8736267,s,l
4659726,78607.4,0.00057246,1736078437.8736267,s,l
4659727,78605.0,0.000385,1736078437.8736267,s,l
4659728,78604.3,0.00392152,1736078437.873627,s,l
4659729,78609.0,6.267e-05,1736078444.034597,b,l
4659730,78609.4,6.329e-05,1736078459.0393202,b,l
4659731,78609.4,0.00032171,1736078486.919157,b,l
4659732,78609.6,0.01066035,1736078486.919157,b,l
4659733,78609.6,0.00031027,1736078505.608538,b,l
4659734,78612.6,0.01272061,1736078521.3352318,b,m
4659735,78601.9,0.03180604,1736078548.0560336,s,m
4659736,78611.8,0.01241047,1736078600.250131,b,l
4659737,78623.0,0.0001404,1736078733.0867517,s,l
4659738,78611.7,0.00025441,1736078918.4114587,s,m
4659739,78611.6,0.00163162,1736078918.4114587,s,m
4659740,78614.1,0.00011628,1736078941.1044447,b,l
4659741,78601.3,0.00012473,1736079026.7151396,s,l
4659742,78601.4,4.111e-05,1736079037.0368268,b,l
4659743,78592.1,0.02544487,1736079057.948495,b,l
4659744,78639.1,0.007136,1736079202.263195,b,m
4659745,78642.5,0.000381,1736079202.263195,b,m
4659746,78644.6,0.000385,1736079202.263195,b,m
4659747,78646.9,0.0048138,1736079202.263195,b,m
4659748,78646.1,0.01969802,1736079216.8146818,s,l
4659749,78646.0,0.01120122,1736079216.8146818,s,l
4659750,78662.0,0.00029011,1736079244.3453784,b,l
4659751,78662.0,9.331e-05,1736079255.452845,b,l
4659752,78662.3,0.000663,1736079282.0116005,b,l
4659753,78682.3,0.00057712,1736079282.0116005,b,l
4659754,78682.3,0.000663,1736079292.5271378,b,l
4659755,78690.7,0.00052733,1736079292.5271378,b,l
4659756,78685.5,0.01270882,1736079323.2918434,b,m
4659757,78685.8,6.26e-05,1736079342.033934,b,l
4659758,78685.8,0.0006004,1736079349.6664765,b,l
4659759,78686.6,0.00072627,1736079349.6664765,b,l
4659760,78700.0,0.00017,1736079540.121124,b,l
4659761,78786.6,0.00012966,1736079541.8101802,b,m
4659762,78786.6,0.00053234,1736079544.82638,b,m
4659763,78787.3,0.04956457,1736079544.82638,b,m
4659764,78800.0,0.00764918,1736079582.776894,b,l
4659765,78821.1,0.05468735,1736079582.776894,b,l
4659766,78762.5,0.00049547,1736079612.1253653,b,l
4659767,78739.2,0.0001239,1736079633.6303208,b,l
4659768,78737.3,0.00247798,1736079635.228539,b,l
4659769,78750.6,0.00317458,1736079643.950577,b,m
4659770,78751.9,0.0001774,1736079646.232742,b,l
4659771,78700.3,0.00650817,1736079670.1930103,b,l
4659772,78700.3,0.00070164,1736079679.3702445,b,l
4659773,78700.2,0.00130241,1736079684.392539,s,l
4659774,78700.3,0.01246479,1736079690.272387,b,m
4659775,78728.2,0.00032311,1736079736.7926257,s,l
4659776,78717.5,0.00186873,1736079794.0101244,s,l
4659777,78737.6,0.00312818,1736079807.7002013,b,l
4659778,78717.9,0.00022031,1736079846.09349,b,m
4659779,78716.2,0.00244178,1736079870.9679892,b,l
4659780,78716.2,0.00297802,1736079870.9883156,b,l
4659781,78680.0,0.00012571,1736079940.931822,s,m
4659782,78664.9,2.044e-05,1736079940.931822,s,m
4659783,78662.8,0.00031781,1736079995.1730623,b,m
4659784,78645.2,0.00059384,1736080019.4276333,b,l
4659785,78674.9,3.131e-05,1736080200.0498798,b,l
4659786,78706.0,0.00011729,1736080223.2470386,b,l
4659787,78680.8,0.00256019,1736080252.605503,s,l
4659788,78724.9,0.00030982,1736080281.7343738,b,l
4659789,78690.5,0.0053782,1736080339.5744426,s,l
4659790,78689.4,0.00023447,1736080356.503375,s,l
4659791,78675.8,0.00095233,1736080376.7593498,b,l
4659792,78682.8,0.00136339,1736080393.607034,s,l
4659793,78665.2,3.131e-05,1736080437.03626,b,l
4659794,78665.2,0.00285247,1736080442.5829332,b,l
4659795,78666.6,0.00027283,1736080512.359925,b,l
4659796,78665.2,0.00011735,1736080667.126068,b,l
4659797,78719.6,0.00479271,1736080775.463702,b,m
4659798,78717.6,0.06340877,1736080803.9973545,s,l
4659799,78717.5,0.04690652,1736080803.9973545,s,l
4659800,78717.1,0.01711861,1736080803.9973545,s,l
4659801,78727.4,1.239e-05,1736080845.0360472,b,l
4659802,78724.0,0.00053173,1736080886.6984973,s,l
4659803,78698.2,0.03,1736080957.0870304,b,l
4659804,78691.8,0.00309949,1736080994.1670015,b,l
4659805,78693.2,0.00063538,1736081017.0196111,b,m
4659806,78694.6,0.0001,1736081046.7916412,b,m
4659807,78713.6,0.00023781,1736081121.8857694,b,l
4659808,78748.1,0.00596156,1736081205.6586444,b,l
4659809,78785.0,0.00015,1736081276.0902247,b,m
4659810,78805.4,0.0017846,1736081306.7190812,b,l
4659811,78814.4,0.00024756,1736081418.084771,b,l
4659812,78792.8,0.00065046,1736081481.0291653,s,l
4659813,78804.8,0.00297642,1736081484.2070518,b,l
4659814,78845.2,0.00032497,1736081574.1218276,s,l
4659815,78830.4,0.00029758,1736081598.1016922,b,l
4659816,78814.2,0.00059238,1736081621.146526,b,l
4659817,78813.1,6.503e-05,1736081626.2305448,s,l
4659818,78828.3,0.00123763,1736081655.9372206,b,l
4659819,78827.5,0.00061346,1736081663.5630343,b,l
4659820,78827.5,0.00023178,1736081663.6096318,b,l
4659821,78827.3,0.00059247,1736081666.716207,b,l
4659822,78808.6,2.5e-05,1736081680.035171,b,l
4659823,78808.6,0.00297493,1736081681.955403,b,l
4659824,78816.4,0.04951209,1736081698.924996,b,l
4659825,78804.8,6.19e-05,1736081740.6425376,b,l
4659826,78804.8,6.19e-05,1736081775.2110546,b,l
4659827,78804.8,0.00126896,1736081796.6799843,b,m
4659828,78804.8,0.02476016,1736081829.280863,b,l
4659829,78804.8,0.00017728,1736081895.7551763,b,l
4659830,78804.8,0.00029767,1736081926.8932254,b,l
4659831,78804.7,0.00010152,1736081932.18566,s,l
4659832,78725.1,6.196e-05,1736081947.8368738,b,l
4659833,78725.1,6.196e-05,1736081949.6799462,b,l
4659834,78725.1,0.00123926,1736081954.11504,b,l
4659835,78725.0,6.351e-05,1736081962.2964113,s,l
4659836,78720.5,0.00011197,1736081962.2964113,s,l
4659837,78718.8,1.239e-05,1736082000.1031842,b,l
4659838,78718.7,0.00037181,1736082009.8169432,b,l
4659839,78712.2,0.00035823,1736082018.8658302,b,l
4659840,78706.0,0.00247901,1736082029.0465343,b,l
4659841,78758.4,0.00059298,1736082193.5210278,b,l
4659842,78758.2,0.00092905,1736082197.247217,b,l
4659843,78744.4,0.00024888,1736082347.4955928,s,l
4659844,78760.5,0.00033019,1736082368.9709485,s,l
4659845,78819.2,0.00118839,1736082573.5729842,b,l
4659846,78819.1,0.00244071,1736082609.4027789,s,l
4659847,78819.1,0.00327632,1736082639.170788,s,m
4659848,78819.2,0.0010344,1736082712.3714345,b,l
4659849,78819.2,0.00025,1736082792.034107,b,l
4659850,78819.2,0.0002,1736082845.5851035,b,l
4659851,78819.2,0.07381699,1736082861.2843285,b,m
4659852,78819.2,0.00023,1736082861.2843285,b,m
4659853,78819.2,0.000659,1736082861.2843285,b,m
4659854,78819.2,0.039,1736082861.2843285,b,m
4659855,78819.2,0.11227021,1736082861.2843285,b,m
4659856,78819.1,0.0007,1736082899.448671,s,l
4659857,78819.2,2.476e-05,1736082959.8963065,b,l
4659858,78819.1,0.00204191,1736083004.7068598,s,m
4659859,78819.1,0.00327909,1736083004.7068598,s,m
4659860,78831.6,0.00595293,1736083061.555925,b,l
4659861,78855.9,0.00051787,1736083158.116826,b,l
4659862,78848.5,0.00023509,1736083206.0927658,b,l
4659863,78834.0,0.00020527,1736083234.0261104,s,l
4659864,78834.1,0.0011878,1736083246.2385032,b,l
4659865,78834.1,0.00160881,1736083248.5487683,b,l
4659866,78839.8,0.00056861,1736083403.6997535,b,l
4659867,78839.8,0.00065189,1736083501.9498613,b,l
4659868,78844.2,0.01925485,1736083507.7029266,b,l
4659869,78850.2,0.00076094,1736083560.3026035,b,m
4659870,78850.1,0.0003247,1736083571.6864994,s,l
4659871,78850.3,0.005,1736083588.141001,s,l
4659872,78850.8,0.00118767,1736083643.0488205,b,l
4659873,78850.7,0.00030932,1736083651.1920953,b,l
4659874,78858.3,7e-05,1736083660.2778358,b,l
4659875,78858.9,0.00015418,1736083660.2778358,b,l
4659876,78863.6,0.06231421,1736083673.8516102,b,l
4659877,78870.6,0.00062458,1736083679.0594618,b,l
4659878,78879.2,1.249e-05,1736083699.038193,b,l
4659879,78879.0,9.305e-05,1736083702.1071718,b,l
4659880,78877.0,0.0029729,1736083726.5449,b,l
4659881,78869.8,0.0001237,1736083756.7978375,b,l
4659882,78881.6,7.476e-05,1736083817.0112703,b,l
4659883,78877.0,5e-05,1736083859.1211555,b,m
4659884,78877.2,0.0002945,1736083887.0205157,b,l
4659885,78897.2,0.00118421,1736083987.8328948,b,l
4659886,78897.8,6.244e-05,1736083991.0341249,b,l
4659887,78901.0,0.00191596,1736084046.918179,b,l
4659888,78892.0,0.00386921,1736084118.4176004,s,l
4659889,78892.0,0.00078067,1736084152.3754013,s,l
4659890,78892.0,0.00845819,1736084152.3754013,s,l
4659891,78892.0,0.0037564,1736084152.3754013,s,l
4659892,78892.1,0.01236638,1736084190.225734,b,l
4659893,78892.1,0.00011587,1736084214.6040287,b,l
4659894,78892.1,0.00556487,1736084327.6730995,b,l
4659895,78892.1,0.01050272,1736084343.124622,b,l
4659896,78892.0,0.00470179,1736084360.2265327,s,l
4659897,78892.0,0.00470179,1736084360.2279773,s,l
4659898,78892.0,0.0037564,1736084360.2298298,s,l
4659899,78892.0,0.00094539,1736084360.2298298,s,l
4659900,78892.0,0.00470179,1736084360.2330382,s,l
4659901,78892.0,0.00281101,1736084360.2361648,s,l
4659902,78892.0,0.00189078,1736084360.2361648,s,l
4659903,78892.0,0.00470179,1736084360.2515984,s,l
4659904,78892.0,0.00186562,1736084360.2545028,s,l
4659905,78892.0,0.00283617,1736084360.2545028,s,l
4659906,78892.0,0.00470179,1736084360.2579424,s,l
4659907,78892.0,0.00092023,1736084360.259345,s,l
4659908,78892.0,0.00378156,1736084360.259345,s,l
4659909,78892.0,0.00467663,1736084360.2607107,s,l
4659910,78892.0,2.516e-05,1736084360.2607107,s,l
4659911,78892.0,0.00470179,1736084360.2620182,s,l
4659912,78892.0,0.00373124,1736084360.2631514,s,l
4659913,78892.0,0.00097055,1736084360.2631514,s,l
4659914,78892.0,0.00470179,1736084360.2646897,s,l
4659915,78892.0,0.00278585,1736084360.2663977,s,l
4659916,78892.0,0.00191594,1736084360.2663977,s,l
4659917,78892.0,0.00470179,1736084360.2689035,s,l
4659918,78892.0,0.00184046,1736084360.271514,s,l
4659919,78892.0,0.00286133,1736084360.271514,s,l
4659920,78892.0,0.00470179,1736084360.2728338,s,l
4659921,78892.0,0.00089507,1736084360.275362,s,l
4659922,78892.0,0.00380672,1736084360.275362,s,l
4659923,78892.0,0.00465147,1736084360.2774217,s,l
4659924,78892.0,5.032e-05,1736084360.2774217,s,l
4659925,78892.0,0.00470179,1736084360.2824438,s,l
4659926,78892.0,0.00370453,1736084360.284035,s,l
4659927,78817.4,0.01250002,1736084372.3054574,b,l
4659928,78815.8,6.25e-05,1736084413.033046,b,l
4659929,78814.9,0.02537591,1736084429.2360854,b,m
4659930,78812.4,0.00123784,1736084622.7581136,b,l
4659931,78810.5,0.00012689,1736084641.360164,b,m
4659932,78810.9,0.00185687,1736084672.6933334,b,l
4659933,78809.6,0.00025378,1736084693.388236,b,m
4659934,78779.7,0.0005325,1736084804.65312,b,l
4659935,78758.1,0.00990994,1736084891.9506402,b,l
4659936,78758.0,0.00076124,1736084909.3779418,s,m
4659937,78747.9,0.00126988,1736085027.3022182,b,m
4659938,78716.1,7e-05,1736085122.8035169,s,l
4659939,78682.6,0.00043774,1736085122.8035169,s,l
4659940,78706.6,0.00247892,1736085128.6619313,b,l
4659941,78725.5,0.00035467,1736085147.7451856,b,l
4659942,78723.4,0.00012703,1736085182.6870885,b,m
4659943,78702.7,0.00381181,1736085234.0687935,b,m
4659944,78707.0,0.00059921,1736085263.0655434,b,l
4659945,78706.2,4.281e-05,1736085271.033493,b,l
4659946,78705.0,6.259e-05,1736085284.0320444,b,l
4659947,78695.4,0.00039075,1736085301.7871854,s,l
4659948,78702.6,0.0001,1736085312.0557346,b,m
4659949,78702.0,0.00125184,1736085317.0321178,b,l
4659950,78712.0,0.000659,1736085398.3421714,s,l
4659951,78710.5,0.01236273,1736085398.3421714,s,l
4659952,78705.1,0.00058075,1736085400.5450938,s,l
4659953,78706.0,6.259e-05,1736085417.0329237,b,l
4659954,78659.1,3.758e-05,1736085472.0376327,b,l
4659955,78668.6,0.00047903,1736085526.4623926,b,l
4659956,78667.3,0.01240161,1736085532.2026968,b,l
4659957,78669.3,1.252e-05,1736085617.037269,b,l
4659958,78677.6,0.00030512,1736085663.332362,b,l
4659959,78666.2,0.00080619,1736085711.910958,b,l
4659960,78659.0,0.00021085,1736085735.7508955,b,l
4659961,78648.9,0.03557788,1736085735.7990558,s,l
4659962,78692.5,0.000659,1736085768.665408,b,l
4659963,78697.2,0.008044,1736085768.665408,b,l
4659964,78697.9,0.01609236,1736085768.665408,b,l
4659965,78727.8,0.00868455,1736085832.5711772,s,l
4659966,78723.4,0.00059324,1736085891.81172,b,l
4659967,78726.1,9.386e-05,1736085909.0412042,b,l
4659968,78713.5,9.325e-05,1736085924.2391691,b,l
4659969,78705.4,0.0030986,1736085927.5602024,b,l
4659970,78721.5,1.239e-05,1736085963.722848,b,l
4659971,78706.1,6.198e-05,1736085988.0758257,b,l
4659972,78701.1,0.00061978,1736086002.0650575,b,l
4659973,78669.8,0.00012524,1736086085.033916,b,l
4659974,78679.7,9.239e-05,1736086125.8660762,b,l
4659975,78639.1,0.00148874,1736086242.0124946,b,l
4659976,78639.1,0.00240267,1736086299.5823867,b,l
4659977,78639.1,0.07160954,1736086306.4681144,b,l
4659978,78639.1,0.23031149,1736086306.4681144,b,l
4659979,78639.1,0.008045,1736086306.4681144,b,l
4659980,78639.1,0.000659,1736086306.4681144,b,l
4659981,78639.1,0.00181528,1736086306.4681144,b,l
4659982,78639.1,0.00178798,1736086323.698892,b,l
4659983,78639.0,5e-05,1736086359.6347034,s,l
4659984,78639.0,6.926e-05,1736086359.6347034,s,l
4659985,78639.0,3.867e-05,1736086392.7589042,s,l
4659986,78638.3,0.00031791,1736086392.7589042,s,l
4659987,78605.8,0.00096586,1736086453.8902946,s,l
4659988,78608.1,0.01240939,1736086510.9958024,b,l
4659989,78603.6,0.00951356,1736086518.109052,b,l
4659990,78574.1,7e-05,1736086614.1578505,s,l
4659991,78570.7,0.00031784,1736086614.2301824,s,l
4659992,78555.0,0.00190949,1736086614.3760047,s,l
4659993,78545.5,0.00075598,1736086614.426526,s,l
4659994,78525.8,0.008049,1736086614.4946494,s,l
4659995,78524.7,0.000659,1736086614.4946494,s,l
4659996,78518.6,0.000663,1736086614.5256424,s,l
4659997,78500.1,0.00019108,1736086614.695739,s,l
4659998,78500.0,5e-05,1736086614.695739,s,l
4659999,78500.0,0.00063694,1736086614.6957393,s,l
4660000,78500.0,0.00136292,1736086614.6957393,s,l
4660001,78500.0,0.00127388,1736086614.6957393,s,l
4660002,78500.0,0.01273885,1736086614.6957393,s,l
4660003,78500.0,0.00127388,1736086614.6957393,s,l
4660004,78493.8,0.00010461,1736086614.6957393,s,l
4660005,78455.1,5e-05,1736086617.958483,s,l
4660006,78455.1,0.000659,1736086617.958483,s,l
4660007,78450.0,8.922e-05,1736086617.960614,s,l
4660008,78450.0,8.922e-05,1736086617.960614,s,l
4660009,78443.2,5e-05,1736086617.9628415,s,l
4660010,78432.4,7e-05,1736086617.9774313,s,l
4660011,78420.3,9.132e-05,1736086634.084174,s,l
4660012,78451.3,0.00062792,1736086657.0187004,b,l
4660013,78451.3,0.01255839,1736086657.0222623,b,l
4660014,78451.3,0.00376752,1736086657.025578,b,l
4660015,78451.3,0.0031396,1736086657.0745125,b,l
4660016,78450.5,0.00048036,1736086657.9908955,b,l
4660017,78400.1,9.268e-05,1736086779.5104146,b,l
4660018,78400.1,0.00054932,1736086836.8842628,b,l
4660019,78400.1,0.00373791,1736086836.8842628,b,l
4660020,78403.7,0.01020408,1736086892.3642788,s,l
4660021,78435.5,1.256e-05,1736086908.0353713,b,l
4660022,78426.7,0.00011654,1736086937.58312,b,l
4660023,78400.1,0.000659,1736086969.17152,b,l
4660024,78400.1,0.0018298,1736086969.17152,b,l
4660025,78400.1,0.00029921,1736086991.1093645,b,l
4660026,78400.0,5e-05,1736086999.202192,s,l
4660027,78400.0,5.102e-05,1736086999.202192,s,l
4660028,78400.0,0.0002551,1736086999.202192,s,l
4660029,78389.1,0.04453787,1736087013.3964007,s,m
4660030,78407.8,0.0006535,1736087015.3978071,b,l
4660031,78422.2,0.00050177,1736087028.1609037,s,l
4660032,78410.6,0.00132069,1736087049.3653765,s,l
4660033,78419.8,0.05339458,1736087061.4794867,b,l
4660034,78425.8,0.00051669,1736087063.4180756,b,l
4660035,78434.2,0.01243426,1736087099.0879188,b,l
4660036,78498.0,0.000659,1736087247.5678406,b,m
4660037,78500.0,0.00063572,1736087247.5678406,b,m
4660038,78506.5,0.00169879,1736087247.5678406,b,m
4660039,78472.3,0.01242889,1736087291.7149444,b,l
4660040,78472.3,0.00083449,1736087293.0304365,b,l
4660041,78502.4,0.00029596,1736087325.0706258,b,l
4660042,78480.1,0.0006371,1736087400.8914244,b,m
4660043,78480.1,0.00121815,1736087402.3473754,b,l
4660044,78443.8,0.02722405,1736087424.2968364,b,l
4660045,78441.9,0.01196647,1736087425.4877543,b,l
4660046,78467.6,0.00127441,1736087521.4249873,b,m
4660047,78465.1,2.687e-05,1736087600.0317934,b,l
4660048,78466.1,0.00035235,1736087616.4635575,s,l
4660049,78479.2,6.216e-05,1736087625.3930254,b,l
4660050,78460.3,0.00050602,1736087688.0548797,b,l
4660051,78460.1,0.00050734,1736087701.2461522,b,l
4660052,78511.6,0.00185567,1736087781.7392416,b,l
4660053,78537.9,0.00024844,1736088004.798082,b,l
4660054,78537.9,0.00199649,1736088017.6332784,b,l
4660055,78530.0,0.00018633,1736088048.9994204,b,l
4660056,78529.9,0.000659,1736088071.961989,s,l
4660057,78529.9,0.00010504,1736088071.961989,s,l
4660058,78530.0,0.0023884,1736088092.9392724,b,l
4660059,78536.6,0.00011755,1736088113.2482145,b,l
4660060,78565.9,5.22e-05,1736088125.9824672,s,l
4660061,78558.1,0.00120396,1736088135.743034,b,l
4660062,78574.1,7e-05,1736088185.0342717,b,l
4660063,78621.3,0.00011801,1736088185.0342717,b,l
4660064,78622.0,0.00096231,1736088198.593331,s,l
4660065,78622.0,0.00554828,1736088231.6264093,s,l
4660066,78622.0,0.00124079,1736088242.342222,b,l
4660067,78622.0,0.00011711,1736088247.1643438,b,l
4660068,78621.9,2.607e-05,1736088270.461681,s,l
4660069,78622.0,0.00250622,1736088300.0339656,b,l
4660070,78622.0,6.266e-05,1736088302.0343556,b,l
4660071,78622.0,0.02543817,1736088317.2127788,b,m
4660072,78635.4,0.00053433,1736088322.8773766,b,l
4660073,78686.1,0.00023789,1736088388.263935,b,l
4660074,78699.7,0.00044472,1736088418.5027,b,l
4660075,78699.7,0.00885067,1736088418.5027,b,l
4660076,78702.0,0.00130238,1736088460.167227,s,l
4660077,78716.1,1.252e-05,1736088471.0323904,b,l
4660078,78726.0,1.251e-05,1736088476.0342128,b,l
4660079,78759.3,0.00037156,1736088597.0568917,b,l
4660080,78759.2,0.00011579,1736088677.2665408,b,l
4660081,78759.2,0.00029494,1736088679.399326,b,l
4660082,78759.1,0.00499339,1736088754.997636,s,l
4660083,78759.2,0.00312732,1736088854.0406218,b,l
4660084,78759.2,0.00124876,1736088857.051546,b,l
4660085,78759.1,0.0256114,1736088876.0321414,s,l
4660086,78759.1,0.0256114,1736088901.579862,s,l
4660087,78759.2,0.00061936,1736088923.7076223,b,l
4660088,78759.3,0.000659,1736089141.719676,s,l
4660089,78759.2,0.000663,1736089141.719676,s,l
4660090,78759.2,0.005678,1736089141.719676,s,l
4660091,78759.3,6.347e-05,1736089201.7364535,b,l
4660092,78759.2,0.00011224,1736089219.0612206,s,l
4660093,78759.3,0.00247745,1736089220.7378683,b,l
4660094,78759.3,0.00025394,1736089310.162649,b,m
4660095,78795.5,1.857e-05,1736089387.6923552,b,l
4660096,78801.0,0.0001231,1736089567.5077114,b,m
4660097,78801.0,0.00027034,1736089585.0156884,b,l
4660098,78801.0,9.693e-05,1736089585.3113134,b,l
4660099,78801.0,7.597e-05,1736089586.0766222,b,l
4660100,78800.9,0.02026127,1736089603.3269086,s,l
4660101,78801.0,0.00062513,1736089687.0335236,b,l
4660102,78800.9,0.000474,1736089793.39819,s,l
4660103,78800.9,0.008041,1736089793.39819,s,l
4660104,78800.9,0.000662,1736089793.39819,s,l
4660105,78759.2,0.00124755,1736089858.07804,b,m
4660106,78759.2,0.00012509,1736089896.0371845,b,l
4660107,78759.2,0.00499142,1736089927.2575116,b,l
4660108,78759.2,1.263e-05,1736089999.0421357,b,l
4660109,78759.2,0.01238725,1736090067.5966094,b,l
4660110,78759.1,0.00025393,1736090133.1173675,s,l
4660111,78682.3,0.0002953,1736090168.9220612,b,l
4660112,78676.5,0.00025045,1736090300.0347898,b,l
4660113,78669.7,0.0014862,1736090477.091448,s,m
4660114,78669.7,0.00035493,1736090510.1128376,b,l
4660115,78669.6,0.008042,1736090582.4704137,s,m
4660116,78666.6,0.000663,1736090582.4704137,s,m
4660117,78663.1,0.00498327,1736090582.470414,s,m
4660118,78641.1,0.01373493,1736090582.470414,s,m
4660119,78699.2,0.00068182,1736090672.659046,b,l
4660120,78699.2,0.00035479,1736090702.4415317,b,l
4660121,78714.5,0.00041434,1736090849.9600194,b,l
4660122,78714.5,0.00025033,1736090871.039838,b,l
4660123,78800.9,0.00039633,1736091026.4250824,s,l
4660124,78800.9,0.000437,1736091044.8197453,s,l
4660125,78800.9,0.00019751,1736091044.8197453,s,l
4660126,78801.0,0.03880853,1736091087.25961,b,l
4660127,78801.0,0.01269019,1736091087.25961,b,l
4660128,78858.3,7e-05,1736091089.8268747,b,l
4660129,78935.2,0.00059168,1736091191.19057,b,l
4660130,78930.8,0.00018723,1736091198.0365548,b,l
4660131,78913.5,0.00118662,1736091273.3703866,b,l
4660132,78906.1,0.0018546,1736091290.3344884,b,l
4660133,78914.5,0.00011236,1736091367.0376918,b,l
4660134,78983.4,0.0008,1736091403.4803362,s,l
4660135,78999.9,0.000662,1736091453.1944747,s,l
4660136,78999.9,0.04690652,1736091453.1944747,s,l
4660137,78999.9,0.039,1736091453.1944747,s,l
4660138,78999.9,0.01343148,1736091453.1944747,s,l
4660139,78993.2,0.00021,1736091530.6878383,b,l
4660140,78991.1,0.00010128,1736091533.745871,b,l
4660141,78995.4,0.00024702,1736091542.2042515,b,l
4660142,78964.4,0.00118614,1736091664.9937654,b,l
4660143,78933.0,0.00633312,1736091677.699626,b,l
4660144,78915.6,0.00023486,1736091825.8687906,b,l
4660145,78915.5,0.00011312,1736091946.1814852,b,l
4660146,78911.1,0.00011699,1736091959.4654255,b,l
4660147,78911.1,0.00086544,1736091984.7890942,b,l
4660148,78911.1,0.00642897,1736091986.829779,b,l
4660149,78911.0,0.0012419,1736091997.612897,s,l
4660150,78898.1,0.00042153,1736091997.612897,s,l
4660151,78911.1,5e-05,1736092040.089338,b,l
4660152,78922.2,0.00118635,1736092040.089338,b,l
4660153,78939.4,0.00012359,1736092148.5221655,b,l
4660154,78898.1,0.00024975,1736092225.0381155,b,l
4660155,78898.1,0.00071066,1736092227.497233,b,l
4660156,78898.1,0.01236544,1736092279.4889162,b,l
4660157,78898.1,0.01236544,1736092293.1816146,b,l
4660158,78898.1,0.00123654,1736092396.890247,b,l
4660159,78904.9,0.00017532,1736092416.0858176,b,l
4660160,78898.1,0.00808937,1736092437.7804606,b,l
4660161,78898.0,0.00011043,1736092461.2662292,s,l
4660162,78898.1,2.497e-05,1736092504.0344355,b,l
4660163,78898.1,0.00012487,1736092515.0341682,b,l
4660164,78898.1,0.00024975,1736092615.0340114,b,l
4660165,78898.0,0.00012896,1736092647.4748971,s,l
4660166,78898.1,0.00457521,1736092679.9897096,b,l
4660167,78898.0,0.00039433,1736092747.311819,s,l
4660168,78838.5,0.00090945,1736092758.6751423,b,m
4660169,78872.1,0.01236933,1736092793.6424556,b,l
4660170,78857.1,1.874e-05,1736092819.0467062,b,l
4660171,78863.2,0.02320162,1736092851.0688453,b,m
4660172,78863.3,0.039,1736092851.0688453,b,m
4660173,78865.0,0.03289897,1736092851.0688453,b,m
4660174,78862.8,0.00697734,1736092902.5062113,s,m
4660175,78881.4,0.00029738,1736092962.026022,b,l
4660176,78904.3,0.00126736,1736093001.3408766,b,m
4660177,78943.3,0.00037885,1736093033.697824,s,l
4660178,78971.7,0.00012354,1736093105.9090617,b,l
4660179,78992.0,0.00124519,1736093150.1476064,b,l
4660180,78999.0,1.235e-05,1736093238.3613403,b,l
4660181,78998.9,0.00119,1736093247.3612535,s,l
4660182,78999.0,6.236e-05,1736093252.0342636,b,l
4660183,78999.0,0.00118557,1736093268.010971,b,l
4660184,78999.0,0.0004,1736093286.5896616,b,l
4660185,78998.9,0.00023934,1736093326.901423,s,l
4660186,78999.0,2.494e-05,1736093333.033544,b,l
4660187,78999.0,0.0039241,1736093372.9183946,b,l
4660188,78999.0,0.00023464,1736093418.2797248,b,l
4660189,78999.0,0.24415604,1736093418.568561,b,l
4660190,78999.9,0.01270887,1736093418.568561,b,l
4660191,79000.0,0.0064,1736093418.568561,b,l
4660192,79000.0,0.04,1736093418.568561,b,l
4660193,79000.8,7e-05,1736093418.5702198,b,l
4660194,79053.9,0.000662,1736093537.418642,s,l
4660195,79042.2,0.024338,1736093537.418642,s,l
4660196,79072.0,0.00041256,1736093542.6715584,b,l
4660197,79065.8,0.00012461,1736093572.0341573,b,l
4660198,79060.3,0.00018692,1736093620.033687,b,l
4660199,78999.0,9.291e-05,1736093638.9175022,b,l
4660200,78999.0,0.02963915,1736093675.27456,b,l
4660201,78998.9,0.00389197,1736093743.9981406,s,l
4660202,78999.0,0.00118557,1736093759.3402846,b,l
4660203,78999.0,3.705e-05,1736093788.4255512,b,l
4660204,78998.9,0.12269207,1736093849.5282152,s,l
4660205,78931.3,0.00660884,1736093891.5514183,b,l
4660206,78938.2,4.094e-05,1736093952.0334415,b,l
4660207,78931.3,0.00010135,1736094003.65977,b,m
4660208,78931.3,0.00760155,1736094102.8167388,b,m
4660209,78931.3,0.00011696,1736094167.8212793,b,l
4660210,78931.3,0.00118658,1736094186.3221347,b,l
4660211,78934.8,6.18e-05,1736094254.9103794,b,l
4660212,78945.7,0.00370726,1736094319.5895452,b,l
4660213,78957.3,0.00394818,1736094355.1845064,b,m
4660214,78948.0,0.00376908,1736094382.8426237,b,l
4660215,78947.9,0.00150005,1736094394.662711,s,l
4660216,78947.9,5e-05,1736094394.662711,s,l
4660217,78931.2,0.00013936,1736094394.662711,s,l
4660218,78930.4,0.000662,1736094394.662711,s,l
4660219,78919.1,0.01764859,1736094394.662711,s,l
4660220,78932.0,0.000662,1736094423.650802,s,m
4660221,78928.7,0.00215079,1736094423.650802,s,m
4660222,78944.4,0.00012766,1736094497.1224062,b,l
4660223,78918.5,0.00978816,1736094509.9123874,s,l
4660224,78921.0,0.0011867,1736094528.6792693,b,l
4660225,78920.7,0.00178171,1736094611.459101,b,l
4660226,78900.1,0.00060342,1736094650.266137,b,l
4660227,78900.0,0.00102403,1736094721.1099167,s,l
4660228,78900.1,0.00041337,1736094729.6290205,b,l
4660229,78900.0,0.01038281,1736094751.4643948,s,l
4660230,78900.0,0.03168567,1736094751.4643948,s,l
4660231,78858.4,0.00241579,1736094756.008978,b,m
4660232,78858.4,0.00035408,1736094771.7987072,b,l
4660233,78858.4,0.00247433,1736094828.1145952,b,l
4660234,78858.4,0.00012372,1736094986.0894544,b,l
4660235,78858.4,0.00063405,1736095024.406843,b,m
4660236,78905.2,0.00981769,1736095120.390384,b,l
4660237,78880.9,0.00012368,1736095190.072601,b,l
4660238,78904.2,0.00010519,1736095259.580835,b,m
4660239,78887.2,0.000265,1736095308.6764934,s,l
4660240,78880.8,0.00272791,1736095398.7675948,s,l
4660241,78882.9,0.00039075,1736095658.423954,s,l
4660242,78883.0,0.00061839,1736095831.8871398,b,l
4660243,78883.0,0.00047773,1736095897.0236857,b,l
4660244,78883.0,0.00025868,1736095904.656548,b,m
4660245,78883.0,0.00035397,1736095905.0423546,b,l
4660246,78883.0,0.00013739,1736095917.0345628,b,l
4660247,78883.0,0.00047656,1736095967.7771263,b,l
4660248,78882.9,0.00010666,1736096013.3436964,s,l
4660249,78881.8,2.803e-05,1736096013.3436964,s,l
4660250,78883.0,0.00032197,1736096027.798375,b,l
4660251,78882.9,0.00257977,1736096090.439407,s,l
4660252,78883.0,0.00178245,1736096104.6395874,b,l
4660253,78883.0,0.00148488,1736096118.7255387,b,l
4660254,78883.0,0.00063385,1736096145.6647356,b,m
4660255,78882.9,0.00059788,1736096146.8816447,b,l
4660256,78881.0,0.00012368,1736096167.955071,b,l
4660257,78880.9,0.00153489,1736096187.9564922,s,l
4660258,78880.9,0.0001249,1736096232.0328617,b,l
4660259,78880.9,0.00059206,1736096249.3108785,b,l
4660260,78880.8,0.00362344,1736096269.315953,s,l
4660261,78880.8,0.00063386,1736096269.315953,s,l
4660262,78865.9,0.01523701,1736096269.315953,s,l
4660263,78865.9,0.00322541,1736096277.9591022,s,l
4660264,78879.6,0.0001249,1736096400.0512557,b,l
4660265,78870.8,1.249e-05,1736096405.0351813,b,l
4660266,78882.3,0.0114094,1736096421.360067,b,m
4660267,78882.1,0.00062449,1736096421.5314286,b,l
4660268,78870.7,0.02525294,1736096430.013394,s,l
4660269,78880.6,0.00023731,1736096431.856917,b,l
4660270,78879.4,1.874e-05,1736096450.0333288,b,l
4660271,78879.2,0.00011703,1736096453.1873388,b,l
4660272,78880.6,0.00025347,1736096456.0061393,b,l
4660273,78871.7,0.00633941,1736096493.1743534,b,m
4660274,78865.1,0.0014254,1736096507.129809,b,l
4660275,78865.1,0.00180042,1736096645.9357822,b,l
4660276,78865.1,8.32e-05,1736096810.0336263,b,l
4660277,78865.0,0.00041475,1736096874.1955218,s,m
4660278,78865.0,0.01961525,1736096971.0990677,s,m
4660279,78865.0,9.192e-05,1736096971.0990677,s,m
4660280,78865.0,0.07524712,1736096971.0990677,s,m
4660281,78865.0,0.039,1736096971.0990677,s,m
4660282,78865.0,0.06604571,1736096971.0990677,s,m
4660283,78865.0,0.00062449,1736097063.2533784,s,l
4660284,78865.1,0.0009278,1736097103.436265,b,l
4660285,78865.1,0.00123706,1736097148.2573128,b,l
4660286,78865.1,0.00049482,1736097156.7020323,b,l
4660287,78865.0,0.00815877,1736097172.8704338,s,l
4660288,78865.1,5e-05,1736097211.9184847,b,l
4660289,78865.1,0.00618531,1736097236.552879,b,l
4660290,78858.4,0.00012494,1736097354.0382247,b,l
4660291,78858.3,7e-05,1736097392.0011902,s,l
4660292,78858.3,0.00152171,1736097392.0011902,s,l
4660293,78838.7,6.482e-05,1736097405.203721,b,l
4660294,78751.7,0.021,1736097411.709931,s,m
4660295,78801.9,2.501e-05,1736097458.032058,b,l
4660296,78810.2,0.02212305,1736097474.0322633,s,l
4660297,78814.0,0.02351472,1736097505.3721664,b,l
4660298,78800.2,0.000662,1736097601.4494772,b,l
4660299,78802.9,0.00052678,1736097601.4494772,b,l
4660300,78801.9,0.00595494,1736097630.7884111,b,l
4660301,78801.7,0.00226355,1736097633.1418512,b,m
4660302,78804.6,0.0003095,1736097742.7575867,b,l
4660303,78804.4,0.000619,1736097743.0230882,b,l
4660304,78780.0,0.0002469,1736097808.8685796,s,l
4660305,78791.3,0.00061936,1736097824.8603802,b,m
4660306,78788.0,0.00017559,1736097899.4511025,b,l
4660307,78808.7,0.00012914,1736097916.955987,b,l
4660308,78809.0,0.001171,1736097926.7308524,b,l
4660309,78809.7,0.00716834,1736097926.7308524,b,l
4660310,78838.7,0.00029467,1736097966.3674762,b,l
4660311,78828.4,0.07531938,1736097974.7998629,s,l
4660312,78828.3,0.17948622,1736097974.7998629,s,l
4660313,78811.8,0.0012956,1736097995.1119978,b,l
4660314,78805.2,0.00126895,1736098009.1156073,b,m
4660315,78775.4,0.00024769,1736098022.144523,b,l
4660316,78767.3,0.01269562,1736098046.3557923,b,m
4660317,78767.3,0.00030965,1736098048.8048253,b,l
4660318,78767.3,0.01380079,1736098069.1974325,s,l
4660319,78790.6,0.00011603,1736098108.8301363,b,l
4660320,78781.9,0.01951548,1736098137.3435817,s,l
4660321,78810.1,0.00039299,1736098157.480484,b,l
4660322,78829.0,0.00278484,1736098192.5857918,b,l
4660323,78829.9,0.00014123,1736098201.326399,b,l
4660324,78785.5,9.189e-05,1736098270.3492815,b,m
4660325,78792.6,0.00011716,1736098327.9409585,b,l
4660326,78803.3,0.00618999,1736098352.0009732,b,l
4660327,78827.2,0.00071498,1736098404.7715952,b,m
4660328,78823.5,0.00616423,1736098424.8316877,s,l
4660329,78844.7,0.0009096,1736098552.6565945,b,l
4660330,78814.9,0.00029764,1736098622.2866986,b,l
4660331,78814.9,0.000125,1736098639.032856,b,l
4660332,78814.8,0.00634398,1736098714.0350986,s,l
4660333,78767.3,0.00030965,1736098779.4012322,b,l
4660334,78767.3,0.00619299,1736098825.3944938,b,l
4660335,78767.3,0.00063478,1736098834.9402735,b,m
4660336,78767.2,0.00028231,1736098866.119933,s,l
4660337,78767.3,0.00180262,1736098906.6949544,b,l
4660338,78767.3,0.00099086,1736098910.5439937,b,l
4660339,78767.3,0.00048565,1736098988.5843232,b,l
4660340,78767.3,0.00619299,1736099067.136549,b,l
4660341,78767.3,0.00023533,1736099099.423171,b,l
4660342,78767.2,6.507e-05,1736099106.791474,s,l
4660343,78767.3,0.00039028,1736099135.3505137,b,l
4660344,78767.2,0.02167955,1736099147.7987154,s,l
4660345,78767.2,0.00031751,1736099147.7987154,s,l
4660346,78716.2,0.00023533,1736099148.55377,b,l
4660347,78716.2,0.0012386,1736099155.2430248,b,l
4660348,78716.2,6.197e-05,1736099160.9321868,b,l
4660349,78716.2,0.00023846,1736099204.7594087,b,l
4660350,78716.1,7e-05,1736099214.1200123,s,l
4660351,78714.4,0.00019056,1736099217.7805817,s,l
4660352,78714.4,0.00127041,1736099217.7805817,s,l
4660353,78699.0,0.00196952,1736099218.1272085,s,l
4660354,78637.0,0.00095375,1736099232.8257854,b,m
4660355,78620.0,0.00014093,1736099262.5186317,b,l
4660356,78631.1,0.00038,1736099323.2066991,b,m
4660357,78619.9,5e-05,1736099369.000003,s,l
4660358,78582.9,0.01695342,1736099410.8820434,s,l
4660359,78597.5,0.0005942,1736099413.2446043,b,l
4660360,78634.8,0.00284776,1736099432.7767422,b,m
4660361,78619.0,0.00124093,1736099448.9993036,b,l
4660362,78617.4,0.00099276,1736099465.4490287,b,l
4660363,78617.3,0.00029547,1736099474.20119,b,l
4660364,78603.1,0.00012722,1736099514.6242142,b,m
4660365,78636.4,0.00012942,1736099533.863547,b,l
4660366,78632.0,0.00017593,1736099588.9919252,b,l
4660367,78632.0,0.000662,1736099627.661908,b,l
4660368,78632.8,0.00052895,1736099627.661908,b,l
4660369,78599.3,0.00567112,1736099733.584895,s,l
4660370,78627.6,5e-05,1736099854.9482317,s,l
4660371,78627.6,0.00572293,1736099856.8241622,s,m
4660372,78628.0,0.00060811,1736099907.1894152,b,l
4660373,78631.3,0.00120285,1736099920.9960504,b,l
4660374,78631.0,0.00012407,1736099987.636869,b,l
4660375,78659.1,0.00178791,1736100095.8490908,b,l
4660376,78645.8,0.00124965,1736100122.2264996,b,l
4660377,78615.5,0.00012532,1736100198.374528,b,l
4660378,78610.7,0.00011599,1736100244.3106363,s,l
4660379,78598.5,0.00063614,1736100248.207968,b,m
4660380,78598.4,0.00165397,1736100250.0651789,s,l
4660381,78575.3,0.00177916,1736100250.0651789,s,l
4660382,78575.4,0.00037616,1736100310.0390096,b,l
4660383,78575.4,0.00762682,1736100314.721249,b,l
4660384,78575.4,0.00011634,1736100393.4084127,b,l
4660385,78582.2,0.01241515,1736100435.4144614,b,l
4660386,78577.5,0.0101994,1736100466.8877444,s,l
4660387,78644.5,0.00310181,1736100506.5725863,b,l
4660388,78649.5,0.00010425,1736100613.9581196,s,l
4660389,78640.0,0.00127132,1736100641.4077137,b,l
4660390,78600.7,0.00084259,1736100736.2890575,b,l
4660391,78600.0,1.253e-05,1736100788.033243,b,l
4660392,78612.4,0.00037922,1736100894.6902733,b,l
4660393,78592.8,7.825e-05,1736100904.13504,s,l
4660394,78575.4,0.00029563,1736100974.7665608,b,l
4660395,78575.4,0.00036637,1736101007.5503848,b,l
4660396,78575.4,0.00084943,1736101007.5503848,b,l
4660397,78575.4,0.0013037,1736101036.6469884,b,l
4660398,78577.6,0.006994,1736101070.5112472,s,l
4660399,78575.3,0.00605059,1736101070.5112472,s,l
4660400,78591.4,0.00011746,1736101092.8657017,b,l
4660401,78596.7,3.134e-05,1736101190.0314822,b,l
4660402,78647.0,0.00062024,1736101337.945545,b,l
4660403,78662.7,0.01249386,1736101384.052729,b,l
4660404,78631.9,0.0006482,1736101560.5308208,s,l
4660405,78631.8,0.06153827,1736101560.5308208,s,l
4660406,78656.0,0.00304132,1736101609.5984943,b,l
4660407,78639.0,0.00012407,1736101743.6889417,b,l
4660408,78614.9,0.00059393,1736101765.7986662,b,l
4660409,78650.5,6.202e-05,1736101878.9954154,b,l
4660410,78644.9,0.00302409,1736101906.160641,s,m
4660411,78638.1,0.02844281,1736101906.160641,s,m
4660412,78643.6,0.00013361,1736101914.2347906,b,l
4660413,78728.3,0.00054333,1736102025.139505,b,m
4660414,78693.9,0.00039076,1736102049.3588357,s,l
4660415,78708.2,0.00059337,1736102161.059284,b,l
4660416,78713.1,0.00029511,1736102207.029291,b,l
4660417,78713.1,0.03346724,1736102290.831745,b,l
4660418,78711.1,3.44e-05,1736102310.8566742,s,l
4660419,78722.9,0.00260406,1736102439.378688,s,l
4660420,78733.1,0.00062417,1736102497.3810058,b,l
4660421,78737.2,2.503e-05,1736102526.0361414,b,l
4660422,78739.4,0.01341763,1736102592.5416975,b,l
4660423,78730.4,0.0050001,1736102708.1121745,b,m
4660424,78737.4,0.00309015,1736102714.4257429,b,l
4660425,78771.7,0.00279301,1736102833.163985,b,m
4660426,78771.1,0.00025015,1736102838.033886,b,l
4660427,78752.9,0.00059727,1736102859.8220792,b,l
4660428,78749.1,0.001172,1736102864.2939465,b,l
4660429,78752.5,1.707e-05,1736102864.2939465,b,l
4660430,78739.0,0.00028865,1736102874.923102,s,l
4660431,78735.9,0.01424742,1736102881.7348125,b,l
4660432,78727.1,0.00309807,1736102906.925033,b,l
4660433,78737.5,0.00118932,1736102913.9793313,b,l
4660434,78729.0,0.00014842,1736102951.575452,s,l
4660435,78755.3,0.00152604,1736103087.0089765,s,l
4660436,78743.4,0.01670709,1736103087.0089765,s,l
4660437,78777.6,2.487e-05,1736103323.6116457,s,l
4660438,78784.0,0.0002376,1736103326.3048327,b,l
4660439,78779.5,0.00062548,1736103443.745791,b,l
4660440,78800.0,0.00023858,1736103459.9626954,b,m
4660441,78798.6,0.00300073,1736103562.4528987,b,l
4660442,78798.3,0.00012381,1736103595.0148144,b,l
4660443,78793.4,0.00096822,1736103599.3813107,s,m
4660444,78793.3,0.00233614,1736103599.3813107,s,m
4660445,78793.4,0.00062519,1736103600.1286118,b,l
4660446,78800.0,0.00012503,1736103612.033887,b,l
4660447,78800.0,0.00024762,1736103614.9334483,b,l
4660448,78800.0,9.315e-05,1736103615.9084134,b,l
4660449,78800.0,0.00018754,1736103618.0339563,b,l
4660450,78793.2,0.00693387,1736103703.8987164,b,l
4660451,78793.2,0.0001,1736103711.6617684,b,m
4660452,78793.2,0.002221,1736103722.6448555,b,m
4660453,78793.2,0.00023526,1736103735.0922036,b,l
4660454,78793.2,0.00062519,1736103794.0312374,b,l
4660455,78793.2,0.00025281,1736103873.9050398,b,m
4660456,78799.9,0.00123583,1736103945.181101,s,l
4660457,78800.0,0.00228154,1736103976.8106008,b,m
4660458,78800.0,0.00180191,1736104180.307727,b,l
4660459,78799.9,6.121e-05,1736104188.696406,s,l
4660460,78800.0,0.00492463,1736104191.8708048,b,l
4660461,78854.2,0.00774964,1736104191.8708048,b,l
4660462,78858.3,7e-05,1736104366.578169,b,l
4660463,78883.2,0.00017738,1736104366.578169,b,l
4660464,78871.4,0.00064476,1736104378.3873067,s,l
4660465,78894.5,0.0123661,1736104449.378888,b,l
4660466,78894.4,0.00059196,1736104461.996854,b,l
4660467,78882.6,0.00026672,1736104527.7328815,s,l
4660468,78907.1,0.04760935,1736104536.1314526,b,l
4660469,78897.6,0.00029442,1736104552.0282876,b,l
4660470,78891.5,0.00053246,1736104568.039116,b,l
4660471,78956.8,0.00164305,1736104646.676027,b,l
4660472,78946.4,0.00059149,1736104662.3971035,b,l
4660473,78929.2,0.001172,1736104668.2746673,b,m
4660474,78943.6,0.00028495,1736104668.2746675,b,m
4660475,78931.8,2.496e-05,1736104686.035781,b,l
4660476,78899.1,0.01238798,1736104707.8696575,b,l
4660477,78879.6,0.001172,1736104722.0982668,s,m
4660478,78869.8,0.04690652,1736104722.0982668,s,m
4660479,78868.3,0.000662,1736104722.0982668,s,m
4660480,78866.0,0.0342094,1736104722.0982668,s,m
4660481,78865.9,0.06705008,1736104722.098267,s,m
4660482,78891.9,0.00247372,1736104848.0228765,b,l
4660483,78897.0,0.00316869,1736104919.16934,b,m
4660484,78888.7,0.04946772,1736104934.267909,b,l
4660485,78870.8,0.00067884,1736105073.612089,s,l
4660486,78877.4,0.00253557,1736105087.4136937,b,l
4660487,78903.8,0.01,1736105229.680909,s,l
4660488,78907.9,0.000662,1736105298.595678,b,l
4660489,78908.2,0.00434539,1736105298.595678,b,l
4660490,78873.5,0.00032952,1736105457.4498577,b,l
4660491,78870.8,0.0001,1736105487.0815256,b,m
4660492,78870.8,0.00316974,1736105513.8855765,b,m
4660493,78873.0,0.00011704,1736105566.81646,b,l
4660494,78873.0,0.00118746,1736105573.5485108,b,l
4660495,78879.1,0.00237783,1736105590.318703,b,l
4660496,78873.0,0.00084,1736105649.7629433,s,l
4660497,78872.9,0.00037529,1736105649.7629433,s,l
4660498,78870.8,0.00818074,1736105649.7629433,s,l
4660499,78878.6,0.00475925,1736105741.2631226,b,l
4660500,78878.5,0.00010143,1736105802.4187453,s,l
4660501,78870.7,0.01267897,1736105802.4187453,s,l
4660502,78870.7,0.00021554,1736105802.4187453,s,l
4660503,78870.8,0.00118738,1736105806.280213,b,l
4660504,78870.7,0.00027301,1736105826.7547407,s,l
4660505,78870.8,0.00024739,1736105869.6428688,b,l
4660506,78870.8,0.00136067,1736105933.405551,b,l
4660507,78870.7,0.00711883,1736105964.1930263,s,l
4660508,78854.7,0.04287792,1736105964.1930263,s,l
4660509,78858.9,0.00800452,1736105970.12496,s,l
4660510,78874.2,4.948e-05,1736105989.0349371,b,l
4660511,78901.6,2.757e-05,1736106072.1232529,b,l
4660512,78901.6,0.0002468,1736106094.124719,b,l
4660513,78911.6,0.00030908,1736106135.5118487,b,l
4660514,78913.2,0.03736266,1736106161.1352491,b,l
4660515,78899.7,0.00012674,1736106170.7922354,b,m
4660516,78896.1,0.00124876,1736106203.0327034,b,l
4660517,78867.9,9.308e-05,1736106250.2754846,b,l
4660518,78868.5,0.00074221,1736106299.7671435,b,l
4660519,78869.6,0.00079793,1736106338.9744608,s,l
4660520,78878.6,0.00124598,1736106348.2419922,b,l
4660521,78885.8,0.07519002,1736106373.8596954,b,l
4660522,78885.9,0.05154496,1736106373.8596954,b,l
4660523,78873.2,0.00011588,1736106394.1355844,b,l
4660524,78852.0,0.00062628,1736106441.9573352,b,l
4660525,78852.0,0.00062321,1736106445.658435,b,l
4660526,78852.0,0.0002946,1736106451.0081072,b,l
4660527,78850.3,0.00065179,1736106498.6569524,b,l
4660528,78859.3,0.00792551,1736106558.0940394,b,m
4660529,78875.2,0.00071133,1736106686.2506106,b,l
4660530,78861.6,0.00011256,1736106770.8477297,s,l
4660531,78866.3,0.00120731,1736106781.0020156,b,l
4660532,78889.8,0.00123662,1736106857.5983963,b,l
4660533,78890.8,5e-05,1736106907.9862187,b,m
4660534,78892.0,0.00011701,1736106940.1825774,b,l
4660535,78893.7,0.00193464,1736107001.0028467,s,l
4660536,78900.4,0.00037095,1736107019.800745,b,l
4660537,78891.6,0.00030913,1736107022.313964,b,l
4660538,78901.5,0.00011586,1736107111.3006442,b,l
4660539,78903.1,0.00030912,1736107142.0840757,b,l
4660540,78903.1,0.00171096,1736107155.6316648,b,m
4660541,78903.1,1.236e-05,1736107200.0431097,b,l
4660542,78903.1,6.243e-05,1736107202.035193,b,l
4660543,78903.1,1.249e-05,1736107248.0365086,b,l
4660544,78903.0,0.00038021,1736107276.2358017,s,l
4660545,78903.0,0.08,1736107284.0465508,s,l
4660546,78903.1,0.00043703,1736107288.0329452,b,l
4660547,78903.1,0.00012486,1736107358.032851,b,l
4660548,78903.1,0.00070979,1736107429.1378186,b,l
4660549,78910.9,0.00364938,1736107429.1378186,b,l
4660550,78865.3,0.0624623,1736107471.1726322,b,l
4660551,78871.6,0.00013722,1736107524.2249496,s,l
4660552,78889.8,0.00044361,1736107581.8287191,s,l
4660553,78943.0,0.00011582,1736107639.4583726,b,l
4660554,78949.7,0.00622422,1736107673.6710188,b,l
4660555,78945.8,0.00098862,1736107769.7948277,b,l
4660556,78960.3,0.00192316,1736107819.8754632,b,l
4660557,78973.6,0.00237533,1736107857.6315691,b,l
4660558,78956.8,0.06332577,1736107882.2917087,b,m
4660559,78965.0,0.00142399,1736107930.0196714,b,l
4660560,78977.3,0.00118589,1736107950.8258688,b,l
4660561,78966.3,0.00062701,1736107976.7095902,b,l
4660562,78966.1,0.00062383,1736107978.0326092,b,l
4660563,78966.1,6.238e-05,1736107998.0325584,b,l
4660564,78973.7,0.00029415,1736108062.6915371,b,l
4660565,78973.9,0.00644216,1736108110.01169,s,l
4660566,79000.6,0.00059138,1736108137.5569942,b,l
4660567,78983.1,0.00050512,1736108203.0317562,s,m
4660568,78983.1,0.00069817,1736108203.0317562,s,m
4660569,78983.1,0.00099069,1736108203.0317562,s,m
4660570,78983.1,0.00196952,1736108203.0317562,s,m
4660571,79000.8,7e-05,1736108235.356331,b,l
4660572,79035.2,0.00081837,1736108235.356331,b,l
4660573,79044.8,0.017674,1736108276.47598,b,l
4660574,79081.9,0.0001044,1736108281.9149077,b,l
4660575,79143.5,7e-05,1736108299.226166,b,l
4660576,79145.4,0.00053417,1736108299.226166,b,l
4660577,79185.5,0.000662,1736108299.3027887,b,l
4660578,79188.0,0.001171,1736108299.341488,b,l
4660579,79200.0,0.25,1736108301.4924066,b,l
4660580,79278.9,0.05428841,1736108303.1162348,b,l
4660581,79279.0,0.00054154,1736108303.1162348,b,l
4660582,79279.1,0.0001042,1736108311.4175262,b,l
4660583,79286.5,7e-05,1736108341.556935,b,l
4660584,79324.3,6.21e-05,1736108384.0330856,b,l
4660585,79317.4,0.00491992,1736108403.2847598,b,l
4660586,79286.2,0.000662,1736108454.940202,s,l
4660587,79286.2,0.00622364,1736108454.940202,s,l
4660588,79280.4,0.00012615,1736108488.839796,s,l
4660589,79309.9,0.00829103,1736108498.7584963,s,l
4660590,79242.8,0.00861628,1736108552.0697591,b,l
4660591,79256.4,0.00036929,1736108614.224359,b,l
4660592,79297.0,0.00987172,1736108719.6628623,s,l
4660593,79284.5,0.00061979,1736108774.8550422,b,l
4660594,79255.5,1.243e-05,1736108922.0341914,b,l
4660595,79251.3,0.00017628,1736108943.8519626,b,l
4660596,79255.7,0.001,1736108990.758966,b,m
4660597,79266.7,0.02906383,1736109029.638671,b,l
4660598,79266.8,0.02017362,1736109029.638671,b,l
4660599,79153.8,0.00119491,1736109137.2383876,b,l
4660600,79216.5,0.00011654,1736109168.8188536,b,l
4660601,79186.8,0.00012244,1736109225.646258,s,l
4660602,79184.7,0.00084,1736109246.2267034,b,l
4660603,79186.9,0.05726278,1736109246.2267034,b,l
4660604,79172.8,0.0009241,1736109272.6920063,b,l
4660605,79150.5,0.00261545,1736109279.361687,s,l
4660606,79148.2,0.00025262,1736109286.5009706,b,l
4660607,79153.8,0.00012325,1736109292.1152472,b,l
4660608,79145.4,0.01652212,1736109295.0526898,b,m
4660609,79143.6,0.013,1736109300.5251453,b,l
4660610,79148.5,5e-05,1736109375.2863977,b,l
4660611,79148.4,5e-05,1736109392.5763836,s,l
4660612,79143.5,7e-05,1736109392.5763836,s,l
4660613,79120.1,0.00506197,1736109392.5763836,s,l
4660614,79138.6,0.05218843,1736109403.0295916,b,l
4660615,79143.1,0.00023422,1736109439.527577,b,l
4660616,79173.4,0.028,1736109606.1300054,s,l
4660617,79155.5,0.00123243,1736109730.2646933,b,l
4660618,79155.8,0.00088653,1736109735.9749544,b,l
4660619,79130.3,0.00038558,1736109800.8297846,s,m
4660620,79142.7,0.00017652,1736109876.9540231,b,l
4660621,79150.0,0.00023421,1736109946.898707,b,l
4660622,79146.1,0.02419675,1736110032.553685,b,l
4660623,79146.2,0.2223356,1736110032.553685,b,l
4660624,79145.9,0.00037904,1736110036.7942955,b,l
4660625,79130.2,0.00164824,1736110085.7243528,s,l
4660626,79130.3,0.00284341,1736110087.265767,b,m
4660627,79130.2,0.00087924,1736110126.3855877,s,l
4660628,79100.1,0.01850079,1736110138.6621926,b,l
4660629,79100.0,5e-05,1736110139.2315168,s,l
4660630,79018.8,0.00118337,1736110166.1147408,s,l
4660631,79041.9,0.00474364,1736110173.6768515,b,l
4660632,79076.2,0.00011563,1736110255.6546078,b,l
4660633,79080.8,0.02518835,1736110256.883117,b,l
4660634,79080.9,0.000662,1736110256.883117,b,l
4660635,79082.2,0.017669,1736110256.883117,b,l
4660636,79083.2,0.22894296,1736110256.883117,b,l
4660637,79084.0,0.001171,1736110256.883117,b,l
4660638,79084.7,0.03712289,1736110256.883117,b,l
4660639,79140.6,0.00024898,1736110309.0377536,b,l
4660640,79101.8,9.166e-05,1736110332.46432,b,l
4660641,79074.6,0.02103067,1736110341.579847,b,m
4660642,79074.6,0.01677211,1736110341.579847,b,m
4660643,79055.8,7.969e-05,1736110425.694759,b,m
4660644,79059.7,0.00030852,1736110427.1608982,b,l
4660645,79052.9,0.01700857,1736110450.8677173,b,l
4660646,79065.7,0.039,1736110450.8677173,b,l
4660647,79067.4,0.05337854,1736110450.8677173,b,l
4660648,79067.5,0.01399998,1736110450.8677173,b,l
4660649,79077.1,0.00177861,1736110568.8273914,b,l
4660650,79066.5,0.00248601,1736110593.3230474,b,l
4660651,79074.5,9.282e-05,1736110708.404255,b,l
4660652,79084.0,0.00550095,1736110720.4183872,b,l
4660653,79079.5,0.00648091,1736110724.0336652,s,l
4660654,79090.8,0.00944322,1736110781.2625256,b,l
4660655,79090.9,0.00289198,1736110781.2625256,b,l
4660656,79081.8,0.00075693,1736110788.4244766,s,m
4660657,79093.5,0.00061676,1736110791.144811,b,l
4660658,79093.6,7.474e-05,1736110800.0453784,b,l
4660659,79097.7,0.00011123,1736110809.6223023,b,l
4660660,79124.3,0.0001026,1736110882.032033,b,l
4660661,79108.6,0.0158,1736110887.8238428,s,l
4660662,79123.8,0.00189576,1736111040.0904942,b,m
4660663,79142.9,0.01010672,1736111119.4645207,s,m
4660664,79149.5,9.183e-05,1736111122.5487132,b,l
4660665,79148.5,0.00061631,1736111131.877446,b,l
4660666,79148.3,0.0001155,1736111137.17783,b,l
4660667,79150.8,5e-05,1736111198.0330174,b,l
4660668,79150.8,0.00096072,1736111198.0330174,b,l
4660669,79180.2,0.00126293,1736111339.9031093,b,l
4660670,79150.8,0.0002492,1736111403.0522408,b,l
4660671,79192.4,0.00044749,1736111430.8610582,b,l
4660672,79178.7,0.00023703,1736111432.960748,s,l
4660673,79174.2,0.00010105,1736111497.7433689,b,l
4660674,79169.8,0.00551781,1736111504.8180523,b,l
4660675,79169.9,0.03280132,1736111504.8180523,b,l
4660676,79180.8,0.00583311,1736111534.7332425,b,l
4660677,79180.9,0.04690652,1736111534.7332425,b,l
4660678,79181.5,0.04690652,1736111534.7332425,b,l
4660679,79183.8,0.000662,1736111534.7332425,b,l
4660680,79184.9,0.14791924,1736111534.7332425,b,l
4660681,79187.4,0.000662,1736111672.0026977,s,l
4660682,79185.0,0.00117,1736111672.0026977,s,l
4660683,79183.7,0.07487304,1736111672.002698,s,l
4660684,79183.6,0.017654,1736111672.002698,s,l
4660685,79182.4,0.09963165,1736111672.002698,s,l
4660686,79200.6,0.00024879,1736111707.0463483,b,l
4660687,79145.4,0.0012635,1736111769.5121517,b,m
4660688,79139.8,0.00186888,1736111797.2779596,b,l
4660689,79139.8,0.00948928,1736111800.866053,b,l
4660690,79155.3,0.017657,1736111800.866053,b,l
4660691,79156.8,0.00117,1736111800.866053,b,l
4660692,79158.7,0.000662,1736111800.866053,b,l
4660693,79166.0,0.03264919,1736111800.866053,b,l
4660694,79158.5,0.009375,1736111838.689496,s,l
4660695,79155.5,3.698e-05,1736111920.937636,b,l
4660696,79170.1,5e-05,1736111975.6448777,s,m
4660697,79151.3,0.00887889,1736112033.0159512,s,m
4660698,79147.9,6.542e-05,1736112095.010571,b,l
4660699,79185.1,0.00012629,1736112136.2145634,b,m
4660700,79166.6,0.01104478,1736112201.7592978,b,l
4660701,79166.7,0.22871962,1736112201.7592978,b,l
4660702,79166.7,0.0102356,1736112201.7592978,b,l
4660703,79205.6,6.219e-05,1736112237.7483275,b,l
4660704,79198.1,0.00024637,1736112246.5427666,b,l
4660705,79201.6,0.00049779,1736112259.5651407,b,l
4660706,79209.0,0.00043109,1736112348.4936693,b,l
4660707,79226.5,0.00024634,1736112362.2898316,b,l
4660708,79220.1,0.01846492,1736112379.721988,b,l
4660709,79220.2,0.039,1736112379.721988,b,l
4660710,79221.3,0.01642401,1736112379.721988,b,l
4660711,79204.2,0.00035251,1736112447.323182,b,l
4660712,79204.2,0.00070826,1736112465.969514,b,l
4660713,79204.1,0.00088379,1736112486.9284236,s,l
4660714,79204.1,0.00101621,1736112486.928424,s,l
4660715,79144.0,0.00024633,1736112593.4955845,s,l
4660716,79144.1,0.00236987,1736112596.205411,b,l
4660717,79144.1,0.00034114,1736112602.503302,b,l
4660718,79144.0,1.295e-05,1736112664.8201928,s,l
4660719,79144.1,0.01432433,1736112833.2839797,b,l
4660720,79144.8,0.10894476,1736112833.2839797,b,l
4660721,79144.1,0.00084,1736112861.7835658,s,m
4660722,79144.0,0.00037247,1736112861.7835658,s,m
4660723,79144.0,0.00378753,1736112861.7835658,s,m
4660724,79185.5,0.00036963,1736112924.8725314,b,l
4660725,79197.9,0.01345716,1736112929.3063934,b,l
4660726,79198.0,0.022396,1736112929.3063934,b,l
4660727,79207.3,9.267e-05,1736112946.79733,b,l
4660728,79202.5,0.001,1736112969.3114812,b,m
4660729,79206.1,0.00012793,1736112972.3818767,s,l
4660730,79212.0,0.00030791,1736113006.454275,b,l
4660731,79206.2,3.882e-05,1736113047.7191522,s,l
4660732,79211.5,0.0003525,1736113065.4836817,b,l
4660733,79211.5,0.00031095,1736113078.0333705,b,l
4660734,79211.5,0.00193244,1736113125.7588053,b,l
4660735,79244.7,0.01451085,1736113125.7588053,b,l
4660736,79244.8,0.13858287,1736113125.7588053,b,l
4660737,79252.2,0.00030777,1736113142.0014484,b,l
4660738,79251.6,0.00012432,1736113152.0333073,b,l
4660739,79259.6,0.00035221,1736113206.029601,b,l
4660740,79247.1,0.000662,1736113259.6003149,s,l
4660741,79246.6,0.00062193,1736113259.6003149,s,l
4660742,79243.8,0.00504749,1736113262.9284906,b,l
4660743,79231.5,0.00388074,1736113332.1331427,s,l
4660744,79235.8,6.217e-05,1736113374.0402882,b,l
4660745,79233.2,6.157e-05,1736113443.4731162,b,l
4660746,79232.6,0.00058943,1736113549.7172534,b,l
4660747,79232.8,0.03693962,1736113793.16048,b,l
4660748,79232.8,0.00251495,1736113832.2935996,b,m
4660749,79245.4,0.00177429,1736113939.6533716,b,l
4660750,79286.5,7e-05,1736114116.5635643,b,l
4660751,79307.7,0.00084,1736114230.6894429,b,l
4660752,79307.8,0.00039016,1736114230.6894429,b,l
4660753,79307.4,0.00118095,1736114296.1126285,b,l
4660754,79307.1,0.00058888,1736114311.306322,b,l
4660755,79303.5,0.00031555,1736114385.0798016,s,m
4660756,79303.1,0.001,1736114385.0798016,s,m
4660757,79300.0,0.06368445,1736114385.0798016,s,m
4660758,79300.1,0.00059474,1736114418.8174932,b,l
4660759,79300.0,0.01823246,1736114563.277884,s,l
4660760,79300.0,0.00252206,1736114563.277884,s,l
4660761,79275.2,0.01172401,1736114576.4466295,b,l
4660762,79275.3,0.03798741,1736114576.4466295,b,l
4660763,79210.9,0.00136818,1736114580.3183982,b,l
4660764,79202.1,0.01216378,1736114589.7278876,s,m
4660765,79199.8,0.00361299,1736114589.7278876,s,m
4660766,79187.3,0.0012411,1736114604.2544456,b,l
4660767,79176.3,0.00023414,1736114633.357726,b,l
4660768,79189.5,0.0001232,1736114709.6876416,b,l
4660769,79189.5,0.0005388,1736114714.1562583,b,m
4660770,79189.5,0.00047143,1736114714.1562583,b,m
4660771,79219.7,0.00061579,1736114739.534088,b,l
4660772,79232.9,0.00058945,1736114787.9763272,b,l
4660773,79225.4,0.00084,1736114926.6761858,s,m
4660774,79225.4,0.00416,1736114926.6761858,s,m
4660775,79236.6,2.463e-05,1736114933.7192056,b,l
4660776,79240.2,0.00058951,1736114944.2222338,b,l
4660777,79236.6,0.00918479,1736114958.3711464,s,l
4660778,79238.1,0.00012312,1736115017.626638,b,l
4660779,79238.1,0.00041646,1736115029.165884,b,l
4660780,79238.1,0.04924953,1736115095.2607138,b,l
4660781,79238.0,0.00040719,1736115096.567787,s,l
4660782,79238.0,0.02685245,1736115137.8582053,s,l
4660783,79182.2,0.00025258,1736115199.1883235,b,m
4660784,79176.9,1.232e-05,1736115235.9483104,b,l
4660785,79175.8,9.27e-05,1736115243.1739264,b,l
4660786,79231.4,0.00598111,1736115350.4838202,b,l
4660787,79206.5,0.00041887,1736115365.8648694,b,l
4660788,79212.9,0.00117,1736115388.4966085,b,l
4660789,79212.9,1.248e-05,1736115388.4966085,b,l
4660790,79196.1,1.866e-05,1736115488.198882,b,l
4660791,79226.6,0.00124355,1736115635.03647,b,l
4660792,79224.2,0.00189336,1736115732.794275,b,m
4660793,79224.1,1.865e-05,1736115771.0336204,b,l
4660794,79224.1,0.00233977,1736115779.294345,b,l
4660795,79223.5,0.00012315,1736115786.5668116,b,l
4660796,79225.0,0.00025245,1736115824.1143806,b,m
4660797,79246.4,0.00164613,1736115844.7157557,s,l
4660798,79305.5,0.00141824,1736115885.2871785,b,l
4660799,79311.9,0.00126084,1736115900.3589578,b,m
4660800,79342.9,0.00118053,1736115957.4601235,b,l
4660801,79350.6,0.00011634,1736116013.0323944,b,l
4660802,79349.8,0.00189036,1736116059.3388605,b,m
4660803,79327.9,0.00011523,1736116090.557728,b,l
4660804,79320.7,0.00044132,1736116092.4496891,b,m
4660805,79305.4,1.242e-05,1736116249.0347378,b,l
4660806,79298.1,0.00050435,1736116325.097058,b,l
4660807,79297.7,0.00012424,1736116394.0422823,b,l
4660808,79318.2,0.00088474,1736116571.800835,b,l
4660809,79318.2,0.000123,1736116614.6274412,b,l
4660810,79329.1,5.168e-05,1736116668.144665,s,l
4660811,79350.6,0.00515239,1736116758.7364905,b,l
4660812,79429.6,0.04330223,1736116809.703971,s,m
4660813,79429.7,7e-05,1736116815.7326448,b,m
4660814,79462.7,0.00084,1736116815.7326448,b,m
4660815,79462.8,0.039,1736116815.7326448,b,m
4660816,79463.9,0.02301224,1736116815.7326448,b,m
4660817,79427.0,0.00614154,1736116847.1253116,b,l
4660818,79421.8,0.0005524,1736116851.6624825,b,l
4660819,79414.8,0.00011781,1736116886.4442017,b,l
4660820,79395.6,0.00491432,1736116897.0170426,b,l
4660821,79409.5,0.00059391,1736116947.7956035,b,l
4660822,79426.5,0.00307079,1736116968.2369187,b,l
4660823,79420.4,0.00119089,1736117016.531571,b,l
4660824,79420.2,0.00057134,1736117016.9991295,b,l
4660825,79406.3,0.01345836,1736117048.653843,b,l
4660826,79418.5,0.016539,1736117048.653843,b,l
4660827,79420.2,0.0314269,1736117048.653843,b,l
4660828,79399.5,0.00123779,1736117098.7861435,b,l
4660829,79399.5,0.01,1736117110.3308897,b,l
4660830,79399.5,0.00058818,1736117122.6293964,b,l
4660831,79408.7,0.00172003,1736117169.5653272,b,l
4660832,79399.6,0.00480013,1736117280.6526594,b,l
4660833,79408.2,0.00748701,1736117280.6526594,b,l
4660834,79403.3,0.00117,1736117331.932465,s,l
4660835,79402.2,0.00012594,1736117331.932465,s,l
4660836,79401.1,0.017616,1736117331.932465,s,l
4660837,79399.5,9.244e-05,1736117336.7784474,b,l
4660838,79399.4,0.00010076,1736117361.6845715,s,l
4660839,79374.7,0.00384376,1736117361.6845715,s,l
4660840,79369.3,0.07465888,1736117386.531691,s,l
4660841,79369.2,0.039,1736117386.531691,s,l
4660842,79367.9,0.06742918,1736117386.531691,s,l
4660843,79364.0,0.00040132,1736117430.4817076,b,m
4660844,79328.4,0.0025,1736117463.3292563,s,m
4660845,79318.2,0.01417489,1736117539.3088794,s,l
4660846,79328.5,0.00011524,1736117550.3201687,b,l
4660847,79324.1,9.163e-05,1736117613.9197512,b,l
4660848,79320.5,5.295e-05,1736117692.9029164,s,l
4660849,79344.9,3.725e-05,1736117799.034203,b,l
4660850,79344.9,0.00563419,1736117799.5849223,b,l
4660851,79476.9,0.00010394,1736117847.3825736,b,m
4660852,79488.0,0.06279865,1736117847.3825736,b,m
4660853,79478.5,0.00024556,1736117964.2105742,b,l
4660854,79474.2,0.00154959,1736118000.0880077,b,l
4660855,79474.2,0.00123967,1736118000.119638,b,l
4660856,79474.2,0.00031451,1736118000.8567126,b,l
4660857,79474.0,9.236e-05,1736118001.0232782,b,l
4660858,79474.0,0.00059343,1736118001.048502,b,l
4660859,79473.9,9.236e-05,1736118001.1031303,b,l
4660860,79468.8,0.00024795,1736118039.0364566,b,l
4660861,79499.0,1.239e-05,1736118058.0346067,b,l
4660862,79499.0,0.00125788,1736118077.1910083,b,m
4660863,79499.0,0.00059325,1736118077.8389716,b,l
4660864,79499.0,0.0080995,1736118140.0294216,b,l
4660865,79499.0,0.20292419,1736118156.2799222,b,l
4660866,79500.0,5e-05,1736118156.2803192,b,l
4660867,79500.0,0.22534591,1736118156.2803197,b,l
4660868,79544.7,0.03825,1736118157.5421662,s,l
4660869,79573.3,7e-05,1736118158.5932932,b,l
4660870,79579.8,4.601e-05,1736118158.5932932,b,l
4660871,79583.8,1.226e-05,1736118160.8242726,b,l
4660872,79578.3,0.001,1736118192.0358093,b,l
4660873,79506.6,0.000661,1736118264.6737895,s,m
4660874,79501.4,0.00562717,1736118264.6737895,s,m
4660875,79496.8,0.00023325,1736118339.290541,b,l
4660876,79490.9,0.01082566,1736118378.3484812,b,m
4660877,79491.0,0.08917434,1736118378.3484812,b,m
4660878,79447.4,0.00092282,1736118389.5956514,b,m
4660879,79429.7,7e-05,1736118419.8570306,s,m
4660880,79408.2,0.039,1736118419.8570306,s,m
4660881,79405.6,0.001169,1736118419.8570306,s,m
4660882,79405.2,0.02163068,1736118419.8570309,s,m
4660883,79415.0,0.00100737,1736118527.093067,b,m
4660884,79385.7,0.00011922,1736118590.1811466,s,l
4660885,79399.0,0.00012287,1736118630.7564394,b,l
4660886,79399.0,0.00049486,1736118650.245037,b,l
4660887,79399.0,0.00106127,1736118713.1483295,b,l
4660888,79391.1,0.0004852,1736118745.4263504,b,l
4660889,79383.6,0.00125971,1736118754.282189,b,m
4660890,79380.9,0.00011629,1736118757.261501,b,l
4660891,79362.9,0.00122928,1736118783.4359934,b,l
4660892,79350.1,0.000661,1736118875.0362384,b,l
4660893,79350.1,0.00058061,1736118875.0362384,b,l
4660894,79350.0,0.01574319,1736118882.6311686,s,m
4660895,79350.1,0.00031506,1736118906.7446516,b,m
4660896,79350.1,0.00236371,1736118906.976848,b,l
4660897,79350.0,0.01425681,1736119000.18276,s,l
4660898,79350.0,0.00031505,1736119000.18276,s,l
4660899,79318.1,0.039,1736119009.4458437,s,l
4660900,79318.1,0.02581862,1736119009.669226,s,l
4660901,79318.1,0.00061423,1736119009.669226,s,l
4660902,79296.7,0.00126109,1736119035.8619306,b,m
4660903,79296.7,0.00179062,1736119054.5844426,b,l
4660904,79296.6,0.0001,1736119096.11989,s,l
4660905,79286.6,0.00163261,1736119216.512634,b,l
4660906,79286.5,7e-05,1736119219.6170964,s,m
4660907,79227.5,0.00623624,1736119219.6170964,s,m
4660908,79266.4,0.00018462,1736119245.699767,b,l
4660909,79247.0,0.00024865,1736119264.0304368,b,l
4660910,79244.4,0.0003281,1736119292.9603488,b,m
4660911,79219.3,0.00059534,1736119347.207512,b,l
4660912,79219.3,0.00492612,1736119373.751829,b,l
4660913,79228.8,0.00014697,1736119476.4668436,s,l
4660914,79228.9,0.00070214,1736119477.7056987,b,m
4660915,79228.9,0.02132054,1736119523.744743,s,m
4660916,79229.0,0.00630914,1736119529.3549688,b,l
4660917,79229.0,0.00181074,1736119563.8274612,b,l
4660918,79229.0,0.00044231,1736119588.5063434,b,l
4660919,79229.0,0.00012435,1736119800.0370884,b,l
4660920,79229.0,0.00024628,1736119806.8745058,b,l
4660921,79219.3,0.0047885,1736120064.0081077,s,m
4660922,79219.2,5e-05,1736120167.4355628,s,l
4660923,79219.3,0.01194584,1736120222.793233,b,l
4660924,79219.3,0.00130074,1736120259.6370783,b,l
4660925,79219.3,0.00501085,1736120272.624499,b,m
4660926,79220.8,0.00761219,1736120272.624499,b,m
4660927,79229.0,0.00492552,1736120380.8872695,b,l
4660928,79228.9,9.599e-05,1736120403.1518712,s,l
4660929,79228.9,0.00012621,1736120534.1269577,s,l
4660930,79219.3,0.01880911,1736120534.1269577,s,l
4660931,79223.3,0.00042,1736120597.5243046,b,l
4660932,79219.2,0.0062616,1736120615.0845687,s,l
4660933,79219.2,0.00030472,1736120615.0845687,s,l
4660934,79217.5,0.00315586,1736120615.0845687,s,l
4660935,79200.1,0.00012315,1736120617.6305048,b,l
4660936,79200.1,0.00296023,1736120637.00766,b,l
4660937,79200.1,0.00023635,1736120671.9255235,b,l
4660938,79200.1,0.00098546,1736120698.0712545,b,l
4660939,79200.0,0.00946969,1736120759.9035292,s,l
4660940,79200.0,5e-05,1736120759.9035292,s,l
4660941,79186.0,0.00018942,1736120760.138358,s,l
4660942,79181.0,0.00063146,1736120760.4240863,s,l
4660943,79151.7,0.00123258,1736120816.9839883,b,l
4660944,79144.1,0.00064389,1736120922.8542373,b,m
4660945,79144.0,0.0075815,1736121003.9052043,s,l
4660946,79144.1,0.00024897,1736121010.0371149,b,l
4660947,79144.1,0.00118339,1736121050.228313,b,l
4660948,79144.0,0.00373148,1736121237.780622,s,l
4660949,79144.0,0.00321408,1736121321.8657827,s,l
4660950,79144.0,0.00947639,1736121343.7616243,s,l
4660951,79144.0,0.001,1736121366.423406,s,l
4660952,79165.3,0.01263184,1736121413.1569097,s,l
4660953,79144.1,6.224e-05,1736121540.0367856,b,l
4660954,79144.1,3.112e-05,1736121540.0474586,b,l
4660955,79144.1,1.245e-05,1736121600.0789332,b,l
4660956,79144.1,0.00012418,1736121600.107629,b,l
4660957,79144.1,0.00013693,1736121600.111076,b,l
4660958,79144.1,0.00024897,1736121600.1517055,b,l
4660959,79144.1,0.00024897,1736121600.2342994,b,l
4660960,79144.1,0.00024897,1736121600.2584755,b,l
4660961,79144.1,0.00012448,1736121600.4206746,b,l
4660962,79144.1,0.00517264,1736121603.0885224,b,m
4660963,79167.8,0.07487776,1736121603.0885224,b,m
4660964,79167.9,0.11236889,1736121603.0885224,b,m
4660965,79235.8,1.865e-05,1736121608.034699,b,l
4660966,79256.6,0.00049723,1736121611.0351188,b,l
4660967,79272.6,0.00029598,1736121612.253802,b,l
4660968,79302.9,1.227e-05,1736121617.0364685,b,l
4660969,79303.2,0.00012423,1736121628.0323162,b,l
4660970,79300.7,0.00055362,1736121635.7556732,b,l
4660971,79300.2,0.00010448,1736121636.3902202,b,l
4660972,79296.5,0.00028241,1736121640.033476,b,l
4660973,79295.3,0.00025222,1736121652.707382,b,m
4660974,79294.3,1.242e-05,1736121659.03785,b,l
4660975,79294.1,0.00018637,1736121660.0467086,b,l
4660976,79294.1,0.00031062,1736121660.0508888,b,l
4660977,79282.4,0.00220743,1736121687.0105932,s,m
4660978,79304.2,0.00118137,1736121740.5924208,b,l
4660979,79238.4,0.00288552,1736121880.649463,s,l
4660980,79238.3,0.01137167,1736121910.6159573,s,l
4660981,79266.7,0.00067688,1736121939.846557,b,l
4660982,79249.8,0.00055245,1736121996.8614297,s,l
4660983,79249.8,0.00021918,1736121997.4976225,s,l
4660984,79260.3,0.00615433,1736121998.3678465,b,l
4660985,79251.9,0.00315449,1736122067.594332,s,l
4660986,79252.0,6.216e-05,1736122069.8285973,b,l
4660987,79252.0,0.01255581,1736122073.0531676,b,l
4660988,79327.9,0.00041519,1736122081.8666203,b,l
4660989,79304.1,0.001169,1736122093.6953788,s,l
4660990,79303.4,0.00283904,1736122093.6953788,s,l
4660991,79302.3,0.05044136,1736122100.353085,s,l
4660992,79297.0,0.03152704,1736122236.934575,b,l
4660993,79345.5,0.01016169,1736122297.3631582,s,l
4660994,79333.2,3.105e-05,1736122383.035029,b,l
4660995,79296.9,0.0001013,1736122388.7387583,s,l
4660996,79296.9,0.0001261,1736122388.7387583,s,l
4660997,79290.9,0.00292693,1736122388.7387583,s,l
4660998,79283.5,6.213e-05,1736122412.0316732,b,l
4660999,79283.5,0.00116982,1736122433.338651,b,l
4661000,79276.4,0.000661,1736122445.5296426,s,l
4661001,79272.1,0.01195411,1736122445.5296426,s,l
4661002,79280.6,0.00012837,1736122451.1259038,b,l
4661003,79254.7,0.01892744,1736122505.0593495,s,l
4661004,79249.8,0.0004902,1736122587.1141624,s,l
4661005,79200.0,5e-05,1736122610.091726,s,l
4661006,79200.0,0.00473484,1736122610.091726,s,l
4661007,79144.0,1.295e-05,1736122630.1287372,s,l
4661008,79185.0,0.00093315,1736122836.0296805,b,l
4661009,79185.0,7.266e-05,1736122847.714669,b,l
4661010,79185.0,0.01162284,1736122849.2207258,b,l
4661011,79200.0,0.00020454,1736122884.6907294,b,l
4661012,79200.0,0.02026314,1736122907.5972788,b,l
4661013,79284.0,0.00047531,1736122955.0553372,b,l
4661014,79284.0,0.00024611,1736122969.8319216,b,l
4661015,79284.0,0.00063002,1736122977.0851295,b,l
4661016,79284.0,0.02387433,1736122992.107919,b,l
4661017,79289.9,0.01892028,1736122995.7775047,s,l
4661018,79290.0,0.00011529,1736123032.7429514,b,l
4661019,79289.9,0.02522417,1736123037.7896638,s,l
4661020,79289.9,0.04414231,1736123070.7825258,s,l
4661021,79290.0,0.01249664,1736123096.142831,b,l
4661022,79350.0,0.01260239,1736123115.1817982,b,l
4661023,79362.0,0.0567022,1736123115.5161626,b,l
4661024,79390.0,0.08187429,1736123123.330182,b,l
4661025,79429.7,7e-05,1736123124.1651816,b,l
4661026,79454.6,0.0744565,1736123154.2250557,s,l
4661027,79454.5,0.00106269,1736123154.2250557,s,l
4661028,79344.8,0.006,1736123294.710224,s,m
4661029,79345.6,7.209e-05,1736123297.7373135,s,l
4661030,79286.6,1.23e-05,1736123400.0462835,b,l
4661031,79286.5,7e-05,1736123411.854845,s,m
4661032,79235.1,0.01255304,1736123411.854845,s,m
4661033,79286.0,0.00203026,1736123426.6490595,b,l
4661034,79289.0,1.227e-05,1736123434.0343244,b,l
4661035,79234.1,0.00061554,1736123699.1191444,b,l
4661036,79207.8,0.00387514,1736123820.3607786,b,l
4661037,79228.1,0.00062102,1736123974.3542175,s,l
4661038,79236.6,0.00017464,1736123974.830088,b,l
4661039,79252.0,0.0005951,1736124012.7841563,b,l
4661040,79259.4,1.989e-05,1736124338.031841,b,l
4661041,79259.4,0.12399803,1736124508.0509398,b,l
4661042,79259.3,0.00187067,1736124625.511017,s,l
4661043,79144.1,0.00012256,1736124667.3030088,s,l
4661044,79144.1,0.00031588,1736124690.2944095,b,m
4661045,79144.0,0.03310853,1736124707.214712,s,l
4661046,79143.5,7e-05,1736124707.214712,s,l
4661047,79114.8,9.278e-05,1736124859.7521534,b,l
4661048,79104.8,6.167e-05,1736124889.2055843,b,l
4661049,79102.9,0.00124243,1736124904.2205586,b,l
4661050,79100.0,5e-05,1736125044.5770028,s,l
4661051,79050.1,0.00070841,1736125046.2592747,b,m
4661052,79050.1,0.06171733,1736125052.0567644,b,l
4661053,79050.1,0.00124633,1736125061.917284,b,l
4661054,79050.1,0.00308542,1736125110.1677291,b,l
4661055,79050.1,0.0007405,1736125141.2936854,b,l
4661056,79050.1,0.00018912,1736125166.750172,b,m
4661057,79050.1,0.00024927,1736125200.050094,b,l
4661058,79050.1,0.00031158,1736125200.098745,b,l
4661059,79050.1,0.00047672,1736125201.0409608,b,l
4661060,79050.1,0.00031158,1736125207.0372002,b,l
4661061,79050.1,6.171e-05,1736125256.7701762,b,l
4661062,79050.1,1.246e-05,1736125305.038021,b,l
4661063,79055.8,3.739e-05,1736125320.035343,b,l
4661064,79092.3,2.491e-05,1736125500.0366745,b,l
4661065,79092.3,0.00082805,1736125500.3679423,b,l
4661066,79092.3,0.00041559,1736125500.86068,b,m
4661067,79130.2,4.358e-05,1736125539.035194,b,l
4661068,79109.4,6.32e-05,1736125568.9838512,b,m
4661069,79050.1,0.0001,1736125654.1274078,b,m
4661070,79050.0,0.00126502,1736125706.255659,s,l
4661071,79050.0,0.00126502,1736125706.255659,s,l
4661072,79048.1,0.00025301,1736125706.255659,s,l
4661073,79000.8,7e-05,1736125870.8345342,s,l
4661074,79000.0,5e-05,1736125870.8345342,s,l
4661075,79000.0,0.00126582,1736125870.8345342,s,l
4661076,79000.0,0.00052354,1736125870.8345342,s,l
4661077,78908.1,0.00125825,1736126046.1086826,b,l
4661078,78900.1,0.0020275,1736126060.6851454,b,l
4661079,78900.1,1.234e-05,1736126151.0357692,b,l
4661080,78900.1,0.00063371,1736126167.1851056,b,m
4661081,78900.0,5e-05,1736126192.1451633,s,l
4661082,78885.8,0.00010409,1736126202.1216643,s,l
4661083,78872.9,6.185e-05,1736126271.3992827,b,l
4661084,78872.8,5e-05,1736126312.5810344,s,m
4661085,78858.3,7e-05,1736126312.5810344,s,m
4661086,78812.6,0.00011934,1736126312.5810344,s,m
4661087,78812.5,0.00012045,1736126341.024996,s,l
4661088,78800.1,0.00117075,1736126341.024996,s,l
4661089,78800.1,0.00129124,1736126365.899202,s,l
4661090,78800.1,0.0001,1736126404.9829588,b,m
4661091,78800.0,5e-05,1736126421.206568,s,m
4661092,78800.0,0.00190342,1736126421.206568,s,m
4661093,78793.1,0.00190371,1736126421.206568,s,m
4661094,78781.7,0.00010971,1736126421.206568,s,m
4661095,78781.7,0.00030916,1736126444.4912307,s,m
4661096,78761.9,0.00432926,1736126444.4912307,s,m
4661097,78761.8,0.00362331,1736126464.313418,s,m
4661098,78773.8,0.00361679,1736126495.0701616,s,m
4661099,78771.4,0.00103339,1736126541.1101878,s,l
4661100,78770.2,0.0002591,1736126603.0500104,b,l
4661101,78803.8,0.00069794,1736126630.3146305,b,m
4661102,78870.4,0.00060229,1736126747.2753155,s,m
4661103,78869.4,0.01,1736126794.120805,s,l
4661104,78913.9,0.00119866,1736126858.462882,b,l
4661105,78913.7,0.00030907,1736126860.9699414,b,l
4661106,78906.2,0.000662,1736126870.2824066,s,l
4661107,78900.4,0.0014699,1736126870.2824066,s,l
4661108,78900.8,4.675e-05,1736126872.0686622,s,l
4661109,78920.2,0.00023719,1736126879.774975,b,l
4661110,78924.6,0.00053273,1736126893.008091,s,l
4661111,78925.8,0.00053298,1736126898.0212722,s,l
4661112,78945.5,0.00030727,1736127041.0727818,s,l
4661113,78943.9,0.00036735,1736127041.0727818,s,l
4661114,78961.9,1.233e-05,1736127048.0329378,b,l
4661115,78961.7,0.00138991,1736127049.4584312,b,l
4661116,78950.8,0.00035055,1736127165.6456952,s,l
4661117,78960.7,0.00012602,1736127183.8788292,b,l
4661118,78932.9,0.000662,1736127223.4756074,b,l
4661119,79000.7,0.00038639,1736127395.064394,s,l
4661120,78973.3,0.00018713,1736127558.0302567,b,l
4661121,78985.1,0.0004,1736127576.9495318,b,m
4661122,79000.8,6.175e-05,1736127612.897657,b,l
4661123,79002.2,0.0740353,1736127677.3318322,b,l
4661124,79002.3,5.517e-05,1736127677.3318324,b,l
4661125,79030.9,0.00246891,1736127771.375851,b,l
4661126,79016.3,0.0012637,1736127883.1589518,s,m
4661127,79015.8,0.00126556,1736127895.7355506,s,m
4661128,79013.0,0.00316393,1736127895.7355506,s,m
4661129,79028.3,0.00024933,1736127903.044837,b,l
4661130,79038.4,1.231e-05,1736127941.0317447,b,l
4661131,79023.2,0.00061725,1736127950.0384846,b,l
4661132,79009.7,0.00012346,1736127971.53053,b,l
4661133,78988.5,3.742e-05,1736128020.0313718,b,l
4661134,79032.9,0.00118544,1736128056.340278,b,l
4661135,79006.6,0.00956761,1736128057.2689302,s,l
4661136,79089.3,0.00309776,1736128254.880617,b,m
4661137,79077.9,0.0012962,1736128324.557186,s,l
4661138,79143.5,7e-05,1736128387.023214,b,l
4661139,79202.3,0.00111414,1736128387.023214,b,l
4661140,79286.5,7e-05,1736128403.8822017,b,l
4661141,79349.2,0.00053216,1736128456.302786,b,l
4661142,79400.1,0.00061423,1736128546.1384015,b,l
4661143,79395.1,6.298e-05,1736128601.1567342,b,m
4661144,79353.6,0.00491814,1736128693.0996022,b,l
4661145,79421.5,9.924e-05,1736128800.05586,b,l
4661146,79421.5,0.00062025,1736128800.1906118,b,l
4661147,79403.9,1.241e-05,1736128840.0390213,b,l
4661148,79409.7,4.082e-05,1736128852.0331986,b,l
4661149,79409.7,1.241e-05,1736128852.0338204,b,l
4661150,79409.2,0.0019043,1736128860.580876,b,l
4661151,79429.7,7e-05,1736128883.0222535,b,l
4661152,79476.6,0.00010128,1736128965.7722564,b,l
4661153,79476.9,0.00010388,1736128998.2517414,b,l
4661154,79500.0,5e-05,1736128998.2517414,b,l
4661155,79530.1,0.00102411,1736128998.2517414,b,l
4661156,79573.3,7e-05,1736129153.72542,b,l
4661157,79598.8,0.00013654,1736129153.9947505,b,l
4661158,79600.0,0.11162591,1736129153.9959152,b,l
4661159,79600.1,0.00018994,1736129153.9959152,b,l
4661160,79634.4,0.00074654,1736129155.304948,b,l
4661161,79638.0,0.0005,1736129155.304948,b,l
4661162,79675.1,0.00010371,1736129156.0867317,b,l
4661163,79666.3,0.00183614,1736129201.2006156,b,l
4661164,79606.2,0.04026472,1736129210.564098,s,m
4661165,79653.0,0.00492461,1736129219.785891,b,m
4661166,79607.6,0.000661,1736129238.354046,s,l
4661167,79603.8,0.00043354,1736129238.354046,s,l
4661168,79680.1,0.00127387,1736129245.0117908,s,l
4661169,79717.0,8e-05,1736129311.6222067,b,m
4661170,79730.5,0.00136749,1736129311.6222067,b,m
4661171,79730.4,0.00741502,1736129364.4660208,s,l
4661172,79730.4,0.017567,1736129364.4660208,s,l
4661173,79730.4,0.001166,1736129364.4660208,s,l
4661174,79730.4,0.06802809,1736129364.4660208,s,l
4661175,79730.4,0.00682389,1736129364.4660208,s,l
4661176,79730.5,0.0017635,1736129410.0934763,b,l
4661177,79573.4,0.00485249,1736129547.2173724,b,l
4661178,79606.7,0.00012259,1736129681.9457984,b,l
4661179,79573.4,1.223e-05,1736129722.0329275,b,l
4661180,79573.3,7e-05,1736129730.137085,s,l
4661181,79429.7,7e-05,1736129736.097253,s,l
4661182,79368.8,0.00144749,1736129935.8414676,s,m
4661183,79388.3,5e-05,1736129960.924401,b,m
4661184,79388.3,0.00045385,1736129975.8553057,b,l
4661185,79519.7,0.00025151,1736130006.1839352,b,m
4661186,79443.0,0.00614427,1736130318.3982408,b,l
4661187,79417.2,0.01314764,1736130322.0965545,s,l
4661188,79442.2,0.00012689,1736130324.6078467,b,l
4661189,79386.4,0.00031026,1736130510.0375595,b,l
4661190,79366.9,5.243e-05,1736130577.0848813,s,l
4661191,79417.4,1.225e-05,1736130609.0387828,b,l
4661192,79457.8,6.14e-05,1736130772.023622,b,l
4661193,79471.7,0.00027008,1736130857.7071357,b,l
4661194,79498.4,0.001167,1736130868.0821214,b,l
4661195,79500.8,0.017593,1736130868.0821214,b,l
4661196,79517.3,0.000661,1736130868.3879306,b,l
4661197,79573.3,7e-05,1736130868.9518151,b,m
4661198,79600.0,0.01249284,1736130868.9518151,b,m
4661199,79601.0,0.00011885,1736130923.4741576,s,l
4661200,79661.8,6.025e-05,1736130952.4156168,s,l
4661201,79670.0,0.00024372,1736130986.0328858,b,l
4661202,79590.1,0.0002329,1736131233.719062,b,l
4661203,79590.0,0.00011308,1736131316.6094356,s,l
4661204,79524.3,0.000661,1736131316.6784737,s,l
4661205,79523.3,0.01759,1736131316.6806722,s,l
4661206,79521.1,0.001167,1736131316.753219,s,l
4661207,79439.7,0.00013642,1736131463.0362473,b,l
4661208,79544.7,1.224e-05,1736131557.033811,b,l
4661209,79537.5,0.00013717,1736131857.9913838,b,m
4661210,79537.5,8.586e-05,1736132029.8860073,b,l
4661211,79537.4,0.00010059,1736132056.337446,s,l
4661212,79501.6,0.00506717,1736132056.337446,s,l
4661213,79440.7,6.294e-05,1736132329.732054,b,m
4661214,79429.8,6.202e-05,1736132400.149526,b,l
4661215,79429.8,0.00017588,1736132400.9848208,b,l
4661216,79429.8,0.00029533,1736132401.99388,b,l
4661217,79443.0,0.00029533,1736132408.8096497,b,l
4661218,79439.9,0.00124021,1736132416.0402355,b,l
4661219,79438.9,4.093e-05,1736132423.0333967,b,l
4661220,79438.9,6.201e-05,1736132423.0368087,b,l
4661221,79438.9,1.24e-05,1736132425.037357,b,l
4661222,79429.8,0.00041465,1736132442.35552,b,l
4661223,79429.8,0.00024807,1736132458.030086,b,l
4661224,79429.7,7e-05,1736132468.7454846,s,l
4661225,79429.7,0.00125897,1736132468.7454846,s,l
4661226,79416.0,0.0024502,1736132468.7454846,s,l
4661227,79397.8,0.00125972,1736132505.793607,s,l
4661228,79491.8,0.00023319,1736132764.504456,b,l
4661229,79491.8,0.00093381,1736132775.6864357,b,l
4661230,79525.6,0.00429375,1736133148.808779,b,l
4661231,79567.2,1.223e-05,1736133327.046389,b,l
4661232,79573.3,7e-05,1736133526.9720497,b,l
4661233,79575.0,0.00464692,1736133526.9720497,b,l
4661234,79599.1,0.00030943,1736133552.0331097,b,l
4661235,79648.7,0.00448092,1736133948.263672,s,l
4661236,79643.1,0.00178504,1736133948.264766,s,l
4661237,79643.1,0.001447,1736133948.2651663,s,l
4661238,79643.1,0.0012287,1736133948.267143,s,l
4661239,79639.2,0.00038607,1736133959.09759,s,l
4661240,79674.2,0.00011474,1736133993.2913103,b,l
4661241,79674.8,1.222e-05,1736134222.0371475,b,l
4661242,79668.6,0.00059198,1736134232.7633345,b,l
4661243,79657.3,0.00012773,1736134287.006863,s,l
4661244,79717.0,7e-05,1736134418.466299,b,l
4661245,79717.0,0.0012587,1736134418.466299,b,l
4661246,79730.5,0.00023478,1736134902.973201,b,l
4661247,79730.5,0.00110127,1736134941.8849697,b,l
4661248,79694.0,3.134e-05,1736135080.2000566,b,l
4661249,79694.0,1.221e-05,1736135103.036586,b,l
4661250,79649.1,0.00088106,1736135476.5982344,b,l
4661251,79595.1,0.0005,1736135689.395846,b,l
4661252,79634.3,0.00024744,1736135752.0323458,b,l
4661253,79611.1,0.00037126,1736136000.0460515,b,l
4661254,79611.1,0.00061877,1736136000.0867193,b,l
4661255,79611.1,0.00012375,1736136000.185846,b,l
4661256,79730.4,0.03482358,1736136022.1245785,s,m
4661257,79730.5,1.236e-05,1736136041.035999,b,l
4661258,79730.5,0.00030816,1736136396.7326283,b,l
4661259,79730.5,0.19521244,1736136613.9740672,b,l
4661260,79745.5,0.00117447,1736136846.2610035,b,l
4661261,79745.5,1.235e-05,1736136896.031669,b,l
4661262,79745.5,1.22e-05,1736136947.034276,b,l
4661263,79745.5,7.793e-05,1736137055.755844,b,l
4661264,79745.5,0.00010391,1736137080.918871,b,l
4661265,79745.5,0.00209709,1736137120.881518,b,l
4661266,79750.0,0.08551982,1736137120.9398673,b,l
4661267,79830.5,0.12526541,1736137134.2929769,b,m
4661268,79830.5,0.07473459,1736137171.5647602,b,l
4661269,79850.0,0.00033243,1736137172.259743,b,l
4661270,79861.0,8e-05,1736137172.2836409,b,l
4661271,79866.0,0.00108339,1736137173.1205564,b,l
4661272,79873.6,0.15093328,1736137173.967873,s,l
4661273,79873.6,0.07200033,1736137173.967873,s,l
4661274,79873.6,0.1,1736137173.967873,s,l
4661275,79873.6,0.039,1736137173.967873,s,l
4661276,79873.6,0.00066,1736137173.967873,s,l
4661277,79873.6,0.00415468,1736137173.967873,s,l
4661278,79868.3,0.06320886,1736137173.967873,s,l
4661279,79873.7,1.233e-05,1736137178.0371518,b,l
4661280,79873.7,9.113e-05,1736137239.85876,b,l
4661281,79887.7,0.00284644,1736137239.85876,b,l
4661282,79865.4,0.00256682,1736137341.9525623,s,l
4661283,79864.3,0.00063613,1736137370.2447946,s,m
4661284,79860.0,0.00062609,1736137412.8843856,s,m
4661285,79831.7,0.001165,1736137412.8843856,s,m
4661286,79826.5,0.00311619,1736137412.8843856,s,m
4661287,79826.1,0.00385756,1736137412.8843856,s,m
4661288,79824.2,0.00125275,1736137427.5481017,b,m
4661289,79851.4,0.00023443,1736137481.67115,b,l
4661290,79885.1,0.07198934,1736137552.6104093,b,l
4661291,79885.2,0.00084,1736137552.6104093,b,l
4661292,79885.4,0.039,1736137552.6104093,b,l
4661293,79887.9,0.22646981,1736137552.6104093,b,l
4661294,79887.9,0.22646981,1736137552.6104093,b,l
4661295,79887.9,0.22646981,1736137552.6104093,b,l
4661296,79887.9,0.22646981,1736137552.6104093,b,l
4661297,79888.0,0.00199131,1736137552.6104093,b,l
4661298,79888.0,8.69e-06,1736137555.7791195,b,l
4661299,79891.3,0.07197267,1736137555.7791195,b,l
4661300,79891.4,0.06320886,1736137555.7791195,b,l
4661301,79891.6,0.22645932,1736137555.7791195,b,l
4661302,79891.6,0.22645932,1736137555.7791195,b,l
4661303,79891.6,0.22645932,1736137555.7791195,b,l
4661304,79891.6,0.22645932,1736137555.7791195,b,l
4661305,79891.8,0.001164,1736137555.7791195,b,l
4661306,79892.3,0.00066,1736137555.7791195,b,l
4661307,79808.4,0.00117354,1736137765.37017,b,l
4661308,79808.4,0.0002469,1736137800.0376165,b,l
4661309,79808.4,1.219e-05,1736137841.0319989,b,l
4661310,79808.4,0.00013545,1736137929.9720194,b,m
4661311,79808.3,0.00010016,1736137953.7362103,s,l
4661312,79736.8,0.07211572,1736138109.7403574,s,m
4661313,79736.7,0.00066,1736138109.7403574,s,m
4661314,79736.4,0.001165,1736138109.7403574,s,m
4661315,79736.4,0.017565,1736138109.7403574,s,m
4661316,79727.3,0.00438426,1736138109.7403574,s,m
4661317,79744.2,0.00017348,1736138209.947806,b,l
4661318,79777.4,0.00017341,1736138275.071131,b,l
4661319,79759.3,0.0002347,1736138598.735551,b,l
4661320,79777.5,0.00024699,1736138825.0340362,b,l
4661321,79906.2,0.01877201,1736139208.125825,b,m
4661322,79930.5,0.00367882,1736139313.411667,b,m
4661323,79930.5,0.00030815,1736139527.0331008,b,l
4661324,79930.5,6.163e-05,1736139600.0591092,b,l
4661325,79930.4,0.0006,1736139600.2010808,s,l
4661326,79930.5,0.00236967,1736139601.4953334,b,l
4661327,79930.5,0.00066129,1736139607.9179814,b,l
4661328,79930.5,0.00018674,1736139613.7963648,b,l
4661329,79930.5,0.00012326,1736139616.0498767,b,l
4661330,79930.5,1.218e-05,1736139627.0337555,b,l
4661331,79930.5,1.233e-05,1736139628.032446,b,l
4661332,79930.5,9.183e-05,1736139645.2151604,b,l
4661333,79930.4,0.00125,1736139689.7968848,b,l
4661334,79900.7,0.0005,1736139748.1666236,s,m
4661335,79930.5,0.0924941,1736139963.652213,b,l
4661336,79950.0,0.00106353,1736139968.4854865,b,l
4661337,79954.6,5e-05,1736139968.490362,b,l
4661338,79977.5,0.00518645,1736139968.566212,b,l
4661339,79987.3,0.00040531,1736140143.299801,b,m
4661340,79995.0,0.02500156,1736140143.299801,b,m
4661341,79997.3,0.00018347,1736140143.2998016,b,m
4661342,79998.0,0.00626613,1736140143.2998016,b,m
4661343,79999.0,5e-05,1736140143.2998016,b,m
4661344,80000.0,0.005,1736140143.2998016,b,m
4661345,80000.0,0.01640793,1736140143.2998016,b,m
4661346,80000.0,0.003125,1736140143.2998016,b,m
4661347,80000.0,0.00901718,1736140143.2998016,b,m
4661348,80000.0,0.0075,1736140143.2998016,b,m
4661349,80000.0,0.0229334,1736140143.2998016,b,m
4661350,79999.9,0.00011,1736140155.3766224,s,l
4661351,79949.0,0.00023414,1736140383.5635762,b,l
4661352,79946.9,0.00018305,1736140386.751397,b,l
4661353,79909.2,0.00062551,1736140474.0491812,b,l
4661354,79993.3,0.00123163,1736140582.57992,b,l
4661355,80000.0,0.00609756,1736140665.0159357,b,l
4661356,79999.9,0.00609756,1736140730.8139608,b,l
4661357,79995.1,0.00014054,1736140757.350463,b,l
4661358,79996.8,0.01231599,1736140823.0873237,b,l
4661359,79996.8,0.11268901,1736140981.9153275,b,l
4661360,80000.0,0.47095904,1736140981.9187596,b,l
4661361,80000.0,0.010101,1736140981.9187596,b,l
4661362,80000.0,0.00265999,1736140981.9187596,b,l
4661363,80000.0,0.025,1736140981.9187596,b,l
4661364,80000.0,0.03584687,1736140981.9187596,b,l
4661365,80000.0,0.11415313,1736140981.920144,b,l
4661366,80000.0,0.00654649,1736140981.920144,b,l
4661367,80000.0,5e-05,1736140981.920144,b,l
4661368,80000.0,0.0025,1736140981.920144,b,l
4661369,80000.0,0.01125,1736140981.920144,b,l
4661370,80000.0,0.05,1736140981.920144,b,l
4661371,80000.0,0.00739574,1736140981.920144,b,l
4661372,80000.0,0.67404109,1736140981.920144,b,l
4661373,80000.0,0.32595891,1736140981.9225652,b,l
4661374,80000.0,6.329e-05,1736140981.9225652,b,l
4661375,80000.0,0.05,1736140981.9225652,b,l
4661376,80005.3,8e-05,1736140981.9515035,b,l
4661377,80049.9,0.15061778,1736141012.8783436,s,l
4661378,80049.9,0.09921572,1736141012.8783436,s,l
4661379,80049.9,0.07217357,1736141012.8783436,s,l
4661380,80049.9,0.039,1736141012.8783436,s,l
4661381,80049.9,0.13899293,1736141012.8783436,s,l
4661382,80049.9,5.072e-05,1736141012.8887303,s,l
4661383,80050.0,0.03878314,1736141073.6760764,b,m
4661384,80050.0,0.00037477,1736141086.4526477,b,m
4661385,80050.0,0.00118153,1736141160.7888942,b,l
4661386,80049.9,0.00209038,1736141226.188139,s,l
4661387,80049.9,0.00298146,1736141226.188139,s,l
4661388,80050.0,0.00023156,1736141376.9399228,b,l
4661389,80050.0,0.00018461,1736141403.0339105,b,l
4661390,80050.0,1.216e-05,1736141413.034165,b,l
4661391,80050.0,0.07217008,1736141425.9112902,b,l
4661392,80050.0,0.02021258,1736141426.35126,b,l
4661393,80050.0,0.02021257,1736141426.5784433,b,l
4661394,80050.0,0.43484764,1736141426.6259863,b,l
4661395,80050.0,0.28778936,1736141426.6950152,b,l
4661396,80072.8,0.00148,1736141429.71182,s,l
4661397,80072.9,0.0001032,1736141430.543898,b,l
4661398,80138.1,0.00038,1736141517.6169505,s,l
4661399,80147.4,0.00063257,1736141562.134273,s,l
4661400,80149.8,0.00550384,1736141727.3115177,s,m
4661401,80141.9,0.00199642,1736142048.82029,s,m
4661402,80149.9,8e-05,1736142100.8241255,b,l
4661403,80149.9,3.518e-05,1736142100.8241255,b,l
4661404,80163.4,0.00121723,1736142115.5657444,b,l
4661405,80138.2,0.00052409,1736142165.8132403,b,l
4661406,80138.2,9.07e-05,1736142358.041505,b,l
4661407,80138.2,0.01250374,1736142410.5385077,b,l
4661408,80170.1,0.017538,1736142420.243387,b,l
4661409,80200.0,0.00033243,1736142422.9604883,b,l
4661410,80138.2,0.00120652,1736142776.6730232,b,l
4661411,80138.2,0.00121741,1736142780.2465827,b,l
4661412,80142.5,0.00061467,1736142958.0316565,b,l
4661413,80138.1,0.00086834,1736143065.870952,s,l
4661414,80138.1,0.09540451,1736143065.870952,s,l
4661415,80073.7,0.00012304,1736143200.1077535,b,l
4661416,80073.7,0.0009228,1736143200.1423397,b,l
4661417,80075.8,0.00023377,1736143201.1064715,b,l
4661418,80075.8,0.00029296,1736143201.1494963,b,l
4661419,80078.9,0.00023377,1736143201.337155,b,l
4661420,80082.7,0.00032851,1736143201.353773,b,l
4661421,80101.2,0.00029289,1736143206.9812195,b,l
4661422,80101.2,1.215e-05,1736143207.0514286,b,l
4661423,80112.6,0.0005887,1736143216.7734988,b,l
4661424,80108.4,0.00159882,1736143239.0342517,b,l
4661425,80136.5,3.688e-05,1736143379.035641,b,l
4661426,80135.5,0.03116576,1736143395.908848,b,l
4661427,80133.9,0.03116639,1736143415.924106,b,l
4661428,80157.3,0.03115721,1736143436.4411063,b,l
4661429,80155.4,0.03115803,1736143451.4643066,b,l
4661430,80050.0,0.0006038,1736143665.8946557,b,l
4661431,80049.9,0.00112429,1736144012.544181,s,l
4661432,80049.9,0.09326,1736144012.544181,s,l
4661433,80062.6,0.00129018,1736144187.921428,s,l
4661434,80062.6,0.08177766,1736144187.921428,s,l
4661435,80045.2,0.001164,1736144187.921428,s,l
4661436,80042.9,0.00066,1736144187.921428,s,l
4661437,80041.8,0.017552,1736144187.921428,s,l
4661438,80015.7,0.07235191,1736144187.9305427,s,l
4661439,80015.6,0.15056385,1736144187.9305427,s,l
4661440,80005.3,7e-05,1736144188.20895,s,l
4661441,79950.2,0.039,1736144188.20895,s,l
4661442,80005.3,7e-05,1736144188.2793388,s,l
4661443,80005.3,7e-05,1736144188.283003,s,l
4661444,80005.3,7e-05,1736144188.2852528,s,l
4661445,80005.3,7e-05,1736144188.2863412,s,l
4661446,80005.3,7e-05,1736144188.2881088,s,l
4661447,80005.3,7e-05,1736144188.2891154,s,l
4661448,80005.3,7e-05,1736144188.2912912,s,l
4661449,80005.3,7e-05,1736144188.2980902,s,l
4661450,80005.3,7e-05,1736144188.2990232,s,l
4661451,80005.3,7e-05,1736144188.300876,s,l
4661452,80005.3,7e-05,1736144188.304379,s,l
4661453,80005.3,7e-05,1736144188.30721,s,l
4661454,80005.3,7e-05,1736144188.3210018,s,l
4661455,80005.3,7e-05,1736144188.3241048,s,l
4661456,80005.3,7e-05,1736144188.3266394,s,l
4661457,80005.3,7e-05,1736144188.4940186,s,l
4661458,80005.3,7e-05,1736144188.5090356,s,l
4661459,80005.3,7e-05,1736144188.521368,s,l
4661460,79950.1,1.245e-05,1736144385.5516694,b,l
4661461,79950.0,0.00010855,1736144398.050866,s,m
4661462,79950.0,0.00060494,1736144666.1923826,s,l
4661463,79950.1,0.00312695,1736144753.112218,b,l
4661464,79993.7,4.926e-05,1736144910.0363486,b,l
4661465,79959.4,0.00154019,1736145000.047065,b,l
4661466,79959.4,6.161e-05,1736145000.0660417,b,l
4661467,79959.4,0.00061608,1736145000.0727072,b,l
4661468,79959.4,0.00058983,1736145000.723414,b,l
4661469,79950.1,0.017558,1736145058.1104245,b,l
4661470,79950.1,0.00066,1736145058.1104245,b,l
4661471,79950.1,0.001164,1736145058.1104245,b,l
4661472,79951.0,0.04163167,1736145058.1104245,b,l
4661473,79950.1,0.00924222,1736145095.9058747,b,l
4661474,79950.1,0.00024405,1736145114.565716,b,l
4661475,79963.7,0.00066,1736145275.0326176,b,l
4661476,79968.5,7.925e-05,1736145275.0326176,b,l
4661477,79992.1,7.939e-05,1736145323.452116,s,l
4661478,80016.1,3.694e-05,1736145464.0354743,b,l
4661479,80065.9,0.03123672,1736145559.4600446,s,l
4661480,80065.9,0.05305297,1736145603.5120904,s,l
4661481,80065.9,0.01564121,1736145603.5120904,s,l
4661482,80065.9,0.09367388,1736145630.4922152,s,l
4661483,80066.0,0.00084,1736145637.2017446,b,l
4661484,80066.0,0.03038424,1736145639.6761563,b,l
4661485,80063.6,0.02094502,1736145696.5345504,s,l
4661486,80063.5,0.0664894,1736145696.534551,s,l
4661487,80063.8,0.00025416,1736145697.0458474,s,l
4661488,80074.5,6.152e-05,1736145717.034382,b,l
4661489,80065.6,0.0178032,1736145724.2493112,s,l
4661490,80065.5,0.0633859,1736145724.2493112,s,l
4661491,80115.8,0.01248077,1736145784.2409952,s,m
4661492,80098.7,0.0001,1736145923.4223442,b,m
4661493,80030.0,0.00499688,1736146394.4423745,s,m
4661494,80030.1,0.00094484,1736146577.8019953,b,l
4661495,80030.1,0.017549,1736146627.5105891,b,l
4661496,80030.1,0.001164,1736146627.5105891,b,l
4661497,80030.1,0.008642,1736146627.5105891,b,l
4661498,80030.2,0.07626445,1736146627.5105891,b,l
4661499,80030.1,0.00061402,1736146643.7613478,b,l
4661500,80030.0,0.00700312,1736146704.4918492,s,l
4661501,80030.0,0.24990628,1736146704.4918492,s,l
4661502,80030.0,0.03537097,1736146704.4918492,s,l
4661503,79950.1,0.00062476,1736146733.2943993,b,l
4661504,79966.5,0.00086243,1736146775.032653,b,l
4661505,79956.7,0.00038689,1736146783.9441075,s,l
4661506,79957.3,0.00066,1736146786.9610128,s,l
4661507,79957.3,0.00022403,1736146786.9610128,s,l
4661508,79962.4,0.00012937,1736146800.0701263,b,l
4661509,79957.4,1.232e-05,1736146800.1856785,b,l
4661510,79967.6,1.232e-05,1736146821.0351317,b,l
4661511,79972.3,4.928e-05,1736146831.0366642,b,l
4661512,79984.9,9.577e-05,1736146842.8759568,b,l
4661513,79985.0,7.889e-05,1736146842.8759568,b,l
4661514,79985.0,0.00246352,1736146843.0361502,b,l
4661515,79984.6,0.00036953,1736146847.0401788,b,l
4661516,79984.6,0.00012318,1736146848.032125,b,l
4661517,79984.0,3.695e-05,1736146855.04075,b,l
4661518,79984.0,0.00029328,1736146855.115908,b,l
4661519,79984.0,0.00015101,1736146855.8742068,b,l
4661520,79983.2,0.00062513,1736146860.159678,b,m
4661521,79959.6,0.00469424,1736147019.3596146,b,l
4661522,79950.0,0.01166924,1736147057.1068358,s,l
4661523,79950.0,0.02501563,1736147057.1068358,s,l
4661524,79950.0,0.00031269,1736147057.1068358,s,l
4661525,79950.0,0.02320994,1736147057.106836,s,l
4661526,79900.0,0.00125156,1736147088.3958137,s,l
4661527,79900.0,0.00123904,1736147088.3958137,s,l
4661528,79900.0,0.01591968,1736147088.3958137,s,l
4661529,79885.0,0.20005182,1736147094.1214485,s,l
4661530,79885.0,0.01040883,1736147094.1214485,s,l
4661531,79869.8,0.00066,1736147114.600432,b,l
4661532,79872.1,0.00333916,1736147114.600432,b,l
4661533,79861.0,6.417e-05,1736147168.4182827,s,l
4661534,79834.8,0.00061087,1736147183.5218804,b,l
4661535,79816.9,4.32e-05,1736147217.034284,b,l
4661536,79830.0,0.00012341,1736147311.0331943,b,l
4661537,79829.9,0.00018508,1736147318.4636955,s,l
4661538,79830.0,0.00064173,1736147345.3035357,b,l
4661539,79830.0,0.00045602,1736147346.0811696,b,l
4661540,79830.0,0.00038468,1736147346.8373003,b,l
4661541,79830.0,0.00024951,1736147347.5918765,b,l
4661542,79830.0,0.00518577,1736147461.6951897,b,l
4661543,79829.9,0.0015295,1736147473.706363,s,l
4661544,79829.9,0.0001284,1736147533.8868186,s,l
4661545,79829.9,0.0373421,1736147549.863234,s,l
4661546,79829.9,0.00066,1736147549.863234,s,l
4661547,79829.9,0.001165,1736147549.863234,s,l
4661548,79829.9,0.03198106,1736147549.863234,s,l
4661549,79829.9,0.02222684,1736147549.863234,s,l
4661550,79830.0,0.00087906,1736147726.4418068,b,l
4661551,79830.0,0.00018789,1736147748.0067742,b,l
4661552,79808.4,0.00427854,1736147790.9874551,b,l
4661553,79808.3,9.983e-05,1736147904.174897,s,l
4661554,79739.4,0.0026047,1736147932.6996765,b,l
4661555,79717.1,0.0023596,1736147935.6868916,b,l
4661556,79747.0,0.00015456,1736148006.4048812,b,l
4661557,79749.2,0.00059138,1736148060.8262298,b,l
4661558,79717.2,0.00152989,1736148130.5312028,b,l
4661559,79717.2,0.00033238,1736148145.8134017,b,l
4661560,79717.2,0.00024718,1736148154.0379047,b,l
4661561,79717.1,0.00614427,1736148302.283857,s,l
4661562,79717.2,0.00010068,1736148374.9762,b,l
4661563,79717.2,0.00155317,1736148378.3863175,b,l
4661564,79803.8,0.00036895,1736148426.5847468,b,l
4661565,79798.8,0.00305628,1736148435.8130653,b,l
4661566,79803.6,0.00123456,1736148517.0330858,b,l
4661567,79771.1,0.00012351,1736148600.043806,b,l
4661568,79795.8,0.05,1736148668.177907,b,m
4661569,79767.7,0.01355287,1736148725.5145843,b,l
4661570,79767.6,0.00018765,1736148739.7021413,s,l
4661571,79726.9,0.00024715,1736148833.034842,b,l
4661572,79728.5,0.001166,1736148906.033118,b,l
4661573,79731.2,0.00192324,1736148906.033118,b,l
4661574,79717.2,0.000617,1736148988.355487,b,l
4661575,79746.8,0.00244673,1736149031.90459,b,l
4661576,79733.5,0.01276113,1736149052.922756,s,l
4661577,79748.5,0.0005017,1736149067.96373,b,m
4661578,79744.5,0.00183504,1736149077.232395,b,l
4661579,79738.7,0.0005856,1736149089.3784175,b,l
4661580,79752.0,0.0001,1736149100.3866909,b,m
4661581,79756.4,0.01285173,1736149137.0580893,s,l
4661582,79772.4,0.0004724,1736149141.1972234,b,l
4661583,79732.1,0.00017349,1736149217.5905516,b,l
4661584,79732.0,0.00018096,1736149306.2368777,s,l
4661585,79741.1,0.00031362,1736149426.8942935,s,l
4661586,79749.1,7.34e-05,1736149452.46042,b,l
4661587,79752.6,0.00070344,1736149468.1769326,b,l
4661588,79744.8,0.125,1736149562.7500868,b,m
4661589,79755.9,0.01182642,1736149649.5272932,s,l
4661590,79755.8,0.00312016,1736149649.5272934,s,l
4661591,79788.8,0.00680321,1736149694.8320997,s,l
4661592,79788.8,0.00679641,1736149694.832708,s,l
4661593,79799.5,0.00080471,1736149694.8797612,b,l
4661594,79781.2,8.883e-05,1736149761.5368118,b,l
4661595,79790.7,0.00129141,1736149804.5491714,b,l
4661596,79784.8,0.00023462,1736149883.0629787,b,l
4661597,79781.8,0.00021026,1736149891.5335505,b,l
4661598,79773.4,0.000308,1736149927.2338605,b,l
4661599,79773.4,0.00117406,1736149969.6334538,b,l
4661600,79775.5,6.115e-05,1736149994.877494,b,l
4661601,79773.4,0.00504979,1736150127.3604057,b,l
4661602,79773.4,0.00011572,1736150210.941522,b,l
4661603,79773.3,0.01535778,1736150289.3371868,s,l
4661604,79773.4,0.00394237,1736150388.1868002,b,l
4661605,79773.4,0.00030876,1736150400.109834,b,l
4661606,79773.4,0.00185254,1736150400.1830544,b,l
4661607,79773.4,0.00024701,1736150400.2130344,b,l
4661608,79773.4,0.00094788,1736150400.924223,b,l
4661609,79773.4,0.0004724,1736150401.017254,b,l
4661610,79773.4,0.00011376,1736150401.267305,b,l
4661611,79773.4,1.235e-05,1736150403.0385594,b,l
4661612,79773.4,0.00011572,1736150407.0926645,b,l
4661613,79773.3,0.00021843,1736150409.622553,s,l
4661614,79773.4,0.00023465,1736150410.160071,b,l
4661615,79773.4,0.00037051,1736150414.034186,b,l
4661616,79773.3,9.53e-05,1736150416.034427,s,l
4661617,79773.4,0.00023465,1736150426.412815,b,l
4661618,79773.3,0.00926791,1736150427.1196637,s,l
4661619,79773.3,0.01308549,1736150427.1196637,s,l
4661620,79773.3,0.0029366,1736150427.1196637,s,l
4661621,79773.4,0.00361023,1736150430.6222155,b,l
4661622,79773.4,0.00058544,1736150442.479416,b,l
4661623,79767.7,0.01164371,1736150443.397883,s,m
4661624,79767.6,0.25166758,1736150443.397883,s,m
4661625,79766.7,0.25167042,1736150443.397883,s,m
4661626,79766.7,0.25167042,1736150443.397883,s,m
4661627,79766.4,0.017589,1736150443.397883,s,m
4661628,79766.2,0.001165,1736150443.397883,s,m
4661629,79765.2,0.00066,1736150443.397883,s,m
4661630,79758.5,0.251696,1736150443.397883,s,m
4661631,79752.9,0.04690652,1736150443.3978832,s,m
4661632,79746.1,0.1,1736150443.3978832,s,m
4661633,79736.9,0.25176433,1736150443.3978832,s,m
4661634,79732.7,0.00125431,1736150443.3978832,s,m
4661635,79732.0,0.00609004,1736150443.3978832,s,m
4661636,79724.4,0.25180382,1736150443.3978832,s,m
4661637,79717.1,0.0037633,1736150443.3978832,s,m
4661638,79717.0,7e-05,1736150443.3978832,s,m
4661639,79701.3,0.2518767,1736150443.3978832,s,m
4661640,79686.9,0.00037999,1736150443.3978832,s,m
4661641,79680.3,0.0957285,1736150443.3978832,s,m
4661642,79677.8,0.25195104,1736150443.3978832,s,m
4661643,79651.8,0.00064932,1736150443.3978832,s,m
4661644,79770.3,0.00014821,1736150445.0329494,b,l
4661645,79773.4,0.00023237,1736150445.8161807,b,l
4661646,79773.2,0.00061751,1736150455.0362756,b,l
4661647,79773.3,0.00048826,1736150545.3872986,s,l
4661648,79773.4,7.392e-05,1736150601.3747735,b,l
4661649,79773.4,0.0001223,1736150625.1829555,b,l
4661650,79773.3,0.00158676,1736150628.6252377,s,l
4661651,79773.4,0.00977058,1736150701.0725336,b,l
4661652,79773.4,0.03133876,1736150701.0725336,b,l
4661653,79903.8,0.00093863,1736150804.35963,b,m
4661654,79835.0,0.00061742,1736150993.1411378,b,l
4661655,79834.9,0.01461368,1736151002.8685727,s,l
4661656,79834.9,0.06680526,1736151002.8685727,s,l
4661657,79834.9,0.01416541,1736151030.6218486,s,l
4661658,79834.9,0.02341256,1736151030.6218486,s,l
4661659,79835.0,0.043223,1736151057.475319,b,l
4661660,79940.1,0.00018487,1736151067.0333028,b,l
4661661,79959.1,0.00011545,1736151086.8024888,b,l
4661662,79902.4,0.0005258,1736151150.2803867,s,l
4661663,79875.6,0.00012519,1736151213.321691,b,m
4661664,79875.6,0.01201425,1736151251.9255283,b,l
4661665,79872.2,0.00061675,1736151284.0374515,b,l
4661666,79858.5,0.000231,1736151296.4459248,s,l
4661667,79864.9,0.00011559,1736151301.905272,b,l
4661668,79833.2,0.00129482,1736151389.3963428,s,l
4661669,79773.4,0.00066,1736151543.7060096,b,l
4661670,79773.4,0.00528047,1736151543.7060096,b,l
4661671,79773.4,0.00417769,1736151576.036948,b,l
4661672,79773.3,0.00063492,1736151601.2704873,s,l
4661673,79773.3,0.01253552,1736151601.2704873,s,l
4661674,79750.1,0.002569,1736151619.1101663,b,l
4661675,79750.1,0.00061769,1736151627.034521,b,l
4661676,79750.1,0.01880875,1736151706.779343,b,m
4661677,79750.1,0.00011463,1736151707.7775457,b,l
4661678,79750.1,0.00207967,1736151721.865823,b,l
4661679,79750.0,0.00025078,1736151834.055839,s,l
4661680,79750.0,0.00376175,1736151834.055839,s,l
4661681,79689.0,0.00124232,1736152041.335273,s,m
4661682,79677.6,0.04100104,1736152041.335273,s,m
4661683,79677.5,0.22031178,1736152041.335273,s,m
4661684,79687.2,0.00050592,1736152070.174566,s,m
4661685,79720.4,0.04067448,1736152112.2225995,s,l
4661686,79720.3,0.039,1736152112.2225995,s,l
4661687,79718.9,0.00066,1736152112.2225995,s,l
4661688,79718.9,0.001166,1736152112.2225995,s,l
4661689,79712.2,0.017595,1736152112.2225995,s,l
4661690,79711.6,0.05936864,1736152112.2225995,s,l
4661691,79711.6,0.25150006,1736152112.2225995,s,l
4661692,79711.6,0.25150006,1736152112.2225995,s,l
4661693,79704.7,0.25152174,1736152112.2225995,s,l
4661694,79697.3,0.08902209,1736152112.2225995,s,l
4661695,79711.6,0.0001236,1736152200.0656493,b,l
4661696,79711.5,0.00012545,1736152214.413147,s,l
4661697,79711.5,0.0005019,1736152214.4131472,s,l
4661698,79711.5,0.00056168,1736152214.969066,s,l
4661699,79626.7,0.00031217,1736152215.0972688,s,l
4661700,79647.4,0.00061849,1736152215.9955978,b,l
4661701,79650.0,0.00685215,1736152241.8445942,s,l
4661702,79650.0,0.0068453,1736152241.844655,s,l
4661703,79650.1,6.185e-05,1736152245.035678,b,l
4661704,79614.5,0.00251145,1736152362.3736005,b,l
4661705,79595.8,0.00235569,1736152520.3524072,b,l
4661706,79589.6,0.00014382,1736152535.9364464,s,m
4661707,79616.2,0.00032186,1736152550.029169,s,l
4661708,79632.0,0.01894774,1736152562.973184,s,l
4661709,79640.8,0.0002669,1736152628.405892,s,l
4661710,79638.8,0.00155876,1736152683.431965,b,l
4661711,79638.8,0.00117604,1736152700.4601085,b,l
4661712,79638.8,0.00067377,1736152720.2176154,b,l
4661713,79638.7,0.0043956,1736152810.1082847,s,l
4661714,79589.5,0.0001075,1736152873.769098,s,l
4661715,79573.3,7e-05,1736152873.769098,s,l
4661716,79544.0,0.0122844,1736152873.769098,s,l
4661717,79543.9,0.00588727,1736152873.769098,s,l
4661718,79541.7,0.00251491,1736152902.6317475,s,l
4661719,79541.7,7.543e-05,1736152902.6317475,s,l
4661720,79506.2,0.00084,1736152902.6461153,s,l
4661721,79500.0,5.031e-05,1736152902.685288,s,l
4661722,79495.1,0.000661,1736152902.7426643,s,l
4661723,79477.4,0.00010332,1736152940.1050248,s,l
4661724,79429.7,7e-05,1736152958.049291,s,l
4661725,79429.0,0.00011622,1736152983.162591,b,l
4661726,79426.3,0.07249528,1736152989.547388,b,m
4661727,79426.4,0.25242337,1736152989.547388,b,m
4661728,79426.5,0.001168,1736152989.547388,b,m
4661729,79428.1,0.25241824,1736152989.547388,b,m
4661730,79428.9,0.017614,1736152989.547388,b,m
4661731,79429.0,0.03338776,1736152989.547388,b,m
4661732,79412.2,0.00032087,1736153016.3144538,s,l
4661733,79411.7,0.01185983,1736153023.46583,s,l
4661734,79411.6,0.04480809,1736153023.46583,s,l
4661735,79447.0,0.00125275,1736153077.1255794,s,m
4661736,79426.4,0.00024808,1736153098.0358808,b,l
4661737,79465.3,6.199e-05,1736153146.035886,b,l
4661738,79486.9,5e-05,1736153163.1271932,b,m
4661739,79462.9,0.00906129,1736153166.6106875,s,l
4661740,79462.8,0.04018824,1736153166.6106875,s,l
4661741,79476.8,0.00018873,1736153169.2657816,b,m
4661742,79463.1,0.00058755,1736153188.8147092,b,l
4661743,79458.8,0.00032238,1736153199.0381536,b,l
4661744,79457.6,0.00061997,1736153204.0378318,b,l
4661745,79456.8,0.00012278,1736153213.8004446,b,l
4661746,79421.8,0.00012284,1736153267.2852285,b,l
4661747,79424.9,0.0006304,1736153287.048787,b,l
4661748,79437.5,0.00184218,1736153322.1478982,b,l
4661749,79451.1,0.01064255,1736153339.6461082,s,l
4661750,79451.0,0.2025635,1736153339.6461084,s,l
4661751,79448.9,0.00019647,1736153381.7837107,b,l
4661752,79395.4,0.00047606,1736153410.9341006,s,l
4661753,79406.4,0.00604302,1736153417.2419956,s,l
4661754,79406.4,0.00031905,1736153434.635077,b,l
4661755,79406.3,0.00122863,1736153465.1974716,b,l
4661756,79422.0,0.000661,1736153487.1350589,b,m
4661757,79425.0,0.2523075,1736153487.1350589,b,m
4661758,79426.4,0.25230313,1736153487.1350589,b,m
4661759,79428.4,0.25229663,1736153487.1350589,b,m
4661760,79429.3,0.017614,1736153487.1350589,b,m
4661761,79430.0,0.001168,1736153487.1350589,b,m
4661762,79435.1,0.10287396,1736153487.1350589,b,m
4661763,79421.8,0.00012284,1736153529.6300786,b,l
4661764,79474.1,0.00011474,1736153624.1019323,b,l
4661765,79473.8,0.00052095,1736153630.003678,b,l
4661766,79479.6,0.00807197,1736153630.003678,b,l
4661767,79484.1,0.000576,1736153731.5067108,s,l
4661768,79516.8,0.001,1736153798.1961532,b,l
4661769,79454.7,1.228e-05,1736153847.306487,b,l
4661770,79454.6,1.29e-05,1736153853.8995914,s,l
4661771,79454.6,0.00124568,1736153856.6430187,s,l
4661772,79438.0,0.00796401,1736153856.6430187,s,l
4661773,79435.5,0.11249031,1736153856.6430187,s,l
4661774,79435.5,0.039,1736153856.6476989,s,l
4661775,79434.9,0.00117785,1736153859.6927226,b,l
4661776,79432.6,0.01007143,1736153865.2901864,b,m
4661777,79373.9,0.001168,1736153877.942845,s,l
4661778,79369.9,0.00813411,1736153877.942845,s,l
4661779,79369.8,0.00074144,1736153877.942845,s,l
4661780,79350.6,0.00124066,1736153891.998618,s,l
4661781,79350.7,0.00047491,1736153943.870873,b,l
4661782,79350.7,0.0003314,1736153954.58573,b,l
4661783,79352.8,9.312e-05,1736154000.0439715,b,l
4661784,79352.8,1.229e-05,1736154000.0944214,b,l
4661785,79352.8,0.00124157,1736154000.128296,b,l
4661786,79352.8,0.00012416,1736154000.1463816,b,l
4661787,79360.4,0.00011634,1736154001.900854,b,l
4661788,79367.9,0.00059423,1736154007.9169164,b,l
4661789,79405.7,0.0005489,1736154033.9926531,b,l
4661790,79413.7,0.00012406,1736154043.0342314,b,l
4661791,79417.6,0.00029539,1736154046.4813976,b,l
4661792,79417.6,0.00011625,1736154047.3149352,b,l
4661793,79417.2,0.00011624,1736154050.9420714,b,l
4661794,79398.6,0.000594,1736154055.820634,b,l
4661795,79389.3,0.000594,1736154057.8862176,b,l
4661796,79388.4,0.00120095,1736154095.501369,s,l
4661797,79416.4,0.00023346,1736154134.7319083,b,l
4661798,79444.4,0.00117835,1736154228.9017758,b,l
4661799,79420.1,0.001168,1736154265.1130002,b,l
4661800,79420.1,0.017616,1736154265.1130002,b,l
4661801,79420.1,0.00578433,1736154265.1130002,b,l
4661802,79438.5,0.00012588,1736154302.003267,b,m
4661803,79406.0,0.00011626,1736154349.3238132,b,l
4661804,79405.1,5.529e-05,1736154357.2376437,b,l
4661805,79406.4,0.00506256,1736154367.23796,b,m
4661806,79410.4,0.00038848,1736154410.759899,b,l
4661807,79445.2,0.01327432,1736154528.1589966,s,m
4661808,79444.2,0.017611,1736154528.1589966,s,m
4661809,79430.2,0.00102677,1736154528.1589968,s,m
4661810,79431.0,0.000661,1736154565.484398,b,l
4661811,79435.1,0.00859729,1736154619.8597145,b,l
4661812,79435.1,0.00177006,1736154788.099161,b,l
4661813,79456.9,0.00101816,1736154936.9488397,b,m
4661814,79435.1,0.00012403,1736154970.0370424,b,l
4661815,79440.0,0.0098248,1736154996.516637,b,l
4661816,79439.8,0.01043927,1736154999.018444,b,l
4661817,79435.1,6.269e-05,1736155035.6910355,b,m
4661818,79435.1,0.00082436,1736155100.299616,b,l
4661819,79435.1,1.842e-05,1736155248.2231348,b,l
4661820,79435.1,8.682e-05,1736155260.040545,b,l
4661821,79435.1,0.00012589,1736155319.6067014,b,m
4661822,79435.1,0.03788182,1736155337.1906855,b,l
4661823,79435.1,0.000661,1736155337.1906855,b,l
4661824,79435.1,0.00507456,1736155337.1906855,b,l
4661825,79435.0,0.00314722,1736155362.3618238,s,l
4661826,79400.1,0.04963327,1736155381.0294428,b,l
4661827,79400.1,0.25215714,1736155381.2543542,b,m
4661828,79400.1,0.017617,1736155381.2543542,b,m
4661829,79400.1,0.001168,1736155381.2543542,b,m
4661830,79400.1,0.07237456,1736155381.2543545,b,m
4661831,79400.2,0.09536781,1736155381.2543545,b,m
4661832,79400.1,0.00060883,1736155391.9783094,b,l
4661833,79400.1,0.00049358,1736155414.156239,b,l
4661834,79416.9,0.0001511,1736155508.2299857,b,m
4661835,79412.3,0.00017592,1736155541.869694,b,l
4661836,79412.2,0.00369603,1736155565.4905555,s,l
4661837,79400.0,0.00251889,1736155565.4905555,s,l
4661838,79400.0,0.00125944,1736155565.4905555,s,l
4661839,79377.3,0.00101206,1736155565.4905555,s,l
4661840,79360.7,0.000662,1736155565.4905555,s,l
4661841,79357.6,0.01622788,1736155565.4905555,s,l
4661842,79350.6,0.00398677,1736155578.0508912,s,l
4661843,79350.6,0.00025204,1736155578.0508912,s,l
4661844,79346.0,0.001169,1736155578.0508912,s,l
4661845,79344.9,0.00179219,1736155578.0508912,s,l
4661846,79344.2,0.00068968,1736155590.068034,b,l
4661847,79338.1,0.00024004,1736155620.2885995,b,l
4661848,79338.1,0.00059445,1736155620.8903096,b,l
4661849,79345.7,0.0015235,1736155679.7588053,b,l
4661850,79352.3,0.00122946,1736155690.214356,b,l
4661851,79392.4,0.00341383,1736155703.3419874,b,l
4661852,79392.4,0.00023578,1736155732.8081863,b,l
4661853,79398.8,0.00012287,1736155843.187735,b,l
4661854,79393.6,0.00062047,1736155853.0342398,b,l
4661855,79384.7,0.05662343,1736155860.343324,s,l
4661856,79384.6,0.00730577,1736155860.343324,s,l
4661857,79391.7,6.298e-05,1736155862.7512884,b,m
4661858,79390.4,0.00035178,1736155877.2873242,b,l
4661859,79394.7,0.06144288,1736155889.8512058,b,l
4661860,79394.7,0.00113307,1736155890.0454054,b,m
4661861,79387.2,2.482e-05,1736155917.0344272,b,l
4661862,79384.5,0.00978234,1736155927.3764658,b,l
4661863,79412.6,0.00011625,1736155935.324101,b,l
4661864,79456.5,0.00023331,1736155970.9570737,b,l
4661865,79459.1,0.00023558,1736156016.8239596,b,l
4661866,79451.5,0.00024801,1736156053.0326223,b,l
4661867,79451.5,0.07214668,1736156054.3296988,b,l
4661868,79451.5,0.05371869,1736156054.3296988,b,l
4661869,79451.5,0.00092095,1736156056.1820936,b,l
4661870,79451.5,6.14e-05,1736156064.0403218,b,l
4661871,79451.5,0.00025173,1736156094.3018572,b,m
4661872,79451.4,0.00085989,1736156108.6738548,s,m
4661873,79451.4,0.00630649,1736156108.6738548,s,m
4661874,79433.4,0.00541993,1736156108.6738548,s,m
4661875,79461.4,0.00012585,1736156114.3184135,b,m
4661876,79438.7,0.00117879,1736156147.71995,b,l
4661877,79400.1,0.00018892,1736156224.9617012,b,m
4661878,79410.6,0.00058819,1736156245.4082372,b,l
4661879,79410.6,0.00023343,1736156270.0589032,b,l
4661880,79409.4,0.03685761,1736156283.9763834,b,l
4661881,79430.2,0.00036848,1736156347.3973217,b,l
4661882,79400.1,0.00017595,1736156392.3816738,b,l
4661883,79423.4,0.00672582,1736156449.5538173,s,l
4661884,79426.8,0.00031483,1736156491.4746742,b,m
4661885,79400.1,0.00238582,1736156570.6959183,b,l
4661886,79400.1,0.00119896,1736156575.3701992,b,l
4661887,79400.1,0.00014899,1736156613.9632866,b,l
4661888,79400.1,0.00314861,1736156693.9799175,b,l
4661889,79400.0,0.000126,1736156712.767157,s,m
4661890,79400.0,0.00012594,1736156712.767157,s,m
4661891,79391.5,0.00032652,1736156712.767157,s,m
4661892,79397.9,0.01470463,1736156719.5212903,b,l
4661893,79398.0,0.03480573,1736156719.5212903,b,l
4661894,79397.9,0.00185543,1736156750.4488437,b,l
4661895,79400.0,0.02582818,1736156808.6432648,s,m
4661896,79400.0,0.00048775,1736156808.6432648,s,m
4661897,79400.0,0.001168,1736156808.6432648,s,m
4661898,79396.7,0.017618,1736156808.6432648,s,m
4661899,79392.6,0.000662,1736156808.6432648,s,m
4661900,79389.1,0.08631762,1736156808.6432648,s,m
4661901,79400.0,0.00141611,1736156811.4619544,b,l
4661902,79397.6,0.07245473,1736156861.708366,b,l
4661903,79397.7,0.05041859,1736156861.708366,b,l
4661904,79391.7,0.00023346,1736156893.722086,b,l
4661905,79395.2,0.0001,1736156926.7209847,b,m
4661906,79400.1,0.00023576,1736156941.0936117,b,l
4661907,79400.0,0.0001475,1736156954.9016075,s,l
4661908,79376.5,0.00081833,1736156983.3041475,s,l
4661909,79393.3,0.00122882,1736156984.920398,b,l
4661910,79396.0,0.00614379,1736157017.549044,b,l
4661911,79379.9,0.00245803,1736157063.8986433,b,l
4661912,79333.0,0.00068968,1736157103.2206182,s,m
4661913,79336.3,0.00122971,1736157171.4585483,b,l
4661914,79324.4,0.00126065,1736157191.7182748,b,m
4661915,79323.8,0.00024841,1736157206.035452,b,l
4661916,79354.2,0.00036776,1736157254.6461403,b,l
4661917,79338.8,0.00064281,1736157303.116918,s,m
4661918,79330.2,0.00025324,1736157303.116918,s,m
4661919,79308.1,0.00711254,1736157303.116918,s,m
4661920,79323.9,0.0118593,1736157321.440088,s,l
4661921,79323.9,0.039,1736157321.440088,s,l
4661922,79317.2,0.00084,1736157321.440088,s,l
4661923,79316.7,0.01279595,1736157321.440088,s,l
4661924,79334.5,0.00031512,1736157348.332835,b,m
4661925,79335.9,0.00012297,1736157368.4166214,b,l
4661926,79335.7,0.00118071,1736157392.6860502,b,l
4661927,79335.5,0.00058867,1736157417.3190744,b,l
4661928,79345.4,0.00023365,1736157492.0187538,b,l
4661929,79345.1,6.208e-05,1736157498.0323656,b,l
4661930,79347.5,0.04026071,1736157545.7781048,b,l
4661931,79355.0,0.00245903,1736157563.802202,b,l
4661932,79337.3,0.00993007,1736157580.215489,s,m
4661933,79337.2,0.0003772,1736157580.215489,s,m
4661934,79336.8,0.039,1736157580.215489,s,m
4661935,79335.6,0.000662,1736157580.215489,s,m
4661936,79334.1,0.00022348,1736157580.215489,s,m
4661937,79333.7,0.00022515,1736157580.215489,s,m
4661938,79350.3,6.208e-05,1736157587.032013,b,l
4661939,79348.4,0.00035536,1736157601.1605887,b,l
4661940,79348.4,0.00011634,1736157601.7836628,b,l
4661941,79365.3,0.00029557,1736157607.0971754,b,l
4661942,79359.5,2.581e-05,1736157607.956865,s,l
4661943,79376.7,1.241e-05,1736157615.0365088,b,l
4661944,79380.0,0.00062678,1736157616.033951,b,l
4661945,79379.9,0.00018617,1736157619.032898,b,l
4661946,79379.8,6.206e-05,1736157620.0363195,b,l
4661947,79379.8,9.159e-05,1736157621.2816207,b,l
4661948,79378.9,0.0031626,1736157628.923986,b,l
4661949,79372.3,6.206e-05,1736157635.0347905,b,l
4661950,79371.8,0.00011631,1736157639.94322,b,l
4661951,79377.7,0.00012916,1736157653.0319717,s,l
4661952,79358.4,1.229e-05,1736157686.3662753,b,l
4661953,79333.7,0.00089328,1736157774.116382,b,l
4661954,79337.8,0.00959209,1736157796.7622678,b,l
4661955,79337.4,0.00012297,1736157872.4555705,b,l
4661956,79337.4,0.00123511,1736157930.3440146,b,l
4661957,79337.3,0.00010265,1736157967.3715813,s,l
4661958,79337.3,0.00124584,1736157967.3715813,s,l
4661959,79333.6,0.00068968,1736157967.3715816,s,l
4661960,79306.8,0.00025219,1736157991.9718444,b,m
4661961,79306.8,0.00040981,1736158064.5146546,b,l
4661962,79306.8,0.00082036,1736158064.5146546,b,l
4661963,79306.7,5e-05,1736158199.4700575,s,l
4661964,79306.7,0.01009716,1736158199.4700575,s,l
4661965,79286.5,7e-05,1736158199.871677,s,l
4661966,79279.9,0.0041857,1736158216.8105454,s,l
4661967,79323.1,0.04967027,1736158469.5544307,b,m
4661968,79313.1,0.00029577,1736158487.8765254,b,l
4661969,79326.7,0.00086571,1736158514.242806,s,m
4661970,79341.2,0.01479685,1736158522.1097896,b,m
4661971,79332.7,0.0005946,1736158561.4033191,b,l
4661972,79325.0,0.00049193,1736158576.9742508,b,l
4661973,79328.2,0.00012606,1736158590.1044655,b,m
4661974,79322.5,5.749e-05,1736158608.92982,b,l
4661975,79303.5,0.00025219,1736158742.9191215,s,l
4661976,79279.7,0.00010358,1736158742.9191215,s,l
4661977,79243.4,0.00040705,1736158742.9191215,s,l
4661978,79289.4,0.0012555,1736158832.2657795,s,m
4661979,79279.8,0.03840827,1736158851.0308585,s,l
4661980,79279.8,0.01807826,1736158851.323566,s,l
4661981,79303.9,1.551e-05,1736158922.0085273,s,l
4661982,79334.3,6.149e-05,1736158960.0971534,b,l
4661983,79327.0,0.02459813,1736158990.3653789,b,l
4661984,79356.3,0.00084,1736159084.0239503,b,l
4661985,79356.6,0.07260682,1736159084.0239503,b,l
4661986,79356.7,0.04690652,1736159084.0239503,b,l
4661987,79357.6,0.001169,1736159084.0239503,b,l
4661988,79358.2,0.000662,1736159084.0239503,b,l
4661989,79359.8,0.017623,1736159084.0239503,b,l
4661990,79374.3,0.12018384,1736159084.0239503,b,l
4661991,79354.8,0.00252039,1736159086.2313902,b,l
4661992,79327.4,0.000662,1736159124.3157597,s,m
4661993,79326.9,0.001169,1736159124.3157597,s,m
4661994,79323.0,0.01763,1736159124.3157597,s,m
4661995,79312.4,0.00226262,1736159124.3157597,s,m
4661996,79316.6,0.00011639,1736159129.804713,b,l
4661997,79319.2,6.15e-05,1736159149.8393016,b,l
4661998,79315.7,0.00183118,1736159160.7477016,b,l
4661999,79315.1,0.00124216,1736159165.032163,b,l
4662000,79314.6,0.00024843,1736159171.0343986,b,l
4662001,79312.8,0.00621099,1736159220.0333166,b,l
4662002,79304.7,0.00018635,1736159280.033056,b,l
4662003,79304.7,0.00059276,1736159288.0420885,b,l
4662004,79304.6,0.00252192,1736159296.0102816,s,l
4662005,79270.1,0.00233313,1736159296.0102816,s,l
4662006,79270.0,0.00062606,1736159296.0102816,s,l
4662007,79371.6,0.00025846,1736159367.0047874,b,l
4662008,79381.7,0.00023583,1736159401.8858263,b,l
4662009,79380.0,0.001,1736159409.520799,b,m
4662010,79371.1,0.00062064,1736159417.0385263,b,l
4662011,79364.7,0.00024585,1736159503.9711409,b,l
4662012,79364.6,0.00252001,1736159554.7962232,s,l
4662013,79364.6,0.01260007,1736159554.7962232,s,l
4662014,79311.1,0.00252001,1736159557.4653928,b,l
4662015,79311.0,0.00053997,1736159630.8854578,s,l
4662016,79320.1,0.07261424,1736159705.192216,b,l
4662017,79320.2,0.00687468,1736159705.1922162,b,l
4662018,79311.0,0.00069743,1736159711.589724,s,l
4662019,79311.0,0.00365649,1736159711.589724,s,l
4662020,79289.1,0.0086488,1736159711.589724,s,l
4662021,79289.0,0.02577861,1736159711.589724,s,l
4662022,79304.1,0.00012299,1736159713.7655947,b,l
4662023,79250.1,0.00014551,1736159821.135272,b,l
4662024,79267.9,0.01189218,1736159912.1519065,b,l
4662025,79279.4,0.00070759,1736159947.7301676,b,l
4662026,79271.8,0.00058138,1736159957.8885715,b,l
4662027,79250.1,0.03693155,1736160192.1072738,b,l
4662028,79250.0,0.01261829,1736160204.6271095,s,l
4662029,79250.0,0.12619517,1736160204.6271095,s,l
4662030,79242.5,0.00121135,1736160206.1052792,s,l
4662031,79200.1,0.00012318,1736160222.5942135,b,l
4662032,79200.1,2.488e-05,1736160246.0346086,b,l
4662033,79200.0,0.00252297,1736160248.58957,s,m
4662034,79156.4,0.00598247,1736160248.58957,s,m
4662035,79156.3,0.039,1736160248.58957,s,m
4662036,79156.0,0.253175,1736160248.58957,s,m
4662037,79154.7,0.07188599,1736160248.58957,s,m
4662038,79173.4,0.00533222,1736160249.230204,b,l
4662039,79168.0,0.00012323,1736160273.4382148,b,l
4662040,79155.8,0.00438561,1736160303.084102,s,l
4662041,79156.5,0.0003734,1736160350.035395,b,l
4662042,79143.5,7e-05,1736160363.879252,s,l
4662043,79132.6,0.00417047,1736160363.879252,s,l
4662044,79196.7,0.00524411,1736160418.0088947,s,m
4662045,79196.6,0.00738175,1736160418.0088947,s,m
4662046,79199.4,0.01256323,1736160420.4317515,b,m
4662047,79223.9,0.00029321,1736160527.5354648,b,l
4662048,79224.3,9.265e-05,1736160578.916173,b,l
4662049,79202.7,0.00674591,1736160674.7590785,s,l
4662050,79202.6,0.00588035,1736160674.7590785,s,l
4662051,79221.2,0.00059538,1736160763.3462532,b,l
4662052,79260.7,0.00031541,1736160884.84973,b,m
4662053,79263.3,0.07283241,1736160905.4172232,b,l
4662054,79263.4,0.23714673,1736160905.4172232,b,l
4662055,79241.1,0.00126197,1736160936.2415683,b,m
4662056,79242.1,0.00119357,1736160942.8640132,b,l
4662057,79243.0,0.00923391,1736160945.4222286,b,l
4662058,79224.7,0.01062632,1736160955.8626213,s,m
4662059,79224.6,0.05296456,1736160955.8626213,s,m
4662060,79238.5,0.00029604,1736160995.8853886,b,l
4662061,79227.9,0.00246278,1736161045.3356616,b,l
4662062,79227.5,0.00012314,1736161065.2469268,b,l
4662063,79227.5,0.00369421,1736161078.2627077,b,l
4662064,79227.4,0.00012621,1736161096.3559742,s,l
4662065,79195.6,0.00013259,1736161096.3559742,s,l
4662066,79243.1,0.00031082,1736161200.072648,b,l
4662067,79248.6,0.0006216,1736161208.0385315,b,l
4662068,79273.8,1.243e-05,1736161223.039843,b,l
4662069,79286.4,0.00581863,1736161241.4561708,s,l
4662070,79286.5,7e-05,1736161247.033771,b,l
4662071,79290.8,0.00073766,1736161247.0337713,b,l
4662072,79264.5,0.00141808,1736161267.538558,b,l
4662073,79255.2,0.00024618,1736161441.118078,b,l
4662074,79268.2,0.0378462,1736161470.8848865,b,m
4662075,79269.0,0.00047081,1736161478.587531,b,l
4662076,79260.1,0.00020609,1736161491.1230686,b,l
4662077,79248.2,0.00024013,1736161546.9649649,b,m
4662078,79269.0,0.00023616,1736161578.396054,b,l
4662079,79328.1,0.00064596,1736161648.197855,s,l
4662080,79322.4,0.0006026,1736161681.3438823,b,l
4662081,79322.6,0.00390302,1736161703.2796571,b,l
4662082,79307.1,0.03689491,1736161723.6386626,b,l
4662083,79267.1,0.00057434,1736161775.1318986,s,l
4662084,79280.6,0.0001153,1736161782.5568726,b,l
4662085,79278.2,0.06306904,1736161798.7550323,b,l
4662086,79278.2,0.0005949,1736161799.1421409,b,l
4662087,79292.4,0.01242501,1736161829.4927351,b,l
4662088,79292.4,0.00063981,1736161834.6699402,b,l
4662089,79284.3,0.00084,1736161836.386439,s,l
4662090,79284.3,0.00829431,1736161836.386439,s,l
4662091,79266.4,0.039,1736161836.386439,s,l
4662092,79265.0,0.25186569,1736161836.386439,s,l
4662093,79256.8,0.00103334,1736161864.887266,s,l
4662094,79244.4,0.00061557,1736161888.413182,b,l
4662095,79244.3,0.00012619,1736161935.0325685,s,l
4662096,79220.5,0.00212954,1736161947.637502,b,l
4662097,79220.5,0.000663,1736161987.5452604,b,l
4662098,79220.5,0.00064915,1736161987.5452604,b,l
4662099,79228.9,0.00017633,1736161994.6733532,b,l
4662100,79220.4,0.004,1736162037.5670602,s,l
4662101,79220.4,0.4,1736162086.3979557,s,l
4662102,79220.4,0.22715056,1736162086.4234495,s,l
4662103,79220.0,0.00031557,1736162086.4234495,s,l
4662104,79180.1,0.00184797,1736162141.9794357,b,l
4662105,79180.1,0.00073928,1736162180.8343444,b,l
4662106,79180.1,0.00023411,1736162194.6877909,b,l
4662107,79182.8,0.0061607,1736162201.750873,b,l
4662108,79180.1,0.00031572,1736162227.7288384,b,l
4662109,79180.1,0.03573206,1736162265.6887572,b,l
4662110,79180.1,0.00326794,1736162265.9309506,b,l
4662111,79180.1,0.000663,1736162265.9309506,b,l
4662112,79180.1,0.00117,1736162265.9309506,b,l
4662113,79180.1,0.00722046,1736162265.9309506,b,l
4662114,79180.1,0.00011659,1736162289.5613458,b,l
4662115,79180.1,6.221e-05,1736162300.0452566,b,l
4662116,79180.1,0.04294008,1736162368.8569586,b,l
4662117,79180.0,0.00252589,1736162411.7766335,s,l
4662118,79180.0,0.01894417,1736162411.7766335,s,l
4662119,79143.6,0.00126352,1736162420.872215,b,m
4662120,79143.5,7e-05,1736162438.341226,s,l
4662121,79082.6,2.467e-05,1736162479.5278337,b,l
4662122,79082.6,0.00119598,1736162496.9915397,b,l
4662123,79082.6,0.00014247,1736162497.200825,b,m
4662124,79082.6,0.00481127,1736162502.790564,b,l
4662125,79082.6,0.00061683,1736162509.7452157,b,l
4662126,79082.6,6.308e-05,1736162530.0405204,b,l
4662127,79082.5,0.00010383,1736162531.571934,s,l
4662128,79082.5,5e-05,1736162531.5719342,s,l
4662129,79049.1,0.00011402,1736162531.5719342,s,l
4662130,79044.1,0.00478799,1736162531.5719342,s,l
4662131,79075.7,0.00022986,1736162573.862804,s,l
4662132,79089.4,0.00126401,1736162579.115585,b,l
4662133,79086.3,0.00017664,1736162582.0369236,b,l
4662134,79067.7,0.00025545,1736162593.3792343,b,l
4662135,79103.7,0.00059051,1736162612.852455,b,l
4662136,79190.5,0.00120239,1736162706.6870031,b,l
4662137,79175.6,6.315e-05,1736162722.1451902,b,m
4662138,79251.9,0.0002362,1736162809.0628266,b,l
4662139,79270.8,0.0027753,1736162848.3883717,b,m
4662140,79254.8,0.00023389,1736162860.2797368,b,l
4662141,79187.4,0.00011545,1736162957.4482737,b,l
4662142,79169.6,0.00296135,1736162997.3128448,b,l
4662143,79171.9,0.00093331,1736163000.043288,b,l
4662144,79165.6,0.00024654,1736163030.1602318,b,l
4662145,79153.2,0.00024894,1736163127.0317943,b,l
4662146,79139.9,0.00059006,1736163169.1494894,b,l
4662147,79147.2,0.00012859,1736163178.8270402,b,l
4662148,79104.8,0.00283647,1736163214.9811523,s,l
4662149,79139.9,0.0101195,1736163250.2088623,s,l
4662150,79140.0,0.00631791,1736163258.5393589,b,l
4662151,79162.4,0.0414825,1736163258.5393589,b,l
4662152,79152.7,0.0226144,1736163267.901153,b,l
4662153,79145.8,0.00200213,1736163276.5880787,b,l
4662154,79131.1,0.00106458,1736163285.769349,b,l
4662155,79153.8,0.00050547,1736163305.6142187,s,m
4662156,79154.1,0.00641236,1736163336.6965911,s,l
4662157,79162.3,4.93e-05,1736163353.3911366,b,l
4662158,79187.4,9.18e-05,1736163368.1983194,b,l
4662159,79190.7,0.12414709,1736163371.9383764,b,l
4662160,79189.0,0.00040157,1736163395.636694,b,m
4662161,79197.3,0.00189709,1736163401.0126553,s,l
4662162,79268.3,0.00504615,1736163445.2469423,b,m
4662163,79268.2,0.00923073,1736163445.9202747,b,l
4662164,79208.8,0.00946864,1736163539.6583252,s,l
4662165,79105.6,0.00030832,1736163566.292353,b,l
4662166,79103.8,0.00041101,1736163569.035771,b,l
4662167,79123.7,0.00119536,1736163628.192623,b,l
4662168,79099.5,0.00064798,1736163730.5461645,s,l
4662169,79099.6,0.00397595,1736163736.164124,b,l
4662170,79100.9,0.00057013,1736163744.022797,s,l
4662171,79099.9,3.774e-05,1736163749.584631,b,l
4662172,79099.1,0.00110606,1736163799.662073,s,m
4662173,79118.3,0.00054257,1736163852.444452,b,l
4662174,79121.7,0.0067046,1736163872.9565942,s,m
4662175,79129.5,4.42e-05,1736163884.032731,b,l
4662176,79111.9,0.00518256,1736163934.282823,s,l
4662177,79152.4,0.00251237,1736164032.5405903,b,l
4662178,79165.4,0.00012632,1736164142.13826,b,m
4662179,79183.1,6.161e-05,1736164151.8442998,b,l
4662180,79158.6,0.03270901,1736164174.6618743,s,l
4662181,79154.6,0.00031117,1736164248.0330768,b,l
4662182,79154.5,0.0063168,1736164360.3105843,s,l
4662183,79154.6,0.00123254,1736164397.0077982,b,l
4662184,79154.6,0.00136915,1736164397.1179757,b,l
4662185,79154.6,0.00973146,1736164426.0334964,b,m
4662186,79154.6,0.00189503,1736164428.5444272,b,m
4662187,79154.6,0.00616269,1736164474.177369,b,l
4662188,79154.6,7.959e-05,1736164480.367952,b,m
4662189,79154.6,0.00308134,1736164481.475355,b,l
4662190,79154.5,0.00076152,1736164511.5288618,s,l
4662191,79154.5,0.00136091,1736164512.4404511,s,l
4662192,79154.5,0.31583801,1736164512.4404511,s,l
4662193,79138.4,0.00025681,1736164539.8456223,s,l
4662194,79138.5,0.00225132,1736164550.979233,b,l
4662195,79138.5,0.01274955,1736164557.030918,b,m
4662196,79138.6,0.00076815,1736164669.5119696,b,l
4662197,79138.5,0.00027097,1736164689.59214,s,l
4662198,79138.6,0.00062247,1736164705.033007,b,l
4662199,79138.6,0.00123279,1736164742.6167843,b,l
4662200,79143.3,0.00063,1736164746.74772,s,m
4662201,79138.6,0.00017653,1736164775.8547418,b,l
4662202,79138.6,0.00049797,1736164800.0342493,b,l
4662203,79138.6,0.00024899,1736164800.118636,b,l
4662204,79138.6,6.225e-05,1736164800.1396646,b,l
4662205,79138.6,8.845e-05,1736164800.4460497,b,m
4662206,79138.6,0.00011665,1736164802.127283,b,l
4662207,79138.6,0.00023423,1736164803.1027348,b,l
4662208,79138.5,0.02828389,1736164806.4153123,s,l
4662209,79149.0,0.00037343,1736164823.0337312,b,l
4662210,79142.6,0.00037017,1736164836.27403,s,l
4662211,79149.9,6.224e-05,1736164844.0337558,b,l
4662212,79148.4,6.286e-05,1736164859.0307035,b,l
4662213,79146.4,0.00311202,1736164862.7139878,b,l
4662214,79154.6,0.06976306,1736164989.1073618,b,l
4662215,79189.0,0.02263041,1736164989.1073618,b,l
4662216,79198.7,0.00062199,1736164997.0329578,b,l
4662217,79207.6,0.00012632,1736165087.0136442,s,l
4662218,79207.6,0.00016367,1736165087.0136442,s,l
4662219,79206.7,0.00011541,1736165128.5020382,b,l
4662220,79189.6,0.0009331,1736165160.0392745,b,l
4662221,79224.0,0.00061588,1736165202.881785,b,l
4662222,79186.0,0.00110881,1736165356.7963018,b,l
4662223,79199.3,0.0255431,1736165383.0813866,b,l
4662224,79227.2,4.079e-05,1736165437.0318005,b,l
4662225,79255.4,0.0012431,1736165455.5905385,b,l
4662226,79256.3,0.00040009,1736165562.7264705,b,m
4662227,79286.4,0.000662,1736165597.5880735,s,m
4662228,79286.4,0.03717551,1736165597.5880735,s,m
4662229,79286.4,0.01261734,1736165601.4483912,s,l
4662230,79286.5,7e-05,1736165667.271381,b,l
4662231,79321.3,0.00051337,1736165667.271381,b,l
4662232,79335.6,0.01171475,1736165667.271381,b,l
4662233,79335.4,0.00122973,1736165675.9044895,b,l
4662234,79338.5,0.00197904,1736165680.5116322,b,l
4662235,79329.9,0.00295572,1736165706.6138067,b,l
4662236,79313.7,6.211e-05,1736165742.0337784,b,l
4662237,79304.4,0.00297839,1736165841.3964543,b,l
4662238,79304.4,0.00023374,1736165883.1780066,b,l
4662239,79304.3,0.00115756,1736165887.536782,s,l
4662240,79303.6,0.00050439,1736165887.536782,s,l
4662241,79269.8,0.0725116,1736165887.536782,s,l
4662242,79269.7,0.039,1736165887.536782,s,l
4662243,79267.4,0.25140217,1736165887.536782,s,l
4662244,79265.2,0.25140923,1736165887.536782,s,l
4662245,79263.4,0.15423059,1736165887.536782,s,l
4662246,79256.3,0.00073708,1736165909.2413838,s,l
4662247,79266.0,0.0064648,1736165985.9668856,s,l
4662248,79279.6,0.00058907,1736166005.6279423,b,l
4662249,79286.8,0.0725224,1736166044.2432878,s,m
4662250,79286.7,0.01576467,1736166044.2432878,s,m
4662251,79299.2,0.00609198,1736166113.8337312,b,l
4662252,79377.6,0.02460477,1736166142.123778,b,l
4662253,79400.0,0.00061437,1736166231.384795,b,l
4662254,79399.4,0.00084,1736166236.0895672,b,l
4662255,79399.5,0.04681161,1736166236.0895672,b,l
4662256,79400.0,0.09938563,1736166267.5327356,b,l
4662257,79400.1,0.03424996,1736166267.5327356,b,l
4662258,79429.7,7e-05,1736166267.8500838,b,l
4662259,79454.1,0.00051541,1736166300.9595306,b,l
4662260,79501.3,0.00146294,1736166300.9595306,b,l
4662261,79504.8,0.0001,1736166345.3189356,b,m
4662262,79485.8,0.001168,1736166348.2320962,s,m
4662263,79481.7,0.03190118,1736166348.2320962,s,m
4662264,79514.7,6.288e-05,1736166394.4303863,b,m
4662265,79486.1,0.00066303,1736166411.5365183,b,l
4662266,79486.0,0.00105244,1736166439.1670034,s,l
4662267,79486.1,0.00127556,1736166450.852123,b,m
4662268,79486.1,0.00023321,1736166471.6643462,b,l
4662269,79486.1,6.197e-05,1736166494.033965,b,l
4662270,79486.0,0.00012895,1736166506.6300874,s,l
4662271,79486.0,0.00065581,1736166516.1335862,s,l
4662272,79486.1,0.00306811,1736166545.6523478,b,l
4662273,79486.1,0.00195071,1736166581.56571,b,l
4662274,79486.1,0.06745882,1736166612.8561523,b,l
4662275,79486.1,0.02527447,1736166612.8561523,b,l
4662276,79486.1,0.00011614,1736166623.1661854,b,l
4662277,79486.0,0.051,1736166679.5881906,s,m
4662278,79486.0,0.00412651,1736166686.484793,s,l
4662279,79486.0,0.59723954,1736166687.8423855,s,l
4662280,79411.6,0.00062963,1736166731.3134627,b,m
4662281,79400.0,0.00020125,1736166739.4735188,s,l
4662282,79400.1,0.01228726,1736166763.5915406,b,l
4662283,79400.1,0.00117958,1736166812.0494692,b,l
4662284,79400.1,0.00921545,1736166822.7095137,b,l
4662285,79400.1,3.102e-05,1736166837.034059,b,l
4662286,79400.1,0.07257739,1736166862.571354,b,l
4662287,79400.1,0.001168,1736166862.571354,b,l
4662288,79400.1,0.04690652,1736166862.571354,b,l
4662289,79400.1,0.039,1736166862.571354,b,l
4662290,79400.1,0.14752962,1736166862.571354,b,l
4662291,79400.0,0.00011595,1736166908.2268984,s,l
4662292,79400.1,0.00251888,1736166968.0199227,b,l
4662293,79400.1,0.01228726,1736167005.1900082,b,l
4662294,79400.1,0.0011912,1736167042.824886,b,l
4662295,79400.1,0.00011627,1736167067.12554,b,l
4662296,79400.0,0.00094224,1736167190.015972,s,l
4662297,79400.0,0.0004408,1736167190.015972,s,l
4662298,79363.5,0.000378,1736167207.1559646,s,l
4662299,79354.1,0.00123955,1736167207.1559646,s,l
4662300,79361.5,0.00599909,1736167241.429422,b,l
4662301,79357.8,1.229e-05,1736167245.0336175,b,l
4662302,79397.6,0.00059812,1736167290.69843,b,m
4662303,79370.1,0.00184369,1736167324.6080678,b,l
4662304,79370.1,0.00017424,1736167325.4493885,b,l
4662305,79370.1,0.04732783,1736167325.4499,b,l
4662306,79375.6,0.0003103,1736167449.0341308,b,l
4662307,79393.8,0.00245765,1736167487.3243625,b,l
4662308,79400.1,0.00026454,1736167579.8682408,b,l
4662309,79400.0,0.01260239,1736167580.2584836,s,l
4662310,79370.0,0.00020032,1736167580.2584836,s,l
4662311,79370.0,0.00100793,1736167580.2584836,s,l
4662312,79357.7,0.01234498,1736167580.2584836,s,l
4662313,79336.5,0.01197743,1736167580.2584836,s,l
4662314,79345.4,0.00368952,1736167707.616806,b,l
4662315,79353.4,0.00153252,1736167717.960915,s,l
4662316,79327.4,0.00430448,1736167744.311164,b,l
4662317,79314.1,0.01230058,1736167828.2694795,b,l
4662318,79314.0,0.00010087,1736167849.2575986,s,l
4662319,79314.0,0.0032,1736167849.2575986,s,l
4662320,79308.9,0.00058883,1736167850.7270448,b,l
4662321,79308.9,0.01863388,1736167881.972445,b,l
4662322,79308.8,0.00025217,1736167889.0436587,s,l
4662323,79286.5,7e-05,1736167911.039488,s,l
4662324,79256.3,9.167e-05,1736167919.3105383,b,l
4662325,79256.3,0.00246191,1736167998.2819586,b,l
4662326,79256.2,0.00025234,1736168026.3704455,s,l
4662327,79256.2,5e-05,1736168026.3704455,s,l
4662328,79256.2,0.0002208,1736168026.3704455,s,l
4662329,79256.3,0.00058926,1736168059.620782,b,l
4662330,79256.3,0.00037852,1736168059.907823,b,m
4662331,79256.3,2.486e-05,1736168080.035296,b,l
4662332,79256.3,3.108e-05,1736168096.0436602,b,l
4662333,79256.2,0.00028389,1736168136.9051344,s,l
4662334,79256.2,0.1,1736168136.9051344,s,l
4662335,79175.8,0.07310676,1736168150.2632484,b,l
4662336,79175.9,0.05118231,1736168150.2632487,b,l
4662337,79164.5,0.00012448,1736168156.767434,b,l
4662338,79163.7,0.0059209,1736168166.6229043,b,l
4662339,79143.6,0.00012958,1736168182.4857335,b,l
4662340,79143.6,0.0035356,1736168234.520294,b,l
4662341,79146.5,0.00113688,1736168268.1781273,b,m
4662342,79146.5,0.00061633,1736168269.06868,b,l
4662343,79146.5,0.00017651,1736168295.780981,b,l
4662344,79146.5,0.00053078,1736168316.6582584,b,l
4662345,79146.5,0.0013,1736168358.6253357,b,l
4662346,79146.4,0.00126348,1736168376.6978774,s,m
4662347,79146.4,0.00012634,1736168376.6978774,s,m
4662348,79143.5,7e-05,1736168376.6978774,s,m
4662349,79138.5,0.002334,1736168376.6978774,s,m
4662350,79138.6,1.233e-05,1736168400.1573849,b,l
4662351,79138.6,0.00059595,1736168400.9654548,b,l
4662352,79138.6,0.00012328,1736168453.359018,b,l
4662353,79138.5,0.0133403,1736168492.789014,s,l
4662354,79138.4,0.0012636,1736168492.789014,s,l
4662355,79087.0,0.00925193,1736168521.3606822,b,l
4662356,79087.0,0.00200915,1736168555.1427991,s,l
4662357,79094.6,0.00130272,1736168560.2061422,b,l
4662358,79087.0,0.01198717,1736168566.9122145,b,l
4662359,79087.0,0.00296518,1736168642.052244,b,l
4662360,79087.0,0.00031611,1736168663.8941157,b,m
4662361,79087.0,0.00037008,1736168696.303199,b,l
4662362,79087.0,0.00246718,1736168696.7638664,b,l
4662363,79087.0,0.00493436,1736168707.9501808,b,l
4662364,79086.9,0.00032401,1736168733.3054042,s,l
4662365,79086.9,0.05025329,1736168737.584998,s,l
4662366,79079.8,0.03793636,1736168755.1096482,s,l
4662367,79078.0,0.00063228,1736168755.911009,s,l
4662368,79037.0,0.12963829,1736168755.911009,s,l
4662369,79037.0,0.00577157,1736168761.7407882,s,l
4662370,79037.0,0.0064843,1736168797.5886147,s,l
4662371,79037.1,0.00061199,1736168840.6656487,b,m
4662372,79037.0,0.025,1736168869.8391082,s,l
4662373,79037.0,0.025,1736168874.1249175,s,l
4662374,79037.1,0.000664,1736168879.8049812,b,l
4662375,79037.1,0.00837158,1736168879.8049812,b,l
4662376,79037.1,0.00177897,1736168887.0062242,b,l
4662377,79070.4,0.01989549,1736168912.6300275,b,l
4662378,79065.6,0.00037017,1736168924.3840427,b,l
4662379,79054.9,0.00479526,1736169040.854902,b,l
4662380,79037.0,0.00126138,1736169083.296602,s,l
4662381,79037.0,0.04216157,1736169132.8290477,s,l
4662382,79037.0,0.19760276,1736169146.6579342,s,l
4662383,79037.0,0.00126523,1736169146.6579342,s,l
4662384,79000.8,7e-05,1736169172.3989232,s,l
4662385,79000.0,6.074e-05,1736169172.3989232,s,l
4662386,79000.0,0.00050632,1736169172.3989232,s,l
4662387,79000.0,0.00012658,1736169172.3989232,s,l
4662388,79000.0,0.00060553,1736169172.3989232,s,l
4662389,79000.0,2.738e-05,1736169172.559116,s,l
4662390,78979.7,0.00629738,1736169172.559116,s,l
4662391,78999.9,0.00059895,1736169185.3453455,b,l
4662392,78999.9,0.00125315,1736169187.332281,b,l
4662393,78999.9,0.00024942,1736169192.0345242,b,l
4662394,79000.0,0.00024942,1736169203.6530616,b,l
4662395,79000.0,0.00025835,1736169219.6393929,b,l
4662396,78954.7,0.00015442,1736169235.8342326,b,l
4662397,78999.2,0.00793355,1736169274.332551,s,l
4662398,78998.1,0.001172,1736169274.332551,s,l
4662399,78997.5,0.000664,1736169274.332551,s,l
4662400,78993.8,0.017681,1736169274.332551,s,l
4662401,78981.2,0.25246137,1736169274.332551,s,l
4662402,78981.2,0.25246137,1736169274.332551,s,l
4662403,78981.2,0.25246137,1736169274.3325512,s,l
4662404,78981.2,0.21465757,1736169274.3325512,s,l
4662405,78972.0,0.00704725,1736169305.7247534,s,l
4662406,78971.9,0.01034604,1736169305.7247534,s,l
4662407,78985.2,0.00018528,1736169307.5793767,b,l
4662408,78960.1,0.00014071,1736169316.961394,s,l
4662409,78954.6,0.00322179,1736169343.5489612,s,l
4662410,78954.6,0.00025616,1736169345.2401109,s,l
4662411,78933.3,0.00013654,1736169345.884456,s,l
4662412,78916.4,0.00038889,1736169372.4704895,s,l
4662413,78916.5,0.00110228,1736169373.455769,b,l
4662414,78928.7,1.248e-05,1736169382.033047,b,l
4662415,78916.9,0.0002472,1736169387.14791,b,l
4662416,78916.4,7.78e-06,1736169400.6399684,s,l
4662417,78916.4,0.00106197,1736169400.6399684,s,l
4662418,78913.9,0.00594763,1736169459.3789396,b,l
4662419,78986.7,0.00011687,1736169520.4379463,b,l
4662420,79022.5,0.025,1736169536.5867052,b,l
4662421,79025.7,0.0012346,1736169553.999007,b,l
4662422,79020.0,0.00251016,1736169582.583955,b,l
4662423,79019.9,0.00062034,1736169592.2900023,s,l
4662424,79020.0,0.00011741,1736169623.1683824,b,l
4662425,79019.9,1.241e-05,1736169632.319049,s,l
4662426,79000.0,5e-05,1736169632.319049,s,l
4662427,78999.1,0.00027072,1736169632.3190491,s,l
4662428,79019.3,0.00010507,1736169639.7454357,b,l
4662429,79020.0,0.0002574,1736169748.9681287,b,m
4662430,79020.0,0.0022736,1736169769.8403976,b,l
4662431,79113.8,0.00024847,1736169784.3637578,b,l
4662432,79143.4,0.00023869,1736169812.1916823,s,l
4662433,79142.9,0.00036981,1736169840.2530856,b,l
4662434,79143.5,7e-05,1736169946.2658322,b,m
4662435,79204.3,0.25170307,1736169946.2658322,b,m
4662436,79204.3,0.14913337,1736169946.2658322,b,m
4662437,79208.4,0.00923766,1736169968.9116638,b,l
4662438,79189.0,0.0006314,1736169975.107707,s,m
4662439,79179.5,0.001171,1736169975.107707,s,m
4662440,79177.4,0.000663,1736169975.107707,s,m
4662441,79174.0,0.00035507,1736169975.107707,s,m
4662442,79173.9,0.017658,1736169975.107707,s,m
4662443,79171.9,0.06775749,1736169975.107707,s,m
4662444,79163.5,0.0003921,1736170005.5548737,s,l
4662445,79163.4,0.00023189,1736170005.5548737,s,l
4662446,79166.0,0.00130159,1736170049.145942,b,l
4662447,79147.2,0.00040212,1736170059.9052353,s,l
4662448,79147.1,0.00011398,1736170059.9052353,s,l
4662449,79181.6,0.00012214,1736170094.7230585,b,l
4662450,79181.2,1.244e-05,1736170099.0305169,b,l
4662451,79181.0,9.27e-05,1736170102.1168892,b,l
4662452,79166.1,0.25173017,1736170124.1025133,s,m
4662453,79166.1,0.24827608,1736170124.1025133,s,m
4662454,79159.9,0.00039648,1736170154.3891096,s,l
4662455,79160.8,0.00061924,1736170191.9692242,s,l
4662456,79188.4,0.017657,1736170251.7485836,b,m
4662457,79188.4,0.25164023,1736170251.7485836,b,m
4662458,79189.3,0.17970221,1736170251.7485836,b,m
4662459,79196.8,0.00020791,1736170272.4419198,s,l
4662460,79196.7,0.00093472,1736170272.44192,s,l
4662461,79197.1,8.968e-05,1736170279.4785385,b,l
4662462,79238.0,0.00672979,1736170312.2510335,s,l
4662463,79212.0,0.00022791,1736170338.7916386,s,l
4662464,79211.9,0.00171242,1736170338.7916386,s,l
4662465,79235.1,0.00201166,1736170390.8052833,b,l
4662466,79235.1,6.217e-05,1736170391.0386772,b,l
4662467,79224.9,0.0002604,1736170392.7150557,s,l
4662468,79224.8,0.01139458,1736170392.715056,s,l
4662469,79236.4,6.158e-05,1736170396.9429252,b,l
4662470,79200.1,0.04326302,1736170427.9089203,b,l
4662471,79200.0,5e-05,1736170463.5091538,s,l
4662472,79160.8,1.238e-05,1736170482.685037,s,l
4662473,79147.0,0.00081664,1736170482.685037,s,l
4662474,79146.9,0.00296098,1736170482.685037,s,l
4662475,79142.8,0.25202326,1736170554.6422937,b,m
4662476,79142.8,0.19697657,1736170554.6422937,b,m
4662477,79210.8,0.00059541,1736170595.8611183,b,l
4662478,79179.4,0.00135485,1736170622.3000002,s,l
4662479,79183.5,0.00177613,1736170633.980541,b,l
4662480,79185.6,6.345e-05,1736170641.0369437,b,l
4662481,79168.6,0.00314764,1736170712.4103055,s,l
4662482,79162.6,0.00798926,1736170712.4103055,s,l
4662483,79177.2,0.00082731,1736170731.648127,b,l
4662484,79143.9,0.00079071,1736170792.44709,s,l
4662485,79135.8,4.644e-05,1736170792.44709,s,l
4662486,79141.6,0.0063176,1736170794.5635986,b,l
4662487,79157.9,6.223e-05,1736170813.033671,b,l
4662488,79157.9,0.00055432,1736170850.6407137,b,l
4662489,79157.9,0.01438345,1736170865.4808977,b,m
4662490,79217.0,0.00117,1736170865.4808977,b,m
4662491,79220.1,0.25191433,1736170865.4808977,b,m
4662492,79229.1,0.000663,1736170865.4808977,b,m
4662493,79236.7,0.01765,1736170865.4808977,b,m
4662494,79248.9,0.01401986,1736170865.4808977,b,m
4662495,79247.1,0.00250381,1736170885.9229095,b,l
4662496,79259.4,0.00443118,1736170894.6145396,s,l
4662497,79244.6,0.00011533,1736170917.9101808,b,l
4662498,79229.9,0.00061568,1736170930.144333,b,l
4662499,79227.8,0.00088582,1736170946.1416144,b,l
4662500,79257.5,0.00156943,1736171088.1378157,b,l
4662501,79242.2,0.00357743,1736171122.5697074,b,l
4662502,79250.5,0.00129337,1736171152.5387423,s,l
4662503,79254.0,5e-05,1736171164.9056394,b,l
4662504,79253.9,0.00247405,1736171176.493553,s,l
4662505,79254.0,0.00044771,1736171187.8732617,b,l
4662506,79254.0,0.00034201,1736171202.3666856,b,l
4662507,79253.9,4.948e-05,1736171212.4466395,s,l
4662508,79253.9,0.01117012,1736171212.4466395,s,l
4662509,79254.0,0.01261766,1736171212.9072926,b,m
4662510,79254.0,0.00057271,1736171219.7299447,b,l
4662511,79257.5,2.462e-05,1736171245.1361232,b,l
4662512,79274.0,0.0092697,1736171278.4652274,b,l
4662513,79254.8,2.208e-05,1736171311.57296,s,l
4662514,79271.4,0.0023114,1736171330.6982582,b,l
4662515,79259.5,0.00239865,1736171368.8112628,b,l
4662516,79259.5,0.00314778,1736171428.2605815,b,l
4662517,79259.5,0.00024618,1736171440.4731665,b,l
4662518,79286.5,7e-05,1736171509.980376,b,l
4662519,79322.4,0.00063252,1736171509.980376,b,l
4662520,79329.7,0.00092236,1736171528.2697792,b,l
4662521,79331.6,0.00061488,1736171571.046456,b,l
4662522,79390.8,4.244e-05,1736171671.0327013,b,l
4662523,79377.8,0.00084,1736171676.1323168,s,l
4662524,79377.6,0.01175921,1736171676.1323168,s,l
4662525,79373.4,0.00031512,1736171680.9043164,s,m
4662526,79370.1,0.00357488,1736171680.9043164,s,m
4662527,79376.2,6.206e-05,1736171684.0341103,b,l
4662528,79393.9,0.00124093,1736171717.038313,b,l
4662529,79401.1,0.06144397,1736171744.5810175,b,l
4662530,79402.4,0.00122879,1736171764.4209876,b,l
4662531,79396.0,0.0003087,1736171772.509313,s,l
4662532,79396.1,0.03778523,1736171777.6627054,b,m
4662533,79396.3,0.00092159,1736171810.6649745,b,l
4662534,79396.1,6.204e-05,1736171817.033862,b,l
4662535,79396.1,0.00029546,1736171855.9148066,b,l
4662536,79396.0,6.17e-06,1736171858.0203457,s,l
4662537,79372.4,0.00081307,1736171858.0203457,s,l
4662538,79397.3,4.915e-05,1736171871.248137,b,l
4662539,79396.9,3.723e-05,1736171872.0334015,b,l
4662540,79396.9,0.00058822,1736171872.3064466,b,l
4662541,79400.1,0.00466916,1736171944.8975844,b,l
4662542,79400.1,0.00184309,1736171954.2937193,b,l
4662543,79400.0,0.00022114,1736171972.5130842,s,l
4662544,79400.1,0.00288751,1736171982.4676518,b,l
4662545,79400.1,0.00058817,1736171994.041519,b,l
4662546,79400.1,1.241e-05,1736172017.033321,b,l
4662547,79400.0,4.42e-06,1736172017.2668796,s,l
4662548,79339.7,0.00051235,1736172017.2668796,s,l
4662549,79339.4,0.001169,1736172062.279323,s,l
4662550,79339.1,0.000662,1736172062.279323,s,l
4662551,79339.1,0.00456566,1736172062.279323,s,l
4662552,79343.1,0.0001,1736172069.843002,b,m
4662553,79328.8,0.00121666,1736172073.428405,s,l
4662554,79349.1,0.00019,1736172100.7846632,s,m
4662555,79415.0,0.00058834,1736172164.927791,b,l
4662556,79414.9,0.00573493,1736172172.434801,s,l
4662557,79415.0,4.306e-05,1736172196.4736445,b,l
4662558,79429.7,7e-05,1736172196.4736445,b,l
4662559,79441.7,0.000662,1736172196.4736445,b,l
4662560,79443.2,0.07321208,1736172196.4736445,b,l
4662561,79443.3,0.0003187,1736172196.4736445,b,l
4662562,79428.4,0.00125,1736172200.3726506,s,m
4662563,79428.8,0.0023971,1736172234.780484,b,l
4662564,79432.2,0.00023336,1736172256.136448,b,l
4662565,79398.1,9.306e-05,1736172309.0454967,b,l
4662566,79392.4,9.245e-05,1736172324.165306,b,l
4662567,79390.3,0.00038734,1736172350.3269613,s,l
4662568,79379.9,0.00015747,1736172387.894556,s,l
4662569,79370.0,0.00022401,1736172393.0183969,s,l
4662570,79300.0,5e-05,1736172431.3918502,s,l
4662571,79286.5,7e-05,1736172431.5951476,s,l
4662572,79259.4,0.01318363,1736172437.8812857,s,l
4662573,79274.8,0.00027864,1736172472.518575,s,l
4662574,79289.1,0.00012426,1736172485.0351295,b,l
4662575,79279.3,0.00025863,1736172514.7628026,s,l
4662576,79294.2,0.00189181,1736172521.153414,b,l
4662577,79259.4,0.0063084,1736172625.009948,s,m
4662578,79259.5,0.00012203,1736172630.6333067,b,l
4662579,79259.4,0.01204997,1736172766.9016714,s,l
4662580,79259.4,0.00378504,1736172766.9016714,s,l
4662581,79200.0,5e-05,1736172769.1813836,s,l
4662582,79187.9,0.00010633,1736172769.1813836,s,l
4662583,79185.0,0.008037,1736172769.1813836,s,l
4662584,79185.0,0.00063501,1736172775.0434735,s,l
4662585,79220.9,0.00060417,1736172833.3512251,b,l
4662586,79216.2,0.00058955,1736172858.880099,b,l
4662587,79216.0,0.00075742,1736172862.283075,b,l
4662588,79277.4,0.00014518,1736172912.8628373,s,l
4662589,79277.8,0.02312436,1736172925.3319592,s,l
4662590,79249.2,0.00043712,1736172940.0103068,s,l
4662591,79220.0,0.00838827,1736172976.0025728,s,l
4662592,79220.0,0.00838827,1736172976.0036762,s,l
4662593,79220.0,0.00838827,1736172976.2471075,s,l
4662594,79220.0,0.00838827,1736172976.2481666,s,l
4662595,79220.0,0.00838827,1736172976.254442,s,l
4662596,79220.0,0.00838827,1736172976.2642286,s,l
4662597,79220.0,0.00838827,1736172976.2654338,s,l
4662598,79220.0,0.00838827,1736172976.2680864,s,l
4662599,79220.0,0.00838827,1736172976.2712712,s,l
4662600,79220.0,0.00838827,1736172979.4507334,s,l
4662601,79220.0,0.00838827,1736172979.5429106,s,l
4662602,79220.0,0.00838827,1736172979.548238,s,l
4662603,79220.0,0.00838827,1736172979.5529654,s,l
4662604,79220.0,0.00838827,1736172979.558655,s,l
4662605,79220.0,0.00834975,1736172979.561171,s,l
4662606,79207.9,0.00063125,1736172979.8737383,s,l
4662607,79200.0,5e-05,1736173012.4108863,s,l
4662608,79185.3,0.000663,1736173012.4108863,s,l
4662609,79185.1,0.00025257,1736173012.4108863,s,l
4662610,79185.0,0.00395664,1736173012.4108863,s,l
4662611,79205.0,0.00639942,1736173021.3334887,s,l
4662612,79239.3,0.00662195,1736173027.861723,s,l
4662613,79223.3,0.00022128,1736173038.2156804,s,l
4662614,79221.4,0.00336343,1736173050.370654,s,l
4662615,79191.0,0.00202165,1736173057.9077194,s,l
4662616,79209.7,0.000663,1736173066.914281,b,l
4662617,79210.5,0.00053146,1736173066.914281,b,l
4662618,79231.0,0.00603221,1736173113.355381,s,l
4662619,79249.2,0.03130709,1736173114.7868016,b,m
4662620,79211.6,0.00041398,1736173133.7027657,s,l
4662621,79211.7,0.00189391,1736173133.8763118,b,l
4662622,79206.5,0.00061583,1736173172.821141,b,l
4662623,79183.4,0.00354153,1736173173.3588066,s,l
4662624,79256.6,0.07374751,1736173304.638778,b,l
4662625,79256.7,0.01697126,1736173304.638778,b,l
4662626,79256.9,1.243e-05,1736173308.0361202,b,l
4662627,79214.8,0.00024752,1736173333.174737,s,l
4662628,79214.8,4.95e-06,1736173384.8588598,s,l
4662629,79143.5,7e-05,1736173384.8588598,s,l
4662630,79135.8,1.674e-05,1736173384.8588598,s,l
4662631,79126.6,0.01286221,1736173384.8588598,s,l
4662632,79100.0,5e-05,1736173493.447682,s,l
4662633,79077.8,4.933e-05,1736173493.447682,s,l
4662634,79187.0,0.00068393,1736173575.3498971,s,l
4662635,79204.6,0.00052328,1736173597.0061252,b,l
4662636,79263.2,0.00064658,1736173608.2305822,s,l
4662637,79265.2,0.00947659,1736173653.0090363,s,l
4662638,79265.1,0.00345166,1736173653.0090363,s,l
4662639,79286.5,7e-05,1736173700.7991917,b,l
4662640,79323.7,0.00229428,1736173700.7991917,b,l
4662641,79228.6,0.0003917,1736173733.3482454,s,l
4662642,79217.7,0.00153818,1736173874.0619824,b,l
4662643,79200.0,5e-05,1736173907.0941987,s,l
4662644,79180.2,0.09995136,1736173907.0941987,s,l
4662645,79175.8,0.00061912,1736173933.452327,s,l
4662646,79238.4,0.00035581,1736173957.7867692,b,l
4662647,79255.8,0.00256764,1736173972.7030952,s,l
4662648,79255.9,2.66e-05,1736174000.036255,b,l
4662649,79255.8,0.0105396,1736174004.2873163,s,l
4662650,79255.8,0.00081173,1736174004.2873163,s,l
4662651,79255.9,0.00049705,1736174009.8643336,b,l
4662652,79429.7,7e-05,1736174100.3359096,b,l
4662653,79450.0,0.00606979,1736174100.3359096,b,l
4662654,79450.0,0.000614,1736174102.2330277,b,l
4662655,79416.4,0.00035581,1736174125.2227998,s,l
4662656,79286.5,7e-05,1736174184.271523,s,l
4662657,79256.8,0.00012431,1736174189.0363574,b,l
4662658,79284.6,0.00113515,1736174198.6032696,b,m
4662659,79292.4,0.00492252,1736174211.229834,b,l
4662660,79289.8,0.00011535,1736174212.0770166,b,l
4662661,79250.7,0.01234267,1736174309.9190564,s,l
4662662,79250.7,0.000662,1736174309.9190564,s,l
4662663,79250.7,0.0869967,1736174309.9190564,s,l
4662664,79273.9,0.01050848,1736174336.18342,s,l
4662665,79314.4,0.00017698,1736174353.495626,s,l
4662666,79330.0,0.00072465,1736174428.1199496,b,l
4662667,79429.7,7e-05,1736174440.6111755,b,l
4662668,79447.6,0.00214228,1736174440.6111755,b,l
4662669,79447.7,0.00012281,1736174441.7880402,b,l
4662670,79450.0,0.01848927,1736174461.0373533,b,l
4662671,79500.0,5e-05,1736174467.075776,b,l
4662672,79551.9,0.0098568,1736174475.445346,s,l
4662673,79551.9,0.017607,1736174475.445346,s,l
4662674,79551.9,0.03547678,1736174475.445346,s,l
4662675,79552.0,0.00011604,1736174513.082626,b,l
4662676,79552.0,0.0004164,1736174522.8465846,b,l
4662677,79572.0,0.00153268,1736174523.7751184,b,l
4662678,79572.0,0.03868247,1736174526.6334383,b,l
4662679,79573.3,7e-05,1736174526.8843231,b,l
4662680,79598.8,0.00013654,1736174527.0104656,b,l
4662681,79600.0,0.07286432,1736174529.068188,b,l
4662682,79674.9,6.128e-05,1736174530.449903,b,l
4662683,79675.1,0.00010362,1736174585.0382788,b,l
4662684,79675.1,8.186e-05,1736174585.0382788,b,l
4662685,79693.0,0.04391853,1736174619.7885275,b,l
4662686,79717.0,7e-05,1736174649.67455,b,l
4662687,79731.9,0.00010355,1736174655.8649373,s,l
4662688,79731.9,0.00663745,1736174673.325961,s,l
4662689,79715.0,0.00084,1736174683.648962,s,l
4662690,79668.3,0.00120373,1736174699.352743,s,l
4662691,79668.4,0.00247331,1736174700.040228,b,l
4662692,79745.0,6.179e-05,1736174702.035653,b,l
4662693,79745.5,0.00030913,1736174725.0518112,b,l
4662694,79745.5,0.00316882,1736174738.2237768,b,l
4662695,79793.0,0.00065798,1736174826.498273,s,m
4662696,79847.4,1.234e-05,1736174871.0349936,b,l
4662697,79847.1,1.234e-05,1736174876.0362144,b,l
4662698,79854.4,0.00028009,1736174893.4474409,s,l
4662699,79861.0,7e-05,1736174917.5905104,b,l
4662700,79873.7,0.00010337,1736174917.774024,b,l
4662701,79873.7,0.00010337,1736174917.7900116,b,l
4662702,79873.7,0.00010337,1736174917.7994735,b,l
4662703,79873.7,0.00010337,1736174917.8008351,b,l
4662704,79873.7,0.00010337,1736174917.8025177,b,l
4662705,79873.7,0.00010337,1736174917.8035426,b,l
4662706,79873.7,0.00010337,1736174917.8071213,b,l
4662707,79873.7,0.00010337,1736174917.808379,b,l
4662708,79873.7,0.00010337,1736174917.817759,b,l
4662709,79873.7,0.00010337,1736174917.8247612,b,l
4662710,79873.7,0.00010337,1736174917.8254452,b,l
4662711,79873.7,0.00010337,1736174917.8484726,b,l
4662712,79873.7,0.00010337,1736174917.8529468,b,l
4662713,79873.7,0.00010337,1736174917.8560886,b,l
4662714,79873.7,0.00010337,1736174917.8646188,b,l
4662715,79873.7,0.00010337,1736174917.8716846,b,l
4662716,79873.7,0.07163143,1736174917.886132,b,l
4662717,79890.0,0.03129302,1736174918.915627,b,l
4662718,79900.0,0.03619115,1736174933.1517313,b,l
4662719,79900.0,0.00037546,1736174933.1517313,b,l
4662720,79909.9,0.00084,1736174934.2968514,b,l
4662721,79910.0,0.0443624,1736174934.2968514,b,l
4662722,79977.5,0.00522743,1736174935.418578,b,l
4662723,79987.3,0.0003962,1736174935.7643094,b,l
4662724,80000.0,0.5,1736174935.9574752,b,l
4662725,80000.0,0.001875,1736174935.9574752,b,l
4662726,80000.0,5e-05,1736174935.9574752,b,l
4662727,80005.3,7e-05,1736174935.9574752,b,l
4662728,80029.0,0.001164,1736174935.9804204,b,l
4662729,80072.8,0.00063,1736174937.1917517,s,m
4662730,80072.9,0.00010311,1736174938.05296,b,l
4662731,80086.9,0.001164,1736174938.0762503,b,l
4662732,80099.9,0.01,1736174942.2881117,s,l
4662733,80100.0,0.00066231,1736174942.7660203,b,l
4662734,80149.9,7e-05,1736174947.4612918,b,l
4662735,80200.0,0.01411173,1736174948.3210788,b,l
4662736,80205.3,0.00051404,1736174948.340182,b,l
4662737,80209.3,0.00321765,1736174949.2407386,b,l
4662738,80231.3,0.04028675,1736174949.2407386,b,l
4662739,80231.4,0.017564,1736174949.2407386,b,l
4662740,80236.0,0.02579107,1736174949.2407389,b,l
4662741,80236.0,0.00189336,1736174949.2407389,b,l
4662742,80236.0,0.000848,1736174949.2407389,b,l
4662743,80236.0,0.0180045,1736174949.2407389,b,l
4662744,80236.0,0.00030281,1736174949.2407389,b,l
4662745,80236.0,0.01816026,1736174949.2407389,b,l
4662746,80269.9,0.0001354,1736174949.2407389,b,l
4662747,80272.6,0.00010294,1736174949.2437873,b,l
4662748,80276.0,0.01896921,1736174949.2651548,b,l
4662749,80276.0,0.05103079,1736174949.265155,b,l
4662750,80275.9,0.04037125,1736174949.2798789,b,l
4662751,80292.2,0.00073378,1736174964.7331269,b,l
4662752,80294.6,0.00067308,1736174974.904763,s,l
4662753,80294.7,8e-05,1736174977.0761714,b,l
4662754,80340.4,0.00074654,1736174980.0980992,b,l
4662755,80381.6,0.00024559,1736174982.790851,s,m
4662756,80381.7,0.01871247,1736174988.660961,b,l
4662757,80383.8,0.001161,1736174994.210847,s,l
4662758,80353.2,0.00124451,1736175029.5672562,b,m
4662759,80305.0,0.00124525,1736175038.743087,s,m
4662760,80282.6,0.24898246,1736175038.743087,s,m
4662761,80280.5,0.04977229,1736175038.743087,s,m
4662762,80280.5,0.05,1736175038.743087,s,m
4662763,80280.5,0.05,1736175038.743087,s,m
4662764,80280.5,0.05,1736175038.743087,s,m
4662765,80280.5,0.04921646,1736175038.743087,s,m
4662766,80269.6,0.00078354,1736175038.743087,s,m
4662767,80269.6,0.00037846,1736175038.7430873,s,m
4662768,80269.4,0.00084,1736175038.7430873,s,m
4662769,80264.9,0.04690652,1736175038.7430873,s,m
4662770,80259.0,0.00187502,1736175038.7430873,s,m
4662771,80259.0,0.01568598,1736175038.7430873,s,m
4662772,80254.8,0.000659,1736175038.7430873,s,m
4662773,80238.6,0.03365502,1736175038.7430873,s,m
4662774,80238.6,0.05,1736175038.7430873,s,m
4662775,80238.6,0.05,1736175038.7430873,s,m
4662776,80238.6,0.05,1736175038.7430873,s,m
4662777,80238.6,0.05,1736175038.7430873,s,m
4662778,80238.6,0.01546398,1736175038.7430873,s,m
4662779,80212.3,0.00623345,1736175038.7430873,s,m
4662780,80209.2,0.02830257,1736175038.7430873,s,m
4662781,80209.2,0.0445288,1736175038.7430873,s,m
4662782,80209.1,0.0054712,1736175038.7430873,s,m
4662783,80209.1,0.05,1736175038.7430873,s,m
4662784,80209.1,0.02895017,1736175038.7430873,s,m
4662785,80209.1,0.02104983,1736175038.7430875,s,m
4662786,80209.1,0.05,1736175038.7430875,s,m
4662787,80209.1,0.05,1736175038.7430875,s,m
4662788,80209.1,0.04373945,1736175038.7430875,s,m
4662789,80185.4,0.00626055,1736175038.7430875,s,m
4662790,80185.4,0.00144655,1736175038.7430875,s,m
4662791,80185.3,0.01039565,1736175038.7430875,s,m
4662792,80155.0,0.00413529,1736175038.7430875,s,m
4662793,80149.9,7e-05,1736175038.7430875,s,m
4662794,80143.8,0.03395251,1736175038.7430875,s,m
4662795,80143.8,0.05,1736175038.7430875,s,m
4662796,80143.8,0.05,1736175038.7430875,s,m
4662797,80143.8,0.05,1736175038.7430875,s,m
4662798,80143.8,0.05,1736175038.7430875,s,m
4662799,80299.5,0.0061747,1736175042.136037,s,l
4662800,80299.5,0.00123567,1736175042.1414175,s,l
4662801,80299.5,0.00025703,1736175042.1526444,s,l
4662802,80299.5,0.00035488,1736175042.162402,s,l
4662803,80295.9,0.00151819,1736175049.372919,b,l
4662804,80327.1,0.00025089,1736175061.8539553,b,l
4662805,80226.0,0.001,1736175062.6049116,s,l
4662806,80272.6,0.00011365,1736175077.770925,b,l
4662807,80332.7,0.1,1736175082.5007722,s,l
4662808,80332.6,0.00511557,1736175084.7763128,s,l
4662809,80396.5,5e-05,1736175090.4800208,s,l
4662810,80427.9,0.00060514,1736175095.6716275,b,m
4662811,80427.9,0.0080983,1736175102.2640967,b,l
4662812,80432.0,0.01345454,1736175102.2640967,b,l
4662813,80439.7,8e-05,1736175102.482913,b,l
4662814,80448.0,0.0057,1736175102.6832378,b,l
4662815,80450.0,0.031,1736175103.0293543,b,l
4662816,80450.0,0.07458048,1736175103.0293543,b,l
4662817,80450.0,0.0002486,1736175103.0293543,b,l
4662818,80472.8,0.00010268,1736175114.3227215,b,m
4662819,80490.0,0.00186358,1736175114.3227215,b,m
4662820,80499.9,0.02903379,1736175114.3227215,b,m
4662821,80492.7,0.00113824,1736175120.262961,s,l
4662822,80499.9,0.00378261,1736175126.5442586,s,l
4662823,80499.9,0.00049921,1736175126.5504673,s,l
4662824,80429.1,8.972e-05,1736175134.2639277,b,l
4662825,80437.9,0.00295823,1736175136.9460044,s,l
4662826,80482.8,0.24827894,1736175152.4968326,b,m
4662827,80482.8,0.05172106,1736175152.4968326,b,m
4662828,80476.2,0.00484931,1736175155.9423318,b,l
4662829,80500.0,0.00917952,1736175163.464335,b,l
4662830,80500.0,0.03076878,1736175163.464335,b,l
4662831,80500.0,0.05,1736175163.464335,b,l
4662832,80500.0,5e-05,1736175163.464335,b,l
4662833,80500.0,0.0025,1736175163.464335,b,l
4662834,80536.3,0.00032558,1736175181.943602,s,l
4662835,80536.2,0.02483546,1736175192.4163675,s,l
4662836,80536.3,0.00084,1736175200.6642983,b,l
4662837,80536.4,0.00347795,1736175200.6642983,b,l
4662838,80550.0,0.01241464,1736175201.2643454,b,l
4662839,80555.0,0.1,1736175201.5378704,b,l
4662840,80576.5,5e-05,1736175203.664533,b,l
4662841,80585.0,0.03,1736175204.7558265,s,l
4662842,80585.1,8e-05,1736175204.8339,b,l
4662843,80609.2,0.00025322,1736175216.1073797,s,l
4662844,80609.2,0.00024559,1736175222.0356524,s,m
4662845,80609.3,0.0051458,1736175231.2138605,b,l
4662846,80663.9,0.05119961,1736175231.2138605,b,l
4662847,80664.0,0.00108339,1736175231.2138605,b,l
4662848,80665.8,0.00619841,1736175231.2138605,b,l
4662849,80672.8,0.00040187,1736175231.2138605,b,l
4662850,80673.5,0.00010243,1736175231.2138605,b,l
4662851,80686.8,0.00399917,1736175231.2138605,b,l
4662852,80687.3,0.00051088,1736175231.2138605,b,l
4662853,80697.7,0.05014892,1736175231.2138605,b,l
4662854,80697.8,0.00512525,1736175231.2138605,b,l
4662855,80671.8,0.01239591,1736175236.1536329,b,m
4662856,80693.0,0.01239264,1736175252.252798,b,l
4662857,80730.7,8e-05,1736175252.2585511,b,l
4662858,80750.0,0.00305022,1736175254.0401697,b,l
4662859,80750.0,0.00933368,1736175254.6118145,b,l
4662860,80762.3,0.53457788,1736175254.616552,b,l
4662861,80762.3,0.11962537,1736175254.620263,b,l
4662862,80780.9,0.00187419,1736175266.3805656,s,l
4662863,80747.7,0.07231909,1736175269.0402076,b,m
4662864,80747.7,0.05976246,1736175269.0402076,b,m
4662865,80715.8,0.00695125,1736175281.6938658,s,l
4662866,80723.0,0.00116346,1736175296.3204248,b,l
4662867,80722.9,0.001159,1736175300.3633356,s,m
4662868,80715.8,0.01168553,1736175300.3633356,s,m
4662869,80744.8,0.00049539,1736175309.0921404,b,m
4662870,80654.7,5e-05,1736175341.3113103,s,m
4662871,80681.4,5e-05,1736175378.7868042,s,m
4662872,80705.4,0.01479685,1736175389.6483543,s,m
4662873,80705.8,0.0722816,1736175400.5093143,s,m
4662874,80705.7,0.24751398,1736175400.5093143,s,m
4662875,80705.7,0.11253457,1736175400.5093143,s,m
4662876,80717.4,0.00060266,1736175427.986589,b,l
4662877,80739.5,0.00180798,1736175435.0883043,b,l
4662878,80745.0,0.01238466,1736175451.2640932,b,l
4662879,80781.0,0.00495662,1736175458.4657023,b,l
4662880,80792.4,0.0159,1736175458.630055,b,l
4662881,80800.0,0.01,1736175458.6319902,b,l
4662882,80818.8,8.97e-05,1736175476.12488,b,l
4662883,80705.4,0.00123907,1736175503.2978892,s,l
4662884,80702.1,0.000657,1736175503.2978892,s,l
4662885,80698.9,0.001081,1736175503.2978892,s,l
4662886,80680.0,0.01562181,1736175503.2978892,s,l
4662887,80680.1,0.000657,1736175503.5511806,s,m
4662888,80677.2,0.00058155,1736175503.5511806,s,m
4662889,80606.2,0.03509147,1736175550.7436116,s,m
4662890,80603.3,0.00348273,1736175557.0555134,s,m
4662891,80585.1,7e-05,1736175569.9695544,s,l
4662892,80494.8,0.00373424,1736175574.4002578,s,l
4662893,80503.3,0.00012119,1736175600.0515535,b,l
4662894,80503.4,6.21e-05,1736175601.651621,b,l
4662895,80439.8,0.00014428,1736175654.779356,b,l
4662896,80439.7,7e-05,1736175660.6922374,s,l
4662897,80385.1,1.214e-05,1736175686.697029,b,l
4662898,80358.4,0.00259529,1736175712.6268773,s,l
4662899,80414.1,0.000658,1736175713.7636845,b,l
4662900,80419.0,0.0015261,1736175713.7636845,b,l
4662901,80500.0,0.00051919,1736175734.803985,b,l
4662902,80504.3,0.01242169,1736175735.161425,b,l
4662903,80553.0,0.00060596,1736175736.745921,b,l
4662904,80553.0,0.01283338,1736175742.5181506,b,l
4662905,80637.0,0.00081203,1736175758.2431662,b,m
4662906,80632.5,0.00603373,1736175770.035052,b,l
4662907,80650.0,0.00136425,1736175793.4721358,b,l
4662908,80650.0,0.011035,1736175793.823217,b,l
4662909,80743.6,0.11765638,1736175795.2027757,b,m
4662910,80774.4,0.19981935,1736175801.4311018,s,m
4662911,80775.6,0.06045605,1736175802.0556943,b,l
4662912,80752.3,0.06101849,1736175866.290068,b,l
4662913,80687.5,0.00025009,1736175888.6206112,b,l
4662914,80745.5,9.09e-05,1736175895.6138022,b,l
4662915,80745.2,0.00012054,1736175896.266141,b,l
4662916,80741.8,0.00011436,1736175906.7006073,b,l
4662917,80713.3,0.00028921,1736175912.3333695,b,l
4662918,80713.2,0.00872298,1736175925.24985,s,l
4662919,80615.4,0.01205794,1736175954.821164,b,l
4662920,80658.1,0.00053743,1736175963.7954175,s,m
4662921,80686.0,0.00849431,1736175994.1790037,s,l
4662922,80699.0,0.05093,1736176068.496767,s,l
4662923,80699.1,0.00018587,1736176076.5527167,b,l
4662924,80700.0,0.0125,1736176076.5527167,b,l
4662925,80760.1,0.00057688,1736176107.1267283,b,l
4662926,80760.0,0.00023402,1736176132.7302756,s,l
4662927,80770.3,0.00302693,1736176146.5717947,b,l
4662928,80777.9,0.001124,1736176207.405692,s,l
4662929,80778.0,9.276e-05,1736176215.7778876,b,l
4662930,80777.9,0.00092159,1736176258.179998,s,l
4662931,80778.0,0.00190724,1736176262.4532,b,m
4662932,80778.0,0.0123796,1736176262.4532,b,m
4662933,80820.3,0.000657,1736176262.4532,b,m
4662934,80824.4,0.001158,1736176262.4532,b,m
4662935,80826.7,0.01306474,1736176262.4532,b,m
4662936,80850.0,0.01236858,1736176277.0439715,b,m
4662937,80874.7,0.00010217,1736176277.0439715,b,m
4662938,80875.0,0.02614501,1736176277.0439715,b,m
4662939,80876.3,0.01236665,1736176290.698652,s,l
4662940,80876.0,0.00012182,1736176296.0339663,b,l
4662941,80804.4,0.00157291,1736176309.1299927,s,l
4662942,80851.2,0.00255663,1736176322.8608336,s,l
4662943,80842.1,0.002,1736176334.0325909,s,m
4662944,80842.1,0.01165855,1736176334.8541143,s,l
4662945,80842.2,0.07210259,1736176351.3130095,b,l
4662946,80851.3,0.00024907,1736176368.6424778,b,l
4662947,80851.3,0.00095849,1736176369.969506,b,l
4662948,80851.3,0.01116082,1736176373.2923284,b,l
4662949,80872.6,0.00525783,1736176373.2923284,b,l
4662950,80876.5,8e-05,1736176375.1764858,b,l
4662951,80887.8,0.001158,1736176375.1764858,b,l
4662952,80887.8,0.01088048,1736176375.1764858,b,l
4662953,80880.1,0.01162683,1736176389.3604171,b,l
4662954,80880.1,5e-05,1736176390.2223074,b,m
4662955,80869.8,1.23e-05,1736176399.0423024,b,l
4662956,80858.1,0.01236734,1736176440.682742,b,l
4662957,80887.9,0.001223,1736176445.1329637,s,l
4662958,80887.9,0.0004446,1736176452.556744,s,l
4662959,80887.9,0.14650364,1736176461.6846669,s,l
4662960,80887.9,0.017523,1736176461.6846669,s,l
4662961,80887.9,0.000657,1736176461.6846669,s,l
4662962,80887.9,0.001158,1736176461.6846669,s,l
4662963,80887.9,0.04690652,1736176461.684667,s,l
4662964,80887.9,0.24710256,1736176461.684667,s,l
4662965,80887.9,0.07205848,1736176461.684667,s,l
4662966,80887.9,0.0026187,1736176461.684667,s,l
4662967,80887.9,0.00250965,1736176474.4266407,s,l
4662968,80888.0,0.001,1736176475.7217274,b,l
4662969,80925.9,0.00075115,1736176494.284641,b,l
4662970,80926.7,0.00352836,1736176497.6689136,b,l
4662971,80926.7,0.00462704,1736176512.4574838,b,l
4662972,80926.7,0.0055646,1736176513.9488077,b,l
4662973,80927.0,0.01235681,1736176513.9488077,b,l
4662974,80941.3,0.00052169,1736176514.0874383,b,l
4662975,80944.9,0.00507407,1736176514.8664265,s,m
4662976,80945.0,0.01235406,1736176530.292425,b,m
4662977,80945.0,0.02630982,1736176530.292425,b,m
4662978,80946.6,0.002177,1736176574.2594469,s,l
4662979,80898.4,0.00084,1736176585.8673174,b,l
4662980,80885.9,0.00121721,1736176587.015947,s,l
4662981,80885.9,0.00767432,1736176591.2638423,s,l
4662982,80855.0,0.017525,1736176613.4286184,b,l
4662983,80861.0,0.001158,1736176613.4286184,b,l
4662984,80861.2,0.000657,1736176613.4286184,b,l
4662985,80868.0,0.01075291,1736176613.4286184,b,l
4662986,80901.6,0.000657,1736176635.2200313,s,l
4662987,80901.6,0.00022198,1736176635.2200313,s,l
4662988,80903.6,0.0001358,1736176640.8909345,b,l
4662989,80946.6,0.00083916,1736176641.306983,b,l
4662990,80946.7,0.00013426,1736176641.306983,b,l
4662991,80950.0,0.00022943,1736176641.306983,b,l
4662992,80950.0,2.057e-05,1736176660.864712,b,l
4662993,80988.0,0.00265979,1736176662.953827,b,l
4662994,80988.0,0.19734021,1736176684.3639877,b,l
4662995,81000.0,0.0017319,1736176684.599079,b,l
4662996,81000.0,0.64297762,1736176684.948769,b,l
4662997,81000.0,0.00363368,1736176684.948769,b,l
4662998,81000.0,0.01324503,1736176684.948769,b,l
4662999,81000.0,0.00425051,1736176684.948769,b,l
4663000,81000.0,0.10503844,1736176684.948769,b,l
4663001,81000.0,0.00935911,1736176684.9487696,b,l
4663002,81000.0,0.09742318,1736176684.9505138,b,l
4663003,81000.0,0.00049382,1736176684.9505138,b,l
4663004,81000.0,0.00919,1736176684.9505138,b,l
4663005,81000.0,0.0125,1736176684.9505138,b,l
4663006,81000.0,0.01125,1736176684.9505138,b,l
4663007,81000.0,0.05,1736176684.9505138,b,l
4663008,81000.0,5e-05,1736176684.9505138,b,l
4663009,81000.0,0.006337,1736176684.9505138,b,l
4663010,81000.0,0.0025,1736176684.950514,b,l
4663011,81000.0,0.00051918,1736176684.950514,b,l
4663012,81000.0,0.6044755,1736176684.950514,b,l
4663013,81000.0,0.09387689,1736176684.95143,b,l
4663014,81022.6,8e-05,1736176685.0285337,b,l
4663015,81052.5,0.00074654,1736176685.9739077,b,l
4663016,81076.4,8.504e-05,1736176685.9739077,b,l
4663017,81076.4,1.688e-05,1736176700.0364037,b,l
4663018,81103.4,0.00022608,1736176700.0364037,b,l
4663019,81103.4,0.07168303,1736176709.1097777,b,l
4663020,81111.0,5e-05,1736176709.1282432,b,l
4663021,81112.0,0.01232863,1736176709.158563,b,l
4663022,81126.1,0.001,1736176713.3698244,b,l
4663023,81081.0,0.00107,1736176734.8669362,s,l
4663024,81081.0,0.05,1736176735.849533,s,l
4663025,81081.2,0.1,1736176739.7406828,s,l
4663026,81111.8,0.3,1736176747.1586845,s,m
4663027,81111.8,0.1,1736176747.1586845,s,m
4663028,81107.8,0.1,1736176747.1586845,s,m
4663029,81107.8,0.1,1736176747.1586845,s,m
4663030,81107.8,0.04654978,1736176747.1586845,s,m
4663031,81106.7,0.05345022,1736176747.1586845,s,m
4663032,81106.7,0.1,1736176747.1586845,s,m
4663033,81106.7,0.09310302,1736176747.1586845,s,m
4663034,81099.5,0.00689698,1736176747.1586845,s,m
4663035,81126.0,0.01255484,1736176752.1214204,s,l
4663036,81126.1,0.01628687,1736176780.344462,b,m
4663037,81126.1,0.03270749,1736176804.7782812,b,l
4663038,81127.0,0.01232635,1736176805.5520597,b,l
4663039,81168.5,0.00274403,1736176822.0620823,s,m
4663040,81146.9,0.00051093,1736176838.280883,b,m
4663041,81153.1,0.00048601,1736176847.421445,b,l
4663042,81168.9,0.00616067,1736176851.8825204,s,l
4663043,81168.9,0.01231999,1736176878.144014,s,l
4663044,81168.9,0.002852,1736176878.144014,s,l
4663045,81102.4,0.00102058,1736176892.4249306,s,l
4663046,81155.8,0.01828426,1736176906.327968,s,l
4663047,81156.0,0.001156,1736176914.3337817,s,l
4663048,81139.6,4.737e-05,1736176914.3337817,s,l
4663049,81136.7,0.00033064,1736176930.7635906,s,l
4663050,81168.9,0.00033068,1736176941.296581,s,l
4663051,81168.9,0.04039217,1736176941.680345,s,m
4663052,81168.9,0.005,1736176959.6515107,s,l
4663053,81169.0,8e-05,1736176977.642732,b,l
4663054,81169.0,0.001156,1736176977.642732,b,l
4663055,81191.5,0.00152067,1736176977.642732,b,l
4663056,81181.8,0.00262,1736176982.7126453,s,l
4663057,81197.4,0.01038367,1736176992.7205288,b,l
4663058,81100.0,0.00036266,1736177037.7644544,s,l
4663059,81100.0,7.25e-06,1736177057.2947648,s,l
4663060,81022.6,7e-05,1736177065.4332318,s,l
4663061,81000.0,0.00012861,1736177069.4285042,s,l
4663062,81000.1,0.00060059,1736177070.8635216,b,l
4663063,81000.0,0.00023702,1736177073.7684302,s,l
4663064,81041.7,0.02403049,1736177086.9500034,b,l
4663065,81052.0,0.00115073,1736177095.1671898,b,l
4663066,81051.6,0.00600378,1736177098.4572675,b,l
4663067,81031.6,0.04862177,1736177099.568902,b,l
4663068,81111.1,0.00625839,1736177120.8587654,s,l
4663069,81175.6,0.00022785,1736177167.63178,b,l
4663070,81188.5,0.00215143,1736177175.5381572,s,l
4663071,81198.4,5e-05,1736177179.5139194,b,l
4663072,81217.5,0.04615817,1736177179.5139194,b,l
4663073,81194.9,0.00022141,1736177192.678315,b,l
4663074,81224.8,0.00061557,1736177232.7352197,b,l
4663075,81242.7,0.000656,1736177251.2857704,s,l
4663076,81242.6,0.00086189,1736177251.2857704,s,l
4663077,81191.1,0.00024269,1736177271.034141,b,l
4663078,81205.6,0.00035957,1736177278.456795,b,l
4663079,81177.4,0.01,1736177288.2835436,b,m
4663080,81178.1,0.0005251,1736177296.8418171,b,l
4663081,81249.0,5.841e-05,1736177373.408915,b,l
4663082,81249.0,0.01224943,1736177417.2219074,b,l
4663083,81278.6,0.00010167,1736177421.7761202,b,l
4663084,81298.5,0.0035278,1736177421.7761202,b,l
4663085,81302.0,0.00017968,1736177423.381636,b,l
4663086,81302.0,0.00014275,1736177425.1754687,b,l
4663087,81302.0,0.00034757,1736177427.4279609,b,l
4663088,81302.9,0.0004849,1736177427.4279609,b,l
4663089,81302.9,0.15756888,1736177429.022061,b,l
4663090,81315.7,8e-05,1736177429.146193,b,l
4663091,81327.4,0.00347795,1736177433.197119,b,m
4663092,81364.2,0.00038917,1736177433.197119,b,m
4663093,81368.9,0.00596943,1736177433.197119,b,m
4663094,81372.2,0.013822,1736177493.9874551,b,l
4663095,81372.2,0.02153808,1736177493.9874551,b,l
4663096,81372.2,0.04236692,1736177493.9874551,b,l
4663097,81372.1,0.01037,1736177497.0539722,s,l
4663098,81300.0,5e-05,1736177500.373068,s,m
4663099,81300.0,0.00186022,1736177500.373068,s,m
4663100,81311.9,0.00166027,1736177505.0341103,b,m
4663101,81327.1,0.000625,1736177508.7887752,s,l
4663102,81377.0,0.1,1736177511.1604302,s,l
4663103,81356.4,0.06237985,1736177517.6213586,s,l
4663104,81356.5,0.00024578,1736177517.6522548,b,l
4663105,81299.6,0.00127676,1736177551.6699595,s,l
4663106,81343.3,0.00018168,1736177598.0340805,b,l
4663107,81345.4,0.00041213,1736177601.6758811,b,l
4663108,81331.1,0.00207311,1736177613.8408153,s,l
4663109,81331.1,0.0007,1736177617.5827763,s,m
4663110,81345.4,0.0024589,1736177629.094496,b,m
4663111,81345.4,0.07130064,1736177664.193538,b,l
4663112,81350.0,0.04405259,1736177664.1935382,b,l
4663113,81400.0,0.00113625,1736177698.7707934,b,l
4663114,81400.0,0.00061838,1736177722.721177,b,l
4663115,81399.7,0.00121156,1736177732.068201,b,l
4663116,81400.0,0.00010893,1736177767.030459,b,l
4663117,81400.0,0.0005,1736177794.53223,b,m
4663118,81399.9,0.001155,1736177827.196663,s,l
4663119,81399.9,0.000655,1736177827.196663,s,l
4663120,81399.9,0.04690652,1736177827.196663,s,l
4663121,81399.9,0.01315089,1736177827.196663,s,l
4663122,81400.0,0.02220646,1736177832.010137,b,l
4663123,81424.9,0.00031164,1736177833.7598958,s,l
4663124,81425.0,0.01228124,1736177833.76438,b,l
4663125,81430.0,0.001,1736177836.2644458,b,l
4663126,81462.6,8e-05,1736177860.4089515,b,l
4663127,81463.0,0.00108339,1736177860.4089515,b,l
4663128,81481.1,0.00182275,1736177860.4089515,b,l
4663129,81481.3,0.00010141,1736177888.157264,b,l
4663130,81500.0,0.0015432,1736177888.157264,b,l
4663131,81499.9,0.01840603,1736177888.932129,s,l
4663132,81491.1,0.01249963,1736177891.1249225,b,l
4663133,81492.8,0.24539889,1736177891.1249225,b,l
4663134,81494.2,0.24210148,1736177891.1249228,b,l
4663135,81500.0,0.00076073,1736177909.7910433,b,m
4663136,81493.2,0.1,1736177914.1918175,s,l
4663137,81472.6,0.00098159,1736177957.0923688,b,l
4663138,81458.0,0.00149114,1736177963.4109366,b,l
4663139,81408.1,0.00025374,1736178002.0423863,s,l
4663140,81447.7,0.002,1736178050.5688798,s,m
4663141,81458.8,0.017492,1736178056.7194145,b,l
4663142,81486.8,0.000655,1736178056.7194145,b,l
4663143,81487.8,0.001155,1736178056.7194145,b,l
4663144,81491.3,0.01009017,1736178056.7194145,b,l
4663145,81491.4,0.24544344,1736178056.7194145,b,l
4663146,81496.3,0.07514856,1736178056.7194145,b,l
4663147,81484.0,0.00959452,1736178068.022014,b,l
4663148,81484.5,0.06986668,1736178068.022014,b,l
4663149,81467.0,0.00092166,1736178072.5788274,s,l
4663150,81467.0,0.00092166,1736178072.583733,s,l
4663151,81464.5,0.00092166,1736178074.265632,s,l
4663152,81462.6,0.00092166,1736178075.552256,s,l
4663153,81462.6,0.00092166,1736178077.176977,s,l
4663154,81462.3,0.00092166,1736178079.8038929,s,l
4663155,81462.3,0.00092166,1736178079.8040483,s,l
4663156,81462.3,0.00304661,1736178079.80412,s,l
4663157,81476.5,0.00092166,1736178080.4079423,s,l
4663158,81476.5,0.00286583,1736178080.409383,s,l
4663159,81457.7,0.00011949,1736178082.9831097,b,l
4663160,81464.5,0.01252783,1736178093.7150466,s,l
4663161,81500.0,0.00022703,1736178128.7975736,b,l
4663162,81500.0,0.00373293,1736178147.3847098,b,l
4663163,81500.0,0.00688464,1736178147.3847098,b,l
4663164,81500.0,0.01125,1736178147.3847098,b,l
4663165,81500.0,0.05,1736178147.3847098,b,l
4663166,81500.0,5e-05,1736178147.3847098,b,l
4663167,81500.0,0.0025,1736178147.3847098,b,l
4663168,81500.0,0.01226993,1736178147.3847098,b,l
4663169,81510.7,0.00049077,1736178174.949828,b,l
4663170,81523.9,0.000655,1736178189.8187058,s,m
4663171,81523.9,0.001155,1736178189.8187058,s,m
4663172,81523.9,0.00010289,1736178189.8187058,s,m
4663173,81523.9,0.00291995,1736178193.8107276,s,l
4663174,81524.0,0.001,1736178198.6567552,b,l
4663175,81524.5,0.00014605,1736178198.6567552,b,l
4663176,81524.5,0.001,1736178241.2669938,b,l
4663177,81524.5,0.1008316,1736178279.011068,b,l
4663178,81524.6,0.00019908,1736178279.0224082,s,l
4663179,81596.9,0.00035259,1736178291.2390254,s,l
4663180,81597.0,0.00167964,1736178312.224552,b,l
4663181,81597.0,0.01057571,1736178315.0649548,b,l
4663182,81597.0,0.01997425,1736178315.0649548,b,l
4663183,81609.8,9e-05,1736178315.2530346,b,l
4663184,81629.2,0.00013314,1736178315.8089347,b,l
4663185,81684.5,0.00010116,1736178316.1223512,b,l
4663186,81685.6,0.000654,1736178317.66422,b,l
4663187,81697.9,0.00068968,1736178327.1764264,s,m
4663188,81697.9,0.04621684,1736178334.0627315,s,l
4663189,81697.9,0.000654,1736178334.0627315,s,l
4663190,81697.9,0.00312916,1736178334.0627315,s,l
4663191,81697.9,0.00624618,1736178342.118414,s,l
4663192,81697.9,0.02480339,1736178345.126474,s,l
4663193,81698.0,0.000113,1736178359.335103,b,l
4663194,81698.0,0.00035738,1736178371.7834406,b,l
4663195,81697.9,0.00058155,1736178406.4913998,b,l
4663196,81650.0,0.00036742,1736178433.607973,s,l
4663197,81550.2,0.000655,1736178448.9890935,b,l
4663198,81550.2,0.00048997,1736178448.9890935,b,l
4663199,81550.1,0.00084,1736178453.8095496,s,l
4663200,81550.0,0.00019992,1736178453.8095496,s,l
4663201,81550.1,0.00010037,1736178457.3985684,b,l
4663202,81561.3,0.00053841,1736178491.4451542,s,l
4663203,81599.6,0.00011181,1736178503.4730198,b,l
4663204,81572.8,0.00059268,1736178521.5780294,b,l
4663205,81616.2,0.00042956,1736178537.410925,s,l
4663206,81615.8,0.00057083,1736178545.91243,b,l
4663207,81691.2,0.033,1736178614.2265708,s,l
4663208,81698.0,0.00200464,1736178620.717611,b,l
4663209,81698.0,0.00022639,1736178625.848436,b,l
4663210,81684.5,0.01719702,1736178634.521966,b,l
4663211,81598.6,0.00071476,1736178645.248923,b,l
4663212,81603.6,0.1,1736178669.695837,b,m
4663213,81653.2,0.02609323,1736178669.695837,b,m
4663214,81653.3,0.07390677,1736178669.695837,b,m
4663215,81698.0,0.0059563,1736178740.147163,b,l
4663216,81698.0,0.00358249,1736178773.1682231,b,l
4663217,81698.0,0.1263963,1736178773.1682231,b,l
4663218,81700.0,0.03658268,1736178773.1918652,b,l
4663219,81756.5,0.00444021,1736178776.0122774,b,l
4663220,81757.2,9e-05,1736178776.1025486,b,l
4663221,81768.0,0.01222972,1736178776.634356,b,l
4663222,81771.0,0.00074654,1736178777.424831,b,l
4663223,81820.2,5e-05,1736178806.7531216,b,l
4663224,81888.1,0.00549797,1736178831.9883287,s,l
4663225,81888.1,0.00038,1736178832.3057427,s,l
4663226,81888.1,8e-05,1736178837.6677732,s,l
4663227,81888.1,0.08759811,1736178870.2182324,s,l
4663228,81888.2,0.00010091,1736178871.215834,b,m
4663229,81895.3,0.00848689,1736178871.215834,b,m
4663230,81880.4,0.00056894,1736178881.0676987,b,l
4663231,81827.9,0.00012044,1736178915.0326262,b,l
4663232,81800.0,5e-05,1736178932.5547843,s,l
4663233,81800.0,0.00025677,1736178932.5547843,s,l
4663234,81800.1,0.00029744,1736178937.5529008,b,l
4663235,81800.1,0.01222492,1736178940.9986222,b,m
4663236,81800.1,0.0001033,1736178944.750808,b,m
4663237,81864.2,0.00059464,1736178967.264171,b,l
4663238,81800.0,0.00010997,1736178982.64951,s,l
4663239,81762.3,0.00102045,1736178982.64951,s,l
4663240,81768.6,0.00034045,1736178982.7380068,b,l
4663241,81700.1,0.00023414,1736179024.3744285,b,m
4663242,81700.1,0.00011912,1736179062.8738935,b,l
4663243,81700.1,0.00514075,1736179076.1592815,b,m
4663244,81700.1,0.0476492,1736179093.091508,b,l
4663245,81700.0,5e-05,1736179095.0007377,s,l
4663246,81672.6,0.00030745,1736179095.0007377,s,l
4663247,81694.6,0.00022633,1736179115.9301426,b,l
4663248,81700.1,0.0060295,1736179134.114037,b,l
4663249,81673.5,9.793e-05,1736179161.773945,b,l
4663250,81672.7,0.00074243,1736179163.571623,b,l
4663251,81706.2,0.0005772,1736179213.6932142,b,l
4663252,81678.0,0.01224147,1736179215.434162,b,l
4663253,81697.2,1.809e-05,1736179219.0316403,b,l
4663254,81695.7,2.3e-05,1736179219.1713555,b,l
4663255,81702.0,0.00143928,1736179233.1794708,b,l
4663256,81645.9,0.0183029,1736179270.8454814,s,m
4663257,81645.9,0.01875935,1736179270.8454814,s,m
4663258,81644.1,0.04899312,1736179294.7815194,s,l
4663259,81630.0,0.00049001,1736179300.1563702,s,l
4663260,81609.8,7e-05,1736179306.7865398,s,l
4663261,81603.5,0.00013345,1736179306.8530974,s,l
4663262,81639.7,0.00084,1736179320.003899,b,m
4663263,81672.6,0.00038682,1736179320.003899,b,m
4663264,81658.4,0.061236,1736179326.9943433,s,l
4663265,81619.9,0.00047645,1736179342.9979296,s,m
4663266,81600.0,5e-05,1736179347.662945,s,l
4663267,81587.1,0.00624558,1736179347.662945,s,l
4663268,81588.9,0.0009,1736179348.929739,s,m
4663269,81619.7,0.00024501,1736179349.8925145,b,l
4663270,81565.3,0.02318054,1736179358.6536698,b,l
4663271,81584.7,0.08703122,1736179358.6536698,b,l
4663272,81584.8,0.00023858,1736179375.1092236,b,l
4663273,81584.7,0.0125961,1736179376.0488467,s,l
4663274,81557.7,0.0002416,1736179385.0408733,b,l
4663275,81565.0,0.00059758,1736179403.804643,s,l
4663276,81584.8,0.00024152,1736179413.033224,b,l
4663277,81571.9,0.000655,1736179472.8986745,s,l
4663278,81566.7,0.01825676,1736179472.8986745,s,l
4663279,81578.4,0.005965,1736179478.5040956,b,l
4663280,81584.8,0.00119291,1736179507.1106906,b,l
4663281,81584.8,0.01913453,1736179507.664317,b,l
4663282,81584.8,0.27952429,1736179507.664317,b,l
4663283,81694.9,3.576e-05,1736179572.2354934,b,l
4663284,81699.9,0.00897624,1736179585.7848008,s,m
4663285,81699.9,0.01223993,1736179587.040369,s,m
4663286,81684.1,0.00062883,1736179666.603644,s,l
4663287,81700.0,0.06037883,1736179680.004382,b,m
4663288,81698.3,2.412e-05,1736179733.034462,b,l
4663289,81690.3,0.01835987,1736179734.8548636,b,l
4663290,81700.0,0.03574166,1736179796.0786169,b,l
4663291,81705.6,0.0404896,1736179796.0893974,b,l
4663292,81707.2,0.001154,1736179796.095807,b,l
4663293,81709.4,0.000654,1736179796.234543,b,l
4663294,81726.6,0.017469,1736179796.2364826,b,l
4663295,81750.0,0.00259632,1736179796.3035407,b,l
4663296,81735.3,0.001154,1736179796.6347506,b,l
4663297,81738.9,0.00144232,1736179796.6347506,b,l
4663298,81738.9,0.00259632,1736179796.6611345,b,l
4663299,81738.9,0.00259632,1736179796.6635554,b,l
4663300,81809.5,0.0011887,1736179803.5676625,b,l
4663301,81864.4,0.00120348,1736179838.2162714,b,l
4663302,81860.0,0.00205848,1736179842.557987,b,l
4663303,81866.0,0.00017831,1736179870.4480648,b,l
4663304,81838.1,0.00022583,1736179881.3057585,b,l
4663305,81802.9,0.01361519,1736179908.8512187,b,l
4663306,81815.0,0.01032842,1736179908.8512187,b,l
4663307,81820.9,0.00076747,1736179938.254623,b,l
4663308,81820.8,0.00036355,1736179939.5242662,s,l
4663309,81695.5,0.00087415,1736179955.4355965,s,l
4663310,81740.7,0.00012053,1736179972.0323482,b,l
4663311,81722.6,0.00048946,1736179975.3807316,b,l
4663312,81705.0,0.00238099,1736179979.8739548,b,l
4663313,81714.8,0.00537081,1736179982.991181,b,l
4663314,81684.2,0.00029065,1736180020.1584947,b,l
4663315,81688.0,8.985e-05,1736180042.0589452,b,l
4663316,81688.0,0.01527364,1736180044.335028,b,l
4663317,81678.8,0.00115799,1736180097.7085042,b,l
4663318,81688.4,9.94e-05,1736180101.0784707,b,l
4663319,81664.7,0.00119,1736180107.261492,b,l
4663320,81657.4,0.00029893,1736180116.244545,s,m
4663321,81651.3,0.017479,1736180116.2445452,s,m
4663322,81649.4,0.001154,1736180116.2445452,s,m
4663323,81645.0,0.005,1736180116.2445452,s,m
4663324,81639.5,0.0341867,1736180116.2445452,s,m
4663325,81695.3,0.00451863,1736180157.4016354,s,m
4663326,81720.1,0.037,1736180176.051906,s,m
4663327,81725.1,1.257e-05,1736180181.9800134,s,l
4663328,81777.2,0.00062201,1736180195.7883546,s,l
4663329,81757.2,0.01203714,1736180199.015145,s,l
4663330,81757.6,0.00994,1736180200.4799497,s,l
4663331,81729.3,0.0180452,1736180257.4273186,b,l
4663332,81732.3,0.01884752,1736180257.4273186,b,l
4663333,81730.1,0.00363597,1736180273.116832,s,l
4663334,81697.0,3.956e-05,1736180352.035606,b,l
4663335,81748.3,0.00620808,1736180375.9814525,s,l
4663336,81748.4,0.00012232,1736180382.4653263,b,l
4663337,81793.0,0.00059167,1736180382.4653263,b,l
4663338,81792.8,0.00297716,1736180385.368484,b,l
4663339,81791.2,0.00065033,1736180388.424936,b,l
4663340,81820.1,8.971e-05,1736180422.9158192,b,l
4663341,81814.8,0.0002,1736180432.6695344,s,l
4663342,81811.2,0.002395,1736180438.5732331,s,l
4663343,81772.6,0.00017085,1736180536.235173,b,l
4663344,81801.5,0.00611236,1736180548.3593974,b,m
4663345,81797.6,0.0005766,1736180559.423599,b,l
4663346,81788.1,0.00011287,1736180567.9244134,b,l
4663347,81824.6,0.00032,1736180611.7728264,s,l
4663348,81822.0,0.00074513,1736180615.8096173,s,m
4663349,81819.3,0.0004,1736180628.112693,s,m
4663350,81819.3,0.00122219,1736180639.7021587,b,l
4663351,81817.3,0.00122263,1736180662.0599566,s,m
4663352,81851.1,0.00038238,1736180671.6045263,b,l
4663353,81865.5,0.00171366,1736180755.483912,b,l
4663354,81858.1,0.00030089,1736180760.034151,b,l
4663355,81857.0,0.00011277,1736180761.326014,b,l
4663356,81839.0,5.946e-05,1736180768.7857175,b,l
4663357,81838.3,0.017464,1736180776.802105,b,l
4663358,81838.3,0.001153,1736180776.802105,b,l
4663359,81838.3,0.00426756,1736180776.802105,b,l
4663360,81838.3,2.378e-05,1736180777.6319766,b,l
4663361,81838.2,0.00051669,1736180781.4189675,s,l
4663362,81839.8,0.0089895,1736180921.9377282,b,l
4663363,81859.6,0.00010558,1736180929.9192762,b,l
4663364,81844.8,0.00030094,1736181001.1996584,b,l
4663365,81843.6,0.00057624,1736181002.7214715,b,l
4663366,81843.7,0.00244368,1736181004.1971097,b,m
4663367,81838.3,0.14644659,1736181010.8509724,b,l
4663368,81838.3,0.04690652,1736181010.8509724,b,l
4663369,81838.3,0.1,1736181010.8509724,b,l
4663370,81838.3,0.01211753,1736181010.8509724,b,l
4663371,81838.3,0.17017947,1736181010.8509724,b,l
4663372,81838.2,0.00070523,1736181020.5961435,s,m
4663373,81838.2,0.00061096,1736181020.5961435,s,m
4663374,81817.4,0.00030604,1736181020.5961435,s,m
4663375,81812.7,0.00015,1736181027.8755722,b,m
4663376,81786.6,0.00226013,1736181030.3162682,s,l
4663377,81781.0,0.00017085,1736181054.264662,s,l
4663378,81774.5,0.00166319,1736181054.264662,s,l
4663379,81738.2,0.00611709,1736181096.2482202,b,m
4663380,81765.7,0.00114262,1736181127.3499298,b,l
4663381,81745.2,0.00050281,1736181143.1084912,s,l
4663382,81775.2,0.00178549,1736181145.8834314,b,l
4663383,81792.8,0.00023801,1736181226.7960591,b,l
4663384,81790.7,0.00352936,1736181247.3058262,s,l
4663385,81772.6,0.00654586,1736181270.3666644,b,l
4663386,81772.0,0.00011902,1736181271.0554552,b,l
4663387,81738.4,0.00182264,1736181273.1250472,s,l
4663388,81752.8,0.01029151,1736181325.935895,s,l
4663389,81752.8,0.07105367,1736181325.935895,s,l
4663390,81740.0,0.4,1736181325.9628966,s,l
4663391,81737.6,0.000654,1736181325.974335,s,l
4663392,81737.5,0.017476,1736181325.974335,s,l
4663393,81734.9,0.001154,1736181325.9762883,s,l
4663394,81700.0,5e-05,1736181352.1281624,s,m
4663395,81606.1,0.00031764,1736181352.1281624,s,m
4663396,81600.0,5e-05,1736181362.1437528,s,m
4663397,81600.0,5e-05,1736181362.1437528,s,m
4663398,81579.5,0.01827674,1736181362.143753,s,m
4663399,81627.8,0.00575579,1736181423.6389923,s,l
4663400,81647.5,0.00164954,1736181426.4859524,b,l
4663401,81584.7,0.00011929,1736181492.1812274,b,l
4663402,81557.6,0.00306531,1736181544.7488756,s,l
4663403,81531.3,0.000655,1736181588.233801,b,l
4663404,81534.3,0.001155,1736181588.233801,b,l
4663405,81535.7,0.00177143,1736181588.233801,b,l
4663406,81535.7,0.00230965,1736181589.3587468,b,l
4663407,81526.8,0.00095501,1736181643.3991723,b,l
4663408,81500.1,0.00057164,1736181660.656201,b,l
4663409,81500.1,0.001155,1736181663.8584402,b,l
4663410,81500.1,0.00175074,1736181663.8584402,b,l
4663411,81509.1,0.00011326,1736181690.9098558,b,l
4663412,81514.3,0.0001244,1736181725.3228035,s,l
4663413,81500.1,0.01456867,1736181770.9213276,b,l
4663414,81500.1,0.00013304,1736181791.729135,b,l
4663415,81500.1,0.05033123,1736181795.4653933,b,m
4663416,81500.0,5e-05,1736181797.0680373,s,l
4663417,81462.6,7e-05,1736181800.7157395,s,l
4663418,81400.1,0.00552046,1736181807.635133,b,l
4663419,81400.0,5e-05,1736181853.0275548,s,l
4663420,81369.7,0.001156,1736181853.0275548,s,l
4663421,81365.8,0.00061851,1736181853.0275548,s,l
4663422,81338.4,0.00011211,1736181911.9217238,b,l
4663423,81366.7,0.000655,1736181965.4067116,s,l
4663424,81361.1,0.01827928,1736181965.4067116,s,l
4663425,81400.0,0.00502432,1736181986.223468,s,l
4663426,81315.8,0.00029915,1736182041.451208,b,l
4663427,81315.7,7e-05,1736182077.6283498,s,m
4663428,81300.0,5e-05,1736182077.6283498,s,m
4663429,81298.2,0.001156,1736182077.6283498,s,m
4663430,81287.6,0.024224,1736182077.6283498,s,m
4663431,81306.1,0.00132058,1736182115.473489,s,l
4663432,81279.6,0.00016214,1736182141.212699,s,m
4663433,81297.9,0.00014247,1736182145.7601511,s,m
4663434,81279.2,9.905e-05,1736182183.350012,s,l
4663435,81306.1,0.00049139,1736182203.054881,b,l
4663436,81454.3,0.02389907,1736182255.248844,b,l
4663437,81462.6,7e-05,1736182292.5003357,b,l
4663438,81559.9,0.000655,1736182294.243194,b,l
4663439,81560.0,0.0004921,1736182294.243194,b,l
4663440,81560.0,0.00013288,1736182317.032276,b,l
4663441,81559.9,0.00056671,1736182320.7408402,s,l
4663442,81585.3,0.0002141,1736182353.9637876,s,l
4663443,81558.4,0.0007,1736182382.3953722,s,l
4663444,81561.0,0.009991,1736182401.7653284,s,l
4663445,81572.4,0.00030653,1736182433.9011264,s,l
4663446,81589.0,0.00937502,1736182457.1736329,b,l
4663447,81609.8,7e-05,1736182458.1395695,b,l
4663448,81697.4,0.00061289,1736182481.9060383,s,l
4663449,81589.8,0.000655,1736182561.152879,s,m
4663450,81586.0,0.00240861,1736182561.152879,s,m
4663451,81600.4,0.00059638,1736182591.0715218,b,l
4663452,81550.0,0.00012081,1736182632.031691,b,l
4663453,81549.9,0.00049708,1736182663.3807988,s,l
4663454,81550.0,0.0121416,1736182671.1628437,b,l
4663455,81576.8,6.297e-05,1736182698.579559,s,l
4663456,81588.0,0.00011468,1736182719.6934788,b,l
4663457,81587.9,0.00755644,1736182724.618543,s,l
4663458,81580.8,0.00021615,1736182761.3297822,s,l
4663459,81583.4,0.0025,1736182777.76635,s,l
4663460,81579.8,0.00375,1736182788.998225,s,l
4663461,81581.5,0.00012077,1736182800.1229715,b,l
4663462,81581.8,0.00375,1736182800.272525,s,l
4663463,81582.4,0.00011316,1736182802.9071815,b,l
4663464,81577.3,1.208e-05,1736182805.0358458,b,l
4663465,81550.0,0.00059826,1736182831.7923155,b,l
4663466,81550.0,1.812e-05,1736182850.0354776,b,l
4663467,81549.9,0.00030055,1736182853.1846929,s,l
4663468,81550.0,0.0001132,1736182853.2200253,b,l
4663469,81550.0,0.00012081,1736182861.0354388,b,l
4663470,81549.9,6.01e-06,1736182905.9436398,s,l
4663471,81500.5,0.00596957,1736182915.7429836,b,l
4663472,81508.9,0.00152989,1736182921.5010128,s,m
4663473,81508.9,0.00124232,1736182921.5010128,s,m
4663474,81508.9,0.00153268,1736182921.5010128,s,m
4663475,81524.4,0.00167151,1736182934.427303,b,l
4663476,81524.4,0.00926578,1736182944.511077,b,l
4663477,81543.0,0.00072767,1736182957.5867686,s,m
4663478,81539.9,3e-05,1736182968.4490154,s,l
4663479,81511.9,0.0003067,1736183035.7705035,b,m
4663480,81564.0,0.000655,1736183055.2865138,b,l
4663481,81564.4,0.001155,1736183055.2865138,b,l
4663482,81572.3,0.01013295,1736183055.2865138,b,l
4663483,81498.2,0.4,1736183070.8193796,b,l
4663484,81500.1,0.04775657,1736183077.8486984,b,l
4663485,81500.0,0.50930335,1736183128.628461,s,l
4663486,81500.0,0.50930335,1736183128.633033,s,l
4663487,81500.0,0.50930335,1736183128.6359775,s,l
4663488,81500.0,0.50930335,1736183128.638898,s,l
4663489,81500.1,0.00010184,1736183136.6354797,b,m
4663490,81500.1,0.00100323,1736183143.8816926,b,l
4663491,81500.0,0.49359339,1736183159.8558066,s,l
4663492,81500.0,0.13667787,1736183160.1412983,s,l
4663493,81462.6,7e-05,1736183194.3402395,s,l
4663494,81397.7,8.061e-05,1736183210.036345,b,l
4663495,81397.7,0.00057941,1736183258.9293866,b,l
4663496,81397.6,0.02825636,1736183287.1991282,s,m
4663497,81397.7,0.00336498,1736183294.7963643,b,l
4663498,81462.6,0.00017551,1736183319.8446968,b,l
4663499,81469.2,0.0004034,1736183319.8446968,b,l
4663500,81579.8,0.00118862,1736183389.338799,s,l
4663501,81540.1,0.00622478,1736183423.6434338,s,l
4663502,81540.8,0.00023876,1736183448.196168,b,l
4663503,81549.7,0.00624181,1736183486.7864852,s,m
4663504,81549.7,0.00314992,1736183530.358169,s,l
4663505,81549.8,0.01173959,1736183533.6009676,b,m
4663506,81571.4,0.017487,1736183533.6009676,b,m
4663507,81579.9,0.02451584,1736183533.6009676,b,m
4663508,81588.9,0.16075961,1736183533.600968,b,m
4663509,81550.6,0.0001118,1736183567.5396104,b,l
4663510,81556.8,0.00053813,1736183575.1636014,s,l
4663511,81551.9,0.00675,1736183637.522439,s,l
4663512,81551.9,0.01454533,1736183690.429305,b,l
4663513,81551.9,0.0036279,1736183692.4313788,b,l
4663514,81551.8,9.81e-05,1736183697.5094194,s,l
4663515,81538.9,0.017496,1736183697.5094194,s,l
4663516,81531.3,0.001155,1736183697.5094194,s,l
4663517,81526.8,0.02392865,1736183697.5094194,s,l
4663518,81526.7,0.10078225,1736183697.5094194,s,l
4663519,81528.5,0.00403907,1736183733.8280013,b,l
4663520,81528.5,0.00155192,1736183734.7675617,b,l
4663521,81535.5,0.01354967,1736183737.615877,b,l
4663522,81506.7,0.00012088,1736183754.0326996,b,l
4663523,81510.0,0.00011849,1736183775.219637,s,l
4663524,81523.7,0.00049077,1736183810.7805054,s,l
4663525,81513.5,0.01148815,1736183823.8800554,b,l
4663526,81546.7,0.01991921,1736183835.6637027,s,l
4663527,81539.8,0.001155,1736183835.6637027,s,l
4663528,81535.3,0.05392579,1736183835.6637027,s,l
4663529,81513.1,2.417e-05,1736183859.3768442,b,l
4663530,81500.0,5e-05,1736183928.4779675,s,l
4663531,81432.7,1.304e-05,1736183928.4779675,s,l
4663532,81452.7,0.00287039,1736183936.2189393,b,l
4663533,81401.0,0.00277658,1736183964.761868,s,l
4663534,81412.9,0.00137523,1736183972.1295986,s,l
4663535,81401.0,0.00021046,1736184005.288654,b,l
4663536,81401.0,0.00232635,1736184012.3512094,b,l
4663537,81483.8,0.00079763,1736184015.305574,s,l
4663538,81459.5,0.0011947,1736184052.9916074,b,l
4663539,81494.5,6.304e-05,1736184083.5130367,s,l
4663540,81485.4,0.00736745,1736184086.5838037,s,l
4663541,81485.3,0.01118811,1736184086.5838037,s,l
4663542,81500.0,5e-05,1736184120.5472138,b,l
4663543,81551.9,0.00403643,1736184140.6663818,s,m
4663544,81552.0,0.00011934,1736184153.6103926,b,l
4663545,81552.0,0.0001186,1736184247.885106,b,l
4663546,81552.0,0.00114566,1736184272.4365203,b,l
4663547,81552.0,0.01064693,1736184301.572075,b,l
4663548,81556.8,0.01232225,1736184301.572075,b,l
4663549,81556.8,0.00017901,1736184301.6385748,b,l
4663550,81556.8,0.00012479,1736184316.893926,b,l
4663551,81556.8,0.0001053,1736184319.6532867,b,l
4663552,81552.1,0.00059666,1736184348.5949008,b,l
4663553,81551.9,0.30655325,1736184404.90282,s,l
4663554,81480.5,0.00417688,1736184406.3318582,b,l
4663555,81474.9,0.00101206,1736184408.1974776,b,l
4663556,81475.0,0.0049611,1736184408.1974778,b,l
4663557,81452.2,0.00179228,1736184435.0206866,b,l
4663558,81474.9,0.00034194,1736184463.6445196,b,l
4663559,81498.7,0.00119447,1736184470.2259233,b,l
4663560,81471.8,0.01672389,1736184502.0492992,b,l
4663561,81476.0,0.00114678,1736184507.1553502,b,l
4663562,81462.9,0.00083132,1736184512.136228,s,l
4663563,81452.2,0.00601467,1736184531.799394,b,l
4663564,81452.1,8.89e-05,1736184554.3830547,s,l
4663565,81414.1,4.853e-05,1736184561.38462,b,l
4663566,81407.2,0.00050148,1736184567.6838243,s,l
4663567,81449.9,0.00049259,1736184593.1379864,s,l
4663568,81450.0,0.00013669,1736184601.1926384,b,l
4663569,81450.0,0.00087007,1736184601.2027562,b,l
4663570,81449.9,0.01252305,1736184618.151765,s,l
4663571,81449.9,0.002378,1736184629.015639,s,l
4663572,81450.0,0.00114709,1736184632.9731317,b,l
4663573,81450.0,0.00595397,1736184634.1513455,b,l
4663574,81406.4,0.00223736,1736184683.2419782,s,l
4663575,81413.2,0.00126208,1736184691.9109042,b,l
4663576,81413.5,0.00039351,1736184693.4101198,s,l
4663577,81409.5,0.02878601,1736184702.2850306,s,l
4663578,81409.4,0.02801727,1736184702.2850306,s,l
4663579,81400.1,0.00011341,1736184726.9186273,b,l
4663580,81400.0,5e-05,1736184729.7712214,s,l
4663581,81397.8,0.01,1736184729.7712214,s,l
4663582,81397.6,0.0002457,1736184729.7712214,s,l
4663583,81462.0,0.00016941,1736184774.2916484,b,l
4663584,81461.4,0.00017059,1736184789.6788485,b,l
4663585,81498.9,0.04810511,1736184797.3417687,b,l
4663586,81507.3,4.231e-05,1736184801.0590096,b,l
4663587,81531.0,0.00017059,1736184824.464238,s,l
4663588,81531.1,0.00049116,1736184827.9260845,b,l
4663589,81531.1,0.01100802,1736184827.9260845,b,l
4663590,81544.7,0.00121407,1736184900.7591813,b,l
4663591,81548.0,0.00049051,1736184915.5514226,b,m
4663592,81362.4,0.00086036,1736185021.081416,b,l
4663593,81354.9,0.00028832,1736185022.309507,b,l
4663594,81355.8,0.0032113,1736185032.176082,s,l
4663595,81340.7,0.00012112,1736185039.0325165,b,l
4663596,81315.8,0.07092313,1736185052.246761,b,l
4663597,81315.8,0.24574528,1736185052.246761,b,l
4663598,81315.8,0.039,1736185052.246761,b,l
4663599,81315.8,0.000655,1736185052.246761,b,l
4663600,81315.8,0.001156,1736185052.246761,b,l
4663601,81315.8,0.34270339,1736185052.2467616,b,l
4663602,81315.8,0.07093474,1736185079.9557114,b,l
4663603,81316.1,0.10980796,1736185079.9557114,b,l
4663604,81315.7,7e-05,1736185123.448979,s,l
4663605,81315.7,0.01205524,1736185123.448979,s,l
4663606,81315.7,0.0002425,1736185157.9361362,s,m
4663607,81300.0,5e-05,1736185157.9361362,s,m
4663608,81279.2,1.98e-06,1736185157.9361362,s,m
4663609,81278.2,0.000655,1736185157.9361362,s,m
4663610,81277.7,0.001157,1736185157.9361362,s,m
4663611,81269.6,0.00389352,1736185157.9361362,s,m
4663612,81287.6,0.01151678,1736185160.9383335,b,l
4663613,81236.5,0.06026772,1736185165.1627057,b,l
4663614,81236.4,0.017528,1736185165.5167415,s,m
4663615,81227.7,0.001157,1736185165.5167415,s,m
4663616,81227.4,0.000656,1736185165.5167415,s,m
4663617,81225.4,0.01413742,1736185165.5167415,s,m
4663618,81200.1,0.00934628,1736185204.1090007,b,l
4663619,81200.0,5e-05,1736185220.2921646,s,l
4663620,81169.0,7e-05,1736185262.4666016,s,l
4663621,81161.1,0.0431619,1736185262.4666016,s,l
4663622,81161.0,0.0099464,1736185262.4666018,s,l
4663623,81172.8,0.00097289,1736185278.1137629,s,l
4663624,81100.0,5e-05,1736185320.8378255,s,l
4663625,81100.0,0.00123304,1736185320.8378255,s,l
4663626,81077.0,0.00010128,1736185325.0108635,s,l
4663627,81050.6,5e-05,1736185332.675269,s,l
4663628,81022.6,7e-05,1736185333.9074092,s,l
4663629,81000.0,5e-05,1736185343.9255378,s,m
4663630,81000.0,8.383e-05,1736185343.9255378,s,m
4663631,81000.1,2.403e-05,1736185357.8851824,b,l
4663632,81000.1,0.00012412,1736185363.4413197,b,l
4663633,81000.0,0.00053345,1736185390.8624318,s,l
4663634,80990.8,0.00096993,1736185390.8624318,s,l
4663635,80990.8,3.007e-05,1736185396.3693745,s,l
4663636,80987.9,0.00035054,1736185396.3693745,s,l
4663637,80987.8,0.00012017,1736185397.3382068,b,l
4663638,80985.6,0.00012249,1736185399.06762,b,m
4663639,80955.7,0.00661161,1736185399.4740057,s,l
4663640,81025.9,0.0045641,1736185453.4880743,s,l
4663641,81025.8,0.00011374,1736185453.4880743,s,l
4663642,81028.3,0.0042538,1736185466.1345673,s,l
4663643,81028.2,0.03656487,1736185466.1345673,s,l
4663644,81055.6,0.00429036,1736185481.0859716,s,l
4663645,81055.5,0.01136132,1736185481.0859716,s,l
4663646,81094.7,0.00371335,1736185493.173309,s,l
4663647,81126.9,1.214e-05,1736185568.0362835,b,l
4663648,81127.0,0.00012007,1736185569.7435343,b,l
4663649,81169.0,7e-05,1736185599.5019462,b,l
4663650,81213.4,0.00428264,1736185615.2071743,s,l
4663651,81198.3,0.00141069,1736185615.2071743,s,l
4663652,81269.0,0.00241274,1736185674.862579,b,l
4663653,81245.0,0.00038322,1736185762.7754176,s,l
4663654,81213.4,0.00123084,1736185772.1975975,s,m
4663655,81194.0,8.759e-05,1736185833.0952165,b,m
4663656,81194.1,0.00091852,1736185833.0952165,b,m
4663657,81183.5,0.02589011,1736185838.079327,s,l
4663658,81182.2,0.00012536,1736185933.8114111,b,l
4663659,81229.0,0.00830559,1736185955.0526352,s,l
4663660,81242.3,0.0437,1736185974.0746644,s,m
4663661,81252.3,0.00012125,1736185977.03345,b,l
4663662,81261.7,0.00182081,1736186004.1384015,b,l
4663663,81294.4,0.00012302,1736186069.9589312,s,m
4663664,81301.7,0.02393737,1736186096.3690217,b,l
4663665,81295.4,0.00015648,1736186126.8499928,b,l
4663666,81299.6,0.00240304,1736186256.0169249,s,l
4663667,81315.7,7e-05,1736186273.8031678,b,l
4663668,81323.1,0.00257772,1736186273.8031678,b,l
4663669,81348.7,0.001156,1736186293.3485518,b,l
4663670,81348.9,0.01066825,1736186293.3485518,b,l
4663671,81356.4,0.01280001,1736186309.7883112,b,l
4663672,81348.6,0.02495197,1736186313.2357943,s,l
4663673,81344.5,0.00011262,1736186317.7560973,s,l
4663674,81356.4,0.00029733,1736186367.996062,b,l
4663675,81351.6,0.00012545,1736186402.9966955,s,l
4663676,81341.1,0.0002,1736186410.9341288,s,l
4663677,81341.1,4.308e-05,1736186413.3993382,s,l
4663678,81335.9,0.0004635,1736186413.3993382,s,l
4663679,81297.9,0.4,1736186466.0382931,s,m
4663680,81290.3,0.001156,1736186466.0382931,s,m
4663681,81289.3,0.24569062,1736186466.0382931,s,m
4663682,81281.1,0.24570076,1736186466.0382931,s,m
4663683,81278.6,0.000655,1736186466.0382931,s,m
4663684,81274.1,0.017531,1736186466.0382931,s,m
4663685,81265.1,0.00894741,1736186466.0382931,s,m
4663686,81265.0,0.11391921,1736186466.0382931,s,m
4663687,81305.1,0.00041894,1736186469.5177453,b,l
4663688,81295.8,0.00011223,1736186575.7606025,b,l
4663689,81315.6,0.00012116,1736186596.0344625,b,l
4663690,81356.4,0.00864401,1736186626.899547,b,l
4663691,81400.9,0.000655,1736186626.899547,b,l
4663692,81405.3,0.00146688,1736186626.8995476,b,l
4663693,81399.2,0.00149272,1736186691.5672169,b,l
4663694,81361.0,0.00036328,1736186710.0353174,b,l
4663695,81359.3,0.0001,1736186712.7533174,b,m
4663696,81366.2,9.02e-05,1736186780.0241804,b,l
4663697,81362.4,0.00061453,1736186802.3811035,b,m
4663698,81342.6,0.00029905,1736186813.5324466,b,l
4663699,81342.5,0.00036074,1736186816.475356,s,l
4663700,81393.5,0.00138525,1736186931.850521,b,l
4663701,81462.6,7e-05,1736186961.224362,b,m
4663702,81498.2,0.00017838,1736186961.224362,b,m
4663703,81462.3,0.00079728,1736187017.522593,s,l
4663704,81454.7,0.00034419,1736187024.85577,b,l
4663705,81454.6,0.00016,1736187025.2633202,s,l
4663706,81499.5,0.00509056,1736187067.7050352,s,l
4663707,81499.5,0.00723952,1736187067.7050352,s,l
4663708,81467.9,2.389e-05,1736187110.8181317,b,l
4663709,81498.4,0.03807091,1736187217.4803543,s,l
4663710,81473.4,1.195e-05,1736187284.6296852,b,l
4663711,81468.5,0.00011944,1736187372.8482285,b,l
4663712,81471.0,0.00467376,1736187406.6645038,s,m
4663713,81456.9,0.00574593,1736187471.4587777,b,l
4663714,81454.8,0.00011332,1736187492.8855774,b,l
4663715,81493.3,1.194e-05,1736187531.5445292,b,l
4663716,81487.8,0.00822474,1736187535.3812635,s,l
4663717,81450.5,0.00061383,1736187552.702557,s,m
4663718,81457.4,3.024e-05,1736187590.0321658,b,l
4663719,81460.4,0.00613795,1736187602.983537,b,m
4663720,81472.1,0.0008226,1736187606.9111493,b,l
4663721,81466.6,0.00801141,1736187612.9609385,s,l
4663722,81466.5,0.00136359,1736187612.9609385,s,l
4663723,81491.8,0.00064216,1736187613.6040704,s,l
4663724,81488.1,0.00014492,1736187701.3674262,b,l
4663725,81500.0,5e-05,1736187747.313307,b,l
4663726,81537.8,0.0005714,1736187806.5666018,b,l
4663727,81537.9,0.00029841,1736187808.4010887,b,l
4663728,81534.5,0.00020606,1736187853.281673,s,l
4663729,81500.0,0.12264938,1736187900.3996153,s,l
4663730,81433.9,0.00028457,1736187931.437323,b,l
4663731,81432.4,0.00010051,1736187989.487965,b,l
4663732,81432.3,0.00010239,1736188046.901831,s,l
4663733,81415.6,0.00055196,1736188046.901831,s,l
4663734,81432.3,0.02783802,1736188110.9743469,s,l
4663735,81426.7,4.781e-05,1736188126.2270834,b,l
4663736,81418.0,0.00024202,1736188143.0387735,b,l
4663737,81421.3,0.001156,1736188146.3657153,b,l
4663738,81421.9,0.0287279,1736188146.3657153,b,l
4663739,81432.2,2.5e-05,1736188160.812929,s,l
4663740,81432.3,0.00990831,1736188239.9683046,b,l
4663741,81432.4,0.01415622,1736188239.9683046,b,l
4663742,81432.3,0.015,1736188279.465386,s,m
4663743,81405.0,0.02,1736188343.4518306,s,m
4663744,81409.2,0.00011202,1736188356.007454,b,l
4663745,81425.2,0.00597593,1736188409.7838297,b,l
4663746,81430.1,0.00052477,1736188425.7950122,b,m
4663747,81432.3,0.02326533,1736188429.14076,s,l
4663748,81430.0,6.267e-05,1736188463.4456332,s,l
4663749,81430.0,0.01966246,1736188596.668655,s,l
4663750,81430.1,0.02673467,1736188636.4098458,b,l
4663751,81432.4,0.00492306,1736188636.420357,b,l
4663752,81528.6,0.00056713,1736188698.029326,s,l
4663753,81540.1,0.00053705,1736188828.9336257,b,l
4663754,81536.0,0.001155,1736188876.1160235,s,l
4663755,81526.5,0.00061951,1736188876.1160235,s,l
4663756,81545.4,2.416e-05,1736188926.0319915,b,l
4663757,81526.9,0.00353824,1736188936.1585946,s,l
4663758,81524.2,0.00080133,1736188946.5531976,b,l
4663759,81540.9,0.00232287,1736188991.868889,b,l
4663760,81540.0,0.00401856,1736189002.8979976,b,l
4663761,81540.9,0.02010485,1736189030.0054374,b,l
4663762,81540.9,0.00613271,1736189069.4543536,s,l
4663763,81527.0,0.039,1736189102.228869,b,l
4663764,81527.0,0.00847228,1736189102.228869,b,l
4663765,81526.9,0.01251857,1736189113.6981163,s,l
4663766,81503.0,0.00552126,1736189140.3285992,s,l
4663767,81400.1,0.00017163,1736189167.8440237,b,l
4663768,81400.0,5e-05,1736189186.500661,s,l
4663769,81382.3,0.00096009,1736189186.500661,s,l
4663770,81490.3,0.00079694,1736189233.5539296,s,l
4663771,81467.7,0.00051446,1736189255.4757822,b,l
4663772,81467.5,0.0709685,1736189257.4429414,b,m
4663773,81467.6,0.24524719,1736189257.4429414,b,m
4663774,81467.6,0.24524719,1736189257.4429414,b,m
4663775,81468.0,0.001156,1736189257.4429414,b,m
4663776,81468.2,0.24525814,1736189257.4429414,b,m
4663777,81469.6,0.01753,1736189257.4429414,b,m
4663778,81474.5,0.24523944,1736189257.4429414,b,m
4663779,81474.8,0.000655,1736189257.4429414,b,m
4663780,81488.0,0.04690652,1736189257.4429414,b,m
4663781,81500.4,0.24516123,1736189257.4429414,b,m
4663782,81502.0,0.17605101,1736189257.4429417,b,m
4663783,81506.9,0.1,1736189257.4429417,b,m
4663784,81512.1,0.24512626,1736189257.4429417,b,m
4663785,81525.0,0.24508745,1736189257.4429417,b,m
4663786,81541.0,0.01959903,1736189257.4429417,b,m
4663787,81542.5,0.02107269,1736189257.4429417,b,m
4663788,81548.4,0.00399917,1736189257.4429417,b,m
4663789,81548.5,0.24501675,1736189257.4429417,b,m
4663790,81572.7,0.01023816,1736189257.4429417,b,m
4663791,81596.1,0.13455201,1736189257.4429417,b,m
4663792,81498.6,0.00120888,1736189304.035958,b,l
4663793,81498.6,0.00062921,1736189304.658682,b,l
4663794,81464.8,0.00018462,1736189316.209613,s,l
4663795,81466.6,0.00042094,1736189328.4967437,b,l
4663796,81342.5,7.21e-06,1736189405.2756338,s,l
4663797,81315.7,7e-05,1736189412.9759238,s,l
4663798,81300.0,5e-05,1736189412.9759238,s,l
4663799,81276.5,0.00619559,1736189412.9759238,s,l
4663800,81278.4,0.00011765,1736189413.455757,s,l
4663801,81266.5,0.00147662,1736189471.1186223,b,l
4663802,81326.7,5.054e-05,1736189515.301243,s,l
4663803,81326.8,0.00220739,1736189531.3698552,b,l
4663804,81429.9,0.00011967,1736189542.2412732,b,l
4663805,81462.4,0.00029877,1736189545.1366494,b,l
4663806,81447.0,0.000655,1736189579.5848758,s,l
4663807,81446.7,0.001156,1736189579.5848758,s,l
4663808,81438.3,0.01157731,1736189579.5848758,s,l
4663809,81438.2,0.017532,1736189579.5848758,s,l
4663810,81435.6,0.06759749,1736189579.5848758,s,l
4663811,81455.2,0.00118667,1736189595.7638333,s,l
4663812,81462.5,0.00021766,1736189611.8914807,s,l
4663813,81462.6,7e-05,1736189632.8193452,b,l
4663814,81491.4,0.00416148,1736189632.8193452,b,l
4663815,81470.9,0.01661942,1736189731.0819306,b,l
4663816,81441.8,0.0001005,1736189819.9703376,b,l
4663817,81471.5,0.05973016,1736189862.9813976,b,l
4663818,81441.8,9.719e-05,1736189936.1636586,s,l
4663819,81395.6,0.00114762,1736189975.826381,b,l
4663820,81395.4,0.00155458,1736189978.792864,b,l
4663821,81396.4,0.00012104,1736190012.031059,b,l
4663822,81360.0,9.018e-05,1736190015.945603,b,l
4663823,81353.3,0.00061039,1736190020.014236,s,l
4663824,81359.6,0.00202012,1736190043.5937154,b,l
4663825,81353.3,0.0178329,1736190054.7812233,s,l
4663826,81353.2,0.03366032,1736190054.7812233,s,l
4663827,81331.9,0.00114868,1736190130.5097454,b,l
4663828,81367.7,0.0078946,1736190178.4479015,s,m
4663829,81348.8,0.00060555,1736190194.0314634,b,l
4663830,81350.6,0.00575283,1736190195.2410336,b,l
4663831,81341.9,0.0115118,1736190212.6575496,b,l
4663832,81390.9,0.00066,1736190257.0792468,s,l
4663833,81390.0,0.00011958,1736190319.095749,b,l
4663834,81427.8,0.00024469,1736190337.0274844,b,m
4663835,81386.5,0.02302101,1736190441.900298,b,l
4663836,81390.0,0.00752744,1736190468.252091,s,m
4663837,81389.9,0.00618662,1736190468.252091,s,m
4663838,81415.1,0.00614113,1736190474.5760622,s,l
4663839,81429.5,0.00119517,1736190548.3750374,b,l
4663840,81440.3,0.00239038,1736190559.2195392,b,l
4663841,81440.1,0.07092491,1736190561.8132248,b,l
4663842,81440.2,0.04938487,1736190561.8132248,b,l
4663843,81446.8,0.00287249,1736190593.31463,b,l
4663844,81412.4,0.00382503,1736190612.423824,b,l
4663845,81402.9,0.06142287,1736190616.9956944,b,m
4663846,81388.7,0.00022997,1736190622.1255753,b,l
4663847,81390.6,0.00135018,1736190628.498494,b,l
4663848,81393.6,0.01102789,1736190632.8759584,b,m
4663849,81384.4,0.03621609,1736190640.9476326,s,l
4663850,81384.3,0.039,1736190640.9476326,s,l
4663851,81383.3,0.09318497,1736190640.9476326,s,l
4663852,81380.7,9.685e-05,1736190655.0325632,b,l
4663853,81405.0,0.02178724,1736190667.191869,b,l
4663854,81395.8,0.00322848,1736190682.8814006,b,l
4663855,81444.7,0.00059755,1736190749.136796,b,l
4663856,81462.3,0.00553704,1736190763.3854928,b,m
4663857,81491.8,0.00895795,1736190777.718691,b,l
4663858,81499.8,0.07089936,1736190783.7638118,b,l
4663859,81499.9,0.017531,1736190783.7638118,b,l
4663860,81499.9,0.001156,1736190783.7638118,b,l
4663861,81500.0,6.134e-05,1736190783.7638118,b,l
4663862,81507.2,0.02991863,1736190783.763812,b,l
4663863,81469.5,0.0597155,1736190799.9728873,b,l
4663864,81472.5,8.896e-05,1736190812.8892016,b,l
4663865,81480.8,0.00160184,1736190844.5817327,s,l
4663866,81553.7,0.07085607,1736190963.748727,b,l
4663867,81553.8,0.02462074,1736190963.748727,b,l
4663868,81558.8,0.0005967,1736190983.0689006,b,l
4663869,81535.4,0.00057843,1736191017.7563715,b,l
4663870,81551.0,0.00035808,1736191033.575936,b,l
4663871,81556.8,0.00038974,1736191068.9482136,b,l
4663872,81536.6,2.417e-05,1736191086.0471144,b,l
4663873,81527.1,0.00022961,1736191100.9165783,b,l
4663874,81552.4,0.00011933,1736191136.9577236,b,l
4663875,81523.1,0.00023879,1736191160.584889,b,l
4663876,81539.6,0.00114566,1736191231.8336546,b,l
4663877,81510.4,0.00605522,1736191251.0472765,s,l
4663878,81555.8,0.00028424,1736191263.9300008,b,l
4663879,81527.6,0.00054678,1736191278.1939013,s,l
4663880,81523.7,0.00011323,1736191287.018593,b,l
4663881,81520.0,0.00060131,1736191293.528074,s,l
4663882,81520.0,1.203e-05,1736191308.0523512,s,l
4663883,81478.0,0.00101399,1736191308.0523512,s,l
4663884,81467.9,0.000655,1736191321.4950533,b,l
4663885,81492.4,0.00055069,1736191321.4950533,b,l
4663886,81486.9,0.01194502,1736191326.210516,b,l
4663887,81506.4,0.01194297,1736191365.226594,b,l
4663888,81492.8,0.00059713,1736191416.147949,b,l
4663889,81510.4,0.00292267,1736191443.5660286,b,l
4663890,81501.1,0.00143296,1736191480.6241794,b,l
4663891,81478.1,0.00597238,1736191535.594337,b,l
4663892,81478.1,0.0005718,1736191543.050187,b,l
4663893,81478.1,0.00148192,1736191601.894617,b,l
4663894,81478.1,0.00120255,1736191613.4200902,b,l
4663895,81478.1,0.23602712,1736191619.038123,b,l
4663896,81478.1,0.002868,1736191619.038123,b,l
4663897,81478.1,4.778e-05,1736191628.091014,b,l
4663898,81478.0,0.00192912,1736191665.9414294,s,m
4663899,81478.0,5.034e-05,1736191669.1646154,s,l
4663900,81500.1,0.00024177,1736191690.041479,b,l
4663901,81499.9,0.01194298,1736191692.2445903,b,l
4663902,81485.9,0.00073852,1736191693.5517173,s,l
4663903,81478.1,1.792e-05,1736191710.0188458,b,l
4663904,81504.1,0.00035822,1736191733.4362462,b,l
4663905,81478.1,0.00041925,1736191829.9284594,b,m
4663906,81478.0,0.01029379,1736191876.085811,s,l
4663907,81478.0,0.06136625,1736191876.085811,s,l
4663908,81478.0,0.00122732,1736191876.085811,s,l
4663909,81440.8,0.00027289,1736191905.9589174,b,l
4663910,81440.7,0.00127995,1736191918.1734142,s,l
4663911,81440.7,0.00623153,1736191923.8259032,s,l
4663912,81440.7,0.01272858,1736191927.0112193,s,l
4663913,81440.8,8.903e-05,1736191959.2892342,b,l
4663914,81440.7,0.28673176,1736191965.7224138,s,l
4663915,81400.0,0.00069172,1736191969.0820186,s,l
4663916,81400.1,0.0007371,1736192007.0619102,b,m
4663917,81400.0,0.00115103,1736192013.5489151,s,l
4663918,81400.0,0.00113949,1736192013.5489151,s,l
4663919,81400.1,0.00460015,1736192090.7931373,b,l
4663920,81400.0,8.901e-05,1736192126.7273755,s,l
4663921,81361.3,0.00026346,1736192126.7273755,s,l
4663922,81358.6,0.00147115,1736192137.2235844,s,l
4663923,81347.8,0.00040566,1736192184.233359,s,l
4663924,81343.3,0.06714425,1736192184.233359,s,l
4663925,81386.2,0.02232267,1736192195.3091047,s,m
4663926,81406.0,0.00028465,1736192204.4892912,b,l
4663927,81434.0,0.00402441,1736192241.295117,b,l
4663928,81434.0,0.00114792,1736192241.3058083,b,l
4663929,81411.6,0.0005793,1736192271.5034573,b,l
4663930,81444.4,0.00068727,1736192316.8557334,b,l
4663931,81444.2,0.00011952,1736192318.346975,b,l
4663932,81456.0,0.00021336,1736192370.9161088,s,l
4663933,81486.6,0.05,1736192448.5285594,s,l
4663934,81486.8,0.00188952,1736192449.3895004,s,l
4663935,81479.8,0.00067826,1736192470.0675397,s,l
4663936,81514.3,0.00119414,1736192538.7792668,b,l
4663937,81510.7,0.01193963,1736192547.4968345,b,l
4663938,81495.7,0.00011616,1736192550.7293649,s,l
4663939,81500.1,0.00067485,1736192587.000727,b,m
4663940,81496.9,0.00882803,1736192635.2834983,s,l
4663941,81507.6,0.00287045,1736192645.2532997,b,l
4663942,81541.8,6.132e-05,1736192748.798928,b,m
4663943,81514.4,0.00065652,1736192759.8994102,b,l
4663944,81539.6,0.04160635,1736192771.770428,b,m
4663945,81540.5,1.194e-05,1736192780.4508474,b,l
4663946,81537.3,0.02984149,1736192838.75961,b,l
4663947,81517.7,0.00852551,1736192913.275626,b,m
4663948,81517.6,9.814e-05,1736192913.6343043,s,l
4663949,81488.8,0.001156,1736192913.6343043,s,l
4663950,81487.9,0.01392588,1736192913.6343043,s,l
4663951,81442.2,0.01227865,1736192992.368468,b,m
4663952,81439.5,0.01227905,1736193016.3248591,b,m
4663953,81437.4,0.00011195,1736193051.828863,b,l
4663954,81442.3,0.00012279,1736193071.181691,b,m
4663955,81442.1,0.00013834,1736193083.5099282,b,m
4663956,81400.1,0.01195448,1736193153.801068,b,l
4663957,81400.1,0.001156,1736193178.359418,b,l
4663958,81400.1,0.00171759,1736193178.359418,b,l
4663959,81400.1,0.00011956,1736193184.1384692,b,l
4663960,81442.2,0.00034206,1736193253.5868666,b,l
4663961,81400.0,0.00580009,1736193311.6982148,s,l
4663962,81392.7,0.00419991,1736193311.6982148,s,l
4663963,81390.4,0.00011342,1736193319.7730317,b,l
4663964,81388.3,0.00011342,1736193340.205544,b,l
4663965,81410.4,0.00061417,1736193356.403397,s,l
4663966,81375.1,0.00029886,1736193445.5247257,b,l
4663967,81365.0,0.00104062,1736193495.4457912,b,l
4663968,81363.0,0.00048175,1736193505.689919,s,m
4663969,81375.6,0.07105233,1736193523.7646568,s,l
4663970,81375.5,0.001156,1736193523.764657,s,l
4663971,81374.7,0.12797434,1736193523.764657,s,l
4663972,81390.4,1.199e-05,1736193600.0573597,b,l
4663973,81391.0,6.052e-05,1736193602.03443,b,l
4663974,81390.9,9.016e-05,1736193602.073032,b,l
4663975,81396.9,0.00029888,1736193603.4208353,b,l
4663976,81442.3,0.01195001,1736193644.0621471,b,l
4663977,81442.3,1.21e-05,1736193648.0313315,b,l
4663978,81442.3,0.0011472,1736193650.7077737,b,l
4663979,81442.3,0.00015195,1736193657.2165008,b,l
4663980,81500.1,0.0464048,1736193657.2165008,b,l
4663981,81484.4,0.0002844,1736193683.3889282,b,l
4663982,81483.9,0.00042318,1736193688.0330565,b,l
4663983,81492.6,0.03025427,1736193755.278859,b,l
4663984,81492.1,0.0001209,1736193758.0321393,b,l
4663985,81492.0,8.897e-05,1736193760.1019802,b,l
4663986,81491.6,0.00028433,1736193818.5315,b,l
4663987,81489.4,0.00114651,1736193823.9941676,b,l
4663988,81516.2,0.00634898,1736193878.9220424,s,l
4663989,81526.8,0.00073595,1736193888.156543,b,m
4663990,81526.6,0.00958759,1736193889.2936628,b,l
4663991,81526.7,0.00122885,1736193889.2936628,b,l
4663992,81517.1,0.00945364,1736193892.416357,s,l
4663993,81516.2,0.00060431,1736193900.0321815,b,l
4663994,81506.2,0.00761622,1736193909.1679225,b,m
4663995,81506.2,0.02305629,1736193909.1679225,b,m
4663996,81534.6,0.00097377,1736194045.0808802,b,l
4663997,81528.5,0.07089595,1736194047.3505008,s,m
4663998,81528.4,0.000655,1736194047.3505008,s,m
4663999,81528.4,0.00244905,1736194047.3505008,s,m
4664000,81525.5,0.00057138,1736194074.3804452,b,l
4664001,81502.4,0.0072045,1736194092.6238103,b,m
4664002,81502.5,0.03574082,1736194092.6238103,b,m
4664003,81504.9,0.00645495,1736194108.4688015,b,l
4664004,81505.0,0.00503557,1736194108.4688015,b,l
4664005,81514.6,5.672e-05,1736194134.8789985,s,l
4664006,81514.6,0.00019026,1736194147.0718246,s,m
4664007,81514.7,2.388e-05,1736194190.3052723,b,l
4664008,81514.7,0.00098537,1736194199.4144526,b,l
4664009,81514.5,2.521e-05,1736194208.9254882,s,l
4664010,81499.2,0.00284624,1736194240.2853303,s,l
4664011,81514.7,0.02399075,1736194275.440921,b,m
4664012,81519.4,0.00182017,1736194275.440921,b,m
4664013,81517.2,0.04690652,1736194282.1769848,s,m
4664014,81517.1,0.07090562,1736194282.1769848,s,m
4664015,81517.0,0.04690652,1736194282.1769848,s,m
4664016,81516.4,0.24494768,1736194282.1769848,s,m
4664017,81516.4,0.24494768,1736194282.1769848,s,m
4664018,81516.4,0.24494768,1736194282.1769848,s,m
4664019,81511.9,0.01753,1736194282.1769848,s,m
4664020,81508.9,0.24497011,1736194282.1769848,s,m
4664021,81504.0,0.001156,1736194282.1769848,s,m
4664022,81503.8,0.000655,1736194282.1769848,s,m
4664023,81502.8,0.1,1736194282.176985,s,m
4664024,81494.0,0.07222841,1736194282.176985,s,m
4664025,81485.6,0.24503998,1736194282.176985,s,m
4664026,81473.8,0.24507561,1736194282.176985,s,m
4664027,81454.6,0.22378319,1736194282.176985,s,m
4664028,81507.8,0.00115468,1736194316.605909,s,l
4664029,81515.2,0.00039911,1736194330.113508,b,l
4664030,81550.0,0.00060406,1736194378.0329258,b,l
4664031,81550.0,0.00549846,1736194380.6527553,b,m
4664032,81549.9,0.00061349,1736194387.076919,s,l
4664033,81549.9,0.00155513,1736194393.0656648,s,l
4664034,81550.0,6.041e-05,1736194398.0357668,b,l
4664035,81550.0,0.00125077,1736194426.0322714,b,m
4664036,81550.0,0.00011791,1736194445.5166254,b,l
4664037,81550.0,0.01246839,1736194464.0017233,b,l
4664038,81560.1,1e-07,1736194464.0017233,b,l
4664039,81560.1,0.0098399,1736194488.640684,b,l
4664040,81603.0,0.011029,1736194488.640684,b,l
4664041,81609.8,7e-05,1736194530.142186,b,l
4664042,81653.8,0.00015653,1736194530.142186,b,l
4664043,81652.4,0.00079996,1736194700.7093084,b,l
4664044,81652.2,0.00114428,1736194709.2350168,b,l
4664045,81638.9,2.517e-05,1736194750.5654871,s,l
4664046,81661.2,6.032e-05,1736194784.032497,b,l
4664047,81655.6,0.00122469,1736194795.447598,s,m
4664048,81677.9,0.00114415,1736194826.868101,b,l
4664049,81678.0,0.0001,1736194921.8982823,b,m
4664050,81677.9,2.39e-05,1736194926.2151237,s,l
4664051,81678.0,0.00022639,1736194971.300435,b,l
4664052,81678.0,0.00244813,1736194981.8303812,b,l
4664053,81678.0,0.00214253,1736194983.6732895,b,l
4664054,81678.0,0.00855046,1736195034.787553,b,l
4664055,81684.5,0.00010108,1736195034.787553,b,l
4664056,81694.0,0.00326333,1736195034.787553,b,l
4664057,81693.9,2.355e-05,1736195075.8992388,s,l
4664058,81694.0,0.00059566,1736195105.5579004,b,l
4664059,81694.0,0.00183612,1736195115.7531812,b,m
4664060,81693.9,0.00086588,1736195122.9906862,s,l
4664061,81694.0,0.00042529,1736195135.1462865,b,m
4664062,81698.2,0.00141076,1736195135.1462865,b,m
4664063,81693.9,0.00361686,1736195184.030954,s,l
4664064,81693.9,0.49088019,1736195225.3649497,s,l
4664065,81693.9,0.19911981,1736195225.3662994,s,l
4664066,81693.9,0.29176038,1736195225.3662994,s,l
4664067,81693.9,0.39823962,1736195225.3705285,s,l
4664068,81693.9,0.09264057,1736195225.3705285,s,l
4664069,81693.9,0.39823962,1736195225.3717072,s,l
4664070,81693.9,0.19911981,1736195225.375513,s,l
4664071,81693.9,0.29176038,1736195225.375513,s,l
4664072,81693.9,0.39823962,1736195226.491288,s,l
4664073,81693.9,0.39823962,1736195226.494962,s,l
4664074,81693.9,0.29176038,1736195226.4974918,s,l
4664075,81693.9,0.34311125,1736195226.4974918,s,l
4664076,81693.9,0.34688875,1736195226.5011868,s,l
4664077,81693.9,0.34688875,1736195226.502924,s,l
4664078,81693.9,0.34311125,1736195226.5042484,s,l
4664079,81693.9,0.2711259,1736195226.5042484,s,l
4664080,81693.9,0.4188741,1736195226.5054934,s,l
4664081,81693.9,0.19406417,1736195226.5054934,s,l
4664082,81693.9,0.34311125,1736195226.506493,s,l
4664083,81693.9,0.15282458,1736195226.5104997,s,l
4664084,81693.9,0.34311125,1736195226.5104997,s,l
4664085,81693.9,0.34688875,1736195226.513315,s,l
4664086,81693.9,0.34688875,1736195226.5152867,s,l
4664087,81693.9,0.34311125,1736195226.516184,s,l
4664088,81693.9,0.26982702,1736195226.516184,s,l
4664089,81693.9,0.34311125,1736195226.5181117,s,l
4664090,81693.9,0.07706173,1736195226.5191655,s,l
4664091,81693.9,0.34311125,1736195226.5191655,s,l
4664092,81693.9,0.07706173,1736195226.520812,s,l
4664093,81693.9,0.07706173,1736195226.5219345,s,l
4664094,81693.9,0.19276529,1736195226.5235977,s,l
4664095,81693.9,0.07706173,1736195226.5235977,s,l
4664096,81693.9,0.19276529,1736195226.5251882,s,l
4664097,81693.9,0.42017298,1736195226.5270288,s,l
4664098,81693.9,0.19276529,1736195226.5270288,s,l
4664099,81693.9,0.14723471,1736195226.5291092,s,l
4664100,81666.0,0.00061807,1736195254.8862453,s,l
4664101,81666.1,0.00081606,1736195275.35156,b,l
4664102,81666.1,0.0111012,1736195275.35156,b,l
4664103,81666.1,0.00655449,1736195282.474249,b,l
4664104,81666.0,0.68938193,1736195284.427117,s,l
4664105,81666.0,0.68938193,1736195284.427888,s,l
4664106,81666.0,0.00061807,1736195284.430594,s,l
4664107,81666.0,0.68876386,1736195284.430594,s,l
4664108,81666.0,0.00123614,1736195284.431754,s,l
4664109,81666.0,0.68814579,1736195284.431754,s,l
4664110,81666.0,0.00185421,1736195284.4339817,s,l
4664111,81666.0,0.68814579,1736195284.4339817,s,l
4664112,81666.0,0.00185421,1736195284.4356563,s,l
4664113,81666.0,0.68814579,1736195284.4356563,s,l
4664114,81666.0,0.00061807,1736195284.43718,s,l
4664115,81666.0,0.00061807,1736195284.4417317,s,l
4664116,81666.0,0.00061807,1736195284.443344,s,l
4664117,81666.0,0.00061807,1736195284.443344,s,l
4664118,81666.0,0.00185421,1736195284.444672,s,l
4664119,81666.0,0.00185421,1736195284.450539,s,l
4664120,81666.0,0.00185421,1736195284.453893,s,l
4664121,81666.0,0.00123614,1736195284.4550166,s,l
4664122,81666.0,0.00061807,1736195284.461575,s,l
4664123,81666.0,0.54254623,1736195284.4634387,s,l
4664124,81568.6,0.01768284,1736195291.731846,b,l
4664125,81583.9,1.208e-05,1736195322.0334208,b,l
4664126,81583.8,0.00424029,1736195329.7217362,s,l
4664127,81583.9,0.00114292,1736195338.2535365,b,l
4664128,81583.9,0.00482133,1736195338.2535365,b,l
4664129,81583.9,0.00030235,1736195357.5792818,s,l
4664130,81611.5,0.00029812,1736195399.367169,b,l
4664131,81580.7,0.00024516,1736195448.1507866,b,m
4664132,81514.5,0.0013423,1736195469.5087552,b,l
4664133,81514.5,0.00123199,1736195469.9304898,b,l
4664134,81534.5,0.0011737,1736195479.0686505,b,l
4664135,81534.6,0.000547,1736195479.0686505,b,l
4664136,81534.6,0.000108,1736195480.6485083,b,l
4664137,81535.6,0.00115197,1736195480.6485083,b,l
4664138,81535.7,0.00590183,1736195480.6485083,b,l
4664139,81535.6,0.00061323,1736195501.5820131,b,m
4664140,81598.7,0.00011313,1736195568.8555503,b,l
4664141,81610.9,0.00840839,1736195574.833225,s,l
4664142,81611.1,0.00238506,1736195654.3658595,b,l
4664143,81611.1,0.00109248,1736195661.672368,b,l
4664144,81611.1,0.00059626,1736195684.3436835,b,l
4664145,81611.1,0.0026189,1736195692.9032817,b,l
4664146,81695.0,0.00229264,1736195739.4502783,b,l
4664147,81695.0,0.00046711,1736195767.5071251,b,l
4664148,81647.9,8.99e-05,1736195811.483863,b,l
4664149,81647.9,0.0005651,1736195812.5831895,b,l
4664150,81647.9,9.05e-05,1736195812.5831895,b,l
4664151,81666.7,0.0004,1736195821.6041636,b,m
4664152,81645.7,0.00122449,1736195832.9454875,b,l
4664153,81632.9,0.00057051,1736195836.649195,b,l
4664154,81600.1,0.00057094,1736195900.6868043,b,l
4664155,81600.1,0.00954152,1736195910.6696465,b,l
4664156,81600.0,0.00245098,1736195911.489849,s,l
4664157,81593.3,0.00980472,1736195912.4191325,s,l
4664158,81518.4,0.01465856,1736195912.4191325,s,l
4664159,81521.2,4.108e-05,1736195951.0373025,b,l
4664160,81523.6,0.00367991,1736196005.4732945,s,m
4664161,81546.6,0.001156,1736196131.8450892,b,l
4664162,81546.7,0.00284627,1736196131.8450892,b,l
4664163,81526.4,0.00040225,1736196150.929956,b,l
4664164,81523.6,0.00040291,1736196151.2647953,b,l
4664165,81529.7,0.00596878,1736196165.4762857,b,l
4664166,81514.9,0.00011939,1736196259.087877,b,l
4664167,81571.5,0.00059654,1736196350.4285889,b,l
4664168,81520.8,6.133e-05,1736196382.6800086,b,m
4664169,81516.5,0.00011325,1736196385.294061,b,l
4664170,81504.1,0.00613466,1736196458.0716493,s,l
4664171,81500.0,0.00245398,1736196458.3985765,s,l
4664172,81462.7,0.01149601,1736196520.8866837,b,l
4664173,81462.7,0.00057099,1736196556.0413888,b,m
4664174,81499.0,0.00311029,1736196556.0413888,b,m
4664175,81462.7,0.01534445,1736196585.2985773,b,m
4664176,81531.3,0.00017913,1736196613.4781446,b,l
4664177,81524.6,0.00594908,1736196659.6408064,b,l
4664178,81524.7,0.00631553,1736196659.6408064,b,l
4664179,81535.6,0.00024167,1736196709.0370426,b,l
4664180,81591.5,0.00119267,1736196724.7903442,b,l
4664181,81586.5,8.887e-05,1736196732.3156817,b,l
4664182,81574.8,0.00030647,1736196763.561937,b,m
4664183,81611.5,0.00073485,1736196800.163415,s,m
4664184,81614.7,0.00011925,1736196816.911996,b,l
4664185,81614.6,0.00028233,1736196818.4686558,s,l
4664186,81683.4,0.001155,1736196849.1158116,b,l
4664187,81685.3,0.00015578,1736196849.1158118,b,l
4664188,81682.1,0.00289634,1736196852.2449892,s,l
4664189,81605.7,0.00012254,1736196949.684749,b,m
4664190,81591.5,0.00226635,1736197020.2798383,b,l
4664191,81591.5,8.996e-05,1736197108.2582843,b,l
4664192,81591.5,5.964e-05,1736197109.2336793,b,l
4664193,81695.0,0.07086301,1736197164.529624,b,l
4664194,81695.0,0.00011913,1736197187.8138297,b,l
4664195,81694.9,0.017511,1736197194.9237857,s,l
4664196,81694.9,0.000655,1736197194.9237857,s,l
4664197,81694.9,0.001155,1736197194.9237857,s,l
4664198,81673.6,0.00893478,1736197199.0918012,b,l
4664199,81644.3,7.24e-05,1736197200.0795734,b,l
4664200,81695.0,0.00029783,1736197221.142757,b,l
4664201,81695.0,9.533e-05,1736197242.147091,b,l
4664202,81682.9,0.000685,1736197260.1988351,b,l
4664203,81692.4,9.938e-05,1736197282.0344815,b,l
4664204,81679.6,0.00023827,1736197301.2663968,b,l
4664205,81669.4,0.00122411,1736197310.0176785,b,l
4664206,81695.0,0.00057413,1736197374.103006,b,l
4664207,81695.0,0.00251961,1736197422.313418,b,l
4664208,81694.9,0.01949,1736197436.1693587,s,l
4664209,81695.0,0.00095304,1736197451.1675222,b,l
4664210,81695.0,0.00046129,1736197483.1768866,b,l
4664211,81695.0,0.00061203,1736197483.3364832,b,m
4664212,81695.0,0.00118517,1736197484.1006954,b,m
4664213,81695.0,0.00357391,1736197496.7621727,b,l
4664214,81695.0,0.00401017,1736197511.5223863,b,l
4664215,81695.0,0.21209522,1736197545.2825031,b,l
4664216,81750.0,0.00079907,1736197567.844998,b,l
4664217,81750.0,0.00056989,1736197582.0315924,b,l
4664218,81750.0,0.00879462,1736197586.2926886,b,m
4664219,81750.0,0.00051391,1736197600.6861544,b,l
4664220,81749.9,0.07080588,1736197602.0213702,s,m
4664221,81749.9,0.039,1736197602.0213702,s,m
4664222,81749.7,0.00084,1736197602.0213702,s,m
4664223,81749.6,0.001155,1736197602.0213702,s,m
4664224,81749.5,0.24429896,1736197602.0213702,s,m
4664225,81748.0,0.09244005,1736197602.0213702,s,m
4664226,81750.0,0.0229142,1736197616.5134437,b,l
4664227,81749.9,0.00087982,1736197653.0396078,s,l
4664228,81750.0,0.0002262,1736197663.3781538,b,l
4664229,81749.9,0.00010055,1736197666.083588,s,l
4664230,81750.0,0.00011155,1736197697.2080114,b,l
4664231,81750.0,0.00119646,1736197726.199267,b,l
4664232,81749.9,9.786e-05,1736197745.9729776,s,l
4664233,81749.9,0.00046774,1736197745.9729776,s,l
4664234,81750.0,0.00011292,1736197763.7237952,b,l
4664235,81749.9,0.02399712,1736197786.9632297,s,l
4664236,81749.9,0.0707514,1736197786.9632297,s,l
4664237,81749.9,0.039,1736197786.96323,s,l
4664238,81749.9,0.11579691,1736197786.96323,s,l
4664239,81749.9,0.03072845,1736197788.8189273,s,m
4664240,81749.9,0.000655,1736197788.8189273,s,m
4664241,81749.9,0.039,1736197788.8189273,s,m
4664242,81749.9,0.0707514,1736197788.8189273,s,m
4664243,81749.2,0.35886515,1736197788.8189273,s,m
4664244,81705.4,0.01225619,1736197801.898936,s,m
4664245,81750.0,0.00178575,1736197844.567449,b,l
4664246,81748.4,0.000655,1736197901.3755074,b,l
4664247,81748.5,0.001155,1736197901.3755074,b,l
4664248,81749.9,0.00430633,1736197926.1670349,s,m
4664249,81749.9,0.01281907,1736197926.1670349,s,m
4664250,81738.2,0.00046756,1736197959.9087665,b,m
4664251,81738.2,0.00018744,1736197959.9087665,b,m
4664252,81738.3,4.951e-05,1736197959.9087665,b,m
4664253,81738.3,1.232e-05,1736197959.9087665,b,m
4664254,81738.3,6.229e-05,1736197959.9087665,b,m
4664255,81738.3,0.00103088,1736197959.9087665,b,m
4664256,81738.3,0.00021624,1736197959.9087665,b,m
4664257,81738.3,0.00012471,1736197959.9087665,b,m
4664258,81738.3,0.00025497,1736197959.9087665,b,m
4664259,81630.0,0.0123,1736198100.0491817,s,l
4664260,81561.7,0.00788085,1736198100.0491817,s,l
4664261,81637.2,0.00059607,1736198157.559454,b,l
4664262,81667.1,0.00155003,1736198202.9808664,s,l
4664263,81667.1,0.00314539,1736198203.077953,s,l
4664264,81667.2,0.017512,1736198203.5351892,b,l
4664265,81667.2,0.01117004,1736198203.5351892,b,l
4664266,81667.7,0.0011917,1736198212.1455908,b,l
4664267,81668.1,0.00084,1736198244.0517094,b,l
4664268,81672.8,0.00145105,1736198244.0517094,b,l
4664269,81674.6,0.00011166,1736198290.9780667,b,l
4664270,81665.7,8.878e-05,1736198353.8068388,b,l
4664271,81660.7,0.00542247,1736198363.9438398,b,l
4664272,81660.7,0.00893813,1736198370.1669712,b,l
4664273,81660.7,0.0246394,1736198402.3435214,b,l
4664274,81660.7,0.00515572,1736198402.3435214,b,l
4664275,81660.7,0.00171763,1736198454.5795703,b,l
4664276,81660.7,0.00011167,1736198483.8378973,b,l
4664277,81660.6,0.0122458,1736198494.1167767,s,l
4664278,81658.6,0.00122461,1736198494.118149,s,l
4664279,81592.5,0.000655,1736198511.678764,b,m
4664280,81594.2,0.00057059,1736198511.678764,b,m
4664281,81574.6,0.00020155,1736198526.049091,s,l
4664282,81587.2,0.00119287,1736198544.9203842,b,l
4664283,81546.0,0.07081498,1736198568.9762225,s,l
4664284,81535.7,0.00084,1736198568.9762225,s,l
4664285,81535.6,0.00847524,1736198568.9762225,s,l
4664286,81546.0,0.00262566,1736198579.7422273,b,l
4664287,81544.0,0.00286914,1736198581.280633,b,l
4664288,81538.6,0.00039903,1736198629.7888482,b,l
4664289,81551.8,6.04e-05,1736198640.0888383,b,l
4664290,81549.0,0.01193589,1736198640.9675324,b,l
4664291,81546.1,0.01997653,1736198653.2606375,s,l
4664292,81567.0,0.00015096,1736198665.064671,b,l
4664293,81562.6,0.00230973,1736198668.67426,b,l
4664294,81564.1,0.00011182,1736198670.492939,b,l
4664295,81552.5,0.00022954,1736198712.5663564,b,l
4664296,81589.0,0.01515535,1736198747.8680482,s,l
4664297,81587.6,0.00251846,1736198770.8400197,s,l
4664298,81605.3,0.00067413,1736198778.8773572,b,l
4664299,81610.7,0.0001112,1736198786.235849,b,l
4664300,81638.1,0.00034354,1736198818.6323051,b,l
4664301,81617.4,0.01992868,1736198824.2738824,s,m
4664302,81617.3,0.039,1736198824.2738824,s,m
4664303,81615.9,0.01480924,1736198824.2738824,s,m
4664304,81631.8,0.01725008,1736198848.395178,s,m
4664305,81620.5,0.00725401,1736198848.395178,s,m
4664306,81604.7,0.00380698,1736198897.1745625,s,l
4664307,81610.6,0.00580715,1736198899.8229606,b,l
4664308,81619.3,0.07071369,1736198917.9585109,b,m
4664309,81619.4,0.001156,1736198917.9585109,b,m
4664310,81620.4,0.017516,1736198917.9585109,b,m
4664311,81625.6,0.03061431,1736198917.9585109,b,m
4664312,81580.0,8.997e-05,1736198977.378012,b,l
4664313,81567.5,0.00028759,1736199000.813099,b,l
4664314,81535.6,0.00114568,1736199075.0309026,b,l
4664315,81535.6,0.00119363,1736199076.609054,b,l
4664316,81535.6,0.00026044,1736199080.193076,b,m
4664317,81535.6,0.00045656,1736199093.4865055,b,l
4664318,81535.6,0.05334751,1736199095.3723524,b,m
4664319,81535.6,0.039,1736199095.3723524,b,m
4664320,81535.6,0.01265249,1736199095.3723524,b,m
4664321,81535.6,5.825e-05,1736199096.1830113,b,l
4664322,81535.6,0.00011936,1736199175.0881245,b,l
4664323,81535.6,0.00202918,1736199220.1101909,b,l
4664324,81535.5,0.0012489,1736199225.5339558,s,l
4664325,81535.5,0.00024529,1736199225.5339558,s,l
4664326,81535.5,0.04986481,1736199225.5339558,s,l
4664327,81533.6,0.00016926,1736199291.938341,b,l
4664328,81511.4,0.00036797,1736199360.3154285,b,l
4664329,81482.7,0.24505486,1736199391.3928714,s,l
4664330,81482.6,0.001157,1736199391.3928714,s,l
4664331,81480.9,0.24506007,1736199391.3928714,s,l
4664332,81479.6,0.017537,1736199391.3928714,s,l
4664333,81476.2,0.24507435,1736199391.3928714,s,l
4664334,81474.8,0.000655,1736199391.3928714,s,l
4664335,81470.1,0.24509248,1736199391.3928714,s,l
4664336,81463.9,0.00036924,1736199391.3928714,s,l
4664337,81462.6,7e-05,1736199410.402552,s,l
4664338,81399.8,0.00245724,1736199420.6234777,s,m
4664339,81385.4,0.00294817,1736199420.6234777,s,m
4664340,81376.1,0.00122886,1736199449.719558,s,l
4664341,81372.9,0.00877114,1736199449.719558,s,l
4664342,81358.9,0.00030274,1736199478.0389593,b,l
4664343,81353.0,0.00598114,1736199512.3238597,b,l
4664344,81333.1,0.00057305,1736199530.7706895,b,l
4664345,81333.1,0.00012113,1736199552.0313926,b,l
4664346,81328.7,0.00084324,1736199563.1397872,s,l
4664347,81363.0,0.00011346,1736199594.7496767,b,l
4664348,81315.8,0.00013525,1736199674.4869945,b,l
4664349,81315.8,8.917e-05,1736199679.057846,b,l
4664350,81315.8,0.00056252,1736199710.6090505,b,l
4664351,81315.7,7e-05,1736199781.5445852,s,m
4664352,81311.7,0.02447509,1736199781.5445857,s,m
4664353,81311.6,0.00496819,1736199781.5445857,s,m
4664354,81319.4,0.00148673,1736199786.410159,b,l
4664355,81320.0,0.00094166,1736199814.900761,b,l
4664356,81331.1,0.00145195,1736199814.900761,b,l
4664357,81322.7,0.00631753,1736199873.5431705,s,l
4664358,81327.0,5.983e-05,1736199893.9977453,b,l
4664359,81278.4,5e-05,1736199923.191265,s,l
4664360,81274.9,0.00121411,1736199923.191265,s,l
4664361,81274.9,0.001,1736199998.962035,s,l
4664362,81275.0,0.1,1736200002.5749192,b,l
4664363,81297.3,0.07086717,1736200002.5749192,b,l
4664364,81297.4,0.24559891,1736200002.5749192,b,l
4664365,81298.7,0.18213685,1736200002.5749192,b,l
4664366,81287.7,0.025,1736200019.4739394,s,l
4664367,81322.1,8.917e-05,1736200042.134067,b,l
4664368,81322.6,0.000656,1736200043.8418615,b,l
4664369,81323.4,8.973e-05,1736200043.8418615,b,l
4664370,81362.9,0.00652617,1736200091.1677103,s,m
4664371,81363.0,0.00022727,1736200165.1423132,b,l
4664372,81302.1,0.00058009,1736200424.3992307,b,l
4664373,81298.6,0.00084,1736200471.2801375,b,m
4664374,81300.6,0.017555,1736200471.2801378,b,m
4664375,81301.7,0.03007714,1736200471.2801378,b,m
4664376,81306.4,0.00121174,1736200484.0417073,b,l
4664377,81332.3,0.00011683,1736200497.7669878,b,l
4664378,81332.1,9.062e-05,1736200498.8553755,b,m
4664379,81300.5,0.00012295,1736200530.269307,b,l
4664380,81290.8,0.00023945,1736200583.5184343,b,l
4664381,81290.7,0.00153769,1736200613.0745132,s,l
4664382,81290.7,0.01230153,1736200613.0745132,s,l
4664383,81267.0,0.00613795,1736200614.0399358,s,m
4664384,81267.1,0.00109195,1736200641.2599564,b,l
4664385,81267.0,0.00616716,1736200694.550632,s,l
4664386,81223.9,0.00181946,1736200808.0367334,b,l
4664387,81223.8,0.001,1736200812.767434,s,l
4664388,81223.8,4.997e-05,1736200812.767434,s,l
4664389,81223.9,0.01677499,1736200864.107959,b,l
4664390,81223.9,8.927e-05,1736200878.8188343,b,l
4664391,81223.8,7.314e-05,1736200888.767123,s,l
4664392,81221.2,0.00484154,1736200888.767123,s,l
4664393,81226.3,3.639e-05,1736201000.453343,b,l
4664394,81220.1,5.847e-05,1736201003.8772366,b,l
4664395,81200.1,0.00017978,1736201093.7891464,b,l
4664396,81210.2,0.00020478,1736201252.3231893,s,l
4664397,81237.9,0.000656,1736201262.0642483,b,m
4664398,81238.3,0.0005113,1736201262.0642483,b,m
4664399,81291.1,5.059e-05,1736201331.4217546,b,l
4664400,81297.3,2.125e-05,1736201331.4217546,b,l
4664401,81333.0,0.00097595,1736201371.55962,b,l
4664402,81332.1,0.00011967,1736201449.1545174,b,l
4664403,81304.5,0.00078716,1736201549.5423412,b,l
4664404,81304.5,0.00121177,1736201565.2068925,b,l
4664405,81304.4,0.00011461,1736201582.1496582,s,l
4664406,81226.5,0.001198,1736201599.4950542,b,l
4664407,81226.4,0.000656,1736201602.5481515,s,l
4664408,81216.7,0.00177253,1736201602.5481515,s,l
4664409,81287.5,9.03e-05,1736201643.2070212,b,l
4664410,81311.6,0.03518808,1736201664.7498553,b,l
4664411,81302.3,0.00048805,1736201668.142025,s,m
4664412,81332.9,0.00011212,1736201838.6551578,b,l
4664413,81332.9,0.00010667,1736201852.7289734,b,l
4664414,81333.0,0.00041881,1736201861.076782,b,l
4664415,81362.9,0.00248,1736201962.973606,s,m
4664416,81362.9,0.01666882,1736201962.973606,s,m
4664417,81362.9,0.039,1736201962.973606,s,m
4664418,81362.9,0.14723628,1736201962.973606,s,m
4664419,81362.8,0.00084,1736201962.9736063,s,m
4664420,81362.8,0.18244518,1736201962.9736063,s,m
4664421,81362.7,0.24545869,1736201962.9736063,s,m
4664422,81362.3,0.017546,1736201962.9736063,s,m
4664423,81361.9,0.000656,1736201962.9736063,s,m
4664424,81361.6,0.24546177,1736201962.9736063,s,m
4664425,81360.1,0.001158,1736201962.9736063,s,m
4664426,81358.9,0.10063045,1736201962.9736063,s,m
4664427,81363.0,0.00022727,1736201992.934656,b,l
4664428,81363.0,0.00011346,1736202000.9421835,b,l
4664429,81363.0,0.0012109,1736202035.031119,b,l
4664430,81362.9,0.01370743,1736202073.4200814,s,l
4664431,81362.9,0.03794819,1736202073.4200814,s,l
4664432,81362.9,0.00961506,1736202131.2670712,s,l
4664433,81362.9,0.039,1736202228.4555652,s,l
4664434,81362.9,0.1,1736202228.4555652,s,l
4664435,81362.9,0.03282662,1736202228.4555652,s,l
4664436,81363.0,0.0200708,1736202230.8221478,b,l
4664437,81422.0,0.00298825,1736202263.842741,b,l
4664438,81422.0,0.00108613,1736202266.867089,b,l
4664439,81422.0,0.00011348,1736202267.4877255,b,l
4664440,81422.0,6.135e-05,1736202291.0351603,b,l
4664441,81422.0,0.00027177,1736202302.907569,b,m
4664442,81462.6,3.525e-05,1736202302.907569,b,m
4664443,81462.9,0.00035837,1736202316.418162,b,l
4664444,81444.0,0.0001195,1736202358.8478892,b,l
4664445,81443.9,0.00122783,1736202381.2890124,s,l
4664446,81363.0,0.00598083,1736202423.4088569,b,l
4664447,81400.6,0.00047826,1736202458.2666852,b,l
4664448,81402.8,0.00119557,1736202487.3467815,b,l
4664449,81490.4,1.209e-05,1736202649.033336,b,l
4664450,81490.4,0.00024506,1736202737.668082,b,m
4664451,81455.0,0.00126143,1736202778.239637,s,l
4664452,81456.9,0.00011948,1736202786.3019176,b,l
4664453,81456.5,0.00012095,1736202794.0334108,b,l
4664454,81456.5,0.00474285,1736202861.206539,b,m
4664455,81458.7,0.01629751,1736202861.206539,b,m
4664456,81458.7,0.00180748,1736202861.210916,b,l
4664457,81461.5,0.00229682,1736202931.6179593,b,l
4664458,81500.0,0.00106053,1736202976.8621416,b,l
4664459,81500.0,5e-05,1736202978.6610584,b,m
4664460,81500.0,0.00023825,1736202986.0319574,b,l
4664461,81500.0,0.00012269,1736203045.32665,b,l
4664462,81500.0,0.00021699,1736203074.174392,b,l
4664463,81500.0,0.00137902,1736203092.2963338,b,l
4664464,81496.6,0.00882556,1736203170.9908104,s,l
4664465,81498.7,0.00294536,1736203178.880839,s,l
4664466,81531.0,0.00788231,1736203195.8172967,s,l
4664467,81535.6,8.893e-05,1736203205.92741,b,l
4664468,81525.4,0.00241697,1736203266.1330583,b,l
4664469,81529.2,0.00011651,1736203304.916519,b,l
4664470,81502.8,0.00057159,1736203395.3276272,b,l
4664471,81490.7,0.00114652,1736203518.2577753,b,l
4664472,81490.8,1.29e-05,1736203552.4230902,b,l
4664473,81490.7,0.02400371,1736203569.4465194,s,m
4664474,81490.7,0.00599629,1736203569.4465194,s,m
4664475,81490.7,0.0504352,1736203657.997418,s,l
4664476,81490.8,0.00116064,1736203658.9931204,b,l
4664477,81490.8,0.00080161,1736203689.6970253,b,l
4664478,81490.8,0.00114652,1736203770.039201,b,l
4664479,81490.8,0.03369401,1736203796.3017745,b,l
4664480,81535.5,0.02489713,1736203803.1542616,s,l
4664481,81520.8,0.00059957,1736203881.796897,b,l
4664482,81520.9,0.001156,1736203881.796897,b,l
4664483,81522.9,0.00421334,1736203881.796897,b,l
4664484,81509.1,0.00010488,1736203974.1743903,s,l
4664485,81521.9,0.00057148,1736203994.3889985,b,l
4664486,81530.9,1.194e-05,1736204140.5979578,b,l
4664487,81526.9,0.00123356,1736204182.6003537,s,l
4664488,81535.5,3.625e-05,1736204199.0351417,b,l
4664489,81530.9,1.194e-05,1736204218.1336365,b,l
4664490,81530.9,0.0705234,1736204223.517726,b,m
4664491,81535.6,0.01779189,1736204223.517726,b,m
4664492,81547.4,0.017527,1736204223.517726,b,m
4664493,81547.5,0.000655,1736204223.517726,b,m
4664494,81557.8,0.001156,1736204223.517726,b,m
4664495,81559.7,0.24485294,1736204223.517726,b,m
4664496,81560.6,0.24485028,1736204223.517726,b,m
4664497,81566.2,0.24483336,1736204223.517726,b,m
4664498,81569.7,0.18547476,1736204223.517726,b,m
4664499,81549.0,0.00023867,1736204331.0273476,b,l
4664500,81516.3,9.004e-05,1736204401.206448,b,l
4664501,81510.5,0.00183842,1736204415.229614,b,l
4664502,81519.6,0.00010722,1736204424.4888594,b,l
4664503,81518.0,0.00024172,1736204439.0333395,b,l
4664504,81530.3,1.208e-05,1736204458.0339391,b,l
4664505,81509.0,0.00022686,1736204531.448975,b,l
4664506,81509.0,0.00089536,1736204554.309438,b,l
4664507,81508.9,0.00013585,1736204566.293088,s,l
4664508,81508.9,0.01213287,1736204619.8855052,s,l
4664509,81478.1,0.001157,1736204619.8855052,s,l
4664510,81469.9,0.00305329,1736204619.8855052,s,l
4664511,81496.2,0.0004598,1736204627.9212472,b,l
4664512,81483.2,0.00271506,1736204641.287568,s,l
4664513,81494.2,0.00048642,1736204661.1459942,b,l
4664514,81529.7,0.00596877,1736204678.7692156,b,l
4664515,81539.5,0.18287084,1736204838.1901429,s,l
4664516,81539.5,0.06070854,1736204838.1901429,s,l
4664517,81539.4,0.1,1736204838.1901429,s,l
4664518,81539.2,0.02042062,1736204838.1901429,s,l
4664519,81592.0,0.00034142,1736204878.8803809,b,l
4664520,81546.2,0.07054212,1736204907.9108272,b,l
4664521,81594.3,4.559e-05,1736204926.705214,s,l
4664522,81594.4,0.00061218,1736204936.3118978,b,l
4664523,81594.4,8.886e-05,1736204940.791491,b,l
4664524,81594.4,0.14929896,1736204944.2893162,b,l
4664525,81609.7,0.00039302,1736205018.3208914,s,l
4664526,81598.0,0.00045075,1736205032.441254,s,l
4664527,81609.8,7e-05,1736205093.9446044,b,l
4664528,81638.1,0.0022227,1736205093.9446044,b,l
4664529,81609.8,0.00011168,1736205113.1666317,b,l
4664530,81609.8,0.00011312,1736205157.3144443,b,l
4664531,81609.7,0.00490095,1736205159.4228098,s,m
4664532,81609.7,0.02576513,1736205161.1046836,s,l
4664533,81554.2,0.00061309,1736205214.8939238,b,m
4664534,81542.5,0.00053707,1736205247.9795668,b,l
4664535,81548.5,0.00716078,1736205283.9608357,b,l
4664536,81675.7,0.00114506,1736205390.822863,b,l
4664537,81641.4,0.00119193,1736205406.1033237,b,l
4664538,81626.8,8.881e-05,1736205602.0105822,b,l
4664539,81626.7,0.00056754,1736205637.739018,b,l
4664540,81626.8,0.00144043,1736205651.4127247,b,l
4664541,81626.7,0.0002414,1736205664.0319223,b,l
4664542,81626.7,0.00034124,1736205668.2282567,b,l
4664543,81626.7,0.00024501,1736205735.0475535,s,l
4664544,81623.3,0.0001,1736205735.0475538,s,l
4664545,81615.5,0.00019631,1736205735.0475538,s,l
4664546,81625.6,0.276,1736205793.2775743,s,m
4664547,81626.6,0.00017885,1736205813.954667,b,l
4664548,81626.6,0.00112115,1736205823.6261368,b,m
4664549,81637.0,0.0025538,1736205823.6261368,b,m
4664550,81627.3,0.00032362,1736205873.189119,b,l
4664551,81638.0,0.00059618,1736205915.8866277,b,l
4664552,81621.9,0.000655,1736205981.8266056,s,l
4664553,81621.8,0.00186239,1736205981.8266056,s,l
4664554,81622.0,0.00062814,1736205989.281268,b,l
4664555,81621.9,0.00061258,1736206000.4700503,b,m
4664556,81613.3,0.00050354,1736206005.3436844,s,l
4664557,81613.2,0.00028742,1736206060.824577,b,l
4664558,81608.8,0.0025,1736206099.8148923,s,m
4664559,81619.4,6.252e-05,1736206148.066106,s,l
4664560,81655.0,0.00119187,1736206267.3675923,b,l
4664561,81647.7,0.00102953,1736206286.3871531,b,l
4664562,81613.1,0.00017513,1736206324.1665332,s,l
4664563,81613.2,0.01893532,1736206421.228202,b,l
4664564,81613.2,0.00213472,1736206436.218143,b,l
4664565,81613.2,0.000477,1736206467.3629928,b,l
4664566,81657.1,0.00022811,1736206527.5104902,b,l
4664567,81642.7,0.0011956,1736206534.0358052,s,l
4664568,81627.7,0.00023909,1736206559.766957,b,l
4664569,81613.2,0.00022811,1736206597.1602404,b,l
4664570,81637.7,8.941e-05,1736206725.5875828,b,l
4664571,81633.8,0.0001229,1736206955.1034973,s,l
4664572,81626.6,0.01238037,1736206955.1034973,s,l
4664573,81633.5,0.0005707,1736206973.1197944,b,l
4664574,81716.3,0.00119083,1736207046.625176,b,l
4664575,81715.4,0.001155,1736207175.5847063,s,l
4664576,81715.4,0.01141913,1736207175.5847063,s,l
4664577,81726.3,0.00042537,1736207198.3290677,s,l
4664578,81732.0,0.0001,1736207226.527102,b,m
4664579,81701.0,8.874e-05,1736207325.121674,b,l
4664580,81720.6,0.00024112,1736207410.036155,b,l
4664581,81704.6,0.000655,1736207497.05403,s,l
4664582,81704.6,0.00311774,1736207497.05403,s,l
4664583,81725.2,0.00029768,1736207575.1349547,b,l
4664584,81721.1,0.00119092,1736207597.400962,b,l
4664585,81715.8,0.00026058,1736207645.186595,b,l
4664586,81710.0,0.00120576,1736207880.5530796,b,l
4664587,81709.9,0.00805014,1736207910.6690378,s,l
4664588,81710.0,0.00583246,1736207930.7677794,b,l
4664589,81740.1,0.0181436,1736207930.7677794,b,l
4664590,81749.9,6.026e-05,1736207940.043804,b,l
4664591,81749.9,3.013e-05,1736207940.054881,b,l
4664592,81750.0,1.205e-05,1736208000.0892694,b,l
4664593,81750.0,0.00013257,1736208000.098251,b,l
4664594,81750.0,0.00060258,1736208000.1161425,b,l
4664595,81750.0,0.00012022,1736208000.1174371,b,l
4664596,81750.0,0.00024103,1736208000.3110976,b,l
4664597,81750.0,0.00012052,1736208000.4597926,b,l
4664598,81750.0,0.00028695,1736208002.3164103,b,l
4664599,81750.0,1.808e-05,1736208008.041549,b,l
4664600,81750.0,0.00048207,1736208011.034508,b,l
4664601,81750.0,1.191e-05,1736208017.0337367,b,l
4664602,81750.0,0.00012052,1736208028.0337574,b,l
4664603,81745.4,1.205e-05,1736208059.0349765,b,l
4664604,81745.4,0.00018078,1736208060.038729,b,l
4664605,81704.5,0.039,1736208129.9369686,s,l
4664606,81711.2,0.00024119,1736208141.6809647,b,l
4664607,81699.7,0.00022632,1736208183.0410392,b,l
4664608,81697.0,0.00230571,1736208308.5187223,b,l
4664609,81697.0,0.00022913,1736208337.6910503,b,l
4664610,81697.0,0.00230571,1736208363.782219,b,l
4664611,81697.0,0.00251955,1736208387.4109044,b,l
4664612,81697.0,0.0011,1736208394.2101378,b,m
4664613,81697.0,0.00115524,1736208396.5165684,b,m
4664614,81697.0,0.0011,1736208404.3135042,b,m
4664615,81696.9,0.00122403,1736208422.0580585,s,l
4664616,81696.2,0.00122404,1736208422.0580585,s,l
4664617,81617.8,0.000655,1736208437.0185697,s,l
4664618,81613.1,0.00062131,1736208437.0185697,s,l
4664619,81600.0,3.139e-05,1736208437.0185697,s,l
4664620,81600.1,0.000655,1736208598.3507922,b,l
4664621,81600.1,0.00053769,1736208598.3507922,b,l
4664622,81627.3,0.00119229,1736208649.1098723,b,l
4664623,81633.7,0.00060032,1736208690.1917598,s,m
4664624,81630.7,0.00012069,1736208729.0339675,b,l
4664625,81623.5,3.018e-05,1736208783.035199,b,l
4664626,81624.3,6.035e-05,1736208812.0316818,b,l
4664627,81624.2,0.00201413,1736208812.731662,s,l
4664628,81624.9,0.00012468,1736208849.9049473,b,l
4664629,81623.2,0.000655,1736208888.6621168,b,m
4664630,81623.2,0.00296771,1736208888.6621168,b,m
4664631,81622.4,0.02205276,1736208984.0712864,s,l
4664632,81622.4,9.802e-05,1736208984.0712864,s,l
4664633,81622.4,0.00012533,1736208984.0712864,s,l
4664634,81600.1,0.00043307,1736208987.680137,b,l
4664635,81666.9,8.877e-05,1736209122.6472783,b,l
4664636,81668.1,0.0068804,1736209220.1337647,s,l
4664637,81705.0,0.00381699,1736209302.840781,b,l
4664638,81697.0,0.00035964,1736209322.709421,b,l
4664639,81732.8,0.00046107,1736209354.802968,b,l
4664640,81750.0,0.01190503,1736209425.7358146,b,l
4664641,81719.5,0.02055858,1736209647.7435749,b,l
4664642,81750.0,0.0313884,1736209725.973758,b,l
4664643,81757.2,7e-05,1736209727.25818,b,l
4664644,81770.0,0.00993,1736209729.1026323,b,l
4664645,81800.0,0.00407712,1736209732.2206328,b,l
4664646,81800.0,0.18033183,1736209732.2206328,b,l
4664647,81887.9,0.000655,1736209762.1374395,s,m
4664648,81887.9,0.00056618,1736209762.1374395,s,m
4664649,81888.0,0.00063,1736209787.8445857,b,m
4664650,81888.0,1.191e-05,1736209800.057466,b,l
4664651,81887.9,0.00037185,1736209813.091383,s,l
4664652,81888.0,0.00135809,1736209817.0676377,b,l
4664653,81888.0,0.01009752,1736209817.0676377,b,l
4664654,81888.2,1.188e-05,1736209834.03375,b,l
4664655,81888.2,8.894e-05,1736209852.046451,b,l
4664656,81888.2,0.00047999,1736209852.046451,b,l
4664657,81888.2,0.0019661,1736209908.52359,b,m
4664658,81895.8,0.00136961,1736209953.3082254,b,l
4664659,81897.9,0.00131715,1736210072.1921122,s,l
4664660,81897.9,0.001154,1736210072.1921122,s,l
4664661,81897.9,0.0038019,1736210072.1921122,s,l
4664662,81898.0,0.05494639,1736210107.733777,b,l
4664663,81900.0,0.09111169,1736210107.8764524,b,l
4664664,81904.9,7e-05,1736210107.8790526,b,l
4664665,81949.9,0.001154,1736210109.334455,b,l
4664666,81950.0,0.01220256,1736210109.334455,b,l
4664667,81961.9,0.017479,1736210109.5192297,b,l
4664668,81962.6,0.000654,1736210109.5192297,b,l
4664669,81996.0,0.00609785,1736210109.775589,b,l
4664670,82000.0,0.00502,1736210109.776859,b,l
4664671,82000.0,0.005,1736210109.776859,b,l
4664672,82000.0,0.05,1736210109.776859,b,l
4664673,82000.0,0.02092738,1736210109.7768593,b,l
4664674,82000.0,5e-05,1736210109.7768593,b,l
4664675,82000.0,0.01225609,1736210109.7768593,b,l
4664676,82000.0,0.02439024,1736210109.7768593,b,l
4664677,82000.0,0.0125,1736210109.7768593,b,l
4664678,82000.0,0.01225609,1736210109.7768593,b,l
4664679,82000.0,0.00351208,1736210109.7768593,b,l
4664680,82000.6,0.00017899,1736210109.7768593,b,l
4664681,81995.9,0.01156882,1736210109.777288,s,m
4664682,81995.9,0.02140019,1736210109.7773583,s,m
4664683,82028.0,0.23268238,1736210109.791242,b,l
4664684,81996.0,0.0021,1736210109.9786687,s,l
4664685,82052.9,8e-05,1736210110.2410386,b,l
4664686,82062.6,0.001,1736210112.5241385,b,l
4664687,82065.9,0.00059296,1736210185.6236172,b,l
4664688,81995.3,0.017474,1736210212.692173,s,l
4664689,81990.1,0.082526,1736210212.692173,s,l
4664690,81964.0,0.05,1736210220.9157877,s,l
4664691,81943.9,0.00056824,1736210278.0380323,b,l
4664692,81904.9,7e-05,1736210374.1430216,s,l
4664693,81887.9,0.00012211,1736210385.3449512,s,l
4664694,81757.3,0.00059517,1736210435.5427616,b,l
4664695,81757.2,7e-05,1736210453.71958,s,l
4664696,81739.3,0.00593561,1736210453.71958,s,l
4664697,81742.2,0.00022618,1736210455.9368794,b,l
4664698,81745.6,0.00171253,1736210473.5027757,b,l
4664699,81717.7,0.00030593,1736210654.805062,s,l
4664700,81634.7,0.00024836,1736210727.537339,b,l
4664701,81634.6,1.931e-05,1736210738.032608,b,l
4664702,81625.7,0.00028388,1736210758.4966538,b,l
4664703,81609.8,7e-05,1736210810.5083349,s,l
4664704,81609.8,0.00112258,1736210810.5083349,s,l
4664705,81609.8,0.00092699,1736210810.8649025,s,l
4664706,81609.8,0.00162658,1736210811.165099,s,l
4664707,81600.0,1.861e-05,1736210811.165099,s,l
4664708,81600.0,0.00073997,1736210811.165099,s,l
4664709,81600.0,0.00011814,1736210811.4380014,s,l
4664710,81600.0,0.00012551,1736210811.7003803,s,l
4664711,81600.0,0.00011814,1736210811.9682686,s,l
4664712,81600.1,0.00229267,1736210821.7598767,b,l
4664713,81600.0,0.00012373,1736210829.0552006,s,l
4664714,81575.2,0.0329584,1736210829.0552006,s,l
4664715,81575.1,0.4,1736210829.0552006,s,l
4664716,81567.6,0.000655,1736210829.0552006,s,l
4664717,81567.0,0.01752,1736210829.0552008,s,l
4664718,81564.9,0.001157,1736210829.0552008,s,l
4664719,81557.4,0.24502008,1736210829.0552008,s,l
4664720,81546.6,0.13897483,1736210829.0552008,s,l
4664721,81546.5,0.08359113,1736210829.0552008,s,l
4664722,81594.0,0.01223242,1736210866.2349973,s,m
4664723,81608.9,0.00074522,1736210880.2804906,s,l
4664724,81634.7,0.01531212,1736210961.7159033,b,m
4664725,81634.7,0.01468788,1736211092.414955,b,l
4664726,81740.6,0.00110191,1736211255.9669514,s,l
4664727,81742.5,0.0005953,1736211265.3795156,b,l
4664728,81730.5,0.007,1736211270.6690996,s,m
4664729,81600.0,0.00049158,1736211424.517922,s,l
4664730,81600.1,0.00023854,1736211435.412534,b,l
4664731,81600.0,0.0009692,1736211464.8653502,s,l
4664732,81600.0,9.8e-06,1736211504.8514054,s,l
4664733,81583.3,0.00124965,1736211504.8514054,s,l
4664734,81588.0,0.00030189,1736211600.049608,b,l
4664735,81595.2,0.00030186,1736211607.0347214,b,l
4664736,81600.2,0.00047711,1736211628.0249486,b,l
4664737,81596.4,1.193e-05,1736211641.480786,b,l
4664738,81535.4,1.208e-05,1736211705.0340655,b,l
4664739,81528.0,3.625e-05,1736211720.035878,b,l
4664740,81527.9,0.00012265,1736211770.7400205,s,l
4664741,81500.1,2.418e-05,1736211900.0358331,b,l
4664742,81500.1,4.231e-05,1736211939.4453611,b,l
4664743,81516.0,0.00178974,1736211961.8981557,b,l
4664744,81558.1,0.00026014,1736211996.5603986,b,l
4664745,81587.8,0.00071586,1736212025.7271318,b,l
4664746,81502.5,0.00022688,1736212234.845499,b,l
4664747,81500.1,0.01194153,1736212346.4176624,b,l
4664748,81500.0,5e-05,1736212387.9746633,s,l
4664749,81462.6,1.261e-05,1736212467.1949475,s,l
4664750,81462.6,5.739e-05,1736212506.3647234,s,l
4664751,81427.8,0.00109844,1736212506.3647234,s,l
4664752,81456.1,0.00489255,1736212525.8280666,s,l
4664753,81449.4,1.195e-05,1736212551.0341654,b,l
4664754,81482.7,0.00018914,1736212695.9012778,s,l
4664755,81443.7,0.02455684,1736212853.7993212,b,m
4664756,81475.0,0.00976987,1736212897.177492,b,m
4664757,81474.6,0.00059726,1736212899.7207897,b,l
4664758,81450.0,0.02455494,1736213179.874921,s,l
4664759,81400.0,5e-05,1736213343.9433668,s,l
4664760,81400.0,0.00010267,1736213343.9433668,s,l
4664761,81358.3,3.669e-05,1736213343.9433668,s,l
4664762,81349.2,1.196e-05,1736213448.033711,b,l
4664763,81364.5,0.00614519,1736213456.7701683,b,m
4664764,81428.0,0.0001222,1736213584.0052726,b,l
4664765,81464.7,0.00018141,1736213958.0344949,b,l
4664766,81462.5,0.00645138,1736214006.3709755,b,l
4664767,81500.0,0.00122699,1736214221.2271416,b,l
4664768,81515.0,0.00122911,1736214221.2271416,b,l
4664769,81515.0,0.00024173,1736214303.0343509,b,l
4664770,81515.0,1.194e-05,1736214341.042749,b,l
4664771,81514.9,0.00025336,1736214375.7426755,s,l
4664772,81515.0,3.626e-05,1736214420.035765,b,l
4664773,81514.9,0.00013424,1736214463.8795533,s,l
4664774,81515.0,0.00116236,1736214472.6186798,b,m
4664775,81515.0,0.00240401,1736214703.2664244,b,l
4664776,81515.0,3.582e-05,1736214856.4578538,b,l
4664777,81514.9,0.0019584,1736214921.8120277,s,l
4664778,81406.5,0.00089675,1736215083.4331586,b,l
4664779,81476.4,1.209e-05,1736215240.0364876,b,l
4664780,81457.5,1.209e-05,1736215252.037716,b,l
4664781,81457.5,3.979e-05,1736215252.04317,b,l
4664782,81458.2,0.00283379,1736215456.9857645,s,l
4664783,81447.7,0.00218188,1736215500.8151648,b,l
4664784,81425.4,0.01195177,1736215512.5538046,b,l
4664785,81422.1,0.0016139,1736215531.8539195,b,l
4664786,81404.6,0.00022714,1736215556.1859488,b,l
4664787,81453.4,0.00608556,1736215921.3442852,s,l
4664788,81457.8,0.00024565,1736216105.8087628,b,m
4664789,81458.3,1.195e-05,1736216122.0355422,b,l
4664790,81458.3,0.00060857,1736216126.6050916,b,m
4664791,81462.5,0.00018782,1736216126.6050916,b,m
4664792,81485.3,0.00613608,1736216263.0332208,b,m
4664793,81483.3,0.00344657,1736216295.2583122,b,l
4664794,81427.1,1.195e-05,1736216651.732162,b,l
4664795,81405.7,3.144e-05,1736216731.4032254,b,l
4664796,81361.0,8.91e-05,1736216837.0695057,b,l
4664797,81365.0,0.00030726,1736216855.909344,b,m
4664798,81379.3,0.00057947,1736216892.2016242,s,l
4664799,81363.5,0.00030272,1736216910.030256,b,l
4664800,81357.4,1.196e-05,1736217009.0431774,b,l
4664801,81333.6,0.00011306,1736217109.3516858,s,l
4664802,81378.0,0.00057251,1736217144.8175845,b,l
4664803,81343.6,0.0002021,1736217209.8142903,s,l
4664804,81333.4,0.00039999,1736217228.809986,b,l
4664805,81370.8,0.0030301,1736217684.480116,b,m
4664806,81355.3,0.00345063,1736217708.3970346,b,l
4664807,81344.5,0.00013323,1736217863.0388794,b,l
4664808,81344.4,0.00010018,1736217896.7998168,s,l
4664809,81344.4,0.00032641,1736217896.7998168,s,l
4664810,81316.6,1.197e-05,1736217957.0324535,b,l
4664811,81315.7,7e-05,1736218151.6265996,s,l
4664812,81300.0,3.138e-05,1736218151.6265996,s,l
4664813,81300.0,1.862e-05,1736218312.507354,s,m
4664814,81279.2,0.00010103,1736218312.507354,s,m
4664815,81265.3,0.000656,1736218312.507354,s,m
4664816,81263.4,0.00279138,1736218312.5073545,s,m
4664817,81273.6,0.0001,1736218445.9089196,b,m
4664818,81250.1,6.153e-05,1736218730.375906,b,m
4664819,81250.1,6.063e-05,1736218800.1124363,b,l
4664820,81250.1,6.063e-05,1736218823.0344267,b,l
4664821,81250.1,4.002e-05,1736218823.0360143,b,l
4664822,81250.1,1.213e-05,1736218825.0349958,b,l
4664823,81250.8,0.00024966,1736218830.5282848,s,l
4664824,81257.9,0.00040533,1736218842.2525694,b,l
4664825,81250.1,0.0750004,1736218971.8719883,b,m
4664826,81297.0,0.00060594,1736219591.034093,b,l
4664827,81250.1,1.198e-05,1736219727.0334704,b,l
4664828,81250.1,0.00064402,1736219912.2133677,b,m
4664829,81250.1,0.00274059,1736219912.2133677,b,m
4664830,81250.0,0.55788887,1736220220.3800972,s,l
4664831,81250.0,0.44211113,1736220220.3813534,s,l
4664832,81211.5,0.00046737,1736220309.469772,b,l
4664833,81211.4,0.00100971,1736220313.2257488,s,m
4664834,81169.5,0.0021799,1736220313.2257488,s,m
4664835,81187.3,0.00024634,1736220321.6288755,b,m
4664836,81174.7,0.00314778,1736220454.4187386,s,l
4664837,81178.4,1.199e-05,1736220622.034504,b,l
4664838,81216.2,0.01454722,1736220910.3493826,s,l
4664839,81206.9,0.18545278,1736220910.3493826,s,l
4664840,81178.9,0.04873114,1736221266.5374224,b,m
4664841,81178.5,0.00023059,1736221302.866533,b,l
4664842,81169.0,7e-05,1736221451.9641993,s,l
4664843,81166.1,1.199e-05,1736221503.035308,b,l
4664844,81166.1,0.00576751,1736221503.8359869,b,l
4664845,81166.0,5e-05,1736221536.0402608,s,m
4664846,81088.9,0.01526212,1736221536.0402608,s,m
4664847,81096.1,0.00172999,1736221736.430473,b,l
4664848,81136.6,0.0002399,1736222070.6716912,b,l
4664849,81164.9,0.00024277,1736222152.0306928,b,l
4664850,81188.4,6.068e-05,1736222260.0357292,b,l
4664851,81188.4,1.214e-05,1736222441.036347,b,l
4664852,81180.1,9.854e-05,1736222478.5321977,b,l
4664853,81186.5,0.01980795,1736222490.6061015,s,m
4664854,81184.4,0.0642936,1736222490.6061015,s,m
4664855,81200.0,0.008,1736222933.4744143,b,l
4664856,81232.9,0.01538791,1736222933.4744143,b,l
4664857,81246.0,0.039,1736223077.185798,b,l
4664858,81254.7,0.00012496,1736223270.9445603,s,l
4664859,81299.2,1.212e-05,1736223296.0305364,b,l
4664860,81301.1,0.24538471,1736223329.634523,b,m
4664861,81303.0,0.07040184,1736223329.634523,b,m
4664862,81303.1,0.24537865,1736223329.634523,b,m
4664863,81303.1,0.14883737,1736223329.634523,b,m
4664864,81301.3,1.197e-05,1736223347.0348103,b,l
4664865,81280.6,0.00011358,1736223374.9321165,b,l
4664866,81265.9,0.07040726,1736223417.9330106,b,m
4664867,81266.0,0.17959274,1736223417.9330106,b,m
4664868,81239.7,0.07816375,1736223482.348516,b,m
4664869,81234.4,0.00125238,1736223556.7339723,s,l
4664870,81237.4,0.00035077,1736223575.8981383,b,l
4664871,81236.6,1.213e-05,1736223578.0316308,b,l
4664872,81315.7,1.197e-05,1736224241.0324433,b,l
4664873,81255.2,0.00256055,1736224373.7382083,s,l
4664874,81315.6,0.00054451,1736224773.5881886,s,l
4664875,81207.9,0.00023015,1736224946.060104,s,l
4664876,81227.1,0.00024258,1736225225.0319345,b,l
4664877,81218.8,0.00011983,1736225454.7868357,b,l
4664878,81197.1,0.24568918,1736225621.017023,b,l
4664879,81198.6,0.24568464,1736225621.017023,b,l
4664880,81198.8,0.11196304,1736225621.017023,b,l
4664881,81199.5,0.00359572,1736225749.6348786,b,l
4664882,81199.5,0.00022773,1736225758.4469223,b,l
4664883,81205.8,0.00034003,1736225795.8769855,b,l
4664884,81197.6,0.00403783,1736225836.744486,b,m
4664885,81175.5,0.00167829,1736225882.683295,b,l
4664886,81163.4,0.00030347,1736225927.0312388,b,l
4664887,81170.3,0.001,1736225946.5762272,b,l
4664888,81145.5,0.00012141,1736226000.044383,b,l
4664889,81145.5,6.071e-05,1736226000.0832498,b,l
4664890,81128.5,0.0006,1736226000.268221,s,l
4664891,81143.2,0.00012142,1736226016.0386534,b,l
4664892,81144.4,1.199e-05,1736226027.035001,b,l
4664893,81144.4,1.214e-05,1736226028.033568,b,l
4664894,81118.6,9.049e-05,1736226045.2639875,b,l
4664895,81115.0,0.13660608,1736226265.4225516,b,l
4664896,81218.8,0.00350904,1736226372.8221695,b,m
4664897,81214.8,0.00121311,1736226982.0349786,b,l
4664898,81214.7,0.01231304,1736227303.1902432,s,l
4664899,81214.7,9.851e-05,1736227303.1902432,s,l
4664900,81122.7,0.00023075,1736227644.0920818,b,l
4664901,81117.2,0.00022795,1736227659.4879758,b,l
4664902,81172.9,0.00018206,1736227803.0313363,b,l
4664903,81158.5,1.199e-05,1736227813.0345964,b,l
4664904,81159.2,0.00040089,1736227828.5830088,b,l
4664905,81130.1,0.0001,1736227875.4471529,b,m
4664906,81085.5,0.0061008,1736228463.696464,s,m
4664907,81085.4,0.00084,1736228463.696464,s,m
4664908,81085.0,0.00929522,1736228463.696464,s,m
4664909,81077.1,0.00028581,1736228661.099651,b,l
4664910,81077.1,0.00024008,1736228754.9867742,b,l
4664911,81102.3,0.000824,1736229024.3938663,s,l
4664912,81109.3,0.00035132,1736229213.3586917,b,l
4664913,81130.0,0.00028914,1736229441.3829043,b,l
4664914,81130.0,0.00431406,1736229562.451013,b,m
4664915,81130.0,0.0011658,1736229600.823489,b,l
4664916,81130.0,1.2e-05,1736229607.0328658,b,l
4664917,81118.2,0.00157892,1736229639.033455,b,l
4664918,81120.4,0.00410256,1736229671.7911313,b,l
4664919,81103.6,0.01767049,1736229737.7365258,b,m
4664920,81090.8,5e-05,1736229770.4783468,b,m
4664921,81092.0,3.645e-05,1736229779.0331025,b,l
4664922,81085.9,0.00123326,1736229895.7858949,b,m
4664923,81082.2,0.00060754,1736230179.0322323,b,l
4664924,81077.1,0.04621153,1736230198.885797,b,l
4664925,81077.1,0.017553,1736230218.894653,b,l
4664926,81077.1,0.001161,1736230218.894653,b,l
4664927,81077.1,0.02749753,1736230218.894653,b,l
4664928,81077.1,0.000656,1736230243.9748378,b,l
4664929,81077.1,0.04555553,1736230243.9748378,b,l
4664930,81077.1,0.0461878,1736230269.1407151,b,l
4664931,81130.0,0.00028567,1736230513.9390438,b,l
4664932,81130.0,0.00067932,1736230606.7253602,b,l
4664933,81194.3,0.07055811,1736230680.140326,b,l
4664934,81194.4,0.12273691,1736230680.140326,b,l
4664935,81183.4,1.226e-05,1736230784.0320508,b,l
4664936,81210.3,0.07054094,1736230815.1372137,b,m
4664937,81210.4,0.015655,1736230815.1372137,b,m
4664938,81214.8,0.00022769,1736230917.3497815,b,l
4664939,81214.8,0.00184246,1736231271.1391811,b,l
4664940,81214.7,0.02270625,1736231281.5566432,s,m
4664941,81196.4,4.854e-05,1736231310.0367188,b,l
4664942,81202.4,0.00060665,1736231400.0310223,b,l
4664943,81202.2,6.066e-05,1736231400.0586894,b,l
4664944,81192.3,0.07055968,1736231482.178327,s,l
4664945,81192.2,0.06741032,1736231482.178327,s,l
4664946,81179.9,0.00023922,1736231567.7479322,b,m
4664947,81184.1,0.02463537,1736231594.6788306,b,m
4664948,81214.8,0.00098265,1736231725.3586786,b,l
4664949,81199.1,0.00028891,1736231812.424773,b,l
4664950,81214.6,3.639e-05,1736231864.0333817,b,l
4664951,81203.9,0.02462936,1736231960.972303,b,m
4664952,81203.9,6.066e-05,1736232117.037584,b,l
4664953,81214.8,0.00020619,1736232319.248977,b,l
4664954,81214.7,9.851e-05,1736232422.8123045,s,l
4664955,81203.8,0.01847204,1736232586.1025057,s,l
4664956,81195.4,0.00012316,1736232866.5399475,b,m
4664957,81203.8,0.03152796,1736232965.023149,b,l
4664958,81214.8,0.1436279,1736232965.023149,b,l
4664959,81220.1,0.18876791,1736232965.023149,b,l
4664960,81223.0,0.00161799,1736232968.3703997,b,l
4664961,81220.6,1.213e-05,1736233200.2004175,b,l
4664962,81202.6,0.01,1736233213.1585145,b,l
4664963,81222.9,1.213e-05,1736233221.0364769,b,l
4664964,81219.0,4.852e-05,1736233231.0381117,b,l
4664965,81224.5,0.00116444,1736233242.3343596,b,l
4664966,81223.3,0.00242596,1736233243.035597,b,l
4664967,81222.5,0.0006065,1736233247.0306425,b,l
4664968,81222.3,0.0001213,1736233248.0357876,b,l
4664969,81218.9,3.639e-05,1736233255.0339806,b,l
4664970,81218.6,0.00109248,1736233328.9349115,s,l
4664971,81218.7,0.00035134,1736233330.983283,b,l
4664972,81274.7,0.00049113,1736233369.959985,s,m
4664973,81315.6,0.00296599,1736233573.2644017,s,l
4664974,81309.3,0.00052747,1736233573.2644017,s,l
4664975,81309.3,4.241e-05,1736233617.039282,b,l
4664976,81307.0,0.07054381,1736233623.0247262,b,l
4664977,81307.1,0.00082774,1736233623.0247262,b,l
4664978,81307.9,0.17141295,1736233623.0247262,b,l
4664979,81300.1,0.00012118,1736233711.0308683,b,l
4664980,81300.1,0.07041913,1736233924.0731163,b,l
4664981,81300.1,0.07787493,1736233924.0731163,b,l
4664982,81300.1,0.0003075,1736233965.4499342,b,m
4664983,81300.1,0.00023025,1736234047.7953296,b,l
4664984,81300.0,0.00615006,1736234058.107206,s,l
4664985,81216.3,0.00291587,1736234082.9373207,b,l
4664986,81127.1,0.04798562,1736234335.9163892,b,l
4664987,81146.0,0.00010089,1736234360.3155406,b,l
4664988,81171.4,0.00477193,1736234399.5968344,b,l
4664989,81171.4,0.00033164,1736234430.1603866,b,l
4664990,81171.4,0.06557556,1736234489.1984768,b,m
4664991,81171.4,0.039,1736234489.1984768,b,m
4664992,81171.4,0.000656,1736234489.1984768,b,m
4664993,81171.4,0.14476844,1736234489.1984768,b,m
4664994,81171.3,0.00187778,1736234498.9921048,s,l
4664995,81171.4,0.00250862,1736234737.804347,b,l
4664996,81171.4,0.00048885,1736234737.804347,b,l
4664997,81171.3,0.01812222,1736234741.7905574,s,l
4664998,81121.7,0.008999,1736234751.3436208,s,l
4664999,81100.1,0.00883714,1736234751.3436208,s,l
4665000,81100.0,0.00308261,1736234751.3436208,s,l
4665001,81085.3,0.01597345,1736234751.3436208,s,l
4665002,81094.0,0.00116,1736234917.030933,b,l
4665003,81094.1,5.491e-05,1736234917.030933,b,l
4665004,81089.4,0.00115219,1736234944.865593,b,l
4665005,81088.2,0.04592572,1736234987.670112,s,l
4665006,81084.9,0.00024301,1736235233.0321815,b,l
4665007,81077.1,0.00600192,1736235282.3546195,b,l
4665008,81077.0,0.00010128,1736235303.944044,s,l
4665009,81077.0,0.00012333,1736235303.944044,s,l
4665010,81023.6,0.00060798,1736235305.7500472,b,l
4665011,81023.6,0.01170066,1736235306.5719435,b,l
4665012,81022.7,0.00121598,1736235374.7321825,b,l
4665013,81042.4,0.00431799,1736235490.202111,b,l
4665014,81084.9,0.00295986,1736235583.1431005,b,m
4665015,81076.9,0.00240051,1736235627.2377284,b,l
4665016,81063.0,0.00044413,1736235661.9998727,b,l
4665017,81063.0,0.00110975,1736235663.0194297,b,l
4665018,81048.5,0.000656,1736235751.4412696,s,l
4665019,81048.3,0.00070506,1736235751.4412696,s,l
4665020,81046.6,0.00116,1736235751.4412696,s,l
4665021,81038.2,0.00149799,1736235751.4412696,s,l
4665022,81038.3,0.0012735,1736235751.4492185,s,l
4665023,81038.3,0.00127431,1736235751.452189,s,l
4665024,81035.8,0.00011392,1736235862.895465,b,l
4665025,81022.6,7e-05,1736235882.0970826,s,l
4665026,81018.1,0.03691893,1736235882.0970826,s,l
4665027,81044.2,0.00300216,1736235989.789242,b,l
4665028,81047.9,0.001325,1736235996.9794252,s,l
4665029,81047.9,0.012532,1736235999.1182468,s,m
4665030,81024.3,0.00297727,1736236068.556786,s,l
4665031,81047.9,0.01233838,1736236175.8477829,b,m
4665032,81049.8,0.00098052,1736236187.7203078,s,l
4665033,81050.0,0.00030852,1736236322.5553162,b,l
4665034,81048.4,0.00035524,1736236354.8650951,b,l
4665035,81048.4,0.0003479,1736236389.7823217,b,l
4665036,81032.7,1.216e-05,1736236803.0316422,b,l
4665037,81037.9,0.01186622,1736236805.422136,s,l
4665038,81016.4,0.039,1736236805.422136,s,l
4665039,81015.2,0.00084,1736236805.422136,s,l
4665040,81012.7,0.000656,1736236805.4221363,s,l
4665041,81012.6,0.001161,1736236805.4221363,s,l
4665042,81011.4,0.05630676,1736236805.4221363,s,l
4665043,81041.9,9.381e-05,1736236816.034903,s,l
4665044,81050.0,0.00014587,1736236845.033372,b,l
4665045,81050.0,0.00060779,1736236855.0348146,b,l
4665046,81050.0,0.00303893,1736236860.032445,b,l
4665047,81050.0,0.00240157,1736236883.3977,b,l
4665048,81050.0,0.00011104,1736236900.4522,b,m
4665049,81050.0,0.01163267,1736236961.7102952,b,l
4665050,81050.0,0.00012338,1736236974.2193353,b,m
4665051,81049.9,0.00010114,1736236990.7112255,s,l
4665052,81009.9,0.00010801,1736236990.7112255,s,l
4665053,81000.2,0.00724548,1736236990.7112255,s,l
4665054,81000.1,0.00417804,1736236990.7112255,s,l
4665055,81045.6,0.00691981,1736237024.996627,s,l
4665056,81037.4,0.00719416,1736237064.8853393,s,l
4665057,81022.8,0.14724069,1736237064.8853395,s,l
4665058,81050.0,1.201e-05,1736237093.7089624,b,l
4665059,81049.9,0.00593212,1736237094.942084,s,l
4665060,81042.4,0.00781906,1736237094.942084,s,l
4665061,81042.3,0.1406446,1736237094.942084,s,l
4665062,81049.8,0.00012585,1736237099.4147303,s,m
4665063,81041.7,0.00513544,1736237120.0099864,s,l
4665064,81024.9,0.12199934,1736237120.0099864,s,l
4665065,81050.0,0.10131122,1736237150.0991936,b,l
4665066,81049.9,0.00482582,1736237160.1118095,s,l
4665067,81049.9,0.017555,1736237160.1118095,s,l
4665068,81049.9,0.039,1736237160.1118095,s,l
4665069,81049.9,0.09300048,1736237160.1118095,s,l
4665070,81050.0,0.080307,1736237170.1026993,b,l
4665071,81082.7,0.00453554,1736237190.1511235,s,l
4665072,81082.0,0.14980401,1736237190.1511235,s,l
4665073,81088.0,0.00116,1736237210.2461317,b,l
4665074,81088.0,0.00084,1736237210.2461317,b,l
4665075,81088.1,0.017553,1736237210.2461317,b,l
4665076,81088.6,0.0817227,1736237210.2461317,b,l
4665077,81090.7,0.00431531,1736237220.2750611,s,l
4665078,81087.2,0.12973666,1736237220.2750611,s,l
4665079,81066.1,0.10128985,1736237240.6816237,b,l
4665080,81065.9,0.00398477,1736237245.68582,s,l
4665081,81053.1,0.15039253,1736237245.68582,s,l
4665082,81050.4,0.02099554,1736237270.649753,b,l
4665083,81050.0,0.02024162,1736237275.646813,s,l
4665084,81043.1,0.00088696,1736237312.0810592,b,l
4665085,81049.8,0.000656,1736237360.697752,b,l
4665086,81049.9,0.24579438,1736237360.697752,b,l
4665087,81057.5,0.07117027,1736237409.1953511,b,l
4665088,81057.6,0.03226718,1736237409.1953511,b,l
4665089,81047.5,0.00012008,1736237460.3916223,b,l
4665090,81058.1,0.00011389,1736237486.897236,b,l
4665091,81053.2,0.00054269,1736237497.0261695,b,l
4665092,81051.9,0.01155543,1736237502.4608984,b,l
4665093,81049.1,0.00030845,1736237652.0114567,b,m
4665094,81065.2,0.00060767,1736237684.03342,b,l
4665095,81065.1,0.00074823,1736237691.9232848,s,l
4665096,81057.8,0.00022811,1736237713.07901,b,l
4665097,81060.7,0.00024551,1736237740.0240707,b,l
4665098,81074.6,0.00047099,1736237746.115363,s,l
4665099,81081.1,0.000656,1736237822.7609465,s,l
4665100,81075.2,0.00527799,1736237822.7609465,s,l
4665101,81073.3,0.001161,1736237822.7609465,s,l
4665102,81072.0,0.03671948,1736237822.7609465,s,l
4665103,81070.4,0.00370955,1736237951.797784,s,l
4665104,81054.0,0.021304,1736237951.797784,s,l
4665105,81093.6,0.00011246,1736237992.0073245,b,l
4665106,81128.1,0.00023074,1736238033.3025074,b,l
4665107,81161.0,0.00351469,1736238046.2535424,s,l
4665108,81160.9,0.00084,1736238046.2535424,s,l
4665109,81160.7,0.00157106,1736238046.2535424,s,l
4665110,81165.4,0.00242769,1736238060.03553,b,l
4665111,81166.3,0.00116,1736238123.216593,b,l
4665112,81168.9,5.383e-05,1736238123.216593,b,l
4665113,81169.0,7e-05,1736238161.8053985,b,m
4665114,81189.3,0.00978439,1736238161.8053985,b,m
4665115,81195.0,0.0006158,1736238282.723665,b,m
4665116,81182.9,0.00262467,1736238325.9223158,s,l
4665117,81182.8,0.01889164,1736238325.9223158,s,l
4665118,81195.0,0.00059932,1736238370.3409948,b,l
4665119,81195.0,0.00106779,1736238539.720808,b,m
4665120,81195.0,0.0156538,1736238557.245276,b,m
4665121,81195.0,0.00023973,1736238612.9654768,b,l
4665122,81195.0,6.067e-05,1736238645.032244,b,l
4665123,81195.0,0.00023973,1736238669.5788176,b,l
4665124,81195.0,0.00011986,1736238673.157049,b,l
4665125,81195.0,0.00023055,1736238698.9455466,b,l
4665126,81195.0,0.00119465,1736238767.0994203,b,m
4665127,81195.0,0.00017206,1736238776.7375743,b,l
4665128,81195.0,0.00034305,1736238814.1381905,b,l
4665129,81195.0,0.02397281,1736238842.7654457,b,l
4665130,81194.9,9.373e-05,1736238850.020038,s,l
4665131,81194.9,0.00017968,1736238876.4518988,s,m
4665132,81194.9,0.0021913,1736238876.4518988,s,m
4665133,81192.1,0.00116,1736238876.4518988,s,m
4665134,81192.1,0.24563937,1736238876.4518988,s,m
4665135,81190.8,0.24564348,1736238876.4518988,s,m
4665136,81186.3,0.017542,1736238876.4518988,s,m
4665137,81186.0,0.24565807,1736238876.4518988,s,m
4665138,81185.1,0.000656,1736238876.4518988,s,m
4665139,81179.9,0.2413301,1736238876.4518988,s,m
4665140,81195.0,0.00058086,1736238884.8977065,b,l
4665141,81195.0,0.00719184,1736238919.1598132,b,l
4665142,81195.0,0.00029773,1736238953.0732222,b,l
4665143,81195.0,0.0012316,1736239150.0739908,b,m
4665144,81194.9,0.00228598,1736239180.756776,s,l
4665145,81194.9,0.00232021,1736239180.756776,s,l
4665146,81194.9,0.083,1736239276.9590085,s,l
4665147,81195.0,6.067e-05,1736239313.0337734,b,l
4665148,81195.0,0.02663007,1736239511.4130435,b,l
4665149,81195.0,0.00207365,1736239535.168862,b,l
4665150,81195.0,0.00179796,1736239538.2229328,b,l
4665151,81195.0,6.067e-05,1736239546.03473,b,l
4665152,81195.0,0.00061519,1736239578.254363,b,l
4665153,81195.0,0.00345808,1736239590.9891098,b,l
4665154,81195.0,0.00047946,1736239610.0779142,b,l
4665155,81195.0,0.00024932,1736239698.4602773,b,l
4665156,81195.0,0.01075995,1736239809.8665855,b,m
4665157,81223.2,0.07099685,1736239809.8665855,b,m
4665158,81223.3,0.039,1736239809.8665855,b,m
4665159,81226.9,0.00084,1736239809.8665855,b,m
4665160,81227.7,0.24522505,1736239809.8665855,b,m
4665161,81229.2,0.24522036,1736239809.8665855,b,m
4665162,81232.8,0.18819707,1736239809.8665855,b,m
4665163,81220.7,5.991e-05,1736239872.1631663,b,l
4665164,81212.5,0.00018421,1736240006.5971546,s,l
4665165,81212.6,0.00011229,1736240024.0591304,b,l
4665166,81212.6,0.00215709,1736240133.9543405,b,l
4665167,81212.6,0.00300536,1736240164.2712147,b,m
4665168,81212.6,3.595e-05,1736240198.7905564,b,l
4665169,81212.6,0.00059919,1736240231.1123922,b,l
4665170,81212.6,0.02396761,1736240250.1581187,b,l
4665171,81212.6,0.000656,1736240367.370233,b,l
4665172,81212.6,0.00175696,1736240367.370233,b,l
4665173,81212.6,0.00057366,1736240376.6081967,b,l
4665174,81212.5,0.50483374,1736240388.473092,s,l
4665175,81195.0,9.101e-05,1736240400.0992708,b,l
4665176,81195.0,0.0006067,1736240400.1083238,b,l
4665177,81195.0,1.202e-05,1736240400.146192,b,l
4665178,81195.0,0.0012134,1736240400.2049663,b,l
4665179,81194.9,0.00077591,1736240401.1634333,s,l
4665180,81129.9,0.00023055,1736240401.551187,b,l
4665181,81129.7,0.01233593,1736240407.34317,b,m
4665182,81129.7,0.00028891,1736240408.1052644,b,l
4665183,81115.2,8.672e-05,1736240427.0360112,b,l
4665184,81117.7,0.0001138,1736240429.834645,b,l
4665185,81122.0,0.00017222,1736240434.8248348,b,l
4665186,81115.7,0.00316688,1736240441.651389,s,l
4665187,81115.8,0.00012146,1736240443.0342731,b,l
4665188,81093.5,0.00364476,1736240484.194856,b,l
4665189,81084.4,9.051e-05,1736240485.9169762,b,l
4665190,81072.5,0.00230724,1736240546.8799086,b,l
4665191,81074.8,0.00011386,1736240572.2781043,b,l
4665192,81080.8,0.0023072,1736240614.8560698,b,l
4665193,81074.0,0.00400868,1736240634.630145,b,m
4665194,81049.0,0.00096238,1736240666.0878563,s,l
4665195,81039.6,0.00092658,1736240666.0878563,s,l
4665196,81039.6,0.02467929,1736240688.1467848,s,l
4665197,81022.7,0.00011394,1736240749.177091,b,l
4665198,81022.6,7e-05,1736240836.0952134,s,l
4665199,81022.6,0.04821644,1736240836.0952134,s,l
4665200,81022.6,0.00101065,1736240874.5498347,s,l
4665201,81022.7,0.00023104,1736240931.831697,b,l
4665202,81025.2,0.00202906,1736240954.3042045,s,l
4665203,81055.3,0.0012291,1736241113.4361618,b,l
4665204,81059.4,0.00125493,1736241116.913891,b,l
4665205,81047.6,0.00128129,1736241119.6966493,b,l
4665206,81045.9,0.00120381,1736241123.0105317,b,l
4665207,81034.1,0.00121639,1736241124.501159,b,l
4665208,81034.1,0.00126804,1736241125.8705072,b,l
4665209,81034.1,0.00124195,1736241131.0682042,b,l
4665210,81034.1,0.00129468,1736241134.112428,b,l
4665211,81036.6,0.00081382,1736241139.2891583,b,l
4665212,81036.2,0.00130821,1736241143.7281387,b,l
4665213,81036.0,0.0003085,1736241150.9048853,b,m
4665214,81036.6,0.00042035,1736241153.0621674,b,l
4665215,81060.9,0.00121541,1736241214.0355835,b,l
4665216,81034.1,0.00091186,1736241320.4309428,b,l
4665217,81034.0,0.0035,1736241324.3484674,s,l
4665218,81023.1,0.04585699,1736241324.3484674,s,l
4665219,81023.0,0.03434093,1736241324.3484674,s,l
4665220,81022.9,0.00617109,1736241347.538605,b,m
4665221,81022.6,0.00156,1736241357.3525724,s,l
4665222,81022.7,0.0001216,1736241370.0405395,b,l
4665223,81022.7,0.00014811,1736241419.3263774,b,m
4665224,81038.3,6.145e-05,1736241425.7328038,b,m
4665225,81049.5,0.00022817,1736241464.147929,b,l
4665226,81049.5,0.00042028,1736241472.0664315,b,l
4665227,81038.5,0.03225229,1736241483.5134375,s,l
4665228,81022.7,0.07110147,1736241585.0237472,b,l
4665229,81022.7,0.017555,1736241585.0237472,b,l
4665230,81022.7,0.00116,1736241585.0237472,b,l
4665231,81022.7,0.15702793,1736241585.0237472,b,l
4665232,81037.1,0.00900727,1736241650.6679325,b,l
4665233,81033.9,8.511e-05,1736241660.033291,b,l
4665234,81042.4,0.06004457,1736241758.317447,b,l
4665235,81042.0,0.00030392,1736241763.0421665,b,l
4665236,81039.2,0.00147176,1736241841.910392,s,m
4665237,81039.3,0.0001,1736241853.283761,b,m
4665238,81039.2,0.00297053,1736241882.0571806,s,l
4665239,81039.2,9.872e-05,1736241882.0571806,s,l
4665240,81022.7,0.07115272,1736241882.4453557,b,l
4665241,81022.7,0.04894161,1736241882.4453557,b,l
4665242,81022.6,0.00385522,1736241910.4906533,s,l
4665243,81022.6,0.00110882,1736241910.7099707,s,l
4665244,81022.7,0.00017243,1736241942.3967097,b,l
4665245,81022.7,0.00012012,1736241975.1551375,b,l
4665246,81022.7,0.00023104,1736242132.7728004,b,l
4665247,81022.6,0.00043115,1736242147.5104723,s,l
4665248,81022.7,0.00960951,1736242163.4816394,b,l
4665249,81022.6,0.19066243,1736242247.5394208,s,m
4665250,81022.6,0.00933757,1736242247.5394208,s,m
4665251,81022.6,0.00387513,1736242249.8551164,s,l
4665252,81022.7,0.00123422,1736242296.6527908,b,m
4665253,81022.6,0.00152,1736242313.357626,s,m
4665254,81022.7,2.432e-05,1736242317.0346274,b,l
4665255,81022.7,0.0241862,1736242317.5519753,b,l
4665256,81022.6,0.09573708,1736242382.7615635,s,l
4665257,81000.1,0.03003811,1736242404.119743,b,l
4665258,81000.1,0.00034811,1736242410.017697,b,l
4665259,81000.1,0.0002311,1736242416.692768,b,l
4665260,81000.0,5.32e-05,1736242451.6614022,s,m
4665261,81000.0,6.368e-05,1736242451.6614022,s,m
4665262,81000.1,0.00024326,1736242453.0313702,b,l
4665263,81000.1,0.00057517,1736242520.2262335,b,l
4665264,81000.1,0.00261728,1736242526.9455974,b,m
4665265,81000.0,8.6e-07,1736242555.5625029,s,l
4665266,81000.0,0.00061728,1736242555.5625029,s,l
4665267,81000.0,0.02469135,1736242555.5625029,s,l
4665268,81000.0,0.00024691,1736242555.5625029,s,l
4665269,80975.1,0.01122744,1736242561.6863976,b,l
4665270,80975.1,0.00012019,1736242586.7384696,b,l
4665271,80975.1,0.01802843,1736242624.8951385,b,l
4665272,80975.1,0.004538,1736242768.6155643,b,l
4665273,80975.1,0.00017253,1736242792.5525112,b,l
4665274,80975.0,0.0078589,1736242845.1343791,s,m
4665275,80975.0,6.7e-05,1736242951.7663064,s,l
4665276,80975.1,0.00134187,1736242980.1853278,b,l
4665277,80975.0,0.00442359,1736242986.4559505,s,l
4665278,80975.0,0.01049793,1736242986.4559505,s,l
4665279,80975.0,0.00617474,1736242986.4559507,s,l
4665280,80950.0,0.00062019,1736242987.6232092,s,l
4665281,80946.7,0.00013314,1736242987.6232092,s,l
4665282,80932.6,0.00084,1736242987.6232092,s,l
4665283,80932.5,0.00061779,1736242987.6232092,s,l
4665284,80912.0,0.01000358,1736242987.6232092,s,l
4665285,80907.6,0.00215962,1736243041.8667996,b,m
4665286,80907.7,0.001,1736243055.0220935,b,l
4665287,80905.2,0.00023137,1736243130.8101752,b,l
4665288,80907.7,0.00024379,1736243156.4658413,b,l
4665289,80907.6,0.00252288,1736243157.8283305,s,l
4665290,80907.7,0.00023137,1736243341.004159,b,l
4665291,80907.6,0.01451418,1736243367.146669,s,l
4665292,80907.6,0.04690652,1736243367.146669,s,l
4665293,80907.6,0.1,1736243367.146669,s,l
4665294,80907.6,0.5,1736243367.146669,s,l
4665295,80907.6,0.17944838,1736243367.146669,s,l
4665296,80907.5,0.039,1736243367.146669,s,l
4665297,80907.1,0.12013092,1736243367.146669,s,l
4665298,80907.7,6.149e-05,1736243378.965377,b,l
4665299,80907.7,0.02471953,1736243409.3957918,b,m
4665300,80907.6,0.005,1736243567.601113,s,m
4665301,80907.7,0.00109742,1736243582.4275205,b,l
4665302,80907.7,0.00024354,1736243606.0338998,b,l
4665303,80907.7,0.00060886,1736243611.0355284,b,l
4665304,80907.7,0.00122073,1736243638.0413637,b,l
4665305,80907.7,0.00097358,1736243664.3849852,b,l
4665306,80907.6,0.02963915,1736243710.8450725,s,l
4665307,80907.7,0.00603156,1736243739.4414396,b,m
4665308,80907.7,6.089e-05,1736243898.0377064,b,l
4665309,80907.7,0.00520698,1736243903.2723143,b,l
4665310,80907.7,0.00230175,1736243908.608639,b,l
4665311,80972.0,0.00240388,1736243924.022185,b,l
4665312,80970.5,0.00012168,1736244000.0838313,b,l
4665313,80970.3,0.00011401,1736244001.9768994,b,l
4665314,80971.0,1.217e-05,1736244015.0333571,b,l
4665315,80970.0,0.00018252,1736244019.032066,b,l
4665316,80969.2,6.084e-05,1736244020.0326898,b,l
4665317,80968.6,0.00072301,1736244021.802686,b,l
4665318,80964.9,6.084e-05,1736244035.0312765,b,l
4665319,80919.7,0.00025226,1736244089.7333646,s,l
4665320,80927.9,0.00363183,1736244096.7447152,b,l
4665321,80924.7,0.03607441,1736244097.73902,b,l
4665322,80915.3,0.01342137,1736244143.4629662,s,l
4665323,80913.8,0.017224,1736244143.4629662,s,l
4665324,80913.7,0.001176,1736244143.4629662,s,l
4665325,80908.2,0.00030899,1736244143.4629662,s,l
4665326,80907.6,0.00012359,1736244143.4629662,s,l
4665327,80905.9,0.001182,1736244143.4629662,s,l
4665328,80902.7,0.14859958,1736244143.4629662,s,l
4665329,80923.5,0.0023479,1736244252.7031422,b,m
4665330,80910.9,0.00028617,1736244279.8735032,s,l
4665331,80918.0,0.00092686,1736244294.154422,b,m
4665332,80918.0,0.00057575,1736244297.2783265,b,l
4665333,80920.5,0.00012358,1736244298.3256288,b,m
4665334,80947.1,5.014e-05,1736244375.0519855,s,l
4665335,80933.0,0.0240513,1736244427.8067653,b,l
4665336,80893.1,3.557e-05,1736244501.122976,s,l
4665337,80886.8,0.00148349,1736244546.4374435,b,l
4665338,80886.8,0.00098903,1736244580.5406938,b,l
4665339,80886.8,0.00048128,1736244610.049321,b,l
4665340,80886.8,0.0082372,1736244644.4344573,b,l
4665341,80886.8,0.02599995,1736244644.4344573,b,l
4665342,80886.7,5e-05,1736244646.7602148,s,l
4665343,80886.7,0.00142174,1736244646.7602148,s,l
4665344,80876.5,7e-05,1736244675.628636,s,l
4665345,80875.4,0.00989176,1736244676.0493765,b,m
4665346,80875.3,0.00010153,1736244691.741067,s,l
4665347,80850.0,0.01844465,1736244691.7520397,s,l
4665348,80760.0,0.00026127,1736244693.0107942,s,m
4665349,80741.0,0.01055325,1736244693.0107944,s,m
4665350,80732.6,0.03061381,1736244693.0107944,s,m
4665351,80730.7,7e-05,1736244696.456285,s,m
4665352,80722.8,0.00012192,1736244696.456285,s,m
4665353,80738.7,0.00335581,1736244726.0878437,b,l
4665354,80744.2,0.00061009,1736244751.1989477,b,l
4665355,80743.3,0.00023184,1736244758.9499693,b,l
4665356,80744.1,0.01108872,1736244765.6550212,b,l
4665357,80744.2,0.01058491,1736244765.6550212,b,l
4665358,80744.8,0.001183,1736244765.6550212,b,l
4665359,80745.6,0.0001294,1736244765.6550212,b,l
4665360,80745.6,0.03615769,1736244765.898317,b,l
4665361,80736.8,0.00022907,1736244829.068487,b,l
4665362,80743.5,0.00040791,1736245007.9040709,b,l
4665363,80743.5,0.00115758,1736245018.8893497,b,l
4665364,80743.5,0.00122019,1736245020.0330005,b,l
4665365,80753.7,0.01332472,1736245036.8042555,b,l
4665366,80733.7,0.00023534,1736245074.2461672,s,l
4665367,80714.2,0.00192464,1736245074.2461674,s,l
4665368,80734.8,0.00044543,1736245125.7615376,s,l
4665369,80786.6,0.00120569,1736245137.05673,b,l
4665370,80794.5,0.00021932,1736245150.404582,s,l
4665371,80790.4,0.04818245,1736245212.7098465,b,l
4665372,80768.9,0.02004757,1736245251.034867,s,l
4665373,80768.8,0.01765261,1736245251.034867,s,l
4665374,80771.7,0.00294001,1736245278.7273138,b,l
4665375,80749.3,0.00060263,1736245375.1148903,b,l
4665376,80761.1,0.001177,1736245408.2152786,b,l
4665377,80761.1,0.0018362,1736245408.2152786,b,l
4665378,80767.1,0.00030496,1736245426.0323918,b,l
4665379,80750.2,0.01795873,1736245500.1046271,s,l
4665380,80750.1,0.00992982,1736245500.1046271,s,l
4665381,80764.2,0.01098011,1736245517.5652134,b,m
4665382,80762.7,0.00485386,1736245520.8408124,b,l
4665383,80762.8,0.24637044,1736245520.8408124,b,l
4665384,80762.8,0.05003949,1736245520.8408124,b,l
4665385,80776.2,0.00173318,1736245534.971005,b,m
4665386,80779.5,9.736e-05,1736245540.638604,b,l
4665387,80779.4,0.01856845,1736245544.0626864,s,m
4665388,80777.7,0.00619545,1736245544.0626864,s,m
4665389,80798.0,0.00084,1736245562.5371876,b,m
4665390,80798.1,0.01153653,1736245562.5371876,b,m
4665391,80796.2,0.00121939,1736245565.033145,b,l
4665392,80793.0,0.00024389,1736245571.0434322,b,l
4665393,80795.4,1.205e-05,1736245634.2774208,b,l
4665394,80799.5,0.00060967,1736245680.033745,b,l
4665395,80799.5,0.00023167,1736245681.724265,b,l
4665396,80811.2,0.00627987,1736245709.242382,s,l
4665397,80824.6,1.385e-05,1736245709.5253885,b,l
4665398,80815.1,0.01476977,1736245742.1546752,s,m
4665399,80815.0,0.00302538,1736245742.1546752,s,m
4665400,80850.9,0.00115584,1736245779.3262737,b,l
4665401,80857.8,0.00024369,1736245800.0377257,b,l
4665402,80848.9,0.00029014,1736245809.8402822,b,l
4665403,80847.8,0.00060189,1736245811.8267748,b,l
4665404,80847.1,0.00060931,1736245817.0370395,b,l
4665405,80848.8,0.00012588,1736245827.4968638,b,l
4665406,80808.9,1.385e-05,1736246017.227025,s,l
4665407,80819.5,0.00017075,1736246069.5377145,b,l
4665408,80826.3,0.00103958,1736246110.9632273,b,l
4665409,80822.0,0.00195217,1736246116.2494173,b,l
4665410,80807.9,0.00120638,1736246187.1874511,s,l
4665411,80818.4,0.0006021,1736246191.336697,b,l
4665412,80808.1,0.00506378,1736246242.0731118,s,l
4665413,80810.1,0.00012043,1736246269.7431698,b,l
4665414,80808.2,0.00022883,1736246344.5720837,b,l
4665415,80809.4,0.0006096,1736246387.0354583,b,l
4665416,80864.1,0.03060475,1736246536.2340746,s,l
4665417,80873.2,0.00989162,1736246544.66614,b,l
4665418,80857.7,0.00640063,1736246580.5955875,b,m
4665419,80854.3,9.895e-05,1736246585.8321626,b,l
4665420,80855.3,0.01564769,1736246600.8559656,b,l
4665421,80837.5,2.438e-05,1736246646.0315144,b,l
4665422,80816.6,0.00036572,1736246750.0306067,b,l
4665423,80808.1,0.00097521,1736246801.3252869,s,l
4665424,80798.0,0.00014376,1736246801.3252869,s,l
4665425,80781.6,0.00014602,1736246891.862866,b,l
4665426,80775.6,0.00190806,1736246927.2139497,s,l
4665427,80773.9,0.00093133,1736246931.378264,s,l
4665428,80774.4,0.00057671,1736246955.2880316,b,l
4665429,80767.2,0.00060249,1736246972.8527317,b,l
4665430,80765.4,9.088e-05,1736246978.9029355,b,l
4665431,80731.0,0.0218,1736247156.5050516,s,l
4665432,80730.8,0.01205603,1736247258.9974566,b,l
4665433,80729.2,0.00434836,1736247307.2188735,b,l
4665434,80730.9,0.00171645,1736247337.8671043,s,l
4665435,80730.9,0.011195,1736247443.0979264,s,m
4665436,80730.9,0.008805,1736247443.0979264,s,m
4665437,80731.0,0.00115731,1736247523.5573742,b,l
4665438,80731.0,0.00154801,1736247540.747779,b,l
4665439,80731.0,0.00534611,1736247554.414626,b,l
4665440,80753.1,0.0006814,1736247554.414626,b,l
4665441,80746.5,0.04218047,1736247604.3676517,b,l
4665442,80744.6,0.00061009,1736247608.0399275,b,l
4665443,80734.3,1.22e-05,1736247623.033106,b,l
4665444,80730.4,6e-05,1736247624.414744,s,l
4665445,80730.0,0.00079325,1736247647.0326307,b,l
4665446,80725.5,0.00017306,1736247659.3964145,b,l
4665447,80747.0,0.00057703,1736247697.4210317,b,l
4665448,80725.4,0.00012954,1736247722.38432,s,l
4665449,80725.5,0.005798,1736247742.7054873,b,l
4665450,80725.4,0.00050665,1736247766.1128526,s,l
4665451,80725.5,0.00567347,1736247878.0336056,b,l
4665452,80814.5,0.00011297,1736247880.3905425,b,l
4665453,80824.1,0.00020211,1736247890.9340303,b,l
4665454,80799.4,0.00602217,1736247904.1956332,b,l
4665455,80795.6,0.00061885,1736247910.65612,b,m
4665456,80775.9,0.00013269,1736247949.1933672,s,l
4665457,80775.6,0.00023174,1736247978.2516272,b,l
4665458,80786.6,0.00118273,1736247998.217271,s,l
4665459,80753.9,0.00022898,1736248191.5366347,b,l
4665460,80755.8,0.00694798,1736248248.0064664,b,m
4665461,80740.9,0.00254481,1736248258.7437336,s,l
4665462,80741.0,0.000244,1736248290.1155984,b,l
4665463,80740.9,0.00364783,1736248293.4187076,s,l
4665464,80732.7,0.00261616,1736248293.4187076,s,l
4665465,80725.4,0.00184134,1736248303.704294,s,l
4665466,80713.9,0.00070443,1736248303.704294,s,l
4665467,80790.6,0.00231591,1736248370.1480231,b,l
4665468,80800.4,0.00058367,1736248387.2973132,b,l
4665469,80794.3,0.00301159,1736248393.5297258,b,l
4665470,80791.1,0.00011288,1736248455.8698974,b,l
4665471,80791.0,0.0011,1736248458.3627286,s,l
4665472,80794.1,0.00301158,1736248537.6800945,b,l
4665473,80799.9,9.044e-05,1736248641.7010844,s,l
4665474,80800.0,0.00017941,1736248677.5557125,b,l
4665475,80800.0,0.00011425,1736248693.344777,b,l
4665476,80800.0,0.00102633,1736248695.986437,b,l
4665477,80800.0,6.097e-05,1736248700.0333934,b,l
4665478,80800.0,0.0001,1736248710.0458686,b,m
4665479,80800.0,0.0012045,1736248732.2449632,b,l
4665480,80800.0,0.00034897,1736248764.1845176,b,l
4665481,80800.0,0.00012045,1736248803.7508965,b,l
4665482,80800.0,0.00034897,1736248829.915156,b,l
4665483,80800.0,0.00234283,1736248832.3012395,b,m
4665484,80800.0,0.00117056,1736248896.9323328,b,l
4665485,80800.0,0.00012193,1736248920.8586686,b,l
4665486,80799.9,0.0006875,1736249089.215242,s,l
4665487,80799.9,7.55e-05,1736249089.215242,s,l
4665488,80799.9,4.826e-05,1736249170.1036568,s,l
4665489,80799.9,0.00614154,1736249170.1036568,s,l
4665490,80792.4,0.00240923,1736249206.7306008,b,l
4665491,80796.9,0.00060231,1736249211.0018694,b,l
4665492,80800.0,0.00946832,1736249253.5635214,b,l
4665493,80795.1,0.001562,1736249271.6787465,b,l
4665494,80789.4,0.00012047,1736249295.0699513,b,l
4665495,80788.1,0.00012046,1736249295.994424,b,l
4665496,80791.7,0.01219408,1736249300.948338,b,m
4665497,80790.0,0.00123777,1736249330.6703737,s,l
4665498,80783.0,0.00062038,1736249330.6703737,s,l
4665499,80800.0,0.00023167,1736249372.7067666,b,l
4665500,80800.0,0.0009145,1736249400.059054,b,l
4665501,80799.9,0.00183372,1736249404.1727624,s,l
4665502,80783.1,0.01798941,1736249453.3585086,s,l
4665503,80783.1,0.00118289,1736249456.195121,s,l
4665504,80790.9,0.00083171,1736249460.2566447,b,l
4665505,80790.8,0.00222798,1736249463.9341948,b,m
4665506,80790.8,0.00012046,1736249465.011657,b,l
4665507,80783.0,0.00019079,1736249538.6344757,s,l
4665508,80783.1,1.205e-05,1736249603.192191,b,l
4665509,80783.1,0.09096727,1736249607.7089014,b,l
4665510,80783.1,0.0173906,1736249619.040445,b,l
4665511,80783.0,0.00537825,1736249627.0481184,s,l
4665512,80711.9,5e-05,1736249699.1143403,s,l
4665513,80711.9,0.00024729,1736249699.1143403,s,l
4665514,80700.0,0.00247831,1736249699.141436,s,l
4665515,80674.1,0.00010179,1736249699.4396422,s,l
4665516,80653.6,0.01564608,1736249743.2315805,s,m
4665517,80653.5,0.001184,1736249743.2315805,s,m
4665518,80652.9,0.00075568,1736249743.2315805,s,m
4665519,80651.2,0.06466058,1736249743.2315805,s,m
4665520,80650.0,0.00619962,1736249877.2953382,s,l
4665521,80646.9,0.00132188,1736249877.2953382,s,l
4665522,80585.1,7e-05,1736249880.1970046,s,l
4665523,80572.0,0.00012409,1736249881.1611998,s,m
4665524,80572.1,0.00057823,1736249895.34858,b,l
4665525,80572.0,0.00049647,1736249914.881229,s,l
4665526,80536.4,0.00347795,1736249918.1236231,s,l
4665527,80500.1,0.0002418,1736249930.8178844,b,l
4665528,80500.0,0.00062111,1736249932.9364157,s,l
4665529,80500.0,7.826e-05,1736249932.9364157,s,l
4665530,80473.4,0.00010204,1736249941.7765365,s,l
4665531,80454.9,0.001,1736249942.7532043,s,l
4665532,80439.7,7e-05,1736249942.7551212,s,l
4665533,80339.7,0.00086651,1736249947.3320446,s,m
4665534,80334.9,0.00084,1736249947.3320448,s,m
4665535,80334.2,0.00078291,1736249947.3320448,s,m
4665536,80333.6,0.0007,1736249947.5293367,s,m
4665537,80307.8,0.00012,1736249947.7953298,s,m
4665538,80449.3,0.00040413,1736249969.031572,b,l
4665539,80346.2,0.00028838,1736250063.1693516,b,l
4665540,80305.5,0.00012359,1736250089.8373563,b,l
4665541,80294.8,6.227e-05,1736250097.1170828,b,m
4665542,80294.7,7e-05,1736250127.4155085,s,l
4665543,80273.3,0.001182,1736250135.769456,b,l
4665544,80273.3,9.9e-05,1736250135.769456,b,l
4665545,80273.3,0.30505707,1736250136.847173,b,l
4665546,80304.2,0.00510476,1736250145.7965858,s,m
4665547,80364.3,0.00010668,1736250164.649706,b,m
4665548,80377.9,0.00121149,1736250169.42529,b,l
4665549,80273.2,0.00010229,1736250277.421291,s,l
4665550,80270.0,4.357e-05,1736250284.0327587,b,l
4665551,80270.0,9.144e-05,1736250330.9043276,b,l
4665552,80269.9,0.00013426,1736250334.4687417,s,l
4665553,80250.0,0.02492211,1736250334.4687417,s,l
4665554,80221.3,0.00847448,1736250334.4687417,s,l
4665555,80218.9,0.02333173,1736250334.4687417,s,l
4665556,80200.0,0.07822737,1736250414.2074013,s,l
4665557,80200.0,0.02177263,1736250417.128099,s,l
4665558,80170.1,0.00031184,1736250499.32991,b,m
4665559,80170.1,0.00048563,1736250535.8305805,b,l
4665560,80168.1,0.00703951,1736250594.7168083,s,m
4665561,80155.0,0.06780696,1736250594.7168083,s,m
4665562,80167.9,0.02427951,1736250600.912084,b,l
4665563,80161.3,0.039,1736250602.1969883,b,m
4665564,80162.8,0.07220835,1736250602.1969883,b,m
4665565,80167.8,0.2486056,1736250602.1969886,b,m
4665566,80167.8,0.2486056,1736250602.1969886,b,m
4665567,80167.8,0.2486056,1736250602.1969886,b,m
4665568,80167.8,0.14297485,1736250602.1969886,b,m
4665569,80170.0,0.0108947,1736250619.496763,s,l
4665570,80170.0,0.24862455,1736250619.4967632,s,l
4665571,80169.3,0.24862653,1736250619.4967632,s,l
4665572,80167.6,0.24863169,1736250619.4967632,s,l
4665573,80161.9,0.039,1736250619.4967632,s,l
4665574,80160.5,0.001183,1736250619.4967632,s,l
4665575,80160.4,0.20883568,1736250619.4967632,s,l
4665576,80236.8,0.00218291,1736250657.538544,b,l
4665577,80238.3,3.639e-05,1736250660.7156932,b,l
4665578,80251.8,0.00012129,1736250669.1992002,b,l
4665579,80324.0,0.011217,1736250730.4091196,b,m
4665580,80330.1,0.001186,1736250730.4091198,b,m
4665581,80333.7,4.648e-05,1736250730.4091198,b,m
4665582,80346.5,0.00151207,1736250778.778131,b,l
4665583,80337.5,0.00023011,1736250808.632273,b,l
4665584,80336.6,0.01165497,1736250816.8876786,b,l
4665585,80316.2,0.00023307,1736250865.0884244,b,l
4665586,80316.1,0.01271343,1736250869.499603,s,l
4665587,80316.2,0.00094893,1736250879.266522,b,l
4665588,80316.3,0.00044459,1736250879.266522,b,l
4665589,80316.3,0.00242351,1736250881.6871965,b,l
4665590,80321.2,0.01211617,1736250899.7107573,b,l
4665591,80298.4,0.0090612,1736250943.4203882,b,m
4665592,80298.4,0.00093402,1736250948.1997535,b,m
4665593,80345.4,0.0005802,1736250989.3176432,b,l
4665594,80351.3,0.00060566,1736250992.518119,b,l
4665595,80419.5,0.00033,1736251112.862091,s,l
4665596,80427.8,5e-05,1736251123.8047516,b,m
4665597,80427.8,0.00121011,1736251123.8356493,b,l
4665598,80427.8,0.0181512,1736251125.9096034,b,l
4665599,80425.1,0.01210074,1736251132.8289597,b,l
4665600,80439.7,7e-05,1736251146.6252816,b,l
4665601,80471.8,0.00380034,1736251146.6252816,b,l
4665602,80456.9,0.04837637,1736251148.127679,b,l
4665603,80433.2,6.216e-05,1736251168.451871,b,m
4665604,80440.1,0.00017368,1736251175.8790362,b,l
4665605,80419.5,6.126e-05,1736251200.120496,b,l
4665606,80426.9,8.702e-05,1736251200.5132532,b,m
4665607,80437.5,0.00011479,1736251202.7946005,b,l
4665608,80419.5,0.00036753,1736251223.0318656,b,l
4665609,80419.5,0.00611151,1736251226.1004496,b,l
4665610,80419.5,0.00058646,1736251239.9613478,b,l
4665611,80430.1,6.125e-05,1736251244.0322378,b,l
4665612,80419.5,6.187e-05,1736251259.037881,b,l
4665613,80425.4,0.00215151,1736251270.799546,b,l
4665614,80479.6,0.00621275,1736251363.2099771,b,m
4665615,80489.5,9.009e-05,1736251412.996647,b,l
4665616,80494.8,0.03022679,1736251436.6090178,b,l
4665617,80504.8,0.00150976,1736251456.589134,b,l
4665618,80434.4,0.00319362,1736251524.9968667,s,l
4665619,80448.2,0.00191706,1736251577.2708197,b,l
4665620,80448.2,0.00290787,1736251595.3285184,b,l
4665621,80446.2,0.0002486,1736251609.2846909,b,l
4665622,80432.7,0.00098,1736251696.2568958,s,l
4665623,80419.6,0.00373464,1736251744.333275,s,l
4665624,80439.3,0.00095606,1736251767.877234,b,l
4665625,80424.6,0.05346057,1736251789.0115125,s,l
4665626,80448.6,4.017e-05,1736251837.0320208,b,l
4665627,80444.6,0.00281863,1736251847.6518714,s,l
4665628,80419.5,0.039,1736251895.146131,b,l
4665629,80419.5,0.04690652,1736251895.146131,b,l
4665630,80419.5,0.1,1736251895.146131,b,l
4665631,80419.5,0.14884478,1736251895.146131,b,l
4665632,80419.5,0.24789569,1736251895.146131,b,l
4665633,80419.5,0.0719959,1736251895.146131,b,l
4665634,80419.5,0.01121,1736251895.146131,b,l
4665635,80419.5,0.07780356,1736251895.146131,b,l
4665636,80419.4,0.002528,1736251914.149202,s,l
4665637,80419.5,0.00589275,1736251915.7643647,b,l
4665638,80419.5,0.00036245,1736251956.96612,b,l
4665639,80419.5,0.01061055,1736251967.5493202,b,l
4665640,80419.5,0.00157326,1736251967.5493202,b,l
4665641,80419.4,0.05871344,1736251998.5675151,s,l
4665642,80419.4,0.00882958,1736251998.5675151,s,l
4665643,80400.0,0.000125,1736252092.8604078,s,l
4665644,80400.0,0.00746268,1736252092.8604078,s,l
4665645,80311.5,0.00011342,1736252109.2391047,b,l
4665646,80311.4,0.00176936,1736252110.847008,s,l
4665647,80311.5,0.00018177,1736252116.1531982,b,l
4665648,80311.5,6.134e-05,1736252142.0329554,b,l
4665649,80311.5,0.00062257,1736252145.1751366,b,l
4665650,80311.5,0.0056809,1736252146.167453,b,m
4665651,80388.2,0.0017883,1736252146.167453,b,m
4665652,80399.5,0.00065014,1736252162.6266625,b,l
4665653,80416.1,0.01083971,1736252206.2919233,s,l
4665654,80379.2,0.00011485,1736252230.7572646,b,l
4665655,80379.2,0.01866154,1736252348.9801226,b,m
4665656,80340.1,0.001186,1736252444.5423543,b,l
4665657,80341.8,2.539e-05,1736252444.5423543,b,l
4665658,80369.2,0.04690652,1736252507.9643254,s,l
4665659,80363.9,0.02213065,1736252507.9643254,s,l
4665660,80363.8,0.1,1736252507.9643254,s,l
4665661,80360.5,0.011218,1736252507.9643254,s,l
4665662,80355.9,0.24816287,1736252507.9643254,s,l
4665663,80354.7,0.07158196,1736252507.9643254,s,l
4665664,80344.0,0.00121137,1736252639.6097732,b,l
4665665,80340.0,0.00067596,1736252736.663977,s,m
4665666,80340.1,0.0243917,1736252741.366982,b,l
4665667,80340.1,0.00236464,1736252793.8009746,b,l
4665668,80344.4,0.0006206,1736252803.6916776,b,l
4665669,80344.4,0.00508759,1736252816.7419348,b,l
4665670,80340.1,0.00242279,1736252853.4167054,b,l
4665671,80340.0,0.00181345,1736252879.068263,s,l
4665672,80300.1,0.00438211,1736252879.068263,s,l
4665673,80300.1,0.002424,1736252911.794972,b,l
4665674,80300.1,0.00011496,1736252918.2003765,b,l
4665675,80300.1,0.001212,1736252939.9692976,b,l
4665676,80300.1,0.00235876,1736252941.1048095,b,l
4665677,80300.1,0.00563579,1736252951.96337,b,l
4665678,80300.1,3.067e-05,1736253000.0447922,b,l
4665679,80302.7,0.001182,1736253004.3366132,b,l
4665680,80302.7,0.00487799,1736253004.3366132,b,l
4665681,80304.1,0.00283585,1736253014.4701593,b,m
4665682,80304.1,0.00011496,1736253023.207921,b,l
4665683,80301.9,0.00198339,1736253057.7592752,b,l
4665684,80359.1,0.001182,1736253126.202293,s,l
4665685,80359.0,0.00035236,1736253126.202293,s,l
4665686,80361.0,0.00279439,1736253177.4591029,b,m
4665687,80364.2,0.00030276,1736253189.2312698,b,l
4665688,80354.4,0.00016566,1736253191.966674,b,m
4665689,80464.3,3.061e-05,1736253237.0314646,b,l
4665690,80441.7,0.00062137,1736253295.848371,b,l
4665691,80441.7,6.124e-05,1736253300.0368712,b,l
4665692,80427.8,0.00147549,1736253398.5398722,b,l
4665693,80424.0,0.00031084,1736253406.0211427,b,l
4665694,80425.4,0.00028818,1736253434.3623946,b,l
4665695,80435.9,0.01771449,1736253463.1833634,b,l
4665696,80433.8,0.00011477,1736253467.1839406,b,l
4665697,80429.2,0.07207004,1736253510.2864575,b,l
4665698,80429.3,0.05245983,1736253510.2864575,b,l
4665699,80430.9,1.213e-05,1736253645.0338728,b,l
4665700,80453.5,0.001161,1736253697.0601466,b,l
4665701,80452.6,0.00053015,1736253717.2151177,b,l
4665702,80452.9,0.00019567,1736253717.2151177,b,l
4665703,80473.6,0.00022978,1736253750.3286512,b,l
4665704,80500.0,0.0002418,1736253786.32346,b,l
4665705,80500.0,0.00356047,1736253804.2200763,b,l
4665706,80499.9,0.00496895,1736253807.5086567,s,m
4665707,80482.8,0.001185,1736253807.508657,s,m
4665708,80480.1,0.0031288,1736253807.508657,s,m
4665709,80481.1,0.00020613,1736253837.275168,s,l
4665710,80493.6,0.00495,1736253843.5469255,s,l
4665711,80493.7,0.001185,1736253905.9465046,b,l
4665712,80493.7,0.00183771,1736253905.9465046,b,l
4665713,80493.7,0.00608629,1736253914.4091537,b,l
4665714,80493.6,0.04161821,1736253948.94431,s,l
4665715,80474.7,0.00024853,1736253963.9197423,b,m
4665716,80476.5,0.00082883,1736254016.0809658,b,l
4665717,80481.4,9.121e-05,1736254049.0738602,b,l
4665718,80473.8,0.00152424,1736254066.077793,s,l
4665719,80482.7,0.00507302,1736254109.8510847,b,m
4665720,80474.5,0.00326312,1736254170.044136,b,l
4665721,80467.4,0.00112665,1736254170.9176834,s,m
4665722,80472.8,0.00012094,1736254175.138528,b,l
4665723,80483.7,0.0008465,1736254185.249451,b,l
4665724,80467.5,0.00066521,1736254255.9550548,b,l
4665725,80467.5,0.00014423,1736254262.2078433,b,l
4665726,80449.0,0.00070673,1736254278.706444,s,l
4665727,80464.5,0.09544582,1736254294.8570611,b,m
4665728,80499.5,0.00236026,1736254353.1512494,b,m
4665729,80499.8,0.00060453,1736254363.9714055,b,l
4665730,80499.9,6.213e-05,1736254371.8629668,s,l
4665731,80500.0,0.00072539,1736254378.64499,b,l
4665732,80500.0,0.00168352,1736254386.6022198,b,l
4665733,80518.7,0.01040422,1736254386.6022198,b,l
4665734,80471.2,2.449e-05,1736254480.0322995,b,l
4665735,80449.4,2.35e-05,1736254526.0573237,s,l
4665736,80440.8,0.00036958,1736254560.0485137,b,l
4665737,80431.3,5e-05,1736254579.941769,b,l
4665738,80406.8,0.00290765,1736254592.9516416,b,l
4665739,80406.8,0.0006052,1736254608.789861,b,l
4665740,80403.6,0.00017375,1736254695.6851363,b,l
4665741,80403.6,0.00034643,1736254751.251587,b,l
4665742,80403.6,0.00057944,1736254759.8770947,b,l
4665743,80427.2,1.213e-05,1736254800.048683,b,l
4665744,80435.2,0.00010218,1736254835.0075195,s,l
4665745,80403.6,0.00621863,1736254887.5323873,b,m
4665746,80403.6,0.00029175,1736254920.0401697,b,l
4665747,80403.6,0.00022998,1736254922.129927,b,l
4665748,80403.6,0.00112287,1736254928.4170055,b,l
4665749,80403.5,0.00026491,1736254930.8283825,s,l
4665750,80403.5,9.963e-05,1736254930.8283825,s,l
4665751,80403.5,0.001186,1736254930.8283825,s,l
4665752,80403.5,0.00593222,1736254930.8283825,s,l
4665753,80419.9,0.00012416,1736254952.157506,s,l
4665754,80420.0,0.01815287,1736254973.6333706,b,l
4665755,80420.0,0.00184713,1736255080.6578898,b,l
4665756,80443.2,0.00979794,1736255080.6578898,b,l
4665757,80423.9,0.00965229,1736255105.9905443,b,l
4665758,80431.7,0.00111896,1736255119.0263572,b,m
4665759,80412.3,0.00250447,1736255166.3025649,s,l
4665760,80412.4,0.0001,1736255252.1446643,b,m
4665761,80384.5,0.00105741,1736255468.2032616,s,l
4665762,80355.0,0.00114524,1736255468.2032616,s,l
4665763,80355.1,0.00058693,1736255509.2924533,b,l
4665764,80355.0,0.00507714,1736255540.00547,s,l
4665765,80340.6,0.00895344,1736255540.00547,s,l
4665766,80339.3,0.03028518,1736255563.4663534,b,l
4665767,80353.4,0.00526,1736255591.4266844,s,l
4665768,80373.9,0.00024516,1736255592.0422828,b,l
4665769,80366.7,0.001,1736255605.1330235,s,l
4665770,80370.1,0.02422055,1736255625.0894537,b,l
4665771,80365.2,0.001182,1736255639.166666,s,m
4665772,80364.4,0.001178,1736255639.166666,s,m
4665773,80363.5,0.011217,1736255639.166666,s,m
4665774,80355.4,0.00506812,1736255639.166666,s,m
4665775,80367.0,0.003156,1736255657.2935889,s,l
4665776,80367.0,0.00063925,1736255661.560689,s,l
4665777,80392.2,0.00081266,1736255734.216529,b,l
4665778,80400.5,1.225e-05,1736255782.0346951,b,l
4665779,80354.9,0.00012943,1736255791.9630284,s,l
4665780,80337.7,0.06223728,1736255843.7270782,b,m
4665781,80337.7,0.00466098,1736255860.550776,b,l
4665782,80337.6,0.00062237,1736255863.604214,s,l
4665783,80309.2,0.00064394,1736255863.604214,s,l
4665784,80307.2,0.0020208,1736255868.646768,s,l
4665785,80339.5,0.0012218,1736255914.362204,s,m
4665786,80344.5,0.00119909,1736255916.1277993,b,l
4665787,80354.5,0.00030279,1736255950.7680578,b,l
4665788,80371.6,0.00111,1736255983.865117,b,l
4665789,80337.8,0.00908572,1736256034.1143105,b,l
4665790,80337.8,0.00049591,1736256037.5643566,b,m
4665791,80337.8,0.00035471,1736256090.5019205,b,l
4665792,80345.0,0.00605659,1736256150.3975694,b,l
4665793,80384.8,0.00039143,1736256224.726189,b,l
4665794,80412.4,9.128e-05,1736256278.909071,b,l
4665795,80412.4,0.00024206,1736256322.68238,b,l
4665796,80412.4,1.91e-06,1736256342.2101135,b,l
4665797,80412.4,0.00621794,1736256342.2101135,b,l
4665798,80449.1,0.00285629,1736256342.2101135,b,l
4665799,80485.0,0.0064926,1736256394.814051,b,l
4665800,80491.4,0.03495,1736256397.185704,s,l
4665801,80485.6,0.00031109,1736256418.7869363,b,l
4665802,80477.0,5e-05,1736256428.3574312,b,m
4665803,80470.2,0.00011472,1736256464.8023562,b,l
4665804,80488.5,0.03627408,1736256474.07445,b,l
4665805,80455.5,1.225e-05,1736256499.035969,b,l
4665806,80458.0,9.123e-05,1736256502.001356,b,l
4665807,80457.4,0.00012428,1736256504.1995158,b,l
4665808,80454.7,0.01163611,1736256521.8738987,b,l
4665809,80454.4,0.00024194,1736256532.1607363,b,l
4665810,80431.7,9.126e-05,1736256667.6966598,b,l
4665811,80424.9,0.02419532,1736256671.5439734,b,l
4665812,80400.5,0.00011342,1736256750.04569,b,l
4665813,80403.6,0.00029137,1736256786.987645,s,l
4665814,80403.6,0.00063746,1736256789.0585213,s,l
4665815,80403.7,6.127e-05,1736256791.0329974,b,l
4665816,80403.6,0.00012653,1736256802.557546,s,l
4665817,80403.7,0.00057944,1736256826.957162,b,l
4665818,80417.6,0.00363071,1736256842.7543426,b,l
4665819,80348.7,0.00011349,1736256890.449567,b,l
4665820,80337.7,8.899e-05,1736256962.7710264,s,l
4665821,80337.7,0.00308825,1736256962.7710264,s,l
4665822,80300.0,5e-05,1736256998.9949558,s,l
4665823,80298.3,0.00012453,1736256998.994956,s,l
4665824,80294.7,7e-05,1736256998.994956,s,l
4665825,80272.7,7.539e-05,1736256998.994956,s,l
4665826,80288.0,0.00061355,1736257031.03251,b,l
4665827,80233.9,0.00623192,1736257168.5341897,s,l
4665828,80274.5,6.137e-05,1736257213.0420532,b,l
4665829,80274.3,0.00024248,1736257216.3346243,b,l
4665830,80250.3,0.00116405,1736257238.3621268,b,l
4665831,80253.4,0.0012461,1736257273.6251454,s,l
4665832,80228.5,0.01155708,1736257273.6251454,s,l
4665833,80311.8,0.00262239,1736257500.4002514,b,l
4665834,80331.9,0.00028847,1736257531.499011,b,l
4665835,80377.1,0.00116255,1736257586.6387546,b,l
4665836,80375.7,0.00121085,1736257594.9119835,b,l
4665837,80375.5,0.0721083,1736257598.509864,b,l
4665838,80375.6,0.02477108,1736257598.509864,b,l
4665839,80343.0,0.00030287,1736257611.639987,b,l
4665840,80342.4,0.00066706,1736257614.5699418,b,l
4665841,80384.2,0.00817575,1736257816.4539323,s,l
4665842,80371.2,0.02488454,1736257895.620756,b,m
4665843,80371.1,0.00126127,1736257907.120575,s,l
4665844,80371.2,0.00267509,1736258054.0661912,b,m
4665845,80371.1,0.01118101,1736258061.101051,s,l
4665846,80300.1,4.196e-05,1736258071.0292904,b,l
4665847,80300.1,6.135e-05,1736258084.0355997,b,l
4665848,80300.1,0.00058018,1736258100.0185275,b,l
4665849,80300.1,0.00122692,1736258117.033217,b,l
4665850,80300.0,5e-05,1736258128.555802,s,l
4665851,80299.0,0.00011635,1736258128.555802,s,l
4665852,80299.0,0.00025725,1736258141.3662755,s,m
4665853,80264.3,0.00974275,1736258141.3662755,s,m
4665854,80278.5,0.00012205,1736258149.280343,b,l
4665855,80278.3,0.00010584,1736258152.2753365,b,l
4665856,80266.7,0.04944266,1736258193.6996737,b,m
4665857,80278.2,6.136e-05,1736258217.0355644,b,l
4665858,80288.4,0.00074435,1736258269.1122644,b,l
4665859,80288.2,3.681e-05,1736258272.0325472,b,l
4665860,80283.4,0.00011499,1736258303.398334,b,l
4665861,80283.2,0.00620661,1736258304.1835957,b,l
4665862,80264.8,0.00012801,1736258337.5411663,s,l
4665863,80247.5,0.02484767,1736258358.0075984,s,l
4665864,80251.2,0.03254836,1736258370.8683202,b,l
4665865,80240.9,0.00364752,1736258406.3553722,b,l
4665866,80264.4,0.07220989,1736258410.0654016,b,l
4665867,80264.5,0.2208667,1736258410.0654016,b,l
4665868,80276.6,1.227e-05,1736258417.0384383,b,l
4665869,80272.7,0.001186,1736258421.3366752,s,l
4665870,80270.2,0.001182,1736258421.3366752,s,l
4665871,80266.5,0.02955841,1736258421.3366752,s,l
4665872,80257.5,5.108e-05,1736258429.4677038,s,l
4665873,80262.7,0.00011662,1736258436.1514783,s,l
4665874,80276.5,0.01224177,1736258463.4803274,b,l
4665875,80346.7,0.00124461,1736258565.9551542,b,m
4665876,80352.1,0.00303532,1736258596.2211115,b,l
4665877,80332.1,0.00134093,1736258614.9288766,b,l
4665878,80312.4,0.00398444,1736258624.9152277,b,m
4665879,80330.0,0.00060725,1736258658.284313,b,l
4665880,80313.7,0.03112794,1736258670.1090765,b,m
4665881,80335.8,0.006,1736258702.6450183,s,l
4665882,80361.9,9.195e-05,1736258709.0370958,b,l
4665883,80363.6,9.133e-05,1736258724.2875345,b,l
4665884,80301.3,9.049e-05,1736258847.296707,b,l
4665885,80299.1,0.00012269,1736258885.031088,b,l
4665886,80305.3,0.00011495,1736258958.927384,b,l
4665887,80302.8,9.845e-05,1736259015.9691236,b,l
4665888,80299.0,0.0003736,1736259139.0397537,s,l
4665889,80250.2,0.039,1736259139.0397537,s,l
4665890,80249.0,0.00034181,1736259139.0397537,s,l
4665891,80244.7,0.01087821,1736259139.0397537,s,l
4665892,80234.2,0.0128263,1736259147.0158494,b,l
4665893,80213.2,0.0194226,1736259187.7328703,b,l
4665894,80212.1,0.00729766,1736259204.6540644,b,l
4665895,80213.5,0.01246711,1736259270.2453916,s,l
4665896,80215.3,0.00067604,1736259374.246339,b,l
4665897,80222.8,0.0004203,1736259454.5583243,b,l
4665898,80222.6,0.00010181,1736259462.9008996,b,l
4665899,80200.1,0.00024569,1736259536.034423,b,l
4665900,80200.0,0.01246882,1736259539.4960177,s,m
4665901,80200.0,5e-05,1736259539.4960177,s,m
4665902,80179.0,0.02368358,1736259539.4960177,s,m
4665903,80178.9,0.00145058,1736259539.4960177,s,m
4665904,80170.7,0.00154387,1736259566.4226732,b,l
4665905,80218.4,0.00012162,1736259623.4413996,b,l
4665906,80220.0,0.00025442,1736259673.1691213,b,l
4665907,80220.0,0.00047292,1736259678.9788172,b,l
4665908,80220.0,1.228e-05,1736259708.034733,b,l
4665909,80219.9,0.00147347,1736259735.1362412,s,l
4665910,80220.0,0.00085132,1736259741.7936606,b,l
4665911,80220.0,0.00474104,1736259756.436155,b,l
4665912,80302.5,0.029251,1736259776.620917,b,l
4665913,80259.9,0.00058158,1736259833.863911,b,l
4665914,80259.9,0.00121556,1736259837.0122042,b,l
4665915,80260.7,0.07539443,1736259899.5358784,b,m
4665916,80273.5,0.00121722,1736260001.9662044,s,l
4665917,80270.7,0.00121675,1736260026.8532662,b,l
4665918,80387.0,0.00011483,1736260140.528057,b,l
4665919,80241.1,0.07216552,1736260223.346663,b,l
4665920,80245.0,0.04909096,1736260223.346663,b,l
4665921,80206.0,0.001186,1736260245.9268804,b,m
4665922,80206.0,0.011222,1736260245.9268804,b,m
4665923,80236.7,0.07219928,1736260245.9268804,b,m
4665924,80236.8,0.1,1736260245.9268804,b,m
4665925,80237.0,0.0646596,1736260245.9268804,b,m
4665926,80228.6,0.00060794,1736260255.197799,b,l
4665927,80323.5,0.0721653,1736260311.6553168,b,m
4665928,80323.6,0.02645574,1736260311.655317,b,m
4665929,80304.8,0.02533437,1736260335.461921,b,l
4665930,80260.8,0.001182,1736260377.8384902,b,m
4665931,80260.8,0.01122,1736260377.8384902,b,m
4665932,80262.1,0.02497574,1736260377.8384902,b,m
4665933,80276.9,0.00373781,1736260383.0005836,s,l
4665934,80271.9,0.00249147,1736260394.3411996,b,l
4665935,80247.4,2.627e-05,1736260400.0344155,b,l
4665936,80184.6,0.00026745,1736260479.933129,s,l
4665937,80157.0,7.023e-05,1736260486.5782306,s,l
4665938,80149.9,7e-05,1736260488.837581,s,l
4665939,80135.1,0.011229,1736260488.841134,s,l
4665940,80121.5,0.0002929,1736260488.8475564,s,l
4665941,80115.0,0.0006241,1736260488.8496988,s,l
4665942,80100.0,5e-05,1736260489.3604236,s,l
4665943,80073.5,0.00010255,1736260489.3604236,s,l
4665944,80070.5,0.011233,1736260489.3604236,s,l
4665945,80010.1,0.006267,1736260491.825292,s,m
4665946,80010.0,6.338e-05,1736260491.825292,s,m
4665947,80005.3,7e-05,1736260491.825292,s,m
4665948,80002.0,0.00082466,1736260491.825292,s,m
4665949,80001.0,0.00024999,1736260491.825292,s,m
4665950,80000.0,0.00015625,1736260491.825292,s,m
4665951,80000.0,5e-05,1736260491.825292,s,m
4665952,80000.0,0.00125,1736260491.825292,s,m
4665953,80000.0,0.00625,1736260491.825292,s,m
4665954,80000.0,5e-05,1736260491.825292,s,m
4665955,80000.0,0.00567536,1736260491.825292,s,m
4665956,80000.0,0.00038679,1736260491.825674,s,m
4665957,80098.9,0.04920026,1736260495.4789543,b,l
4665958,80005.4,0.0089686,1736260495.4831967,s,l
4665959,80005.3,0.0041614,1736260495.4831967,s,l
4665960,80098.6,0.0012,1736260495.5017362,b,l
4665961,80062.6,0.0002182,1736260506.6356056,b,m
4665962,80000.0,0.00122505,1736260651.9532433,s,l
4665963,80137.8,0.0006147,1736260732.0346894,b,l
4665964,80149.9,7e-05,1736260756.1459055,b,l
4665965,80182.1,0.011232,1736260756.1526418,b,l
4665966,80216.3,0.07231779,1736260756.1604326,b,l
4665967,80286.2,0.01168797,1736260762.4891267,b,l
4665968,80133.8,0.00123873,1736260832.3832822,b,m
4665969,80217.0,0.00094881,1736260893.2738526,s,l
4665970,80233.7,0.00011506,1736260913.0752945,b,l
4665971,80250.6,6.23e-05,1736260984.350433,b,m
4665972,80270.5,0.00018415,1736260985.034244,b,l
4665973,80294.7,7e-05,1736261003.877553,b,l
4665974,80375.6,0.0255064,1736261014.4332206,s,l
4665975,80367.4,2.726e-05,1736261029.3574576,s,l
4665976,80358.5,9.195e-05,1736261100.0354853,b,l
4665977,80358.5,0.00245207,1736261100.0357916,b,l
4665978,80369.1,6.129e-05,1736261102.034563,b,l
4665979,80372.2,0.00018479,1736261116.090291,b,l
4665980,80372.3,0.00216898,1736261137.406308,s,l
4665981,80281.2,0.00019138,1736261175.7730362,b,l
4665982,80206.9,0.00431088,1736261209.380987,b,l
4665983,80150.0,1.229e-05,1736261271.0322556,b,l
4665984,80150.0,1.229e-05,1736261276.0307238,b,l
4665985,80284.2,0.03645812,1736261348.645443,b,l
4665986,80253.0,0.00018697,1736261362.1847675,b,l
4665987,80159.3,0.00158591,1736261391.2106807,s,m
4665988,80150.1,0.00623845,1736261419.95719,s,l
4665989,80150.0,0.00152143,1736261428.8009691,b,l
4665990,80150.0,0.00011378,1736261477.310017,b,l
4665991,80149.9,6.829e-05,1736261491.093084,s,l
4665992,80123.1,0.00608819,1736261532.527334,b,l
4665993,80131.7,0.00244552,1736261546.9788427,b,l
4665994,80123.0,5e-05,1736261548.5484867,s,l
4665995,80119.3,0.0034681,1736261548.5484867,s,l
4665996,80145.1,0.00023063,1736261584.8067968,b,l
4665997,80107.7,0.00047012,1736261619.5027068,b,m
4665998,80036.9,0.00084,1736261630.3944988,s,l
4665999,80005.4,0.01231444,1736261654.03472,b,l
4666000,80007.1,0.00062493,1736261729.2678795,b,l
4666001,80005.3,7e-05,1736261745.8190773,s,l
4666002,80001.8,0.00375776,1736261745.8190773,s,l
4666003,80000.0,0.07677255,1736261780.066501,s,l
4666004,79999.0,0.000125,1736261780.066501,s,l
4666005,79990.0,0.01250781,1736261781.1136975,s,l
4666006,79977.5,0.00518645,1736261783.1633966,s,l
4666007,79969.2,0.00040631,1736261785.4090474,s,m
4666008,79944.2,0.00075568,1736261785.4090474,s,m
4666009,79919.7,0.00062562,1736261785.4090474,s,m
4666010,79901.8,0.01604062,1736261785.4090474,s,m
4666011,79901.7,0.039,1736261785.4090476,s,m
4666012,79900.0,0.00802738,1736261785.4090476,s,m
4666013,79937.0,0.0002465,1736261788.947644,b,l
4666014,79903.9,0.00625752,1736261803.6447575,b,m
4666015,79903.9,0.00029358,1736261805.81239,b,l
4666016,79900.0,0.09197262,1736261815.7452602,s,l
4666017,79900.0,5e-05,1736261815.7452602,s,l
4666018,79900.0,0.00012515,1736261815.7452605,s,l
4666019,79874.3,0.0001028,1736261816.3615708,s,l
4666020,79861.1,0.14994485,1736261826.600533,b,m
4666021,79861.1,0.07231605,1736261826.600533,b,m
4666022,79861.0,7e-05,1736261848.1193562,s,l
4666023,79822.1,0.02468825,1736261863.3142166,b,l
4666024,79851.0,0.00084,1736261889.537783,b,l
4666025,79862.4,0.00286107,1736261889.537783,b,l
4666026,79862.4,0.0024673,1736261889.574553,b,l
4666027,79813.0,0.01121943,1736261919.0691192,b,m
4666028,79812.9,0.00133569,1736261928.7761683,s,l
4666029,79800.0,0.0001252,1736261928.8563354,s,l
4666030,79800.0,5e-05,1736261928.8563354,s,l
4666031,79800.0,0.01948761,1736261928.8563354,s,l
4666032,79751.8,9.091e-05,1736261944.656108,b,l
4666033,79751.7,0.00017944,1736261963.9478886,s,l
4666034,79745.5,0.00347795,1736261964.1520422,s,l
4666035,79717.0,7e-05,1736261967.2162056,s,l
4666036,79700.0,5e-05,1736261968.7236106,s,l
4666037,79700.0,0.18820577,1736261968.7236106,s,l
4666038,79690.0,0.0168,1736261968.8650856,s,l
4666039,79686.3,0.001188,1736261969.7575283,s,l
4666040,79675.6,0.00010306,1736261969.7584796,s,l
4666041,79647.3,0.00377809,1736261974.3191116,b,l
4666042,79698.1,0.00943259,1736261974.3191116,b,l
4666043,79808.4,0.00012192,1736261995.500548,b,l
4666044,79768.5,6.268e-05,1736262002.3721726,b,l
4666045,79861.0,7e-05,1736262010.4953954,b,l
4666046,79861.0,7e-05,1736262010.4953954,b,l
4666047,79945.7,0.01265176,1736262018.4349527,s,l
4666048,79945.7,6.556e-05,1736262019.145306,b,l
4666049,79891.7,0.00174013,1736262026.682016,s,l
4666050,79920.8,0.00062078,1736262033.2123098,b,l
4666051,79857.9,0.00783393,1736262046.5114284,s,m
4666052,79824.8,0.00900923,1736262046.5114284,s,m
4666053,79824.7,0.01005684,1736262046.5114284,s,m
4666054,79852.9,0.00710858,1736262055.7948544,s,l
4666055,79844.6,0.00659988,1736262056.4073036,s,l
4666056,79812.2,0.00012344,1736262059.3628187,b,l
4666057,79812.2,0.00641901,1736262059.5705,b,l
4666058,79812.2,0.00058486,1736262061.7958615,b,l
4666059,79807.2,0.00346199,1736262078.081025,b,l
4666060,79807.2,0.00250782,1736262078.081154,b,l
4666061,79751.9,0.00084,1736262083.4721708,b,l
4666062,79717.0,7e-05,1736262088.0226245,s,m
4666063,79685.4,0.00754392,1736262088.0226245,s,m
4666064,79685.3,0.02383262,1736262088.0226245,s,m
4666065,79645.0,0.00125557,1736262106.115498,s,l
4666066,79600.0,5e-05,1736262106.8669016,s,l
4666067,79600.0,0.00018731,1736262106.8669016,s,l
4666068,79600.0,0.00125628,1736262106.8669016,s,l
4666069,79598.8,0.0001354,1736262106.8682778,s,l
4666070,79573.4,0.00182149,1736262107.0584304,b,l
4666071,79573.3,7e-05,1736262107.9605758,s,l
4666072,79563.0,0.01256865,1736262107.9605758,s,l
4666073,79530.0,0.00126569,1736262107.9633243,s,l
4666074,79500.0,0.00025,1736262108.8253863,s,m
4666075,79500.0,5e-05,1736262108.8253863,s,m
4666076,79477.4,0.00010332,1736262108.8253863,s,m
4666077,79476.2,0.011267,1736262108.8253863,s,m
4666078,79470.2,0.001194,1736262108.8253863,s,m
4666079,79447.2,0.01191337,1736262108.8253863,s,m
4666080,79447.1,0.25168025,1736262108.8253863,s,m
4666081,79445.1,0.00119,1736262108.8253863,s,m
4666082,79440.2,0.14735206,1736262108.8253863,s,m
4666083,79429.7,7e-05,1736262112.6136534,s,l
4666084,79400.0,5e-05,1736262114.173942,s,l
4666085,79353.1,0.00320103,1736262120.9980268,s,l
4666086,79353.0,0.01570239,1736262120.9980268,s,l
4666087,79500.9,0.00011478,1736262123.4812286,b,l
4666088,79565.5,0.00119,1736262145.5607305,b,l
4666089,79573.3,7e-05,1736262145.5607305,b,l
4666090,79581.5,0.00245426,1736262145.5607305,b,l
4666091,79581.5,0.00059263,1736262146.7174122,b,l
4666092,79586.4,0.00083916,1736262152.8303318,s,l
4666093,79717.0,7e-05,1736262172.4669871,b,l
4666094,79706.9,0.02021457,1736262194.0380852,b,l
4666095,79706.8,0.00125459,1736262198.6287344,s,l
4666096,79613.5,0.00367692,1736262233.148224,b,l
4666097,79600.1,0.00011597,1736262306.2759984,b,l
4666098,79600.1,0.011264,1736262318.4894955,b,l
4666099,79600.1,0.001193,1736262318.4894958,b,l
4666100,79600.1,0.00119,1736262318.4894958,b,l
4666101,79600.4,0.039,1736262318.4894958,b,l
4666102,79601.0,0.072353,1736262318.4894958,b,l
4666103,79573.3,7e-05,1736262318.6904316,s,m
4666104,79564.8,0.00832785,1736262318.6904318,s,m
4666105,79564.7,0.01160215,1736262318.6904318,s,m
4666106,79564.0,0.000621,1736262323.960675,b,l
4666107,79553.2,0.0125702,1736262331.1540513,s,l
4666108,79484.5,0.00012269,1736262338.516986,b,l
4666109,79525.2,0.00547252,1736262370.6563618,s,l
4666110,79491.4,0.04613394,1736262370.656362,s,l
4666111,79525.5,0.00486297,1736262388.00385,s,l
4666112,79525.4,0.00756298,1736262388.00385,s,l
4666113,79450.0,0.00503801,1736262397.7509356,s,l
4666114,79429.7,7e-05,1736262435.4312918,s,l
4666115,79350.7,0.00011509,1736262441.87807,b,l
4666116,79350.6,0.00522743,1736262447.719761,s,l
4666117,79300.1,0.00031585,1736262447.7760804,b,m
4666118,79300.0,0.02326533,1736262454.0969238,s,l
4666119,79300.0,0.02673467,1736262454.0969238,s,l
4666120,79300.0,0.00126103,1736262454.0969238,s,l
4666121,79300.0,5e-05,1736262454.0969238,s,l
4666122,79286.5,7e-05,1736262455.1583483,s,l
4666123,79279.7,0.00010358,1736262455.1842797,s,l
4666124,79241.8,0.00075568,1736262458.1059608,s,l
4666125,79200.0,5e-05,1736262461.2940886,s,m
4666126,79143.5,7e-05,1736262461.2940886,s,m
4666127,79139.1,0.00111326,1736262461.2940886,s,m
4666128,79139.0,0.0448585,1736262461.2940888,s,m
4666129,79138.5,0.00631803,1736262465.2716897,s,l
4666130,79138.5,0.0008247,1736262465.2716897,s,l
4666131,79136.8,0.00067684,1736262465.2716897,s,l
4666132,79138.5,0.00250745,1736262470.7943666,s,l
4666133,79138.5,0.0028083,1736262470.7983732,s,l
4666134,79138.5,0.0028083,1736262470.7986872,s,l
4666135,79138.6,0.004382,1736262479.2216456,b,l
4666136,79286.5,7e-05,1736262499.5504918,b,l
4666137,79362.6,0.0094854,1736262525.8504157,b,l
4666138,79150.0,0.00129945,1736262568.9531558,s,l
4666139,79150.0,0.0002253,1736262569.939079,s,l
4666140,79216.4,0.4,1736262588.6613188,b,l
4666141,79235.6,0.001196,1736262588.904708,b,l
4666142,79238.5,0.011286,1736262588.904708,b,l
4666143,79262.2,0.00630767,1736262620.0839205,b,l
4666144,79150.0,0.04370702,1736262626.8821857,s,l
4666145,79143.5,7e-05,1736262628.9922023,s,l
4666146,79100.0,5e-05,1736262629.5866838,s,l
4666147,79082.6,0.00020816,1736262629.781415,b,l
4666148,79082.5,0.00010383,1736262631.1856043,s,l
4666149,79080.2,0.001,1736262631.1856043,s,l
4666150,79065.4,0.011301,1736262632.2833197,s,l
4666151,79050.0,0.00632511,1736262633.6065052,s,l
4666152,79016.0,0.00015444,1736262634.5482998,s,l
4666153,79000.8,7e-05,1736262634.5505936,s,l
4666154,79000.0,0.00502512,1736262636.7853203,s,l
4666155,79000.0,0.12658227,1736262636.7853203,s,l
4666156,79000.0,0.00189898,1736262636.7853203,s,l
4666157,79000.0,0.0013924,1736262636.7853203,s,l
4666158,79000.0,0.00049417,1736262636.7853203,s,l
4666159,79000.0,5e-05,1736262636.7853203,s,l
4666160,79000.0,0.25316455,1736262636.7853203,s,l
4666161,78992.9,0.001197,1736262636.7898865,s,l
4666162,78987.5,0.00134965,1736262636.8006504,s,l
4666163,78954.6,0.00347795,1736262650.1796224,s,l
4666164,78950.0,0.01253918,1736262650.1922808,s,l
4666165,78933.3,0.00013654,1736262650.630835,s,l
4666166,78900.0,5e-05,1736262651.611977,s,l
4666167,78885.8,0.00010409,1736262652.4569435,s,l
4666168,78884.2,0.01265822,1736262658.9696884,b,l
4666169,78888.0,4.478e-05,1736262659.2506406,b,l
4666170,78975.5,0.03710206,1736262663.5717907,b,l
4666171,78991.9,0.00060607,1736262665.6163735,b,l
4666172,79063.8,0.00024686,1736262670.9406605,b,l
4666173,79040.1,0.039,1736262685.353126,s,m
4666174,79040.1,0.25309989,1736262685.353126,s,m
4666175,79040.1,0.13290011,1736262685.353126,s,m
4666176,79040.2,0.00013633,1736262686.8372931,b,l
4666177,79040.2,0.00012465,1736262697.2321272,b,l
4666178,79028.1,0.00022987,1736262699.2035775,s,l
4666179,78972.4,0.00033402,1736262702.6212926,s,l
4666180,78954.6,0.00633275,1736262708.6748984,s,l
4666181,78858.3,7e-05,1736262724.5043695,s,l
4666182,78869.5,0.00014835,1736262742.9657843,s,l
4666183,78924.3,0.00445009,1736262745.448771,s,l
4666184,78956.7,0.00018998,1736262748.510655,b,m
4666185,79016.9,0.4,1736262790.2664852,b,l
4666186,79040.2,0.00284368,1736262790.2725494,b,l
4666187,79042.9,0.00070197,1736262797.6319983,s,l
4666188,79042.9,0.00070127,1736262797.632085,s,l
4666189,79043.0,0.00088808,1736262798.3748302,b,l
4666190,79043.0,1.259e-05,1736262799.0324807,b,l
4666191,79120.7,0.00314393,1736262801.1856968,b,m
4666192,79124.7,0.00069984,1736262804.0060463,b,l
4666193,79099.2,0.00362987,1736262807.395627,s,l
4666194,79143.5,7e-05,1736262831.3987536,b,l
4666195,79143.5,0.00116366,1736262831.3987536,b,l
4666196,78894.1,0.00380257,1736262875.6155455,b,m
4666197,78853.2,0.00105167,1736262885.556358,b,l
4666198,78881.8,0.00030905,1736262899.2925284,b,l
4666199,78846.1,0.00061857,1736262918.7449715,b,l
4666200,78800.0,5e-05,1736262923.5731516,s,l
4666201,78777.3,0.00011595,1736262929.966392,b,l
4666202,78750.0,0.00062,1736262943.6832392,s,l
4666203,78728.7,0.001199,1736262944.894555,s,l
4666204,78728.6,0.00526873,1736262944.894555,s,l
4666205,78728.3,0.011321,1736262944.894555,s,l
4666206,78720.1,0.001195,1736262945.0835812,s,l
4666207,78717.7,5e-05,1736262946.059823,s,l
4666208,78716.1,7e-05,1736262946.059823,s,l
4666209,78700.0,0.00031766,1736262948.0011387,s,l
4666210,78700.0,5e-05,1736262948.0011387,s,l
4666211,78689.5,0.00010435,1736262948.1410391,s,l
4666212,78657.3,0.00085774,1736262951.9843786,s,m
4666213,78620.0,0.00948957,1736262951.9843786,s,m
4666214,78611.5,0.00239154,1736262951.9843786,s,m
4666215,78600.0,5e-05,1736262955.5439117,s,l
4666216,78630.7,0.0313185,1736262963.735945,s,l
4666217,78592.9,0.01345878,1736262963.735945,s,l
4666218,78630.7,0.0005082,1736262964.0779402,b,l
4666219,78630.6,0.00420079,1736262965.115482,s,l
4666220,78630.7,0.01043426,1736262965.269916,b,l
4666221,78630.7,0.00550915,1736262966.8641288,b,l
4666222,78720.7,0.00418727,1736262971.0133846,b,l
4666223,78720.6,0.02143023,1736262971.482715,s,l
4666224,78720.7,0.00044546,1736262971.590845,b,l
4666225,78720.7,0.00024551,1736262971.6686094,b,l
4666226,78806.5,0.001195,1736262982.6482248,b,l
4666227,78806.6,3.985e-05,1736262982.6482248,b,l
4666228,78858.2,0.00122682,1736262985.0625582,s,m
4666229,78805.9,0.0030939,1736263016.2080626,b,l
4666230,78805.8,0.02524002,1736263017.0016751,s,l
4666231,78783.3,0.00024766,1736263021.609816,b,l
4666232,78791.8,0.00025361,1736263047.7667525,b,l
4666233,78791.3,0.01269176,1736263051.521802,b,m
4666234,78791.2,0.01269177,1736263051.750955,s,l
4666235,78747.2,0.00272408,1736263056.9044795,b,l
4666236,78728.8,0.02399479,1736263065.948925,b,l
4666237,78798.3,0.00025006,1736263100.035871,b,l
4666238,78759.3,0.05,1736263102.2945876,s,l
4666239,78791.8,0.01188471,1736263108.9240437,b,l
4666240,78715.4,0.039,1736263136.5504696,s,l
4666241,78715.4,0.03481573,1736263136.5661085,s,l
4666242,78712.3,0.00418427,1736263136.5661085,s,l
4666243,78758.6,0.01132,1736263162.922984,b,l
4666244,78758.7,0.001199,1736263162.922984,b,l
4666245,78858.3,7e-05,1736263185.5566146,b,l
4666246,78984.5,0.04324632,1736263203.851297,b,l
4666247,78898.7,0.00382141,1736263211.357883,b,l
4666248,78988.6,0.00249459,1736263222.3822825,b,l
4666249,78974.6,0.0253246,1736263226.383705,b,m
4666250,78815.8,0.00123781,1736263248.5117943,b,l
4666251,78814.4,0.00029473,1736263253.4086664,b,l
4666252,78920.2,0.00062419,1736263272.0322974,b,l
4666253,78916.4,0.00555973,1736263276.9914703,b,m
4666254,78926.0,0.00083058,1736263278.0676904,b,l
4666255,78816.7,0.01141889,1736263321.122449,s,l
4666256,78852.0,0.001,1736263333.4967134,b,l
4666257,78750.0,0.0095238,1736263362.86178,s,l
4666258,78750.0,0.00635373,1736263362.86178,s,l
4666259,78700.1,0.01,1736263373.324761,b,l
4666260,78739.2,0.01,1736263396.2205129,b,l
4666261,78761.7,0.01,1736263418.8528514,b,l
4666262,78700.1,0.00761232,1736263423.576279,b,m
4666263,78700.0,0.01265578,1736263443.6032748,s,l
4666264,78694.1,0.00030176,1736263460.1836784,b,l
4666265,78694.1,0.00125196,1736263462.0721402,b,l
4666266,78694.1,0.00050942,1736263463.3324964,b,l
4666267,78694.1,0.00034174,1736263464.0872283,b,l
4666268,78694.1,0.00145912,1736263465.6802657,b,l
4666269,78780.7,0.00010855,1736263471.925496,b,l
4666270,78775.3,0.00116563,1736263479.6967869,b,l
4666271,78702.2,0.00670947,1736263482.589152,s,m
4666272,78706.7,0.07383525,1736263488.143299,b,l
4666273,78706.8,0.17651721,1736263488.143299,b,l
4666274,78698.1,0.0003812,1736263502.4720778,b,l
4666275,78862.4,0.001,1736263538.367559,b,l
4666276,78855.3,0.0065,1736263543.121398,b,l
4666277,78757.3,0.00436371,1736263566.5385144,b,l
4666278,78897.7,0.00129931,1736263617.334644,s,l
4666279,78951.0,0.00462306,1736263620.6545784,b,l
4666280,78828.6,0.00063397,1736263628.9319768,s,m
4666281,78872.0,0.00024983,1736263674.291746,b,l
4666282,78802.9,0.00634482,1736263703.2904909,b,l
4666283,78761.4,0.0002,1736263717.8869996,b,l
4666284,78761.3,0.00012697,1736263765.9753592,s,l
4666285,78706.4,0.00123953,1736263780.452666,b,l
4666286,78705.2,0.00138828,1736263783.1656787,b,l
4666287,78761.7,6.183e-05,1736263813.0675051,b,l
4666288,78735.8,0.00254014,1736263836.035185,b,m
4666289,78744.5,0.00125115,1736263848.8392034,b,l
4666290,78743.7,0.0737442,1736263862.061611,b,l
4666291,78743.8,0.01384934,1736263862.061611,b,l
4666292,78653.5,0.00317849,1736263930.1408622,s,l
4666293,78650.0,0.00127145,1736263930.691104,s,l
4666294,78575.5,0.0001226,1736263936.8692024,b,l
4666295,78575.5,0.0052934,1736263945.061061,b,l
4666296,78714.3,0.00023553,1736263974.4503498,b,l
4666297,78713.3,0.00229656,1736263975.4681718,b,m
4666298,78708.5,0.00120165,1736263981.1569269,b,l
4666299,78601.6,0.00401225,1736263996.035802,s,l
4666300,78663.0,0.00018787,1736263998.034564,b,l
4666301,78650.0,0.07385452,1736264017.923777,b,l
4666302,78650.1,0.001196,1736264017.923777,b,l
4666303,78650.7,0.02021233,1736264017.923777,b,l
4666304,78599.2,0.01260949,1736264021.8653088,s,m
4666305,78652.9,0.00023533,1736264025.881927,b,l
4666306,78681.8,0.01210509,1736264027.390121,b,l
4666307,78700.0,0.00464701,1736264031.6338174,b,l
4666308,78699.1,0.07382437,1736264032.8861303,b,l
4666309,78699.2,0.0213782,1736264032.8861303,b,l
4666310,78615.5,0.00111121,1736264047.5352285,s,l
4666311,78615.5,0.03816949,1736264049.6688538,s,m
4666312,78613.0,0.07386801,1736264057.9990811,b,l
4666313,78613.1,0.02143992,1736264057.9990811,b,l
4666314,78575.3,0.00063633,1736264074.8730645,s,l
4666315,78574.1,7e-05,1736264074.8730645,s,l
4666316,78570.4,5e-05,1736264074.874485,s,l
4666317,78557.4,0.07390983,1736264074.890646,s,l
4666318,78553.8,0.00084,1736264074.9039576,s,l
4666319,78550.0,0.00445859,1736264074.9039576,s,l
4666320,78545.5,0.00075567,1736264074.917348,s,l
4666321,78542.2,0.001197,1736264074.9503338,s,l
4666322,78541.3,0.001201,1736264074.9503338,s,l
4666323,78550.1,0.00529859,1736264074.9798744,s,l
4666324,78521.1,0.07391607,1736264078.2104666,b,l
4666325,78521.1,0.0214916,1736264078.2104666,b,l
4666326,78521.1,0.00053985,1736264085.5220351,b,m
4666327,78500.0,0.51593877,1736264089.0693743,s,l
4666328,78500.0,0.37578098,1736264089.0714352,s,l
4666329,78500.0,0.00254777,1736264089.0714352,s,l
4666330,78500.0,0.00127388,1736264089.0714352,s,l
4666331,78500.0,0.03683656,1736264089.0714352,s,l
4666332,78500.0,0.00127388,1736264089.0714352,s,l
4666333,78500.0,5e-05,1736264089.0714352,s,l
4666334,78500.0,0.00127388,1736264089.0714352,s,l
4666335,78500.0,0.12738853,1736264089.0714352,s,l
4666336,78500.0,0.00028394,1736264089.0714352,s,l
4666337,78500.0,0.00127388,1736264089.0714352,s,l
4666338,78500.0,0.00012738,1736264089.0714357,s,l
4666339,78493.8,0.00010461,1736264089.122487,s,l
4666340,78450.0,0.00012746,1736264089.6175065,s,l
4666341,78509.9,0.05094178,1736264107.8419807,b,l
4666342,78507.7,0.00125493,1736264111.641861,b,l
4666343,78432.5,0.01274778,1736264124.8351696,b,l
4666344,78432.4,8e-05,1736264128.563527,s,l
4666345,78400.5,0.00025637,1736264129.1200788,s,l
4666346,78400.0,5e-05,1736264129.1200788,s,l
4666347,78389.1,0.00022962,1736264129.128914,s,l
4666348,78343.0,0.0253246,1736264129.3607635,s,m
4666349,78336.1,0.001202,1736264135.6007411,b,l
4666350,78351.0,0.001198,1736264135.6007414,b,l
4666351,78361.7,0.00655428,1736264135.6007414,b,l
4666352,78388.2,0.00084,1736264145.0751877,b,l
4666353,78388.4,0.0056204,1736264145.0751877,b,l
4666354,78397.8,0.00052456,1736264168.062854,s,l
4666355,78465.7,7e-05,1736264176.6868465,s,l
4666356,78400.1,0.0002551,1736264186.5732489,b,l
4666357,78400.1,0.00023864,1736264193.7921302,b,l
4666358,78436.6,0.02482742,1736264195.9102798,b,l
4666359,78441.8,0.0024814,1736264212.705031,b,l
4666360,78407.2,0.0741697,1736264217.6501918,s,l
4666361,78407.1,0.00975567,1736264217.6501918,s,l
4666362,78487.3,0.0002718,1736264231.8440387,b,l
4666363,78400.3,0.00029536,1736264269.193404,b,l
4666364,78400.3,0.00062032,1736264287.6606236,b,l
4666365,78400.2,0.00903709,1736264319.8554337,s,l
4666366,78400.0,0.06377551,1736264319.8554337,s,l
4666367,78380.0,0.0008,1736264344.3842423,s,l
4666368,78336.0,0.00184888,1736264345.4159677,s,l
4666369,78336.0,0.02368216,1736264345.5643115,s,l
4666370,78336.0,0.00025467,1736264345.5643115,s,l
4666371,78324.2,5e-05,1736264351.622856,s,l
4666372,78300.1,0.00084,1736264352.2906144,s,l
4666373,78300.0,5e-05,1736264352.2906144,s,l
4666374,78300.0,0.00127713,1736264352.2906144,s,l
4666375,78298.6,0.00010487,1736264352.2943788,s,l
4666376,78291.0,8e-05,1736264352.298134,s,l
4666377,78290.0,0.0012773,1736264352.9846745,s,l
4666378,78265.0,0.03194275,1736264354.0186522,s,l
4666379,78250.1,0.00019169,1736264354.936685,s,l
4666380,78230.0,0.00127828,1736264354.9425097,s,l
4666381,78200.1,0.005714,1736264356.1427562,b,l
4666382,78229.4,0.00623106,1736264356.1427562,b,l
4666383,78236.1,0.001203,1736264362.1656177,b,l
4666384,78288.4,0.00041552,1736264363.6946826,b,l
4666385,78200.1,0.0007,1736264370.1894207,b,l
4666386,78200.0,0.01271381,1736264371.0983207,s,l
4666387,78200.0,0.00255754,1736264371.098321,s,l
4666388,78200.0,5e-05,1736264371.098321,s,l
4666389,78170.6,0.00136376,1736264371.8075218,s,l
4666390,78163.7,0.0006105,1736264371.8075218,s,l
4666391,78163.7,0.00286745,1736264372.3671784,s,l
4666392,78149.9,8.771e-05,1736264372.9154572,b,l
4666393,78149.8,8e-05,1736264373.582837,s,l
4666394,78138.5,0.01023835,1736264373.582837,s,l
4666395,78111.6,0.00531035,1736264373.582837,s,l
4666396,78103.8,0.00010514,1736264373.582837,s,l
4666397,78100.0,5e-05,1736264373.582837,s,l
4666398,78096.0,0.001201,1736264373.582837,s,l
4666399,78089.3,0.001204,1736264373.582837,s,l
4666400,78047.7,0.01074382,1736264373.582837,s,l
4666401,78180.4,0.03774296,1736264392.3703928,s,l
4666402,78180.3,0.02435923,1736264392.3703928,s,l
4666403,78253.6,0.00042523,1736264411.524903,s,l
4666404,78290.8,0.00031199,1736264412.2195303,s,l
4666405,78290.9,0.00084,1736264413.0216298,b,l
4666406,78290.9,0.00214388,1736264413.0216298,b,l
4666407,78290.9,0.0001033,1736264423.4184196,s,m
4666408,78291.0,7e-05,1736264428.3784006,b,l
4666409,78339.3,0.00029647,1736264436.7101345,s,m
4666410,78377.6,0.00310429,1736264438.0701542,b,l
4666411,78343.3,0.00637921,1736264462.2007222,b,l
4666412,78343.2,0.00127643,1736264464.94855,s,l
4666413,78328.7,5.066e-05,1736264469.678073,b,l
4666414,78328.5,0.00035539,1736264480.7392418,b,l
4666415,78259.5,0.00141661,1736264493.2585044,s,l
4666416,78298.3,0.03006319,1736264525.0639896,s,m
4666417,78297.9,0.00855257,1736264525.0639896,s,m
4666418,78324.5,0.00628936,1736264527.130948,b,l
4666419,78269.5,0.05892021,1736264538.9429977,s,l
4666420,78258.6,0.00084,1736264539.1031213,s,l
4666421,78237.9,0.00019172,1736264550.678434,s,l
4666422,78107.2,0.0025,1736264564.1178465,s,l
4666423,78180.5,0.00059566,1736264575.0819085,b,l
4666424,78202.2,0.00255747,1736264603.364799,b,m
4666425,78209.0,0.00037335,1736264608.1672206,b,l
4666426,78190.4,0.00358878,1736264627.7963583,b,l
4666427,78189.3,0.00303711,1736264645.190581,b,l
4666428,78189.8,0.00127894,1736264645.970174,b,m
4666429,78174.6,0.00119492,1736264659.9690857,b,l
4666430,78092.9,0.05802072,1736264662.2732408,s,l
4666431,78158.5,0.01537586,1736264693.8511164,b,l
4666432,78092.3,0.001202,1736264697.061787,b,l
4666433,78092.3,0.00253346,1736264697.061787,b,l
4666434,78092.3,0.04985055,1736264702.2599845,b,l
4666435,78092.2,0.00026468,1736264703.3548813,s,l
4666436,78084.7,0.00064033,1736264703.371318,s,l
4666437,78017.6,0.001205,1736264705.2665002,s,l
4666438,78008.8,8e-05,1736264705.312436,s,l
4666439,78001.9,0.00064101,1736264706.0236046,s,l
4666440,78000.1,0.0001923,1736264706.0245097,s,l
4666441,78000.0,0.00133012,1736264706.0245097,s,l
4666442,78000.0,0.00128205,1736264706.0245097,s,l
4666443,78000.0,0.00160256,1736264706.0245097,s,l
4666444,78000.0,0.00641012,1736264706.0245097,s,l
4666445,78000.0,0.00102564,1736264706.0245097,s,l
4666446,78000.0,0.12820512,1736264706.0245097,s,l
4666447,78000.0,0.00064102,1736264706.0245097,s,l
4666448,78000.0,0.04102564,1736264706.0245097,s,l
4666449,78000.0,0.00128205,1736264706.0245097,s,l
4666450,78000.0,0.00128205,1736264706.0245097,s,l
4666451,78000.0,5e-05,1736264706.0245097,s,l
4666452,78000.0,0.01282051,1736264706.0245097,s,l
4666453,78000.0,0.12820512,1736264706.02451,s,l
4666454,78000.0,0.00025641,1736264706.02451,s,l
4666455,77998.8,0.00065,1736264706.02451,s,l
4666456,77969.0,0.00446408,1736264706.632414,s,l
4666457,77900.0,5e-05,1736264716.3458145,s,l
4666458,77900.0,0.00032092,1736264716.3458145,s,l
4666459,77868.2,8e-05,1736264717.1325235,s,l
4666460,77855.3,0.00075599,1736264717.2244475,s,l
4666461,77914.7,0.00641025,1736264723.7566335,b,l
4666462,77850.9,0.00029,1736264724.4408438,s,l
4666463,77979.1,0.00035769,1736264738.597427,b,l
4666464,78008.8,7e-05,1736264756.0824294,b,l
4666465,78073.7,0.00414033,1736264756.0824294,b,l
4666466,78054.3,0.00064058,1736264758.8787844,b,m
4666467,78054.3,0.00011828,1736264759.296816,b,l
4666468,78035.9,0.00032591,1736264762.3463848,b,l
4666469,78083.8,0.00064034,1736264764.201643,b,m
4666470,78078.3,5e-05,1736264775.644723,s,l
4666471,78090.9,0.00084,1736264785.0103304,s,l
4666472,78081.2,0.00011683,1736264792.7775912,b,l
4666473,78149.8,7e-05,1736264814.0745995,b,l
4666474,78149.8,0.03671359,1736264814.0745995,b,l
4666475,78210.8,0.00049792,1736264817.838836,b,l
4666476,78262.7,0.00025555,1736264826.4274988,b,m
4666477,78123.6,0.00062246,1736264834.9661708,b,l
4666478,78110.9,0.0031442,1736264839.842997,b,l
4666479,78110.8,0.0012732,1736264840.685966,b,l
4666480,78111.0,0.00084,1736264846.1011813,b,l
4666481,78117.3,2.43e-05,1736264846.8815308,b,l
4666482,78105.4,0.00131537,1736264851.379608,s,l
4666483,78149.5,0.00059636,1736264904.2880964,b,l
4666484,78149.4,0.01076414,1736264905.9782104,s,l
4666485,78149.5,0.0002428,1736264928.038466,b,l
4666486,78149.8,0.00598393,1736264928.038466,b,l
4666487,78149.8,0.0086155,1736264933.6706347,b,l
4666488,78149.8,0.00459447,1736264944.542375,b,l
4666489,78210.7,0.00398142,1736264951.083344,b,l
4666490,78256.5,8.073e-05,1736264966.9265783,b,l
4666491,78291.0,7e-05,1736264979.8505814,b,m
4666492,78298.9,0.00474271,1736264979.8505814,b,m
4666493,78314.9,0.00078873,1736264981.4528167,s,l
4666494,78315.0,0.0004993,1736264983.0916047,b,l
4666495,78425.2,0.0012415,1736264993.2110455,b,l
4666496,78372.9,0.00127595,1736265008.284122,s,l
4666497,78306.5,0.02501834,1736265012.142667,b,l
4666498,78296.3,0.0065162,1736265012.6638603,s,l
4666499,78293.5,0.00313481,1736265019.025906,b,l
4666500,78369.1,0.00059494,1736265044.7075322,b,l
4666501,78369.1,0.00038324,1736265044.8415632,b,l
4666502,78301.7,0.00268193,1736265086.0893662,b,l
4666503,78355.2,0.011349,1736265086.1426094,b,l
4666504,78362.1,0.00042182,1736265086.1426094,b,l
4666505,78370.9,5e-05,1736265086.4605658,b,m
4666506,78432.4,7e-05,1736265123.8403573,b,l
4666507,78443.7,0.00070516,1736265123.8403575,b,l
4666508,78569.5,0.00021541,1736265179.5880935,b,l
4666509,78571.3,0.00733608,1736265193.3626697,b,l
4666510,78571.4,0.24344644,1736265193.3626697,b,l
4666511,78571.4,0.00309666,1736265193.529358,b,l
4666512,78570.2,0.0001,1736265194.0439413,b,m
4666513,78535.2,6.183e-05,1736265196.9064906,b,l
4666514,78535.2,0.01911583,1736265200.4235184,b,l
4666515,78535.1,0.0011775,1736265207.4411178,s,l
4666516,78535.1,0.00021079,1736265208.900235,s,l
4666517,78530.1,0.00124283,1736265209.9948003,s,l
4666518,78507.3,0.00012803,1736265221.2714338,b,l
4666519,78464.5,0.00521274,1736265231.3280325,b,l
4666520,78464.6,0.0195838,1736265231.3280325,b,l
4666521,78461.4,0.00034276,1736265250.8121588,s,m
4666522,78503.2,0.00251002,1736265251.819832,b,l
4666523,78503.2,0.0006275,1736265251.8326898,b,l
4666524,78533.9,0.00044359,1736265266.9887917,b,l
4666525,78485.4,0.0057,1736265267.7072186,s,m
4666526,78533.3,0.0008676,1736265268.6328988,b,l
4666527,78449.4,0.04690652,1736265282.2370377,b,l
4666528,78449.4,0.00534202,1736265282.2370377,b,l
4666529,78449.4,0.001199,1736265282.2370377,b,l
4666530,78449.4,0.04702198,1736265282.2370377,b,l
4666531,78449.3,0.00038241,1736265288.1952777,s,l
4666532,78445.9,0.00637381,1736265288.2872713,s,l
4666533,78354.7,0.00682223,1736265291.181554,b,l
4666534,78350.2,0.00062873,1736265302.300606,b,l
4666535,78350.2,0.00317383,1736265302.309336,b,l
4666536,78350.2,0.00170344,1736265302.6791866,b,l
4666537,78451.3,0.00012558,1736265315.03354,b,l
4666538,78416.1,0.01010536,1736265315.4769268,s,l
4666539,78442.9,0.00697743,1736265319.8496923,b,l
4666540,78443.0,0.00496015,1736265319.8496923,b,l
4666541,78494.3,0.00127398,1736265337.9384587,b,m
4666542,78494.4,0.001202,1736265338.3038766,b,l
4666543,78496.9,0.01134913,1736265338.3038766,b,l
4666544,78546.3,0.00012543,1736265344.033497,b,l
4666545,78500.0,0.00012751,1736265358.4665487,s,l
4666546,78568.7,0.0014852,1736265372.1760976,b,l
4666547,78445.9,0.00174709,1736265393.5602314,s,l
4666548,78446.0,0.00012406,1736265471.3295703,b,l
4666549,78445.9,0.00462672,1736265481.4022138,s,l
4666550,78445.9,0.00012747,1736265481.4022138,s,l
4666551,78397.7,0.01148593,1736265496.7504396,b,l
4666552,78397.7,0.00092738,1736265496.7504396,b,l
4666553,78389.2,0.00744918,1736265507.1712525,b,l
4666554,78351.5,0.07473082,1736265513.6082437,s,l
4666555,78351.4,0.0012,1736265513.6082437,s,l
4666556,78351.3,0.04363551,1736265513.6082437,s,l
4666557,78371.3,0.00047785,1736265514.3422184,b,m
4666558,78401.5,0.03126648,1736265538.9898353,s,m
4666559,78351.7,0.025,1736265573.5048673,s,m
4666560,78394.8,0.00063778,1736265585.4836874,b,l
4666561,78356.5,0.01257164,1736265607.616788,s,l
4666562,78355.9,0.00127622,1736265607.616788,s,l
4666563,78351.2,0.00205561,1736265608.0605772,s,l
4666564,78350.0,0.00638162,1736265608.0605772,s,l
4666565,78320.0,0.0006384,1736265613.4848535,s,l
4666566,78301.7,1.887e-05,1736265619.0329125,b,l
4666567,78301.6,0.01316307,1736265620.8118827,s,l
4666568,78300.0,0.00019157,1736265620.8141718,s,l
4666569,78291.1,0.0025091,1736265625.0695505,b,l
4666570,78291.1,0.00477883,1736265626.0161438,b,l
4666571,78291.0,7e-05,1736265630.6048985,s,l
4666572,78240.4,0.01493,1736265630.6048985,s,l
4666573,78248.4,0.00024859,1736265633.5565836,b,l
4666574,78248.4,0.00389141,1736265635.6739936,b,m
4666575,78275.0,0.00610859,1736265635.6739936,b,m
4666576,78200.1,0.0012785,1736265659.6541104,b,l
4666577,78407.1,0.00029919,1736265710.7577395,b,l
4666578,78363.8,0.00068466,1736265711.6242037,s,m
4666579,78424.6,0.00011771,1736265712.0987875,b,l
4666580,78376.1,0.00026165,1736265716.3477254,s,l
4666581,78426.5,0.00124269,1736265718.1051788,b,l
4666582,78432.4,7e-05,1736265721.6188564,b,l
4666583,78458.5,0.00359051,1736265722.6215105,b,l
4666584,78457.2,0.00025492,1736265726.9150257,b,m
4666585,78381.6,0.00074711,1736265737.026352,s,l
4666586,78364.6,0.03189747,1736265741.5936265,b,l
4666587,78291.0,7e-05,1736265767.0255706,s,l
4666588,78287.9,0.00026496,1736265803.0886023,s,l
4666589,78378.5,0.01242394,1736265846.222069,b,l
4666590,78380.1,0.00048662,1736265861.637188,s,m
4666591,78412.7,0.00024819,1736265873.423393,b,l
4666592,78331.9,0.00131603,1736265878.8042572,s,l
4666593,78290.3,0.00105,1736265882.4882169,s,m
4666594,78364.1,6.21e-05,1736265893.928234,b,l
4666595,78369.3,0.00119227,1736265905.9950747,b,l
4666596,78330.1,0.00822799,1736265912.2134857,s,l
4666597,78305.1,0.00039772,1736265922.917454,b,l
4666598,78305.0,0.00044697,1736265926.542524,s,l
4666599,78288.0,0.0004747,1736265929.5300882,b,l
4666600,78288.0,0.00017628,1736265938.8552723,b,l
4666601,78288.0,0.00017628,1736265953.7008004,b,l
4666602,78369.7,0.01242168,1736265978.0006945,b,l
4666603,78361.0,0.0044005,1736265986.8345685,b,l
4666604,78361.0,0.01241987,1736265987.515511,b,l
4666605,78360.8,0.0001242,1736265987.7165334,b,l
4666606,78358.4,0.00215065,1736265990.5396872,b,l
4666607,78357.7,0.00029577,1736266004.7694402,b,l
4666608,78355.7,0.00025525,1736266020.8169715,b,m
4666609,78353.4,0.01242093,1736266026.893666,b,l
4666610,78288.0,0.00683312,1736266045.604573,b,l
4666611,78288.0,9.256e-05,1736266048.5390887,b,l
4666612,78289.1,0.12425802,1736266078.1847565,b,l
4666613,78379.5,0.00581107,1736266101.8760886,b,l
4666614,78379.3,0.01241624,1736266103.1944215,b,l
4666615,78378.9,0.00059478,1736266105.2137444,b,l
4666616,78402.8,0.00012413,1736266111.4244604,b,l
4666617,78415.5,0.00186199,1736266115.2440388,b,l
4666618,78427.9,2.512e-05,1736266134.4406197,b,l
4666619,78427.8,0.00014906,1736266136.262662,s,m
4666620,78432.3,0.00111121,1736266170.1714268,s,l
4666621,78415.4,0.00015398,1736266170.281129,s,l
4666622,78352.1,0.0001242,1736266181.9470725,b,l
4666623,78352.1,0.0010688,1736266191.7302191,b,m
4666624,78379.1,0.00212119,1736266191.7302191,b,m
4666625,78415.5,0.00062056,1736266207.6395018,b,l
4666626,78380.3,0.02065379,1736266233.8530226,s,l
4666627,78304.7,0.00840336,1736266243.4473813,b,m
4666628,78304.7,0.25553005,1736266243.4473813,b,m
4666629,78304.7,0.039,1736266243.4473813,b,m
4666630,78304.7,0.15345384,1736266243.4473813,b,m
4666631,78304.7,0.011354,1736266243.4473815,b,m
4666632,78304.7,0.0012,1736266243.4473815,b,m
4666633,78304.7,0.001043,1736266243.4473815,b,m
4666634,78304.7,0.1,1736266243.4473815,b,m
4666635,78304.7,0.04690652,1736266243.4473815,b,m
4666636,78305.5,0.32742853,1736266243.4473815,b,m
4666637,78305.6,0.25552722,1736266243.4473815,b,m
4666638,78307.7,0.06443666,1736266243.4473815,b,m
4666639,78304.6,0.00095329,1736266244.6408622,s,l
4666640,78288.2,0.000582,1736266254.3929644,b,m
4666641,78318.6,0.00432128,1736266254.3929644,b,m
4666642,78288.2,0.00812968,1736266279.8358912,b,l
4666643,78288.2,0.07217032,1736266279.8358912,b,l
4666644,78288.2,0.00011792,1736266287.4980536,b,l
4666645,78288.1,0.00063866,1736266293.6823754,s,l
4666646,78287.9,0.00101237,1736266293.6823754,s,l
4666647,78287.9,0.00319334,1736266293.6823754,s,l
4666648,78287.9,0.00073574,1736266293.6823754,s,l
4666649,78200.0,0.00012787,1736266295.9002745,s,l
4666650,78199.5,0.001201,1736266295.9002745,s,l
4666651,78198.8,0.00063939,1736266295.9002745,s,l
4666652,78189.6,0.02832465,1736266295.9002745,s,l
4666653,78185.6,0.00095518,1736266313.2972617,s,l
4666654,78158.1,0.001201,1736266313.2972617,s,l
4666655,78149.8,7e-05,1736266313.2972617,s,l
4666656,78149.7,0.00027845,1736266313.2972617,s,l
4666657,78149.8,0.00628008,1736266316.0682025,b,l
4666658,78149.8,0.15368678,1736266316.0682025,b,l
4666659,78149.8,0.13866167,1736266316.0682025,b,l
4666660,78149.7,0.00036021,1736266321.7435818,s,l
4666661,78149.7,1.13e-06,1736266326.9678278,s,l
4666662,78129.5,0.00071481,1736266346.200234,b,l
4666663,78147.6,0.00012607,1736266372.031973,b,l
4666664,78146.7,0.0004,1736266383.507663,b,m
4666665,78146.5,0.00063919,1736266384.6859975,b,l
4666666,78122.0,9.278e-05,1736266385.987033,b,l
4666667,78122.0,0.001202,1736266387.0674326,b,l
4666668,78136.7,0.00337587,1736266387.0674326,b,l
4666669,78136.8,0.00787611,1736266387.0674326,b,l
4666670,78170.5,0.00014077,1736266421.6765604,b,m
4666671,78221.1,9.384e-05,1736266442.4350295,b,l
4666672,78290.9,0.0005956,1736266447.9828336,b,l
4666673,78286.5,0.00127736,1736266457.017875,b,m
4666674,78267.2,0.00033216,1736266493.921069,b,l
4666675,78231.2,0.00049823,1736266517.934271,s,l
4666676,78256.0,0.001201,1736266521.454253,b,l
4666677,78263.1,0.006034,1736266521.454253,b,l
4666678,78291.0,7e-05,1736266521.454253,b,l
4666679,78298.2,0.00349832,1736266521.454253,b,l
4666680,78298.3,0.02819668,1736266521.454253,b,l
4666681,78298.3,0.039,1736266521.4571695,b,l
4666682,78298.3,0.039,1736266521.4608226,b,l
4666683,78230.4,0.039,1736266533.0208693,b,l
4666684,78230.4,0.00329637,1736266541.1723225,b,m
4666685,78230.4,0.0091796,1736266541.1723225,b,m
4666686,78249.7,0.00400596,1736266547.6383734,b,l
4666687,78270.9,0.00490878,1736266573.5829463,s,l
4666688,78302.9,0.00504016,1736266603.9482248,s,l
4666689,78316.2,0.00063844,1736266612.281271,b,m
4666690,78230.4,0.00063217,1736266628.6161528,b,l
4666691,78230.4,9.382e-05,1736266629.2820022,b,l
4666692,78230.3,0.0001153,1736266663.9540725,s,l
4666693,78230.3,0.00127827,1736266663.9540725,s,l
4666694,78229.7,0.00119292,1736266674.6416452,b,l
4666695,78228.7,0.00420135,1736266677.3020449,b,m
4666696,78228.8,0.00114651,1736266677.3020449,b,m
4666697,78200.1,0.00573278,1736266695.759164,b,l
4666698,78200.1,0.00623822,1736266695.759164,b,l
4666699,78200.0,0.07928388,1736266707.9355607,s,m
4666700,78200.1,3.15e-05,1736266733.0337012,b,l
4666701,78234.2,4.131e-05,1736266752.033945,b,l
4666702,78200.0,0.04398116,1736266777.8628862,s,l
4666703,78200.1,0.0001023,1736266800.9569066,b,m
4666704,78200.1,0.00063939,1736266832.7957544,b,m
4666705,78200.1,0.00426006,1736266832.8413584,b,l
4666706,78224.2,0.00388318,1736266849.6985214,b,l
4666707,78224.3,0.0150124,1736266849.6985214,b,l
4666708,78300.9,0.00149851,1736266861.7409673,b,m
4666709,78292.3,0.00179234,1736266865.5698352,b,l
4666710,78244.1,0.00025183,1736266883.0335064,b,l
4666711,78418.2,0.00137745,1736266955.0295303,b,l
4666712,78418.3,0.00164721,1736266955.0295303,b,l
4666713,78418.3,0.002788,1736266955.076609,b,l
4666714,78403.4,0.00011774,1736266967.9612837,b,l
4666715,78392.9,0.00128139,1736266973.9500277,b,l
4666716,78393.0,0.02996505,1736266973.9500277,b,l
4666717,78381.8,0.00011777,1736266978.084411,b,l
4666718,78334.4,0.00062116,1736267031.5353112,b,l
4666719,78336.7,0.00087435,1736267032.788071,b,l
4666720,78336.8,0.00161048,1736267032.788071,b,l
4666721,78365.6,0.00098826,1736267039.987493,b,l
4666722,78365.7,0.00101174,1736267039.987493,b,l
4666723,78370.8,0.00088404,1736267058.091817,b,l
4666724,78370.9,0.00929007,1736267058.091817,b,l
4666725,78384.8,0.00059447,1736267068.2518313,b,l
4666726,78414.2,0.0002423,1736267085.233323,b,m
4666727,78430.6,0.00127501,1736267144.680124,b,m
4666728,78432.3,6.369e-05,1736267185.1206355,b,l
4666729,78432.3,1.241e-05,1736267236.4397457,b,l
4666730,78432.3,0.00062043,1736267241.3574288,b,l
4666731,78432.3,0.00024768,1736267288.2292993,b,l
4666732,78432.3,0.00119123,1736267293.1876864,b,l
4666733,78432.3,0.00256026,1736267297.7966166,b,m
4666734,78432.3,0.0006272,1736267297.7966166,b,m
4666735,78432.3,0.00018613,1736267305.5931213,b,l
4666736,78432.3,0.00381304,1736267306.061571,b,m
4666737,78432.4,7e-05,1736267306.061571,b,m
4666738,78439.6,0.00567882,1736267306.061571,b,m
4666739,78444.1,0.00065322,1736267337.245456,b,l
4666740,78444.1,0.00399917,1736267337.245456,b,l
4666741,78444.1,0.00155133,1736267337.245456,b,l
4666742,78444.1,0.00136474,1736267342.8264084,b,l
4666743,78444.0,0.00014352,1736267351.6223016,s,l
4666744,78446.3,0.0024218,1736267366.379784,b,l
4666745,78454.9,0.00399917,1736267369.4873664,b,m
4666746,78457.2,0.00100807,1736267369.4873664,b,m
4666747,78457.3,0.039,1736267369.4873664,b,m
4666748,78457.4,0.01942074,1736267369.4873664,b,m
4666749,78461.0,0.00023572,1736267380.6783671,b,l
4666750,78461.0,0.00079366,1736267380.809162,b,l
4666751,78461.1,0.00399917,1736267380.809162,b,l
4666752,78462.3,0.00823425,1736267380.809162,b,l
4666753,78462.0,0.00430848,1736267387.930909,s,l
4666754,78439.7,0.00875095,1736267387.930909,s,l
4666755,78456.6,0.00238481,1736267390.1611223,b,l
4666756,78460.6,0.00043404,1736267414.0237384,b,l
4666757,78444.7,0.00062453,1736267459.9235382,b,l
4666758,78444.7,0.00124067,1736267508.2228174,b,l
4666759,78444.7,6.374e-05,1736267508.7439911,b,m
4666760,78444.7,0.00047085,1736267520.7197697,b,m
4666761,78444.6,0.00013098,1736267525.066883,s,l
4666762,78483.0,0.00234357,1736267553.8781164,b,l
4666763,78483.1,0.01021131,1736267553.8781164,b,l
4666764,78490.4,1.24e-05,1736267565.4201968,b,l
4666765,78557.1,0.00047386,1736267599.4019475,b,l
4666766,78537.9,0.05,1736267668.6371577,b,m
4666767,78530.8,0.001,1736267671.865301,s,m
4666768,78530.9,0.00011754,1736267680.5591943,b,l
4666769,78530.8,0.01179988,1736267701.8836317,s,l
4666770,78511.9,0.01095464,1736267702.8958466,s,l
4666771,78445.0,0.0012396,1736267707.6463575,b,l
4666772,78445.0,0.0006194,1736267725.1689494,b,l
4666773,78445.0,0.0055839,1736267725.1689494,b,l
4666774,78444.9,0.00072662,1736267726.210573,s,l
4666775,78444.6,0.00241859,1736267726.210573,s,l
4666776,78432.2,6.209e-05,1736267727.39614,s,l
4666777,78400.0,0.60728488,1736267743.6371405,s,l
4666778,78400.0,0.54528387,1736267743.6400845,s,l
4666779,78400.0,0.08320217,1736267743.6400845,s,l
4666780,78366.4,0.00012414,1736267746.1548493,b,l
4666781,78382.3,0.00310393,1736267764.0058775,b,l
4666782,78366.4,0.00035537,1736267779.0139709,b,l
4666783,78366.4,0.00012419,1736267810.9080038,b,l
4666784,78366.4,0.00062095,1736267812.08611,b,l
4666785,78366.4,0.00063803,1736267812.3988376,b,m
4666786,78366.4,0.00095704,1736267812.5707812,b,m
4666787,78366.4,0.01862857,1736267813.056635,b,l
4666788,78406.9,0.00248255,1736267829.3313398,b,l
4666789,78474.2,0.0001156,1736267861.7315876,s,l
4666790,78546.7,0.0078491,1736267865.1233084,b,m
4666791,78546.8,0.05212178,1736267865.1233084,b,m
4666792,78544.8,0.00037171,1736267913.629393,b,l
4666793,78550.0,0.00092965,1736267930.6059449,b,l
4666794,78535.1,0.000804,1736267938.2077265,b,l
4666795,78535.1,0.00539106,1736267938.2077265,b,l
4666796,78574.1,7e-05,1736267964.5734358,b,l
4666797,78579.2,5.387e-05,1736267964.573436,b,l
4666798,78623.3,0.039,1736267998.9067438,b,l
4666799,78682.7,0.00261262,1736268000.110207,b,m
4666800,78682.8,0.00399917,1736268000.110207,b,m
4666801,78684.3,0.01872146,1736268000.1102076,b,m
4666802,78681.7,0.00130792,1736268003.289724,b,l
4666803,78668.7,0.0024696,1736268022.792753,b,l
4666804,78668.8,0.00371765,1736268022.792753,b,l
4666805,78681.9,0.00123682,1736268066.0027645,b,l
4666806,78674.5,0.00033048,1736268069.478903,b,m
4666807,78620.1,0.0011958,1736268077.7854564,b,l
4666808,78589.3,0.00171282,1736268115.846214,s,l
4666809,78589.5,0.07481383,1736268118.7131722,s,m
4666810,78589.4,0.2545901,1736268118.7131722,s,m
4666811,78589.4,0.2545901,1736268118.7131722,s,m
4666812,78589.4,0.2545901,1736268118.7131722,s,m
4666813,78588.8,0.001198,1736268118.7131724,s,m
4666814,78586.7,0.001201,1736268118.7131724,s,m
4666815,78586.4,0.011313,1736268118.7131724,s,m
4666816,78586.0,0.15693961,1736268118.7131724,s,m
4666817,78628.6,0.00059271,1736268140.2119958,b,l
4666818,78636.9,0.00123664,1736268163.9446297,b,l
4666819,78684.0,0.00224851,1736268217.1873596,b,m
4666820,78684.1,0.001197,1736268217.1873596,b,m
4666821,78684.2,0.00926353,1736268217.1873596,b,m
4666822,78658.0,0.00635663,1736268238.660046,s,l
4666823,78582.7,0.00023509,1736268247.3809755,b,l
4666824,78609.7,0.00173242,1736268255.1563237,b,l
4666825,78609.8,0.01064638,1736268255.1563237,b,l
4666826,78568.0,0.00063636,1736268269.1646488,b,l
4666827,78575.1,0.00254534,1736268277.4406242,b,m
4666828,78575.4,0.01199135,1736268289.3782115,b,l
4666829,78581.2,0.00381771,1736268306.1440785,b,m
4666830,78535.1,0.00290122,1736268311.424049,b,m
4666831,78535.5,0.00017346,1736268330.9825847,s,m
4666832,78565.0,0.00061953,1736268331.3481188,b,l
4666833,78551.2,0.00037244,1736268349.4368112,b,m
4666834,78551.3,0.01235809,1736268349.4368112,b,m
4666835,78547.9,0.01858576,1736268358.4765167,b,l
4666836,78550.7,0.00125378,1736268365.108935,b,l
4666837,78565.1,0.00182397,1736268365.879856,b,m
4666838,78543.7,0.00049561,1736268418.5510805,b,l
4666839,78535.2,0.001202,1736268443.237865,b,l
4666840,78535.2,0.00022622,1736268443.237865,b,l
4666841,78535.1,0.00290122,1736268458.6911044,s,m
4666842,78575.7,0.00125393,1736268483.4141817,b,l
4666843,78535.1,0.00346536,1736268512.3446114,s,l
4666844,78535.0,0.00127331,1736268512.3446114,s,l
4666845,78500.0,0.00702351,1736268519.8587012,s,l
4666846,78500.0,0.53364506,1736268525.7642047,s,l
4666847,78500.0,0.22366264,1736268525.7646685,s,l
4666848,78500.0,0.00509554,1736268525.7646685,s,l
4666849,78432.5,6.204e-05,1736268541.8893669,b,l
4666850,78432.5,0.00031996,1736268558.037861,b,l
4666851,78432.5,0.00095502,1736268558.037861,b,l
4666852,78443.7,0.00024817,1736268565.7798662,b,l
4666853,78432.4,7e-05,1736268598.273431,s,l
4666854,78432.4,0.00063749,1736268598.273431,s,l
4666855,78400.0,0.00063218,1736268598.273431,s,l
4666856,78391.7,0.00011033,1736268598.273431,s,l
4666857,78418.5,0.00115696,1736268601.8410375,b,m
4666858,78418.6,0.00139346,1736268601.8410375,b,m
4666859,78366.4,0.00111771,1736268681.0716588,b,l
4666860,78366.3,0.00077741,1736268696.6913512,s,l
4666861,78355.3,0.075091,1736268696.6913512,s,l
4666862,78355.2,0.11570247,1736268696.6913512,s,l
4666863,78354.3,0.00013831,1736268717.0504992,b,l
4666864,78334.1,0.01128962,1736268748.712224,b,l
4666865,78334.2,0.03871038,1736268748.712224,b,l
4666866,78345.9,0.00503011,1736268780.6885846,b,l
4666867,78302.3,0.00017618,1736268812.357101,b,l
4666868,78302.2,0.00170589,1736268812.4593716,s,l
4666869,78315.0,0.00502061,1736268859.3922389,b,l
4666870,78334.3,0.00083415,1736268915.283732,b,l
4666871,78333.3,0.00012577,1736269034.7414553,b,l
4666872,78361.3,0.00011642,1736269038.138835,b,l
4666873,78334.9,0.00936053,1736269039.7543223,s,l
4666874,78308.3,0.01242826,1736269059.287085,b,l
4666875,78308.2,0.00319251,1736269106.1291742,s,l
4666876,78302.3,0.00157424,1736269113.1546752,b,l
4666877,78302.3,0.00035572,1736269117.4184744,b,l
4666878,78302.3,0.00025165,1736269158.0334709,b,l
4666879,78302.3,0.00372876,1736269160.3666973,b,l
4666880,78302.2,0.00084833,1736269170.4072075,s,l
4666881,78302.2,0.0012771,1736269170.4072075,s,l
4666882,78291.0,7e-05,1736269173.3786943,s,l
4666883,78253.8,0.00011646,1736269182.4775307,b,l
4666884,78233.7,0.00012593,1736269200.0384698,b,l
4666885,78271.0,0.00255522,1736269201.804257,b,m
4666886,78260.8,1.259e-05,1736269205.035533,b,l
4666887,78255.4,0.01119082,1736269210.7724388,b,m
4666888,78255.5,0.0143665,1736269210.7724388,b,m
4666889,78251.8,0.00127793,1736269226.0848625,b,m
4666890,78237.3,0.00045966,1736269231.4325483,s,l
4666891,78248.9,0.00023921,1736269247.2640288,b,l
4666892,78246.0,1.889e-05,1736269250.0347178,b,l
4666893,78235.1,0.00011799,1736269253.2564747,b,l
4666894,78235.1,0.00129984,1736269308.6600926,b,l
4666895,78235.0,0.00351505,1736269333.641338,s,l
4666896,78205.0,0.02533325,1736269337.8538718,s,m
4666897,78254.8,0.02487336,1736269351.15241,b,l
4666898,78245.4,0.00049757,1736269363.7595978,b,l
4666899,78239.6,0.00059564,1736269403.7000356,b,l
4666900,78257.1,0.00037318,1736269406.5742874,b,l
4666901,78205.0,0.01278706,1736269453.8974147,s,l
4666902,78205.1,0.00012445,1736269459.8456335,b,l
4666903,78205.1,0.00239177,1736269471.7730043,b,l
4666904,78205.0,0.01487969,1736269472.2303214,s,l
4666905,78205.0,0.00639345,1736269472.2303214,s,l
4666906,78149.9,0.00010229,1736269481.0733275,b,l
4666907,78149.9,0.0001,1736269483.9930604,b,m
4666908,78149.9,0.039,1736269502.2669847,b,l
4666909,78149.9,0.0012578,1736269532.0178192,b,l
4666910,78149.8,7e-05,1736269538.5491147,s,l
4666911,78122.3,0.00622882,1736269576.6527257,b,l
4666912,78117.0,0.02828238,1736269579.6394162,b,l
4666913,78100.0,0.00128205,1736269588.5211198,s,l
4666914,78100.0,8.402e-05,1736269610.0339842,b,l
4666915,78074.9,0.00012808,1736269635.6695356,s,m
4666916,78048.3,0.001203,1736269635.6695356,s,m
4666917,78041.8,0.07530884,1736269635.6695356,s,m
4666918,78041.7,0.001206,1736269635.6695356,s,m
4666919,78039.2,0.011378,1736269635.6695356,s,m
4666920,78027.9,0.25635017,1736269635.6695356,s,m
4666921,78026.7,0.25635399,1736269635.6695356,s,m
4666922,78016.1,0.1,1736269635.6695356,s,m
4666923,78008.8,7e-05,1736269635.669536,s,m
4666924,78005.7,0.04024979,1736269635.669536,s,m
4666925,78047.9,0.00121185,1736269664.1026795,b,l
4666926,78000.1,0.011382,1736269697.0927525,b,l
4666927,78000.1,0.00124903,1736269697.0927527,b,l
4666928,78000.0,0.0001282,1736269703.5144172,s,l
4666929,78000.0,0.00068207,1736269703.5144172,s,l
4666930,78000.0,0.01058129,1736269703.5144172,s,l
4666931,78054.4,0.00014615,1736269759.811933,s,l
4666932,78031.1,0.00065683,1736269777.1502347,b,l
4666933,78011.2,0.00599774,1736269789.145543,b,l
4666934,78011.3,0.001187,1736269789.145543,b,l
4666935,78011.4,0.009232,1736269789.145543,b,l
4666936,78011.5,0.039,1736269789.145543,b,l
4666937,78013.9,0.25637995,1736269789.145543,b,l
4666938,78013.9,0.10492814,1736269789.145543,b,l
4666939,78000.0,0.01552564,1736269799.4238095,s,l
4666940,78000.1,0.039,1736269809.9004123,b,m
4666941,78000.1,0.2564448,1736269809.9004123,b,m
4666942,78000.1,0.07538801,1736269809.9004126,b,m
4666943,78000.1,0.153965,1736269809.9004126,b,m
4666944,78000.1,0.04690652,1736269809.9004126,b,m
4666945,78000.8,0.13342177,1736269809.9004126,b,m
4666946,78000.0,0.11087883,1736269820.4578242,s,l
4666947,78000.0,0.00320512,1736269820.4578242,s,l
4666948,77999.0,0.0001282,1736269820.4745932,s,l
4666949,77978.3,0.00037446,1736269856.2232103,b,l
4666950,77997.9,0.00031405,1736269877.4206257,b,l
4666951,78013.2,0.00072217,1736269935.8975198,b,l
4666952,78060.9,0.00038432,1736269953.7534986,b,m
4666953,78061.5,0.00395067,1736269975.8791077,s,l
4666954,78055.6,0.00059681,1736270005.4686823,b,l
4666955,78051.3,0.00163331,1736270009.493157,b,l
4666956,78046.4,0.00303426,1736270021.0636168,b,l
4666957,77989.6,0.0001424,1736270042.0887475,s,l
4666958,77981.2,0.00970317,1736270042.0887475,s,l
4666959,77988.5,0.00193618,1736270058.2260714,b,m
4666960,77966.9,0.00024965,1736270085.8125656,b,l
4666961,77944.9,0.00012486,1736270113.3110716,b,l
4666962,77888.9,0.00012649,1736270154.03744,b,l
4666963,77888.8,0.00019258,1736270178.6837916,s,l
4666964,77868.2,7e-05,1736270185.9397156,s,l
4666965,77825.0,0.02881625,1736270197.3886876,s,l
4666966,77811.1,0.00385549,1736270197.3886876,s,l
4666967,77803.3,0.00018393,1736270197.3886876,s,l
4666968,77800.0,0.00131525,1736270197.3886878,s,l
4666969,77800.0,0.00049708,1736270197.3886878,s,l
4666970,77800.0,0.00012853,1736270197.3886878,s,l
4666971,77800.0,0.00128534,1736270197.3886878,s,l
4666972,77777.7,0.00427346,1736270197.3886878,s,l
4666973,77776.8,0.001207,1736270197.3886878,s,l
4666974,77775.4,0.011415,1736270197.3886878,s,l
4666975,77760.4,0.01061966,1736270197.3886878,s,l
4666976,77759.5,0.00121,1736270197.3886878,s,l
4666977,77751.7,0.16878879,1736270197.3886878,s,l
4666978,77754.6,0.001696,1736270202.2388835,b,l
4666979,77762.0,0.001209,1736270202.2388835,b,l
4666980,77796.6,0.011413,1736270202.2388835,b,l
4666981,77798.0,0.0012,1736270202.2388835,b,l
4666982,77825.0,0.023482,1736270202.2388835,b,l
4666983,77824.6,0.01731069,1736270202.620649,b,l
4666984,77901.5,0.00011709,1736270248.3860414,b,l
4666985,77908.2,2.529e-05,1736270258.0384662,b,l
4666986,77909.7,0.001079,1736270271.446507,b,l
4666987,77909.7,0.0037275,1736270271.446507,b,l
4666988,77941.5,0.00013868,1736270276.6702054,b,l
4666989,77956.4,0.039,1736270283.6078238,b,l
4666990,77925.4,0.02467912,1736270290.4681215,s,l
4666991,77925.3,0.039,1736270290.4681215,s,l
4666992,77923.0,0.00084,1736270290.4681215,s,l
4666993,77922.8,0.07570872,1736270290.4681215,s,l
4666994,77947.4,0.01408999,1736270364.3694594,s,m
4666995,77947.4,0.001208,1736270396.6972628,s,l
4666996,77947.4,0.001205,1736270396.6972628,s,l
4666997,77947.4,0.007587,1736270396.6972628,s,l
4666998,77947.5,0.00249716,1736270401.3525171,b,l
4666999,77947.4,0.00013182,1736270404.729247,s,l
4667000,77947.5,0.00025658,1736270412.9181955,b,m
4667001,77923.8,0.00036944,1736270447.93961,b,l
4667002,77930.1,0.00124889,1736270460.2615645,b,l
4667003,77947.4,0.0001874,1736270500.725957,s,l
4667004,77942.7,0.01200074,1736270520.8716938,b,m
4667005,77923.7,0.0012833,1736270551.2717545,s,l
4667006,77905.8,0.00244004,1736270561.801015,b,l
4667007,77890.1,0.00505273,1736270563.2951136,s,m
4667008,77909.2,0.00012491,1736270581.7116148,b,l
4667009,77899.5,0.00059799,1736270593.4885075,b,l
4667010,77938.5,0.00024974,1736270611.7527754,b,l
4667011,77947.4,0.00081164,1736270620.4393508,b,l
4667012,77938.0,0.07545541,1736270641.4847128,b,l
4667013,77938.1,0.0501733,1736270641.4847128,b,l
4667014,77947.5,0.0012069,1736270653.813081,b,l
4667015,77918.4,0.00112565,1736270665.342271,s,l
4667016,77920.0,0.00023414,1736270670.1454084,s,m
4667017,77904.2,0.02071048,1736270687.7439969,b,l
4667018,77922.9,0.00013061,1736270716.9106426,b,l
4667019,77904.9,0.00128361,1736270741.7480147,s,l
4667020,77904.9,0.00788339,1736270741.7480147,s,l
4667021,77913.2,0.00052712,1736270747.7171664,s,m
4667022,77882.7,1.135e-05,1736270801.8844566,s,m
4667023,77882.7,1.798e-05,1736270801.8844569,s,m
4667024,77882.7,0.00048426,1736270808.0538068,s,l
4667025,77882.7,0.00641991,1736270808.0538068,s,l
4667026,77850.9,0.00064224,1736270813.368605,b,l
4667027,77824.1,0.00062529,1736270848.6164513,b,l
4667028,77827.1,0.039,1736270865.5479898,b,l
4667029,77865.8,0.0064213,1736270894.4092069,b,m
4667030,77852.7,0.00028258,1736270904.875227,b,m
4667031,77839.8,0.00150007,1736270910.2226014,b,l
4667032,77837.1,0.00026761,1736270913.5026653,b,m
4667033,77797.0,0.02943084,1736270928.4852006,s,m
4667034,77796.9,0.001206,1736270928.4852006,s,m
4667035,77795.2,0.01141,1736270928.4852006,s,m
4667036,77792.5,0.01117917,1736270928.4852006,s,m
4667037,77803.0,0.00029779,1736270936.941934,b,l
4667038,77855.7,0.000143,1736271000.8763812,b,l
4667039,77840.8,0.00011713,1736271005.089952,b,l
4667040,77799.0,0.00583244,1736271017.141332,s,l
4667041,77838.4,0.00625203,1736271026.3854785,b,l
4667042,77838.3,0.01717428,1736271031.4092407,s,m
4667043,77825.1,0.1,1736271031.4092407,s,m
4667044,77825.0,0.25692304,1736271031.4092407,s,m
4667045,77824.8,0.001209,1736271031.4092407,s,m
4667046,77820.6,0.001206,1736271031.409241,s,m
4667047,77815.9,0.011408,1736271031.409241,s,m
4667048,77815.0,0.25695585,1736271031.409241,s,m
4667049,77798.8,0.00135464,1736271031.409241,s,m
4667050,77795.9,0.25701919,1736271031.409241,s,m
4667051,77784.8,0.18730608,1736271031.409241,s,m
4667052,77862.2,0.00766145,1736271036.0670187,s,l
4667053,77862.2,0.00758816,1736271036.067599,s,l
4667054,77862.1,0.00766146,1736271042.012314,s,l
4667055,77862.1,0.00622282,1736271042.0124435,s,l
4667056,77862.1,0.00144631,1736271042.0124435,s,l
4667057,77862.2,8.096e-05,1736271043.0084257,b,l
4667058,77907.6,0.001206,1736271048.4159255,b,l
4667059,77907.6,0.01400162,1736271055.2786682,s,l
4667060,77877.5,0.001206,1736271055.2976942,s,l
4667061,77847.2,0.00240326,1736271076.4863744,b,l
4667062,77829.0,0.00011861,1736271126.7430017,b,l
4667063,77750.1,0.00019292,1736271197.906817,s,l
4667064,77727.7,1.97e-06,1736271197.906817,s,l
4667065,77745.0,4.435e-05,1736271201.041114,b,l
4667066,77769.3,0.00240582,1736271241.8209033,b,l
4667067,77754.9,0.00075,1736271247.3704636,b,l
4667068,77773.2,0.005,1736271255.2765975,b,m
4667069,77751.5,0.00742996,1736271273.2191412,s,m
4667070,77751.4,0.04207023,1736271273.2191412,s,m
4667071,77775.4,0.00103726,1736271303.2015762,s,l
4667072,77775.5,0.00027536,1736271303.398764,b,l
4667073,77720.5,0.00056893,1736271347.6450517,s,l
4667074,77751.6,0.00121,1736271354.3290515,b,m
4667075,77756.1,0.00200525,1736271354.3290515,b,m
4667076,77750.7,0.00109326,1736271366.286552,b,l
4667077,77761.8,0.0085074,1736271389.6970837,s,l
4667078,77761.8,0.00243579,1736271389.6970837,s,l
4667079,77777.1,0.01141,1736271398.6928418,b,m
4667080,77777.9,0.25708098,1736271398.6928418,b,m
4667081,77779.2,0.23150902,1736271398.6928418,b,m
4667082,77769.3,0.00049507,1736271405.8614728,s,l
4667083,77774.8,0.00030162,1736271422.2792494,b,l
4667084,77763.7,0.00018726,1736271433.5813072,s,l
4667085,77764.0,0.00120147,1736271434.656358,b,l
4667086,77771.1,0.00012668,1736271439.0343883,b,l
4667087,77766.4,0.03754392,1736271445.9207294,b,l
4667088,77750.5,0.00128617,1736271450.9132202,b,m
4667089,77750.5,0.00128617,1736271458.873358,b,m
4667090,77750.4,0.0010889,1736271461.8770266,s,l
4667091,77720.1,0.00718386,1736271466.7527351,b,m
4667092,77720.0,0.00093,1736271491.6119666,s,l
4667093,77708.0,0.00064343,1736271491.6119666,s,l
4667094,77700.0,0.01,1736271491.7761765,s,l
4667095,77700.0,0.06308996,1736271491.7761765,s,l
4667096,77662.5,0.00128762,1736271492.480415,s,l
4667097,77652.0,0.0063824,1736271492.663606,s,l
4667098,77623.4,0.001208,1736271492.768527,s,l
4667099,77623.2,0.011426,1736271492.768527,s,l
4667100,77605.9,5e-05,1736271492.927779,s,l
4667101,77602.0,0.001211,1736271492.9699204,s,l
4667102,77600.0,0.00012886,1736271492.9699204,s,l
4667103,77591.4,0.06868055,1736271492.9699204,s,l
4667104,77593.1,0.001208,1736271493.129593,s,l
4667105,77587.6,8e-05,1736271493.1424825,s,l
4667106,77580.5,0.00012889,1736271493.163242,s,l
4667107,77561.9,0.001212,1736271494.0972,s,l
4667108,77538.1,6.448e-05,1736271494.382302,s,l
4667109,77533.6,0.00083815,1736271494.3838024,s,l
4667110,77515.0,0.00109419,1736271497.0182626,s,l
4667111,77500.2,0.00949739,1736271497.0943935,s,l
4667112,77500.1,0.00019354,1736271497.0943935,s,l
4667113,77500.0,0.00130322,1736271497.0943935,s,l
4667114,77500.0,0.00129354,1736271497.0943935,s,l
4667115,77500.0,0.00129032,1736271497.0943935,s,l
4667116,77500.0,0.00032258,1736271497.0943935,s,l
4667117,77500.0,0.00129032,1736271497.0943935,s,l
4667118,77500.0,0.12903225,1736271497.0943935,s,l
4667119,77500.0,0.00258064,1736271497.0943935,s,l
4667120,77500.0,0.00257419,1736271497.0943935,s,l
4667121,77500.0,0.00193225,1736271497.0943935,s,l
4667122,77499.3,0.0053523,1736271497.0943935,s,l
4667123,77515.1,0.002975,1736271503.6136043,b,l
4667124,77668.1,0.00794935,1736271519.505378,s,m
4667125,77668.1,0.00926768,1736271519.505378,s,m
4667126,77667.2,0.01046121,1736271519.505378,s,m
4667127,77727.7,7e-05,1736271575.81772,b,l
4667128,77727.7,0.1,1736271575.8177202,b,l
4667129,77768.0,0.00052521,1736271581.2775006,b,l
4667130,77868.2,7e-05,1736271596.3054063,b,l
4667131,77883.9,0.001195,1736271596.3054063,b,l
4667132,77957.0,0.001209,1736271616.9585772,b,l
4667133,77977.6,0.00378412,1736271616.9585772,b,l
4667134,77981.2,0.01408999,1736271625.2972286,b,m
4667135,78008.8,7e-05,1736271652.7354598,b,l
4667136,78034.8,0.03737112,1736271652.7354598,b,l
4667137,77972.6,0.00065873,1736271658.9845345,s,l
4667138,77975.9,0.07536361,1736271704.3624182,b,m
4667139,77976.0,0.25650354,1736271704.3624182,b,m
4667140,77976.0,0.25650354,1736271704.3624182,b,m
4667141,77976.0,0.25650354,1736271704.3624182,b,m
4667142,77976.0,0.25650354,1736271704.3624182,b,m
4667143,77976.0,0.12717306,1736271704.3624182,b,m
4667144,77978.6,0.001208,1736271704.3624182,b,m
4667145,77981.1,0.011401,1736271704.3624182,b,m
4667146,77983.8,0.02845806,1736271704.3624182,b,m
4667147,77986.3,0.00128228,1736271715.9500732,b,m
4667148,77945.4,0.00011868,1736271756.4458,s,l
4667149,77943.8,0.00331123,1736271760.2353346,b,m
4667150,77943.8,0.00809377,1736271760.5781343,b,l
4667151,77943.8,0.00439234,1736271760.5781343,b,l
4667152,77935.0,0.01282949,1736271767.5802517,b,l
4667153,77919.0,0.00062438,1736271774.3632543,b,l
4667154,77925.7,0.00065467,1736271785.6911027,s,l
4667155,77947.2,0.01248565,1736271788.3139825,b,l
4667156,77868.3,0.001206,1736271835.8180196,b,l
4667157,77868.3,8.63e-06,1736271835.8180196,b,l
4667158,77868.2,7e-05,1736271837.5941648,s,l
4667159,77841.2,0.0006251,1736271843.0158255,b,l
4667160,77811.3,0.00411251,1736271858.4541411,b,m
4667161,77835.2,0.01250554,1736271864.975841,b,l
4667162,77786.5,0.00121,1736271882.7506227,s,m
4667163,77779.4,0.00479,1736271882.7506227,s,m
4667164,77784.5,0.00198087,1736271904.4526863,s,l
4667165,77813.9,0.00065289,1736271915.6172826,b,l
4667166,77814.0,0.00926768,1736271915.6172826,b,l
4667167,77814.7,0.00211271,1736271915.6172826,b,l
4667168,77808.3,0.00041788,1736271923.175305,b,l
4667169,77808.4,0.00083296,1736271923.175305,b,l
4667170,77793.3,0.06427289,1736271928.9679751,b,m
4667171,77870.8,0.07550902,1736271953.5925562,b,m
4667172,77870.9,0.04690652,1736271953.5925562,b,m
4667173,77871.1,0.04690652,1736271953.5925562,b,m
4667174,77871.3,0.00121,1736271953.5925565,b,m
4667175,77872.3,0.039,1736271953.5925565,b,m
4667176,77874.6,0.25691769,1736271953.5925565,b,m
4667177,77874.6,0.25691769,1736271953.5925565,b,m
4667178,77874.6,0.25691769,1736271953.5925565,b,m
4667179,77874.6,0.25691769,1736271953.5925565,b,m
4667180,77874.6,0.03408099,1736271953.5925565,b,m
4667181,77881.6,1.265e-05,1736271968.0336475,b,l
4667182,77881.1,0.00055,1736271970.0020845,b,l
4667183,77895.9,0.00012837,1736271993.6888003,s,l
4667184,77844.0,6.16e-05,1736271995.7888718,b,l
4667185,77819.7,0.01248259,1736272003.9554317,b,l
4667186,77777.5,0.07559671,1736272004.1230934,s,l
4667187,77777.4,0.011426,1736272004.1230934,s,l
4667188,77777.2,0.001207,1736272004.1230934,s,l
4667189,77777.0,0.00642845,1736272004.1230934,s,l
4667190,77777.0,1.9e-07,1736272004.129002,s,l
4667191,77767.6,0.001211,1736272004.129002,s,l
4667192,77727.7,7e-05,1736272004.9028015,s,l
4667193,77699.6,0.001211,1736272005.3435178,s,l
4667194,77587.7,0.001006,1736272027.0870306,b,l
4667195,77587.6,7e-05,1736272027.7705996,s,m
4667196,77587.6,0.02403069,1736272027.7705996,s,m
4667197,77583.2,0.00086806,1736272027.7705998,s,m
4667198,77562.6,0.07503125,1736272027.7705998,s,m
4667199,77624.5,0.00250727,1736272063.0785596,b,l
4667200,77608.5,0.01206298,1736272069.3092248,b,l
4667201,77601.0,7.524e-05,1736272073.7848086,b,l
4667202,77562.7,0.0014852,1736272074.8071842,s,l
4667203,77473.9,0.00387227,1736272087.368489,s,l
4667204,77452.0,0.00126061,1736272087.374583,s,l
4667205,77447.6,8e-05,1736272087.3755703,s,l
4667206,77421.1,5e-05,1736272089.641562,s,l
4667207,77400.0,0.00012919,1736272091.6464777,s,l
4667208,77377.9,5e-05,1736272093.629013,s,l
4667209,77372.8,0.00347795,1736272094.254819,s,l
4667210,77449.8,0.001214,1736272124.7915776,b,l
4667211,77449.9,0.00121,1736272124.7915776,b,l
4667212,77497.1,0.039,1736272124.843344,b,l
4667213,77587.6,7e-05,1736272139.4890316,b,l
4667214,77614.0,0.00031084,1736272139.4890316,b,l
4667215,77614.0,0.003,1736272139.499786,b,l
4667216,77614.0,0.00063469,1736272139.5079386,b,l
4667217,77614.0,0.15235114,1736272139.551892,b,l
4667218,77617.3,0.00024121,1736272140.3304822,b,l
4667219,77613.1,0.00125367,1736272175.9061248,b,l
4667220,77613.2,0.001212,1736272179.9353354,b,l
4667221,77614.0,0.001209,1736272179.9353354,b,l
4667222,77622.4,0.011441,1736272179.9353354,b,l
4667223,77639.3,0.025138,1736272179.9353354,b,l
4667224,77636.7,0.00277885,1736272189.8212025,b,l
4667225,77631.6,0.02507184,1736272192.9140425,b,l
4667226,77576.3,0.00644527,1736272216.5905454,b,m
4667227,77544.8,0.00177433,1736272217.0625272,s,l
4667228,77617.5,0.00519736,1736272247.036322,b,l
4667229,77649.2,0.01253668,1736272259.6663785,b,l
4667230,77683.5,0.00012873,1736272267.2549906,b,m
4667231,77621.9,5e-05,1736272279.7539608,s,l
4667232,77592.9,0.00013116,1736272333.8179271,b,l
4667233,77582.1,0.00125435,1736272352.7682402,b,l
4667234,77593.1,0.00257755,1736272367.5938573,b,m
4667235,77571.8,0.004435,1736272368.8676844,s,l
4667236,77571.8,0.00443946,1736272368.8678985,s,l
4667237,77646.0,0.0002526,1736272390.419799,b,l
4667238,77646.0,0.00417454,1736272400.885199,s,l
4667239,77630.2,0.00626707,1736272401.4479575,b,l
4667240,77650.5,0.00060018,1736272443.0643284,b,l
4667241,77693.8,0.00632671,1736272448.8758268,s,l
4667242,77703.9,6.201e-05,1736272449.4274285,s,l
4667243,77727.7,7e-05,1736272462.2335284,b,l
4667244,77767.5,0.02377,1736272462.3550165,s,l
4667245,77809.8,0.01133314,1736272465.3101575,b,l
4667246,77760.4,0.00046506,1736272507.0800824,b,l
4667247,77803.2,0.00011865,1736272536.9179354,b,l
4667248,77794.7,0.00650465,1736272539.5795588,b,l
4667249,77815.0,0.00125134,1736272558.4196324,b,l
4667250,77840.1,0.02501429,1736272565.473717,b,l
4667251,77868.1,0.00471497,1736272577.6608377,s,l
4667252,77868.1,0.001207,1736272606.8619745,s,l
4667253,77854.7,0.03365522,1736272606.8619745,s,l
4667254,77868.2,7e-05,1736272619.0901787,b,l
4667255,77901.1,0.00742787,1736272619.0901787,b,l
4667256,77868.2,0.00011707,1736272631.3191211,b,l
4667257,77868.2,0.00119986,1736272641.5378745,b,l
4667258,77868.2,0.00011711,1736272668.6452334,b,l
4667259,77868.1,0.0038551,1736272674.0416684,s,l
4667260,77860.1,0.00256871,1736272692.7792318,b,m
4667261,77860.0,0.00125866,1736272766.4589756,s,l
4667262,77860.1,0.00124998,1736272767.7084,b,l
4667263,77860.0,2.569e-05,1736272790.2768614,s,l
4667264,77850.0,0.00080979,1736272790.2768614,s,l
4667265,77850.0,6.204e-05,1736272804.5538638,s,l
4667266,77850.1,0.02196248,1736272819.7346418,b,l
4667267,77850.0,0.01197338,1736272835.67571,s,l
4667268,77759.2,0.00527938,1736272838.1706026,s,l
4667269,77858.8,0.0009344,1736272849.8710957,s,l
4667270,77846.8,0.01000113,1736272863.6539624,b,l
4667271,77857.1,0.00059628,1736272872.3247197,s,l
4667272,77874.7,0.00124972,1736272893.9278946,b,l
4667273,77838.8,0.02038829,1736272915.8892555,b,m
4667274,77824.1,0.001,1736272925.538934,b,l
4667275,77900.7,0.00624652,1736272952.3122697,b,l
4667276,77881.6,0.00011883,1736272967.7483025,b,l
4667277,77874.4,0.00360433,1736272979.634416,b,l
4667278,77859.0,0.00012654,1736272996.033922,b,l
4667279,77881.0,0.00677803,1736273005.6743157,s,m
4667280,77894.6,0.00011714,1736273005.9715762,b,l
4667281,77894.6,0.00023752,1736273008.3599415,b,l
4667282,77909.9,0.00911951,1736273035.4433415,b,m
4667283,77968.6,0.00011698,1736273078.2008862,b,l
4667284,77961.5,0.00633646,1736273080.5427213,b,m
4667285,77943.6,0.00037921,1736273110.0334682,b,l
4667286,77947.0,0.0750057,1736273134.9737003,s,l
4667287,77946.9,0.001209,1736273134.9737003,s,l
4667288,77945.5,0.16286922,1736273134.9737003,s,l
4667289,77962.6,0.00053821,1736273189.0657966,b,m
4667290,77979.1,0.00256479,1736273212.4535484,b,m
4667291,77919.3,0.00064395,1736273245.3526936,s,l
4667292,77900.8,0.01108774,1736273257.0697963,b,l
4667293,77906.7,0.00034657,1736273282.076753,b,m
4667294,77933.0,0.00029744,1736273317.1219337,b,l
4667295,77956.8,0.001209,1736273341.629786,b,l
4667296,77958.2,0.0185321,1736273341.629786,b,l
4667297,78008.8,7e-05,1736273373.2284818,b,l
4667298,78011.7,0.01255916,1736273373.2284818,b,l
4667299,78026.0,0.00025279,1736273459.3147714,b,l
4667300,78018.9,0.02552074,1736273493.26703,b,l
4667301,78000.1,0.00632044,1736273548.3331287,b,l
4667302,78000.0,0.10398232,1736273617.1332934,s,l
4667303,77992.5,0.07487316,1736273617.1332934,s,l
4667304,77992.4,0.05023196,1736273617.1332934,s,l
4667305,77946.1,0.00249711,1736273648.8617744,b,l
4667306,77960.3,0.0006243,1736273665.0543454,b,l
4667307,77947.8,0.00249707,1736273681.0809493,b,l
4667308,77945.4,0.00249715,1736273684.057858,b,l
4667309,77942.8,0.00318182,1736273686.431753,b,m
4667310,77943.1,0.000978,1736273699.044289,b,l
4667311,77949.5,0.0148224,1736273699.044289,b,l
4667312,77940.2,0.0115491,1736273710.0063877,s,m
4667313,77957.6,0.00128275,1736273710.0721045,b,m
4667314,77957.2,0.0120147,1736273713.2851667,b,l
4667315,77936.6,0.0013,1736273749.2970722,b,m
4667316,77921.7,0.00062447,1736273773.1726575,b,l
4667317,77868.3,0.001206,1736273801.9216986,b,m
4667318,77868.3,0.011417,1736273801.9216986,b,m
4667319,77868.3,0.00664029,1736273801.9216986,b,m
4667320,77868.3,0.00011855,1736273892.794202,b,l
4667321,77883.6,0.00641984,1736273960.505036,b,m
4667322,77868.3,0.00199937,1736273964.562729,b,l
4667323,77868.3,0.00056506,1736273967.8384564,b,m
4667324,77868.3,0.00011709,1736273969.6258712,b,l
4667325,77920.7,3.161e-05,1736273990.0338376,b,l
4667326,77915.0,0.00064172,1736273991.4418583,b,m
4667327,77872.8,0.00011708,1736274031.976253,b,l
4667328,77871.7,0.00012841,1736274035.0667758,b,l
4667329,77868.3,0.00540935,1736274053.460378,b,l
4667330,77868.2,7e-05,1736274055.9569175,s,l
4667331,77839.3,0.00025694,1736274060.863929,b,m
4667332,77831.5,0.00029758,1736274064.641072,b,l
4667333,77800.0,0.00128534,1736274093.664802,s,l
4667334,77750.1,0.00012604,1736274093.9292965,s,l
4667335,77728.0,0.0023858,1736274093.9292965,s,l
4667336,77727.7,7e-05,1736274098.229011,s,m
4667337,77700.9,0.00353146,1736274098.229011,s,m
4667338,77708.3,0.0042085,1736274106.715628,b,l
4667339,77655.4,0.0125,1736274128.0646017,s,l
4667340,77815.6,0.00709302,1736274176.7056932,s,l
4667341,77835.5,0.00030139,1736274252.2935753,b,l
4667342,77842.5,0.00012745,1736274283.4899266,b,l
4667343,77827.1,0.00029764,1736274295.057948,b,l
4667344,77761.8,0.04944733,1736274359.220168,b,m
4667345,77761.9,0.01642423,1736274359.220168,b,m
4667346,77768.4,0.00010673,1736274368.4923968,b,m
4667347,77768.3,0.00011742,1736274387.8808644,s,l
4667348,77745.6,0.00153784,1736274473.9736402,s,l
4667349,77709.9,0.00012674,1736274576.7465684,s,l
4667350,77709.9,0.00251206,1736274576.7465684,s,l
4667351,77664.0,0.00025736,1736274581.2986937,b,l
4667352,77687.4,0.01838825,1736274662.825805,b,m
4667353,77687.4,0.0371638,1736274662.825805,b,m
4667354,77687.3,0.00094687,1736274680.9345396,s,l
4667355,77649.3,0.00187914,1736274681.7753596,b,l
4667356,77648.2,0.01160685,1736274750.8958497,b,l
4667357,77648.3,0.00092753,1736274750.8958497,b,l
4667358,77639.1,0.00047709,1736274793.5584834,b,l
4667359,77638.7,0.00190347,1736274796.347313,b,l
4667360,77600.0,0.00026482,1736274808.1179967,s,l
4667361,77600.0,0.0003795,1736274811.2003138,s,m
4667362,77594.1,0.00090915,1736274811.2003138,s,m
4667363,77621.7,0.00055068,1736274826.060315,b,m
4667364,77620.7,0.00100303,1736274829.601622,b,l
4667365,77607.2,0.00257731,1736274845.5757377,s,m
4667366,77706.7,0.00626156,1736274948.1781192,b,l
4667367,77672.8,0.00856885,1736274962.2785456,b,m
4667368,77672.4,0.006385,1736274965.8033617,b,l
4667369,77685.2,9.446e-05,1736274989.057621,b,l
4667370,77670.2,0.00120229,1736275005.3598368,b,l
4667371,77613.0,0.00059956,1736275026.2939634,b,l
4667372,77587.6,7e-05,1736275059.182425,s,l
4667373,77564.4,0.00160005,1736275085.4408164,b,l
4667374,77561.1,0.00635126,1736275156.6876602,b,l
4667375,77573.9,0.00011713,1736275172.638475,s,l
4667376,77561.1,0.00064465,1736275199.9358666,b,m
4667377,77594.3,0.00060067,1736275217.1337378,b,l
4667378,77561.1,0.00318156,1736275261.5812414,b,m
4667379,77561.1,0.02509598,1736275262.4870915,b,l
4667380,77561.0,0.0012893,1736275269.222413,s,l
4667381,77559.9,0.00121,1736275269.222413,s,l
4667382,77530.0,0.00128982,1736275272.3130867,s,l
4667383,77500.0,0.0032258,1736275282.0355773,s,m
4667384,77500.0,0.00312379,1736275291.74743,s,l
4667385,77500.1,0.00121,1736275294.2351491,b,l
4667386,77500.1,4.579e-05,1736275294.2351491,b,l
4667387,77500.1,2.543e-05,1736275326.032509,b,l
4667388,77500.1,0.00011762,1736275339.044829,b,l
4667389,77500.1,0.01208381,1736275339.110332,b,l
4667390,77518.4,0.001096,1736275358.7749052,b,l
4667391,77531.5,0.037904,1736275358.7749052,b,l
4667392,77523.1,0.00241329,1736275396.6681468,b,l
4667393,77518.6,0.00313854,1736275398.580124,b,l
4667394,77500.1,0.00018832,1736275405.6819787,b,l
4667395,77500.0,0.00655363,1736275433.4980571,s,l
4667396,77500.0,0.00025806,1736275433.4980571,s,l
4667397,77500.0,0.00129032,1736275433.4980571,s,l
4667398,77456.4,0.00030269,1736275434.4777305,b,l
4667399,77450.2,0.01256596,1736275439.198893,b,l
4667400,77450.2,0.00029126,1736275440.4651284,b,m
4667401,77488.2,0.00129052,1736275468.7926178,b,m
4667402,77565.2,0.00982189,1736275498.9502866,s,l
4667403,77509.0,0.00060103,1736275553.878594,b,l
4667404,77502.7,0.00112065,1736275561.5172265,b,m
4667405,77479.8,0.00011765,1736275566.3787904,b,l
4667406,77455.5,0.0125651,1736275583.430488,b,l
4667407,77455.7,0.00030701,1736275599.3133445,b,m
4667408,77447.8,0.00062832,1736275635.080057,b,l
4667409,77475.7,0.0036499,1736275648.4352396,b,l
4667410,77447.7,0.00086458,1736275732.2336123,b,m
4667411,77447.7,0.00062204,1736275736.843929,b,l
4667412,77447.6,7e-05,1736275739.4597435,s,l
4667413,77381.1,0.00025846,1736275785.4320776,b,m
4667414,77430.4,0.00084384,1736275846.5769715,b,l
4667415,77408.8,0.00084382,1736275861.8621924,b,m
4667416,77408.8,0.00063638,1736275863.168024,b,l
4667417,77408.8,0.00029928,1736275864.8392088,b,l
4667418,77408.8,0.00063638,1736275865.184785,b,l
4667419,77408.8,0.00060927,1736275866.4537702,b,l
4667420,77408.8,0.02545503,1736275870.3480434,b,l
4667421,77403.8,0.00053479,1736275871.1409037,s,l
4667422,77424.7,0.00659213,1736275895.1494682,s,l
4667423,77441.6,0.01535773,1736275900.2626796,s,l
4667424,77462.8,0.00043196,1736275941.6132722,b,l
4667425,77581.7,0.00012889,1736276022.3593636,s,l
4667426,77546.7,0.00121,1736276055.673539,s,m
4667427,77546.6,0.011459,1736276055.673539,s,m
4667428,77544.9,0.001214,1736276055.673539,s,m
4667429,77526.3,0.01959884,1736276055.673539,s,m
4667430,77526.2,0.22651816,1736276055.673539,s,m
4667431,77514.4,0.00121,1736276070.52085,s,l
4667432,77498.3,0.00064517,1736276187.78943,s,l
4667433,77409.3,0.00023888,1736276199.8773265,b,l
4667434,77409.0,0.00062852,1736276235.8490777,b,l
4667435,77439.6,0.0004326,1736276244.123381,b,m
4667436,77432.8,0.00774853,1736276257.333449,b,l
4667437,77444.8,0.06361498,1736276275.3355715,b,l
4667438,77432.4,0.00062835,1736276317.085713,b,l
4667439,77438.2,0.00259562,1736276332.2879474,b,m
4667440,77444.1,0.00188491,1736276335.7309232,b,l
4667441,77446.1,0.00321675,1736276343.112186,s,l
4667442,77460.0,0.2,1736276357.0180347,b,l
4667443,77466.0,0.07510855,1736276357.0180347,b,l
4667444,77466.1,0.25842789,1736276357.0180347,b,l
4667445,77466.1,0.25842789,1736276357.0180347,b,l
4667446,77466.1,0.25842789,1736276357.018035,b,l
4667447,77469.2,0.25841756,1736276357.018035,b,l
4667448,77478.5,0.001205,1736276357.018035,b,l
4667449,77480.7,0.011465,1736276357.018035,b,l
4667450,77485.4,0.00121,1736276357.018035,b,l
4667451,77494.4,0.25833328,1736276357.018035,b,l
4667452,77497.1,0.0330177,1736276357.018035,b,l
4667453,77484.6,0.00120618,1736276366.5427532,b,l
4667454,77466.3,0.01290884,1736276371.5552468,b,m
4667455,77455.4,0.00023865,1736276372.0521472,b,l
4667456,77455.4,0.00070453,1736276385.656516,b,l
4667457,77455.4,0.00129107,1736276392.8423903,b,m
4667458,77442.6,0.0397406,1736276394.2776115,b,l
4667459,77451.0,0.00012721,1736276412.0410151,b,l
4667460,77452.8,0.00113095,1736276415.489167,b,l
4667461,77455.9,9.477e-05,1736276416.17472,b,l
4667462,77486.9,0.00097801,1736276439.416345,s,l
4667463,77497.8,0.0050237,1736276448.3960242,b,l
4667464,77537.7,0.00257312,1736276539.851298,b,l
4667465,77587.6,6.509e-05,1736276564.0703278,b,m
4667466,77587.6,4.91e-06,1736276564.6561909,b,l
4667467,77552.9,0.00063519,1736276595.9612834,b,l
4667468,77537.5,0.00385543,1736276619.3010235,b,m
4667469,77537.5,0.00025691,1736276621.5501812,b,m
4667470,77537.5,0.00062759,1736276639.0686483,b,l
4667471,77537.5,0.00269512,1736276640.8564065,b,l
4667472,77537.4,0.00161546,1736276648.1510746,s,l
4667473,77537.4,0.00284161,1736276652.135044,s,l
4667474,77537.4,0.00997518,1736276652.135044,s,l
4667475,77447.7,0.02117721,1736276716.1512673,b,m
4667476,77447.7,0.00062832,1736276726.2739074,b,l
4667477,77447.7,0.00241588,1736276728.007792,b,l
4667478,77447.7,0.00127211,1736276732.2713366,b,l
4667479,77447.7,0.00062832,1736276739.5473464,b,l
4667480,77456.0,0.00012911,1736276795.5174446,b,m
4667481,77456.0,0.00125664,1736276797.8592625,b,l
4667482,77456.0,0.02109024,1736276807.7373931,b,m
4667483,77518.9,0.00018826,1736276834.3692224,b,l
4667484,77535.6,0.00257898,1736276836.558355,b,l
4667485,77556.7,0.06627399,1736276838.2107482,s,l
4667486,77575.3,0.01142485,1736276843.294943,s,l
4667487,77597.3,0.00028595,1736276853.3645165,s,l
4667488,77568.1,0.01011385,1736276875.5380485,b,l
4667489,77568.1,0.005,1736276875.6102858,b,l
4667490,77568.1,0.00023834,1736276877.7480474,b,l
4667491,77541.9,0.00062755,1736276887.8288643,b,l
4667492,77555.4,0.00011903,1736276911.2278435,b,l
4667493,77555.4,0.00111476,1736276913.0165946,b,l
4667494,77589.2,0.01932163,1736276940.92226,s,m
4667495,77627.9,0.00019684,1736276957.41969,b,m
4667496,77719.7,0.00044125,1736277105.7978394,b,l
4667497,77698.3,0.01287029,1736277126.1157937,b,m
4667498,77696.3,0.00067621,1736277138.419583,s,l
4667499,77692.9,0.00125267,1736277162.0038793,b,l
4667500,77727.7,7e-05,1736277207.6124763,b,l
4667501,77735.7,0.00354182,1736277207.6124763,b,l
4667502,77746.2,0.011436,1736277248.6330855,s,l
4667503,77746.2,0.001211,1736277248.6330855,s,l
4667504,77746.2,0.001207,1736277248.6330855,s,l
4667505,77735.3,0.07477949,1736277248.6330855,s,l
4667506,77735.2,0.05612964,1736277248.6330855,s,l
4667507,77733.5,0.00250375,1736277262.5755606,b,l
4667508,77749.5,0.00042129,1736277283.585184,b,l
4667509,77723.8,0.00029814,1736277317.479314,b,l
4667510,77763.0,0.00320204,1736277344.4475017,b,m
4667511,77758.8,0.00017747,1736277386.3400505,b,l
4667512,77686.8,0.00313192,1736277414.664346,b,l
4667513,77686.8,0.00043847,1736277474.5722024,b,l
4667514,77686.8,2.536e-05,1736277486.0363576,b,l
4667515,77686.8,0.00052742,1736277535.8809788,b,l
4667516,77686.8,0.01252769,1736277550.672339,b,l
4667517,77691.7,0.00026208,1736277562.1460707,b,l
4667518,77691.7,0.09395766,1736277568.9017034,b,l
4667519,77691.8,0.1,1736277573.7987366,b,m
4667520,77697.2,0.07484425,1736277573.7987366,b,m
4667521,77697.3,0.08257213,1736277573.7987366,b,m
4667522,77686.8,0.00125277,1736277616.4019568,b,l
4667523,77686.8,0.02765463,1736277633.7549384,b,m
4667524,77686.7,0.00160902,1736277657.0899844,s,l
4667525,77686.7,0.00064361,1736277657.0899844,s,l
4667526,77686.7,0.00064361,1736277657.0899844,s,l
4667527,77686.7,0.02574454,1736277657.0899844,s,l
4667528,77652.1,0.00012612,1736277657.21517,b,l
4667529,77652.1,0.00064361,1736277659.4100838,b,l
4667530,77652.0,0.00487714,1736277678.2434769,s,l
4667531,77650.0,0.00579523,1736277678.6165748,s,l
4667532,77600.1,0.0012032,1736277685.8341854,b,l
4667533,77619.4,0.0031531,1736277699.803705,b,l
4667534,77600.1,0.00094027,1736277711.4610252,b,l
4667535,77600.1,0.00364274,1736277728.4988966,b,l
4667536,77600.1,0.00014347,1736277729.7042196,b,l
4667537,77600.1,0.00125417,1736277745.43474,b,l
4667538,77587.7,0.00016575,1736277755.9120002,b,m
4667539,77587.7,0.00627184,1736277756.8504949,b,l
4667540,77587.6,7e-05,1736277761.2006466,s,l
4667541,77566.9,0.0009901,1736277761.2006466,s,l
4667542,77577.8,0.00038659,1736277761.783944,b,l
4667543,77550.6,0.00128903,1736277769.021333,b,l
4667544,77550.1,0.00064432,1736277775.5192616,b,l
4667545,77550.0,0.00257898,1736277809.1070344,s,l
4667546,77537.4,0.00025794,1736277810.80593,s,l
4667547,77500.0,0.00012854,1736277812.0598378,s,l
4667548,77504.9,0.001209,1736277860.583313,s,m
4667549,77504.9,0.028791,1736277860.583313,s,m
4667550,77500.1,0.00138137,1736277893.4223647,b,l
4667551,77500.1,0.00301853,1736277908.2935846,b,l
4667552,77500.0,0.00013339,1736277918.4502172,s,l
4667553,77500.0,0.0032129,1736277918.4502172,s,l
4667554,77500.0,0.00064516,1736277918.4502172,s,l
4667555,77500.0,0.00645161,1736277918.4502172,s,l
4667556,77447.6,7e-05,1736277934.840171,s,l
4667557,77421.8,0.00014037,1736277934.840171,s,l
4667558,77456.5,0.00377001,1736277947.8995173,b,l
4667559,77447.9,0.00130397,1736277955.954486,b,m
4667560,77440.6,0.00121,1736277961.2053533,b,l
4667561,77443.7,0.001214,1736277961.2053533,b,l
4667562,77447.1,0.01146,1736277961.2053535,b,l
4667563,77458.2,0.025116,1736277961.2053535,b,l
4667564,77439.1,0.00336608,1736277970.9340568,b,l
4667565,77447.6,0.00125644,1736277979.665314,b,l
4667566,77472.3,0.001214,1736278007.8170404,s,l
4667567,77468.7,0.00150653,1736278007.8170404,s,l
4667568,77439.8,0.0750717,1736278023.1276972,b,l
4667569,77439.8,0.05401269,1736278023.1276972,b,l
4667570,77444.1,0.00018436,1736278112.9738672,b,l
4667571,77464.8,0.00012567,1736278116.8820672,b,l
4667572,77478.8,0.00011492,1736278120.0620549,s,l
4667573,77478.8,0.00166157,1736278124.5262833,s,m
4667574,77478.9,0.00023874,1736278126.1280315,b,l
4667575,77487.4,0.03641786,1736278227.6579628,b,l
4667576,77487.4,0.00120572,1736278228.9088252,b,l
4667577,77487.3,0.00844464,1736278232.201044,b,m
4667578,77487.3,0.00012905,1736278233.2109704,b,l
4667579,77487.3,0.00011914,1736278234.8024137,b,l
4667580,77420.9,0.00164077,1736278296.8803568,s,l
4667581,77418.4,0.00019362,1736278297.1048691,s,l
4667582,77400.1,0.00161498,1736278367.5653515,b,m
4667583,77456.7,0.00302074,1736278417.1836977,b,l
4667584,77483.2,0.00012567,1736278451.0899122,b,l
4667585,77470.5,0.0012993,1736278481.5208848,b,m
4667586,77456.6,0.00012178,1736278535.1668468,s,l
4667587,77431.8,0.00013098,1736278535.1668468,s,l
4667588,77431.8,0.00301928,1736278555.4628282,b,l
4667589,77400.1,0.00024185,1736278620.4674883,b,l
4667590,77400.1,0.00122198,1736278621.4644475,b,l
4667591,77400.1,0.00025148,1736278622.2033637,b,l
4667592,77400.0,0.1190956,1736278655.2146895,s,l
4667593,77362.3,2.227e-05,1736278661.9993973,b,l
4667594,77362.2,0.00137801,1736278662.921283,s,l
4667595,77362.2,0.00024559,1736278662.921283,s,l
4667596,77360.0,5.019e-05,1736278663.0835257,s,l
4667597,77327.9,0.00042675,1736278664.6911614,s,l
4667598,77320.1,0.02548423,1736278667.6484528,b,l
4667599,77320.1,0.00031855,1736278667.665291,b,l
4667600,77320.1,0.01274212,1736278676.3721142,b,l
4667601,77320.1,0.00064666,1736278765.498229,b,m
4667602,77320.1,0.00056834,1736278774.4041743,b,l
4667603,77320.1,0.00069037,1736278774.4041743,b,l
4667604,77320.1,0.00808328,1736278842.933642,b,m
4667605,77320.0,0.00106001,1736278846.916694,s,l
4667606,77308.0,8e-05,1736278847.4549036,s,l
4667607,77250.1,0.00019417,1736278849.1914506,s,l
4667608,77250.0,0.25,1736278849.1914506,s,l
4667609,77240.3,0.001217,1736278849.4877777,s,l
4667610,77218.5,5e-05,1736278850.7024715,s,l
4667611,77200.0,0.00129533,1736278851.2336173,s,l
4667612,77200.0,0.00012953,1736278851.2336173,s,l
4667613,77200.0,0.00129533,1736278851.2336173,s,l
4667614,77197.3,0.011488,1736278851.2336173,s,l
4667615,77188.0,0.03370744,1736278852.4155293,s,l
4667616,77286.9,0.00605698,1736278867.1081164,b,m
4667617,77224.1,0.00323733,1736278870.456911,b,m
4667618,77224.1,0.00129332,1736278870.4608011,b,l
4667619,77308.6,0.00100498,1736278884.7011456,s,l
4667620,77278.7,0.00062971,1736278891.1729352,b,l
4667621,77286.4,0.00023924,1736278894.1237037,b,l
4667622,77331.6,0.00125866,1736278917.7261713,b,l
4667623,77331.5,0.00012438,1736278918.150736,s,l
4667624,77279.4,0.00061029,1736278935.7887216,b,l
4667625,77279.4,6.297e-05,1736278936.1046147,b,l
4667626,77279.4,0.02392809,1736278940.4387844,b,l
4667627,77279.4,0.0002588,1736278941.0002737,b,m
4667628,77279.3,0.0001294,1736278941.8856733,s,l
4667629,77250.0,0.0001433,1736278944.539375,s,l
4667630,77250.0,0.00032362,1736278944.5393753,s,l
4667631,77186.6,0.00125937,1736278945.7594104,b,l
4667632,77186.6,0.000118,1736278946.4195626,b,l
4667633,77177.7,0.00025889,1736278949.267461,b,l
4667634,77177.9,0.00064785,1736278959.628088,b,m
4667635,77177.9,0.00044531,1736278959.8370893,b,l
4667636,77175.1,0.00378323,1736278965.923744,b,l
4667637,77228.2,0.00084635,1736278975.7282264,b,l
4667638,77229.7,6.302e-05,1736278977.499988,b,l
4667639,77222.7,2.521e-05,1736278982.787095,b,l
4667640,77244.0,0.00018899,1736278986.372232,b,l
4667641,77344.8,0.0012587,1736279027.1844192,b,l
4667642,77356.1,0.02586234,1736279043.6270688,s,m
4667643,77384.9,0.003,1736279062.8610494,b,l
4667644,77384.9,0.02546289,1736279062.865728,b,l
4667645,77375.5,0.00050062,1736279066.82674,s,l
4667646,77394.4,0.0002515,1736279071.3559902,b,l
4667647,77362.1,0.0002547,1736279098.0449767,b,l
4667648,77372.2,0.00032369,1736279108.8254323,b,l
4667649,77364.4,0.00257438,1736279112.021732,b,l
4667650,77360.3,0.00024553,1736279113.2651606,b,l
4667651,77360.2,0.00128175,1736279116.2773163,s,l
4667652,77447.5,0.01937734,1736279150.3414507,s,l
4667653,77443.2,0.00039978,1736279168.951423,b,m
4667654,77443.2,0.00377013,1736279171.4357257,b,l
4667655,77421.0,0.00527557,1736279182.4441602,b,m
4667656,77421.1,0.00045877,1736279192.060752,s,m
4667657,77417.0,0.001215,1736279192.060752,s,m
4667658,77415.5,0.001211,1736279192.060752,s,m
4667659,77411.9,0.00362706,1736279192.060752,s,m
4667660,77412.6,0.00084331,1736279204.702935,s,l
4667661,77419.4,0.0012194,1736279228.920373,b,l
4667662,77416.7,0.00048089,1736279235.1897657,b,l
4667663,77410.7,0.00057847,1736279256.6417575,s,l
4667664,77360.2,0.0002048,1736279270.2823603,s,l
4667665,77299.8,0.06507637,1736279270.2823603,s,l
4667666,77295.9,0.00025,1736279271.8324497,b,m
4667667,77296.1,0.00012788,1736279274.0137691,b,l
4667668,77296.0,0.00025874,1736279288.420382,s,l
4667669,77268.4,0.07011693,1736279296.2205117,s,l
4667670,77258.5,0.00932268,1736279296.2205117,s,l
4667671,77258.4,0.00215932,1736279296.2205117,s,l
4667672,77258.4,0.00932268,1736279296.2248597,s,l
4667673,77258.3,0.00032891,1736279296.2248597,s,l
4667674,77257.7,0.0134063,1736279296.2248597,s,l
4667675,77250.0,0.20064724,1736279296.3566415,s,l
4667676,77233.6,0.00028967,1736279298.6719923,b,l
4667677,77242.5,0.00175507,1736279305.135228,s,l
4667678,77242.9,0.0003606,1736279314.0033045,b,l
4667679,77239.8,0.00313733,1736279316.537067,b,l
4667680,77200.0,0.1,1736279325.1717756,b,l
4667681,77207.9,0.00878715,1736279325.1717756,b,l
4667682,77207.6,6.303e-05,1736279326.6119697,b,l
4667683,77183.4,0.02520432,1736279334.11788,b,l
4667684,77183.3,0.02190166,1736279335.5728133,s,m
4667685,77175.0,0.04211208,1736279335.5728133,s,m
4667686,77174.9,0.24629236,1736279335.5728133,s,m
4667687,77189.6,0.011485,1736279337.7725313,b,l
4667688,77189.6,0.1,1736279337.7725313,b,l
4667689,77193.6,0.001212,1736279337.7725313,b,l
4667690,77195.3,0.25921922,1736279337.7725315,b,l
4667691,77198.0,0.039,1736279337.7725315,b,l
4667692,77199.0,0.001217,1736279337.7725315,b,l
4667693,77207.9,0.07540137,1736279337.7725315,b,l
4667694,77208.0,0.04690652,1736279337.7725315,b,l
4667695,77210.0,0.1,1736279337.7725315,b,l
4667696,77216.3,0.06117936,1736279337.7725315,b,l
4667697,77171.3,0.0018912,1736279384.946035,b,l
4667698,77196.8,0.00060371,1736279406.018556,b,l
4667699,77193.5,0.00103636,1736279409.1609364,b,m
4667700,77221.2,0.00252758,1736279432.6516888,s,l
4667701,77210.2,0.00026182,1736279443.958484,s,m
4667702,77205.1,0.001213,1736279443.958484,s,m
4667703,77201.5,0.01182518,1736279443.958484,s,m
4667704,77227.2,0.00023948,1736279467.1573205,b,l
4667705,77208.6,0.01212832,1736279480.1958065,b,l
4667706,77171.3,0.00181655,1736279516.969839,b,l
4667707,77187.6,0.00012607,1736279541.2855031,b,l
4667708,77171.6,0.00341067,1736279550.882458,s,l
4667709,77171.2,0.00075598,1736279587.694939,s,l
4667710,77168.5,8e-05,1736279587.694939,s,l
4667711,77163.7,0.00933814,1736279587.694939,s,l
4667712,77197.4,5e-05,1736279591.977142,s,l
4667713,77197.4,0.01996536,1736279592.6255398,s,l
4667714,77234.2,0.001213,1736279609.0027928,b,l
4667715,77234.2,0.01139013,1736279609.0027928,b,l
4667716,77251.0,0.00062982,1736279625.0236309,b,l
4667717,77250.9,0.04854145,1736279630.998788,b,l
4667718,77200.0,0.00064766,1736279670.2487755,s,l
4667719,77186.3,0.00302932,1736279683.3820305,b,l
4667720,77188.9,0.00242375,1736279686.196961,b,l
4667721,77188.1,0.00201738,1736279700.642619,b,l
4667722,77176.3,0.00129573,1736279712.0257325,b,m
4667723,77253.2,0.00011949,1736279740.4919145,b,l
4667724,77261.7,0.0002103,1736279783.9458172,b,l
4667725,77258.2,6.3e-05,1736279803.4358823,b,l
4667726,77280.7,0.00025497,1736279817.0366828,b,l
4667727,77308.0,7e-05,1736279856.39007,b,m
4667728,77336.1,5.933e-05,1736279856.39007,b,m
4667729,77282.8,0.00629083,1736279874.0311875,b,l
4667730,77282.8,0.00120875,1736279898.104939,b,l
4667731,77282.7,0.00025879,1736279903.201789,s,l
4667732,77237.0,0.0018901,1736279926.4116533,b,l
4667733,77236.9,0.00129471,1736279927.6928537,s,l
4667734,77231.5,0.00011807,1736279962.1416605,b,l
4667735,77215.0,0.00036518,1736279977.3916595,b,l
4667736,77193.2,0.00322567,1736279982.824057,b,m
4667737,77194.3,0.07540233,1736279990.9955752,b,l
4667738,77194.4,0.17834205,1736279990.9955752,b,l
4667739,77193.5,0.0072752,1736279998.6351967,b,l
4667740,77193.5,1.264e-05,1736280000.4681003,b,l
4667741,77213.3,6.38e-05,1736280003.6802588,b,l
4667742,77205.9,0.00063465,1736280006.6785295,b,l
4667743,77193.9,0.0071431,1736280012.1154566,s,l
4667744,77168.5,7e-05,1736280046.660179,s,l
4667745,77150.1,1.277e-05,1736280048.036893,b,l
4667746,77150.0,0.00025858,1736280058.8248737,s,l
4667747,77140.3,5.185e-05,1736280058.8248737,s,l
4667748,77140.0,0.00901349,1736280058.8248737,s,l
4667749,77140.1,0.00121073,1736280061.5021255,b,l
4667750,77140.1,0.00063859,1736280083.3918705,b,l
4667751,77140.1,0.00126165,1736280084.0389729,b,l
4667752,77140.1,0.00044701,1736280088.6109836,b,l
4667753,77140.1,0.00023971,1736280105.3182125,b,l
4667754,77140.1,0.00116619,1736280113.958237,b,m
4667755,77151.1,0.00023968,1736280146.053801,b,l
4667756,77161.4,0.00012768,1736280158.0326812,b,l
4667757,77155.3,0.00038882,1736280167.5526855,s,l
4667758,77140.2,0.00056639,1736280167.5526855,s,l
4667759,77140.1,0.00030034,1736280180.0071766,b,l
4667760,77140.1,0.00011967,1736280180.4383063,b,l
4667761,77140.0,0.00706947,1736280189.6380756,s,l
4667762,77109.1,0.00648432,1736280213.6919878,b,m
4667763,77140.4,0.005,1736280229.3765385,b,m
4667764,77122.0,0.0024884,1736280230.648975,s,l
4667765,77164.8,0.00259186,1736280235.6317236,b,m
4667766,77304.4,0.00060386,1736280293.3241744,b,l
4667767,77308.0,7e-05,1736280320.056168,b,l
4667768,77314.0,0.00118878,1736280320.056168,b,l
4667769,77277.3,0.00116834,1736280323.122259,b,l
4667770,77277.3,0.01212262,1736280333.070742,b,l
4667771,77277.3,0.01274917,1736280340.7187026,b,l
4667772,77289.6,6.297e-05,1736280344.4727504,b,l
4667773,77328.7,0.00062944,1736280353.2467844,b,l
4667774,77331.5,0.12586785,1736280388.6765878,b,l
4667775,77329.2,6.465e-05,1736280391.1461265,b,l
4667776,77402.3,0.00188748,1736280422.2860577,b,l
4667777,77393.3,0.00012921,1736280436.1225774,b,m
4667778,77393.2,0.00012921,1736280451.5341182,s,l
4667779,77360.5,0.0006019,1736280462.5307558,b,l
4667780,77360.4,0.00319931,1736280478.8481922,s,m
4667781,77360.4,0.001211,1736280478.8481922,s,m
4667782,77353.3,0.07532567,1736280478.8481922,s,m
4667783,77353.2,0.25882746,1736280478.8481922,s,m
4667784,77351.6,0.001215,1736280478.8481922,s,m
4667785,77350.5,0.25883659,1736280478.8481922,s,m
4667786,77345.7,0.25885239,1736280478.8481922,s,m
4667787,77326.2,0.1,1736280478.8481922,s,m
4667788,77325.0,0.011474,1736280478.8481922,s,m
4667789,77324.9,0.04690652,1736280478.8481922,s,m
4667790,77323.4,0.25892718,1736280478.8481922,s,m
4667791,77322.0,0.00015519,1736280478.8481922,s,m
4667792,77311.1,0.07041242,1736280478.8481922,s,m
4667793,77337.8,0.00031451,1736280482.3816087,b,l
4667794,77390.5,0.00117197,1736280515.9469883,b,l
4667795,77387.5,0.01211062,1736280519.2325776,b,l
4667796,77406.2,0.0031439,1736280538.457342,b,l
4667797,77359.6,0.00377419,1736280558.7510662,b,l
4667798,77323.7,0.00969948,1736280581.3718648,s,l
4667799,77305.5,0.00064678,1736280584.1103914,s,l
4667800,77291.0,0.00329922,1736280584.414966,s,l
4667801,77250.3,0.00647246,1736280625.341981,s,l
4667802,77250.3,0.00145565,1736280625.341981,s,l
4667803,77250.0,0.00125,1736280625.3419812,s,l
4667804,77247.2,0.00647272,1736280625.3706715,s,l
4667805,77247.0,0.00647274,1736280625.3706715,s,l
4667806,77168.6,0.01261181,1736280651.2169445,b,l
4667807,77168.5,7e-05,1736280656.6193097,s,l
4667808,77164.8,0.00013088,1736280656.6218994,s,l
4667809,77132.9,0.00036555,1736280673.047522,b,l
4667810,77082.1,0.00040364,1736280687.892423,b,l
4667811,77156.0,0.00063846,1736280778.0376692,b,l
4667812,77170.7,0.01295716,1736280783.639427,b,l
4667813,77161.4,6.384e-05,1736280798.0330906,b,l
4667814,77175.5,0.01261109,1736280825.2868288,b,l
4667815,77185.8,0.00107373,1736280829.651043,b,l
4667816,77223.7,0.00102855,1736280845.4296365,b,l
4667817,77244.9,0.03781021,1736280909.381769,b,l
4667818,77233.1,0.001213,1736280922.9452567,b,l
4667819,77234.7,0.037787,1736280922.9452567,b,l
4667820,77276.7,0.00023923,1736280954.2807012,b,l
4667821,77231.5,0.00012948,1736280978.1039662,b,m
4667822,77227.0,0.0022013,1736280982.273066,b,m
4667823,77212.4,0.00012193,1736281041.318606,s,l
4667824,77212.5,0.00075628,1736281046.8414862,b,l
4667825,77212.4,0.00509606,1736281086.3027246,s,l
4667826,77212.4,0.02068458,1736281093.1495745,s,l
4667827,77212.4,0.25902575,1736281093.1495748,s,l
4667828,77099.2,0.001214,1736281108.989822,s,m
4667829,77096.5,0.0755657,1736281108.989822,s,m
4667830,77096.4,0.25976433,1736281108.989822,s,m
4667831,77095.4,0.001218,1736281108.989822,s,m
4667832,77092.5,0.25977762,1736281108.989822,s,m
4667833,77088.0,0.25979274,1736281108.989822,s,m
4667834,77074.5,0.04690652,1736281108.989822,s,m
4667835,77070.5,0.00129751,1736281108.989822,s,m
4667836,77070.0,0.02007238,1736281108.989822,s,m
4667837,77121.9,1.262e-05,1736281113.1805289,b,l
4667838,77116.0,0.00369498,1736281133.2286446,b,l
4667839,77137.9,0.0082037,1736281154.337258,b,l
4667840,77166.0,0.00012615,1736281172.880059,b,l
4667841,77144.9,6.386e-05,1736281184.0632937,b,l
4667842,77154.4,0.00388831,1736281187.8484385,b,m
4667843,77119.8,0.00064834,1736281207.2239137,b,m
4667844,77109.3,0.00030037,1736281218.161551,b,l
4667845,77128.1,0.00012618,1736281230.241775,b,l
4667846,77103.7,6.31e-05,1736281237.9343686,b,l
4667847,77076.6,0.00015152,1736281258.5390112,b,l
4667848,77076.6,0.00063912,1736281259.0340605,b,l
4667849,77097.6,0.00648529,1736281322.9432216,b,m
4667850,77077.6,0.00207589,1736281332.2906947,b,l
4667851,77088.0,0.02430561,1736281372.926181,b,l
4667852,77087.9,0.00072452,1736281374.2163637,b,l
4667853,77070.4,0.01297521,1736281510.4517128,s,l
4667854,77093.6,0.01214075,1736281513.483672,b,l
4667855,77090.1,0.07559397,1736281546.5657215,b,m
4667856,77090.2,0.039,1736281546.5657215,b,m
4667857,77090.8,0.25983031,1736281546.5657215,b,m
4667858,77090.8,0.25983031,1736281546.5657215,b,m
4667859,77090.8,0.25983031,1736281546.5657215,b,m
4667860,77091.2,0.011486,1736281546.5657215,b,m
4667861,77093.2,0.001214,1736281546.5657215,b,m
4667862,77096.4,0.25981154,1736281546.5657215,b,m
4667863,77107.2,0.001218,1736281546.5657215,b,m
4667864,77116.4,0.11632862,1736281546.5657215,b,m
4667865,77080.8,0.001214,1736281558.8247368,s,l
4667866,77080.8,0.01176121,1736281558.8247368,s,l
4667867,77070.1,0.00018995,1736281567.017867,b,l
4667868,77070.0,0.025,1736281574.2204475,s,l
4667869,77070.1,0.0006314,1736281593.22287,b,l
4667870,77076.4,0.00648707,1736281623.8356788,b,m
4667871,77084.3,0.00012628,1736281625.0540254,b,l
4667872,77084.3,6.313e-05,1736281627.2567303,b,l
4667873,77070.1,0.00134417,1736281642.1434023,b,l
4667874,77070.1,0.00011828,1736281643.2793095,b,l
4667875,77116.2,0.00868819,1736281654.7399542,b,m
4667876,77122.1,1.277e-05,1736281722.0324254,b,l
4667877,77070.1,0.01261942,1736281750.80469,b,l
4667878,77097.0,0.0025247,1736281771.8184009,b,l
4667879,77088.4,0.00016413,1736281793.1318176,b,l
4667880,77088.4,0.0006161,1736281798.2521846,b,l
4667881,77141.6,0.00011548,1736281833.6525602,s,l
4667882,77174.1,0.00303448,1736281837.208709,b,l
4667883,77209.1,0.00012952,1736281862.3818612,b,m
4667884,77199.0,0.0127621,1736281960.0571008,b,l
4667885,77199.0,0.0252379,1736281961.2473938,b,l
4667886,77199.0,0.01295353,1736281961.2473938,b,l
4667887,77251.8,0.0001195,1736281968.7850184,b,l
4667888,77251.4,0.01294475,1736281976.4379425,b,m
4667889,77211.4,0.00012607,1736282015.488523,b,l
4667890,77225.4,0.05179643,1736282018.0546222,b,m
4667891,77198.9,0.00518142,1736282045.9772398,s,l
4667892,77173.0,0.01583673,1736282078.2941628,s,l
4667893,77157.0,0.00061125,1736282088.859799,b,l
4667894,77153.4,0.01091632,1736282091.60621,b,l
4667895,77153.4,0.01212876,1736282091.669196,b,l
4667896,77189.8,0.00189122,1736282117.913953,b,l
4667897,77150.0,0.00259235,1736282135.259447,s,m
4667898,77144.4,0.00063424,1736282135.259447,s,m
4667899,77079.3,0.00103789,1736282146.2043502,b,m
4667900,77070.1,0.00129617,1736282160.8971329,b,l
4667901,77103.7,0.00118814,1736282175.177678,b,m
4667902,77093.2,0.0019412,1736282185.5285816,b,l
4667903,77070.1,0.00129732,1736282196.0329547,b,l
4667904,77070.1,0.01262793,1736282199.2557333,b,l
4667905,77070.1,0.0064876,1736282253.6608207,b,m
4667906,77070.1,0.00189419,1736282259.9162352,b,l
4667907,77127.4,0.00315643,1736282294.199479,b,l
4667908,77103.9,0.01880579,1736282321.8410993,b,m
4667909,77099.8,0.00219492,1736282327.2961102,s,l
4667910,77136.7,0.00063096,1736282333.726481,b,l
4667911,77188.1,0.01331084,1736282368.481101,s,l
4667912,77308.0,7e-05,1736282476.6161623,b,l
4667913,77308.8,0.001148,1736282476.6161623,b,l
4667914,77309.3,0.011468,1736282476.6161623,b,l
4667915,77321.8,0.00130321,1736282485.5065184,b,l
4667916,77300.2,0.00176211,1736282520.9533844,b,l
4667917,77303.3,0.04846084,1736282527.4421585,b,l
4667918,77290.4,0.00032345,1736282538.900973,s,l
4667919,77290.1,0.00012949,1736282538.900973,s,l
4667920,77231.1,0.01294468,1736282588.6654823,b,l
4667921,77242.5,0.00011809,1736282626.7360954,b,l
4667922,77213.4,0.00043538,1736282635.5305345,b,m
4667923,77201.9,0.00453356,1736282646.1427348,s,l
4667924,77168.6,0.03880076,1736282647.3036797,b,m
4667925,77168.5,7e-05,1736282649.1025174,s,l
4667926,77110.1,0.01149,1736282651.1695285,s,l
4667927,77105.9,0.001219,1736282651.2890155,s,l
4667928,77100.0,0.01271076,1736282651.6296422,s,l
4667929,77070.1,6.488e-05,1736282653.333538,b,m
4667930,77082.6,0.00126403,1736282656.695597,b,l
4667931,77070.1,0.00127834,1736282676.4897811,b,l
4667932,77124.9,0.0006483,1736282714.0642245,b,m
4667933,77122.2,0.00447248,1736282719.85322,b,l
4667934,77094.8,9.404e-05,1736282748.006172,b,l
4667935,77095.5,0.00012627,1736282756.3040574,b,l
4667936,77078.9,0.00463435,1736282760.5187123,s,l
4667937,77133.3,0.00557586,1736282773.314904,s,l
4667938,77170.2,0.00161949,1736282796.1370568,b,l
4667939,77112.4,0.00399506,1736282804.7389183,s,l
4667940,77125.7,0.039,1736282815.2300224,b,l
4667941,77183.8,0.00645213,1736282868.4907126,b,m
4667942,77252.0,5e-05,1736282883.9289112,b,m
4667943,77303.2,0.07547243,1736282906.657859,b,m
4667944,77303.3,0.05388825,1736282906.657859,b,m
4667945,77301.2,0.00125888,1736282909.5494618,b,l
4667946,77308.0,7e-05,1736282969.683568,b,l
4667947,77313.3,0.00234972,1736282969.683568,b,l
4667948,77346.0,0.00629144,1736283020.1568666,b,l
4667949,77346.0,6.369e-05,1736283022.038122,b,l
4667950,77346.0,0.00010932,1736283025.8276672,b,l
4667951,77363.3,0.00013266,1736283025.8276677,b,l
4667952,77362.7,0.07541871,1736283030.833601,b,l
4667953,77362.8,0.05123695,1736283030.833601,b,l
4667954,77409.7,0.00125725,1736283062.3034923,b,l
4667955,77387.0,0.001211,1736283099.1652124,b,l
4667956,77390.1,0.00181115,1736283099.1652124,b,l
4667957,77390.1,0.00025461,1736283109.04305,b,l
4667958,77390.1,0.1932353,1736283113.0084531,b,l
4667959,77410.0,0.00066478,1736283125.765164,b,m
4667960,77410.0,9.367e-05,1736283132.2335234,b,l
4667961,77409.9,6.488e-05,1736283135.6017516,s,m
4667962,77366.3,0.00157691,1736283152.6004057,b,m
4667963,77410.0,0.00150969,1736283210.1185522,b,l
4667964,77410.0,0.00122427,1736283239.125567,b,l
4667965,77410.0,0.00030765,1736283239.5945027,b,l
4667966,77410.0,0.0008295,1736283239.8815472,b,l
4667967,77410.0,0.00182955,1736283241.6605794,b,l
4667968,77447.6,7e-05,1736283243.112856,b,l
4667969,77482.0,0.00621454,1736283243.112856,b,l
4667970,77482.0,0.00014274,1736283272.5151644,b,m
4667971,77482.0,9.583e-05,1736283272.85406,b,l
4667972,77493.0,0.00026807,1736283272.85406,b,l
4667973,77471.4,0.03871872,1736283287.230739,b,l
4667974,77515.8,0.038017,1736283306.461315,s,l
4667975,77480.7,0.00025118,1736283339.309653,b,l
4667976,77471.5,0.00325811,1736283356.0956802,s,l
4667977,77461.5,0.00012398,1736283358.6685429,b,l
4667978,77357.2,0.0012927,1736283507.0163853,b,m
4667979,77355.9,9.488e-05,1736283508.226262,b,l
4667980,77341.5,0.04546246,1736283511.0639324,b,l
4667981,77351.9,0.011471,1736283511.063933,b,l
4667982,77352.1,0.039,1736283511.063933,b,l
4667983,77352.8,0.25895024,1736283511.063933,b,l
4667984,77352.8,0.0351163,1736283511.063933,b,l
4667985,77308.1,0.00032338,1736283528.588637,b,l
4667986,77308.0,7e-05,1736283531.105271,s,l
4667987,77277.1,0.00016371,1736283531.105271,s,l
4667988,77292.6,0.00031867,1736283539.030553,b,l
4667989,77287.3,0.04505797,1736283540.0292065,b,m
4667990,77287.4,0.07139057,1736283540.0292065,b,m
4667991,77278.5,0.0003149,1736283583.6010597,b,l
4667992,77381.8,0.00188851,1736283596.7974694,b,l
4667993,77312.1,7.646e-05,1736283605.140014,b,l
4667994,77312.1,0.00251727,1736283605.5887876,b,l
4667995,77360.5,0.00306121,1736283624.856506,b,l
4667996,77360.5,0.02245505,1736283625.2615044,b,l
4667997,77360.6,0.02788739,1736283625.2615044,b,l
4667998,77354.6,0.00129275,1736283631.3552718,b,m
4667999,77371.5,0.00387523,1736283651.672144,s,l
4668000,77375.0,0.00029955,1736283663.3798006,b,l
4668001,77328.9,0.00010498,1736283682.0325246,b,l
4668002,77288.3,0.01857408,1736283684.2110505,b,l
4668003,77288.3,0.00030396,1736283684.2110505,b,l
4668004,77384.4,0.00129225,1736283707.9830682,b,m
4668005,77344.0,0.01294549,1736283720.1215668,s,l
4668006,77358.8,0.0002736,1736283725.8145642,s,l
4668007,77447.3,0.0002417,1736283746.295461,b,l
4668008,77445.2,0.00025443,1736283758.5178378,b,l
4668009,77443.2,0.01289969,1736283759.6893685,b,l
4668010,77400.1,0.01290687,1736283774.901918,b,l
4668011,77400.1,0.01534039,1736283775.018981,b,l
4668012,77400.1,0.01290687,1736283789.9787126,b,l
4668013,77400.1,1.257e-05,1736283792.760738,b,l
4668014,77400.1,0.00683294,1736283804.171982,b,m
4668015,77400.1,0.01290687,1736283804.9673486,b,l
4668016,77447.2,0.01291205,1736283874.0014286,s,l
4668017,77447.3,0.00170702,1736283886.8808434,b,l
4668018,77447.3,0.0006456,1736283907.9417293,b,m
4668019,77447.3,0.00770041,1736283932.6151924,b,l
4668020,77447.6,7e-05,1736283932.6151924,b,l
4668021,77502.3,0.00981592,1736283932.6151924,b,l
4668022,77504.6,0.01260317,1736283932.8755348,b,l
4668023,77504.7,0.03576055,1736283932.8755348,b,l
4668024,77503.3,0.00062778,1736283947.406828,b,l
4668025,77506.8,0.0092257,1736283976.8926864,b,l
4668026,77506.9,0.00282867,1736283976.8926864,b,l
4668027,77501.2,0.0012725,1736283987.2854793,b,l
4668028,77546.5,0.00096691,1736284038.328275,b,l
4668029,77546.5,0.00364547,1736284038.8827274,b,l
4668030,77551.9,0.00843481,1736284038.8827274,b,l
4668031,77546.5,0.00120453,1736284039.7859628,b,l
4668032,77523.3,0.00286927,1736284041.6129155,b,l
4668033,77542.8,0.00026832,1736284041.6129155,b,l
4668034,77530.6,0.00266342,1736284047.61412,b,l
4668035,77530.7,0.001209,1736284047.61412,b,l
4668036,77542.4,0.00084,1736284047.6141202,b,l
4668037,77546.5,0.03428758,1736284047.6141202,b,l
4668038,77510.3,0.0003049,1736284080.6585972,s,l
4668039,77510.3,0.01076858,1736284131.2372005,b,l
4668040,77510.3,0.00036378,1736284144.8133984,b,l
4668041,77510.3,0.0001191,1736284147.0917668,b,l
4668042,77510.2,0.00129015,1736284160.7025764,s,l
4668043,77510.2,0.00032253,1736284160.7025764,s,l
4668044,77510.2,0.00161269,1736284160.7025764,s,l
4668045,77489.0,0.0018103,1736284187.9422882,b,l
4668046,77488.0,0.00224009,1736284192.8472376,b,l
4668047,77488.1,0.01031963,1736284192.8472376,b,l
4668048,77486.9,0.00125606,1736284193.6273313,b,l
4668049,77509.0,0.00189444,1736284223.387437,b,l
4668050,77509.0,0.00535389,1736284223.387437,b,l
4668051,77566.0,0.00317543,1736284246.4671032,b,l
4668052,77566.0,0.0048279,1736284260.5788145,b,l
4668053,77566.0,0.00060108,1736284260.5804412,b,l
4668054,77566.0,0.00060063,1736284301.015998,b,l
4668055,77566.0,0.00024133,1736284317.0166607,b,l
4668056,77566.0,0.00317543,1736284323.44777,b,l
4668057,77562.0,0.00071594,1736284346.421268,b,m
4668058,77562.1,0.00116384,1736284346.4212682,b,m
4668059,77562.1,0.01289289,1736284346.5203028,b,m
4668060,77566.0,0.00027044,1736284428.0715115,b,l
4668061,77573.1,0.00110014,1736284428.0715115,b,l
4668062,77573.2,0.00239334,1736284428.0715115,b,l
4668063,77565.9,0.00189833,1736284430.370814,s,l
4668064,77573.1,0.00108047,1736284431.3495996,b,l
4668065,77573.2,0.0240116,1736284431.3495996,b,l
4668066,77575.0,0.00018819,1736284452.7685,b,l
4668067,77575.0,0.00625718,1736284507.2809126,b,l
4668068,77587.6,7e-05,1736284507.2809126,b,l
4668069,77601.1,0.00089776,1736284507.2809126,b,l
4668070,77602.3,0.0241305,1736284507.2809126,b,l
4668071,77611.1,0.00088999,1736284515.713795,b,m
4668072,77611.2,0.01199475,1736284515.713795,b,m
4668073,77630.8,0.00078568,1736284551.416553,b,m
4668074,77630.9,0.001211,1736284551.416553,b,m
4668075,77631.1,0.00122368,1736284551.416553,b,m
4668076,77646.1,0.01287895,1736284587.1548078,b,m
4668077,77667.9,0.00062672,1736284597.3081613,b,l
4668078,77655.8,0.00075613,1736284609.994516,b,l
4668079,77658.1,0.011438,1736284609.994516,b,l
4668080,77668.3,0.02680587,1736284609.994516,b,l
4668081,77664.1,0.00049127,1736284622.5249782,b,l
4668082,77664.2,0.00076186,1736284622.5249782,b,l
4668083,77673.0,0.00062024,1736284628.4378655,b,l
4668084,77673.1,0.00059745,1736284628.4378655,b,l
4668085,77663.4,0.00062743,1736284642.2213628,b,l
4668086,77663.5,0.02349984,1736284642.2213628,b,l
4668087,77663.5,0.07596876,1736284642.3861012,b,m
4668088,77699.0,0.00155129,1736284671.9595635,b,m
4668089,77699.1,0.03062412,1736284671.9595635,b,m
4668090,77710.0,8.768e-05,1736284679.897932,b,l
4668091,77707.5,0.00012869,1736284703.5205903,b,m
4668092,77707.5,0.00016394,1736284712.7440472,b,l
4668093,77707.5,0.00156381,1736284736.6573858,b,m
4668094,77721.0,0.00643326,1736284759.895735,b,m
4668095,77727.7,7e-05,1736284759.895735,b,m
4668096,77730.5,0.00093856,1736284759.895735,b,m
4668097,77730.6,0.00542392,1736284759.895735,b,m
4668098,77752.4,0.00025976,1736284760.9877596,b,l
4668099,77723.3,0.00085346,1736284763.377379,b,m
4668100,77724.0,0.00236306,1736284763.377379,b,m
4668101,77724.0,0.00375652,1736284766.4646697,b,l
4668102,77723.3,0.00037565,1736284770.7493794,b,l
4668103,77723.3,0.00071293,1736284770.9536092,b,l
4668104,77724.5,0.18838109,1736284770.9536092,b,l
4668105,77707.5,0.0010295,1736284807.23822,b,m
4668106,77707.5,0.00086536,1736284846.587433,b,l
4668107,77707.5,0.00214048,1736284846.587433,b,l
4668108,77707.5,0.01273365,1736284858.692195,b,m
4668109,77707.5,0.12868771,1736284861.798998,b,m
4668110,77707.5,0.00062622,1736284868.6851232,b,l
4668111,77707.5,0.00626218,1736284871.0301197,b,l
4668112,77707.4,0.00134774,1736284921.1305623,s,l
4668113,77707.4,0.00128699,1736284921.1305623,s,l
4668114,77707.4,0.00064343,1736284921.1305623,s,l
4668115,77707.4,0.00012868,1736284921.1305623,s,l
4668116,77707.4,0.00010296,1736284921.1305623,s,l
4668117,77682.4,0.00037585,1736285023.2692924,b,l
4668118,77681.6,6.341e-05,1736285037.0309775,b,l
4668119,77660.1,0.00908404,1736285085.690097,b,l
4668120,77660.0,0.00075,1736285185.3934815,s,l
4668121,77660.1,0.00020051,1736285194.7092674,b,l
4668122,77660.1,0.00023811,1736285199.3655434,b,l
4668123,77660.1,0.00047935,1736285199.47825,b,l
4668124,77660.1,0.00057713,1736285200.1818848,b,m
4668125,77675.5,0.00134008,1736285222.269448,b,l
4668126,77675.6,0.0010692,1736285222.269448,b,l
4668127,77660.1,0.00021994,1736285232.8606803,b,l
4668128,77660.1,0.00242592,1736285240.6362455,b,l
4668129,77683.5,0.0012532,1736285270.490545,b,l
4668130,77660.8,0.00011739,1736285293.9651191,b,l
4668131,77676.5,0.0012719,1736285317.1169877,b,l
4668132,77660.9,0.00192826,1736285372.6205568,b,m
4668133,77660.9,0.01002549,1736285377.0353372,b,l
4668134,77664.6,0.00626563,1736285394.8093934,b,l
4668135,77701.6,0.00118387,1736285457.2140236,b,l
4668136,77701.6,0.12869748,1736285460.2552366,b,m
4668137,77705.9,0.00375759,1736285462.4673574,b,l
4668138,77707.0,0.00257377,1736285477.71608,b,m
4668139,77707.0,9.331e-05,1736285519.0814147,b,l
4668140,77707.0,0.00189779,1736285525.5921817,b,l
4668141,77707.0,0.00140582,1736285526.3493395,b,l
4668142,77707.0,0.01976701,1736285535.4417374,b,l
4668143,77800.2,0.00097397,1736285546.9503317,b,l
4668144,77801.3,0.03802603,1736285546.9503317,b,l
4668145,77801.3,0.039,1736285546.9556005,b,l
4668146,77791.6,0.00088786,1736285564.1054225,b,l
4668147,77791.7,0.00154689,1736285564.1054225,b,l
4668148,77782.3,0.02410593,1736285565.9218545,b,l
4668149,77730.8,0.00643178,1736285601.469089,b,l
4668150,77736.2,0.00025041,1736285621.1650126,b,l
4668151,77698.3,0.0001268,1736285636.034323,b,l
4668152,77693.8,0.00083452,1736285638.8024132,b,l
4668153,77693.9,4.143e-05,1736285638.8024132,b,l
4668154,77660.9,0.00064381,1736285653.7628047,b,l
4668155,77660.9,0.01289688,1736285662.870938,b,l
4668156,77660.9,0.00231777,1736285669.4077032,b,m
4668157,77678.5,0.00100585,1736285727.8736627,b,l
4668158,77678.6,0.0040057,1736285727.8736627,b,l
4668159,77660.9,0.00062659,1736285768.4344,b,l
4668160,77660.8,0.03095667,1736285771.5340505,s,l
4668161,77660.0,0.02500328,1736285771.594564,s,l
4668162,77650.0,0.00012878,1736285773.1434407,s,l
4668163,77645.0,0.00321334,1736285774.3805366,s,l
4668164,77607.5,0.00025771,1736285778.562581,b,m
4668165,77607.5,0.00128854,1736285785.0296514,b,m
4668166,77607.5,6.27e-05,1736285796.1197543,b,l
4668167,77607.4,0.02577073,1736285802.9836729,s,l
4668168,77607.4,0.01288536,1736285802.9836729,s,l
4668169,77602.2,0.00047396,1736285803.0052242,s,l
4668170,77587.6,7e-05,1736285803.0078716,s,l
4668171,77565.9,0.0016,1736285825.2201924,s,l
4668172,77500.1,0.00753472,1736285836.6067803,b,l
4668173,77500.1,0.00031781,1736285878.0331652,b,l
4668174,77500.1,0.00023316,1736285885.2674146,b,m
4668175,77500.0,0.06451612,1736285886.6299355,s,l
4668176,77500.0,0.00516129,1736285886.6299355,s,l
4668177,77500.0,0.00065001,1736285886.6299355,s,l
4668178,77447.7,0.02556564,1736285895.1154754,b,m
4668179,77447.7,0.00064515,1736285899.6864934,b,l
4668180,77447.7,0.00012912,1736285903.0103889,b,m
4668181,77447.7,0.01759291,1736285931.4602506,b,l
4668182,77447.7,0.00013919,1736285955.4707506,b,m
4668183,77447.7,0.00012721,1736285957.042776,b,l
4668184,77447.6,7e-05,1736286000.2923565,s,l
4668185,77424.5,0.00888731,1736286000.2923565,s,l
4668186,77400.3,0.02640857,1736286039.5268047,b,m
4668187,77400.2,0.00645993,1736286040.6464202,s,l
4668188,77400.0,0.00012919,1736286040.6464202,s,l
4668189,77337.5,0.00060983,1736286110.158682,b,l
4668190,77337.4,0.00031937,1736286131.797498,s,l
4668191,77309.7,8.174e-05,1736286133.7251074,s,l
4668192,77308.0,7e-05,1736286140.0335534,s,l
4668193,77295.5,0.00036016,1736286174.764757,b,l
4668194,77303.4,9.495e-05,1736286178.6607094,b,l
4668195,77292.8,0.00517538,1736286202.1397333,s,m
4668196,77359.6,0.00060239,1736286224.4351792,b,l
4668197,77438.9,0.0751961,1736286253.176842,s,m
4668198,77428.1,0.00121,1736286253.176842,s,m
4668199,77412.5,0.02371543,1736286253.176842,s,m
4668200,77447.6,7e-05,1736286260.6339648,b,l
4668201,77459.7,0.00121,1736286260.6339648,b,l
4668202,77480.3,0.03772,1736286260.6339648,b,l
4668203,77502.0,0.01265537,1736286261.1161563,b,l
4668204,77491.1,0.00125591,1736286271.6302483,b,l
4668205,77470.5,0.0011334,1736286283.2926023,s,l
4668206,77466.0,0.06642325,1736286290.390522,s,l
4668207,77466.0,0.00012908,1736286377.710276,s,l
4668208,77433.2,0.07519001,1736286379.9061513,b,m
4668209,77433.3,0.25873493,1736286379.9061513,b,m
4668210,77433.3,0.18523164,1736286379.9061513,b,m
4668211,77400.0,0.00064599,1736286420.0518825,s,l
4668212,77346.5,0.00060248,1736286474.2622435,b,l
4668213,77346.5,0.00125829,1736286475.203627,b,l
4668214,77455.6,0.00012911,1736286610.017774,b,m
4668215,77455.1,0.00251298,1736286611.5776904,b,l
4668216,77465.4,0.00132862,1736286615.7508423,b,l
4668217,77440.7,0.01291311,1736286660.341389,b,m
4668218,77448.4,0.00826612,1736286667.9640102,b,m
4668219,77403.3,0.0075441,1736286697.7564652,b,l
4668220,77401.0,0.00062875,1736286699.9708252,b,l
4668221,77400.8,3.182e-05,1736286701.051987,b,l
4668222,77398.5,0.00023893,1736286703.7625337,b,l
4668223,77508.2,0.00627786,1736286766.4743576,b,l
4668224,77493.4,0.00013446,1736286799.3313613,b,m
4668225,77485.8,0.00015601,1736286837.828415,b,l
4668226,77485.7,0.00571367,1736286854.4166288,s,l
4668227,77485.8,0.02512037,1736286857.765673,b,l
4668228,77513.3,0.00062801,1736286863.3940723,b,l
4668229,77485.9,0.001213,1736286914.4681406,s,m
4668230,77485.7,7.755e-05,1736286914.4681406,s,m
4668231,77485.7,0.02020878,1736286956.3590336,s,l
4668232,77485.7,0.00010324,1736286956.3590336,s,l
4668233,77485.7,0.00129056,1736286956.3590336,s,l
4668234,77485.7,0.00064528,1736286956.3590336,s,l
4668235,77424.2,0.001214,1736286956.953462,b,m
4668236,77446.4,0.00598315,1736286956.953462,b,m
4668237,77465.3,0.00026287,1736287023.522931,b,l
4668238,77457.2,0.00064821,1736287084.7602532,b,m
4668239,77444.9,0.06324885,1736287120.0312524,b,l
4668240,77379.6,0.01256933,1736287190.964145,b,l
4668241,77362.7,0.00323153,1736287202.1962893,s,l
4668242,77337.7,0.00646515,1736287204.859043,s,l
4668243,77337.7,0.00646515,1736287204.859043,s,l
4668244,77354.8,0.00125814,1736287235.4996605,b,l
4668245,77349.6,0.06464158,1736287238.159253,b,m
4668246,77349.5,0.00024066,1736287241.00078,b,l
4668247,77367.8,0.0024565,1736287299.7729497,b,l
4668248,77382.6,0.00363,1736287306.2089243,b,l
4668249,77359.5,0.00060239,1736287388.8008418,b,l
4668250,77416.7,0.00025174,1736287407.4981687,b,l
4668251,77431.2,0.00035952,1736287473.5178638,b,l
4668252,77487.9,0.00144827,1736287513.836878,b,l
4668253,77495.6,0.00125628,1736287515.195773,b,l
4668254,77500.0,5e-05,1736287561.9071898,b,m
4668255,77576.5,0.00267268,1736287561.9071898,b,m
4668256,77568.1,0.00035146,1736287563.5842376,b,l
4668257,77509.7,9.232e-05,1736287642.071901,s,l
4668258,77587.6,7e-05,1736287706.5759144,b,l
4668259,77650.8,0.00051093,1736287708.6316664,s,l
4668260,77650.6,0.00025756,1736287748.339522,b,m
4668261,77650.6,0.00240918,1736287748.4089415,b,l
4668262,77709.3,6.263e-05,1736287762.4737332,b,l
4668263,77707.1,0.00849343,1736287801.982442,b,m
4668264,77663.7,0.0001,1736287823.4688947,b,m
4668265,77688.4,0.00066714,1736287861.8098564,b,m
4668266,77676.8,0.00064369,1736287872.3049436,b,m
4668267,77660.2,0.00193149,1736287908.1328866,b,m
4668268,77650.4,0.00602714,1736287932.4006655,b,l
4668269,77686.3,0.000605,1736288015.0366416,b,m
4668270,77675.5,0.00489111,1736288038.9745078,s,l
4668271,77689.7,9.448e-05,1736288043.0566216,b,l
4668272,77692.7,0.0001174,1736288064.6599157,b,l
4668273,77675.3,0.00037092,1736288101.8703537,s,l
4668274,77675.4,0.00050106,1736288151.7980022,b,l
4668275,77675.4,0.00028359,1736288161.7744234,b,m
4668276,77675.3,6.32e-05,1736288164.5061388,s,m
4668277,77675.3,0.00085329,1736288170.880233,s,l
4668278,77641.1,0.00128798,1736288193.4560642,b,m
4668279,77637.5,0.00032213,1736288257.1473365,b,m
4668280,77637.5,0.00019321,1736288258.8055756,b,m
4668281,77637.5,0.00257607,1736288261.3195975,b,m
4668282,77662.3,0.0036154,1736288264.8274262,b,l
4668283,77653.0,0.00182852,1736288288.452217,b,l
4668284,77619.9,0.02576659,1736288336.671908,b,m
4668285,77619.8,6.441e-05,1736288409.3632812,s,l
4668286,77619.8,0.0004095,1736288409.3632812,s,l
4668287,77619.9,0.00126929,1736288435.0327466,b,l
4668288,77619.9,0.00062692,1736288465.1960423,b,l
4668289,77619.9,0.00125385,1736288468.652768,b,l
4668290,77619.9,0.00025077,1736288508.900983,b,l
4668291,77666.5,0.01931335,1736288537.357471,b,m
4668292,77666.5,0.00120369,1736288538.588622,b,l
4668293,77727.7,7e-05,1736288601.0429778,b,l
4668294,77754.2,0.0481152,1736288601.0429778,b,l
4668295,77755.0,0.00125159,1736288608.609172,b,l
4668296,77759.8,0.00128601,1736288631.7957056,b,m
4668297,77730.3,0.00089424,1736288698.8891573,b,l
4668298,77731.7,0.00939017,1736288716.4457586,b,l
4668299,77744.2,0.01286752,1736288744.1807954,s,l
4668300,77744.3,0.0002739,1736288746.8090055,b,l
4668301,77753.5,0.00189189,1736288747.0190213,b,m
4668302,77755.3,0.00036602,1736288762.1440723,b,m
4668303,77746.4,0.0001309,1736288781.4826834,b,l
4668304,77744.5,0.01251841,1736288794.3762422,b,l
4668305,77730.3,0.00023785,1736288799.4882057,b,l
4668306,77730.3,0.002555,1736288808.772737,b,m
4668307,77730.3,0.00326938,1736288816.4618294,b,m
4668308,77730.2,0.00019284,1736288843.739165,s,l
4668309,77727.6,0.00128654,1736288844.8127627,s,l
4668310,77727.6,0.00064327,1736288844.8127627,s,l
4668311,77696.7,0.00019306,1736288852.1337423,b,m
4668312,77710.3,0.00029825,1736288911.0273633,b,l
4668313,77733.0,0.00643227,1736288947.8393438,b,m
4668314,77667.0,0.00125309,1736289041.5150476,b,l
4668315,77708.6,1.268e-05,1736289049.0422208,b,l
4668316,77724.8,0.00100198,1736289049.7416055,b,l
4668317,77742.4,0.00016632,1736289062.2174113,b,m
4668318,77773.5,1.251e-05,1736289141.9959457,b,l
4668319,77681.7,0.03131958,1736289192.230194,b,l
4668320,77681.3,0.00012683,1736289194.0326886,b,l
4668321,77690.7,0.00025743,1736289202.2518916,b,m
4668322,77692.5,0.05755485,1736289212.6145291,b,m
4668323,77684.7,0.00516856,1736289245.8730989,s,l
4668324,77704.4,0.03130403,1736289248.3292549,b,l
4668325,77709.8,0.000238,1736289271.0896208,b,l
4668326,77710.7,0.02709794,1736289286.9742937,b,m
4668327,77758.7,0.02518046,1736289337.62019,b,m
4668328,77742.0,0.00166666,1736289341.6074114,s,l
4668329,77761.6,0.00012516,1736289346.2661042,b,l
4668330,77761.2,0.00062591,1736289354.322441,b,l
4668331,77765.2,0.00255899,1736289383.8970037,b,m
4668332,77761.2,0.00024971,1736289386.0333345,b,l
4668333,77761.2,0.01285983,1736289391.6604009,b,l
4668334,77761.1,0.00771594,1736289413.253904,s,l
4668335,77737.3,0.03153406,1736289413.253904,s,l
4668336,77770.4,0.00125142,1736289484.1881514,b,l
4668337,77798.2,0.01373152,1736289524.922555,b,l
4668338,77836.3,0.01285677,1736289540.1672614,s,l
4668339,77836.4,0.00131353,1736289541.5479386,b,l
4668340,77822.5,0.00120035,1736289563.420541,b,l
4668341,77847.7,0.00137526,1736289591.8069603,b,l
4668342,77852.5,0.00632749,1736289597.2757227,b,l
4668343,77868.2,7e-05,1736289610.6121192,b,l
4668344,77896.0,0.01258249,1736289610.6121194,b,l
4668345,77890.6,0.00099955,1736289614.0396888,b,l
4668346,77898.6,0.00010887,1736289632.922599,b,l
4668347,77895.4,0.00641886,1736289647.5479364,b,m
4668348,77907.2,0.011405,1736289682.48993,s,l
4668349,77847.6,0.02501062,1736289728.026472,b,l
4668350,77863.2,0.00419375,1736289733.943775,b,m
4668351,77876.9,0.00124972,1736289742.0899785,b,l
4668352,77890.4,0.00014274,1736289872.4327598,s,m
4668353,77880.8,0.01069609,1736289940.0536678,b,m
4668354,77902.8,0.00069317,1736289946.7817814,b,m
4668355,77908.2,0.0001,1736289961.9935334,b,m
4668356,77890.5,0.00121429,1736289974.339131,b,l
4668357,77880.1,0.00062483,1736290020.7550852,b,l
4668358,77880.1,0.00071855,1736290042.7684035,b,l
4668359,77880.1,0.00240247,1736290064.6078737,b,l
4668360,77880.0,0.00209091,1736290078.5590737,s,l
4668361,77880.1,0.00766215,1736290104.5011568,b,l
4668362,77880.1,0.11814865,1736290104.5011568,b,l
4668363,77880.1,0.00025243,1736290128.068528,b,l
4668364,77880.0,0.02358962,1736290151.2405994,s,l
4668365,77876.8,0.00010273,1736290153.1971855,s,l
4668366,77860.0,0.00256871,1736290172.5064075,s,l
4668367,77857.5,0.00640593,1736290176.4767654,s,l
4668368,77790.1,0.00046697,1736290256.9334435,b,l
4668369,77790.1,0.00011723,1736290301.168337,b,l
4668370,77790.1,0.01560813,1736290311.72832,b,l
4668371,77790.1,0.00876908,1736290311.72832,b,l
4668372,77790.1,0.00125111,1736290323.56629,b,l
4668373,77790.0,0.01030779,1736290364.504095,s,l
4668374,77790.1,0.00132142,1736290384.1710374,b,l
4668375,77790.1,0.00192827,1736290416.2166057,b,m
4668376,77790.1,0.02519127,1736290421.6659136,b,l
4668377,77790.1,0.00035807,1736290441.3142085,b,l
4668378,77861.8,0.00646685,1736290483.3456578,b,l
4668379,77845.5,0.00012627,1736290524.6234572,b,l
4668380,77860.9,0.00079063,1736290536.2545135,b,m
4668381,77860.9,0.00127244,1736290536.2545135,b,m
4668382,77860.9,0.0012739,1736290536.2545135,b,m
4668383,77860.9,0.00049281,1736290536.2545135,b,m
4668384,77853.3,0.00642192,1736290552.0388927,b,l
4668385,77850.2,0.00125014,1736290564.9501522,b,l
4668386,77836.2,0.00250067,1736290597.334482,b,l
4668387,77838.2,3.797e-05,1736290599.034085,b,l
4668388,77838.2,0.00080298,1736290599.7055073,b,l
4668389,77830.8,0.00103,1736290676.2723875,b,m
4668390,77830.8,0.00153968,1736290676.2723875,b,m
4668391,77834.4,0.00077088,1736290680.7961142,s,m
4668392,77855.6,6.252e-05,1736290681.978017,b,l
4668393,77859.8,0.039,1736290692.3305745,b,l
4668394,77902.4,0.00249853,1736290775.9752698,b,l
4668395,77897.8,0.00017713,1736290780.807177,b,l
4668396,77905.5,0.00624696,1736290797.7819006,b,l
4668397,77891.8,0.00316214,1736290806.1185613,b,l
4668398,77887.9,9.423e-05,1736290807.389192,b,l
4668399,77887.8,0.00423776,1736290812.753725,s,l
4668400,77830.7,0.0128484,1736290820.605912,s,l
4668401,77790.1,0.01093929,1736290830.336096,b,l
4668402,77790.1,0.0002533,1736290839.052284,b,l
4668403,77790.0,0.00546236,1736290840.0412982,s,l
4668404,77729.5,1.268e-05,1736290858.032132,b,l
4668405,77727.8,0.00025037,1736290859.2898972,b,l
4668406,77740.1,9.326e-05,1736290995.2654798,b,l
4668407,77736.7,0.00062597,1736291000.399614,b,l
4668408,77737.0,0.00031298,1736291002.0159063,b,l
4668409,77761.1,0.00312882,1736291062.5607846,b,l
4668410,77766.9,0.00011573,1736291073.584499,b,m
4668411,77734.7,0.00024246,1736291078.5365508,s,l
4668412,77750.1,0.00093875,1736291089.8626575,b,l
4668413,77748.3,0.00063605,1736291091.7814124,b,m
4668414,77789.9,0.00300593,1736291236.6792445,b,l
4668415,77782.7,0.00060632,1736291242.8114946,b,l
4668416,77758.8,0.0147,1736291264.4526494,s,m
4668417,77734.7,0.00546731,1736291298.5087972,s,l
4668418,77734.7,0.0033447,1736291298.5087972,s,l
4668419,77727.7,7e-05,1736291298.5087972,s,l
4668420,77710.7,0.039,1736291311.3520536,b,m
4668421,77711.0,0.0235,1736291311.3520536,b,m
4668422,77712.3,0.01129832,1736291314.08453,b,l
4668423,77712.4,0.03372661,1736291314.08453,b,l
4668424,77670.9,0.00031319,1736291433.9356928,b,l
4668425,77701.0,0.01205258,1736291513.0212665,b,l
4668426,77705.5,0.001207,1736291549.7385037,s,m
4668427,77698.5,0.00817809,1736291549.7385037,s,m
4668428,77731.5,0.00011876,1736291557.258491,b,l
4668429,77689.9,0.00266,1736291647.0695224,b,l
4668430,77702.6,0.00190191,1736291688.053756,b,l
4668431,77670.9,0.00386245,1736291768.5636578,b,m
4668432,77671.0,0.001207,1736291914.6639135,b,l
4668433,77671.0,0.000343,1736291914.6639135,b,l
4668434,77670.9,0.00100242,1736291943.613629,b,l
4668435,77689.3,0.00257263,1736291979.350696,b,l
4668436,77688.9,0.00035862,1736291980.099879,b,l
4668437,77701.6,0.02418971,1736292019.9503682,b,m
4668438,77701.7,0.00154978,1736292019.9503684,b,m
4668439,77701.4,0.01252769,1736292022.1294248,b,l
4668440,77734.7,0.000244,1736292048.0391233,b,l
4668441,77741.6,0.00552,1736292048.0391233,b,l
4668442,77761.2,0.033236,1736292048.0391233,b,l
4668443,77768.4,0.00025337,1736292064.0366597,b,l
4668444,77787.9,0.00642838,1736292086.6815984,s,l
4668445,77804.8,0.00121562,1736292103.8010902,b,l
4668446,77868.2,7e-05,1736292314.3108904,b,l
4668447,77925.0,0.00056221,1736292314.3108904,b,l
4668448,77899.3,0.001205,1736292338.1850471,s,l
4668449,77893.5,0.011404,1736292338.1850471,s,l
4668450,77873.4,0.00042063,1736292338.1850471,s,l
4668451,77856.3,0.00128442,1736292391.748053,b,m
4668452,77846.3,0.01235208,1736292413.250234,b,m
4668453,77846.4,0.039,1736292413.250234,b,m
4668454,77846.7,0.00671097,1736292413.250234,b,m
4668455,77857.3,0.00012913,1736292478.1100714,b,l
4668456,77843.6,0.00457893,1736292495.244768,b,l
4668457,77821.5,0.00032125,1736292525.0890324,b,m
4668458,77821.5,0.01002294,1736292525.452146,b,m
4668459,77815.7,0.0001107,1736292538.3298538,b,l
4668460,77815.7,0.00021261,1736292544.7034037,b,l
4668461,77815.7,0.00060605,1736292674.0357833,b,l
4668462,77838.3,0.001205,1736292687.1974478,b,l
4668463,77838.8,0.011401,1736292687.1974478,b,l
4668464,77839.0,0.00251708,1736292727.78093,b,l
4668465,77869.3,0.00112508,1736292730.324367,b,l
4668466,77869.2,0.00180052,1736292730.996009,b,l
4668467,77861.3,0.00031634,1736292736.0333772,b,l
4668468,77911.9,0.00363808,1736292754.707615,b,m
4668469,77908.5,0.00025671,1736292775.4109695,b,m
4668470,77864.6,0.00018934,1736292843.3909943,b,l
4668471,77907.8,0.00440144,1736292895.1446934,b,l
4668472,77861.6,0.0012584,1736292980.9833767,b,l
4668473,77868.2,0.00119983,1736293034.2177887,b,l
4668474,77912.2,0.00202682,1736293047.3692222,b,m
4668475,77912.3,0.0030865,1736293047.3692222,b,m
4668476,77893.4,0.0069767,1736293147.056712,s,m
4668477,77893.5,0.01097562,1736293180.5053296,b,l
4668478,77893.5,0.01069011,1736293268.7200816,b,m
4668479,77893.5,0.00023739,1736293269.8782449,b,l
4668480,77893.4,0.00012838,1736293344.8685744,s,l
4668481,77854.6,0.00064222,1736293385.0890143,s,l
4668482,77815.7,0.00023849,1736293395.8695967,b,l
4668483,77815.6,0.00192763,1736293416.5696497,s,l
4668484,77810.7,0.00218263,1736293419.209914,b,l
4668485,77810.7,0.00031813,1736293419.209914,b,l
4668486,77810.6,0.0001,1736293427.6680968,s,l
4668487,77743.2,0.00122083,1736293440.574447,b,l
4668488,77733.7,0.00156,1736293526.6840372,b,m
4668489,77728.0,0.00257259,1736293537.460051,b,l
4668490,77728.0,0.00055243,1736293549.8735604,b,l
4668491,77728.0,0.00375631,1736293553.672116,b,l
4668492,77727.7,7e-05,1736293578.8684907,s,l
4668493,77695.4,0.00987809,1736293607.0215552,b,l
4668494,77721.9,0.00128664,1736293676.676455,b,m
4668495,77707.0,0.00025357,1736293810.0343742,b,l
4668496,77711.5,0.0001808,1736293849.233868,b,m
4668497,77787.4,0.0107699,1736293998.6344686,b,l
4668498,77800.0,0.00209766,1736293998.6344686,b,l
4668499,77800.1,0.02613244,1736293998.6344686,b,l
4668500,77696.8,0.00063958,1736294112.697922,s,l
4668501,77718.3,0.00120187,1736294203.8172922,b,l
4668502,77731.4,0.07505427,1736294272.3283968,s,l
4668503,77731.3,0.00084,1736294272.3283968,s,l
4668504,77731.2,0.04690652,1736294272.3283968,s,l
4668505,77731.0,0.17718921,1736294272.3283968,s,l
4668506,77727.6,0.00101445,1736294274.1142707,s,l
4668507,77722.7,3.169e-05,1736294340.037502,b,l
4668508,77722.7,6.338e-05,1736294340.0552585,b,l
4668509,77765.2,0.00011873,1736294399.127485,b,l
4668510,77764.8,0.00012638,1736294400.1711118,b,l
4668511,77764.8,1.267e-05,1736294400.1824768,b,l
4668512,77764.8,0.00013936,1736294400.1901944,b,l
4668513,77764.8,0.00063346,1736294400.2489836,b,l
4668514,77764.8,0.00025338,1736294400.4064813,b,l
4668515,77762.3,0.00066742,1736294400.8538165,b,l
4668516,77760.4,0.00067971,1736294400.927308,b,l
4668517,77760.4,0.00030165,1736294401.2118754,b,l
4668518,77759.8,0.00024072,1736294402.235319,b,l
4668519,77709.9,0.07507421,1736294405.7186494,s,m
4668520,77709.8,0.11684479,1736294405.7186494,s,m
4668521,77746.9,1.901e-05,1736294408.0366457,b,l
4668522,77706.5,0.00050715,1736294411.0322647,b,l
4668523,77706.4,6.306e-05,1736294414.5353312,s,l
4668524,77670.9,1.253e-05,1736294417.0382793,b,l
4668525,77670.9,0.01592974,1736294417.3532553,b,l
4668526,77670.9,0.00012685,1736294428.034025,b,l
4668527,77670.9,0.005,1736294432.0704248,b,m
4668528,77680.2,0.0003843,1736294440.0419085,b,l
4668529,77729.1,0.0003042,1736294448.6846666,b,l
4668530,77721.9,1.268e-05,1736294459.047215,b,l
4668531,77715.5,0.00019016,1736294460.0363443,b,l
4668532,77700.1,0.0002574,1736294490.588462,b,m
4668533,77708.4,0.039,1736294524.170395,b,l
4668534,77700.1,8.973e-05,1736294538.2057202,b,m
4668535,77700.1,0.001287,1736294554.4128633,b,m
4668536,77700.1,0.00023799,1736294587.7173862,b,l
4668537,77700.0,0.001287,1736294623.4991574,s,l
4668538,77700.0,0.0001287,1736294623.4991574,s,l
4668539,77700.0,0.001,1736294623.4991574,s,l
4668540,77697.6,0.00011119,1736294626.2668464,s,l
4668541,77670.8,0.00010583,1736294643.6315088,s,l
4668542,77670.8,0.00116878,1736294646.882438,s,l
4668543,77650.0,0.00266452,1736294656.1521106,s,l
4668544,77640.0,0.00064935,1736294656.199591,s,l
4668545,77619.8,0.00515332,1736294656.5719595,s,l
4668546,77619.8,0.00012883,1736294656.5719595,s,l
4668547,77611.0,0.00483178,1736294680.3199873,s,l
4668548,77600.1,0.0125773,1736294687.3302116,b,m
4668549,77600.0,0.00084,1736294698.1139147,s,l
4668550,77600.0,0.00044865,1736294701.516912,s,l
4668551,77590.0,0.00096661,1736294701.516912,s,l
4668552,77587.7,0.0019333,1736294712.799528,b,m
4668553,77587.6,7e-05,1736294718.2833638,s,l
4668554,77555.8,0.00066744,1736294735.2358975,b,l
4668555,77556.2,0.01270333,1736294737.1856709,b,l
4668556,77569.0,0.00060037,1736294752.75578,b,l
4668557,77596.1,0.0011,1736294795.2678728,s,m
4668558,77608.1,0.0012,1736294805.3751929,s,m
4668559,77596.8,0.0012,1736294815.5052204,s,m
4668560,77700.1,0.1,1736294946.5282755,b,l
4668561,77707.7,0.09016822,1736294946.5282755,b,l
4668562,77698.1,9.333e-05,1736294952.7400808,b,l
4668563,77727.7,3.169e-05,1736295183.0327652,b,l
4668564,77727.7,3.831e-05,1736295212.0325556,b,l
4668565,77757.9,2.506e-05,1736295212.0325556,b,l
4668566,77767.6,0.00013086,1736295250.2946885,b,l
4668567,77752.9,0.00091315,1736295308.894651,b,m
4668568,77759.0,0.00196993,1736295353.915863,b,l
4668569,77752.9,0.00424421,1736295373.8610995,b,m
4668570,77764.3,0.00024072,1736295457.9732664,b,l
4668571,77760.9,0.0002572,1736295491.0618916,b,m
4668572,77816.7,0.02518386,1736295563.4410105,b,l
4668573,77842.2,0.00729916,1736295595.451038,b,m
4668574,77842.3,0.00145084,1736295595.451038,b,m
4668575,77843.0,0.00062689,1736295610.8628786,b,m
4668576,77824.7,0.04040424,1736295620.4611263,s,m
4668577,77836.4,0.00289473,1736295671.47078,s,l
4668578,77822.1,0.0001,1736295696.811021,s,l
4668579,77726.3,0.00350618,1736295705.4715855,s,l
4668580,77733.5,0.00601292,1736295742.939083,b,l
4668581,77733.5,0.00509554,1736295745.026948,b,l
4668582,77694.1,0.00048485,1736295755.1670702,b,l
4668583,77674.8,0.00602286,1736295867.6511686,b,l
4668584,77677.8,0.0070315,1736295875.8607802,b,m
4668585,77677.9,0.13097855,1736295875.8607802,b,m
4668586,77686.0,0.00669765,1736295882.743723,b,m
4668587,77686.1,0.01261083,1736295882.743723,b,m
4668588,77816.4,0.01285181,1736295950.5418377,s,l
4668589,77817.2,0.00032126,1736295989.362851,s,l
4668590,77810.0,0.00340528,1736295989.5044465,b,l
4668591,77779.3,0.00096427,1736296028.8359706,b,m
4668592,77748.3,0.00012862,1736296052.1221323,b,m
4668593,77682.8,0.00075628,1736296153.166827,b,m
4668594,77678.4,1.256e-05,1736296200.0414195,b,l
4668595,77634.1,1.254e-05,1736296234.0328465,b,l
4668596,77636.0,0.00478673,1736296288.3403833,b,l
4668597,77636.1,0.00148086,1736296288.3403833,b,l
4668598,77782.0,0.00013626,1736296428.0645733,b,l
4668599,77759.1,0.00196993,1736296452.0769498,s,l
4668600,77793.7,0.00520956,1736296495.2633686,b,l
4668601,77793.8,0.00081668,1736296495.2633686,b,l
4668602,77801.5,0.00027563,1736296671.8971283,s,l
4668603,77810.0,0.00119265,1736296795.6351788,b,m
4668604,77810.0,0.00012508,1736296971.1248474,b,l
4668605,77810.0,0.00354197,1736296978.0362587,b,l
4668606,77809.9,0.042,1736296986.4489095,s,l
4668607,77810.0,0.00747853,1736297085.2874029,b,l
4668608,77841.1,2.025e-05,1736297138.038939,b,l
4668609,77829.6,0.01285016,1736297432.5129929,s,l
4668610,77868.2,7e-05,1736297481.290101,b,m
4668611,77890.6,0.00121387,1736297481.290101,b,m
4668612,77847.0,4.853e-05,1736297484.768903,s,l
4668613,77875.3,0.0012841,1736297502.370265,b,m
4668614,77858.6,0.02640715,1736297506.3641298,s,l
4668615,77860.1,0.00064218,1736297530.3821292,b,m
4668616,77860.5,0.00012283,1736297535.5270624,s,m
4668617,77883.3,0.00059825,1736297549.2711174,b,l
4668618,77863.4,0.00926028,1736297551.5414689,s,l
4668619,77863.3,0.00358345,1736297551.5414689,s,l
4668620,77904.1,0.00128363,1736297562.2416804,b,m
4668621,77893.7,0.00624964,1736297573.8772404,b,l
4668622,77902.1,0.00189742,1736297598.6247745,b,l
4668623,77840.7,0.01284686,1736297651.95864,s,l
4668624,77859.2,0.01284521,1736297690.3523176,s,l
4668625,77868.3,0.00642269,1736297741.444429,s,l
4668626,77914.1,0.00025684,1736297758.7747111,s,l
4668627,77915.8,0.02567064,1736297794.5425875,s,l
4668628,77914.2,0.00620509,1736297812.9815729,b,l
4668629,77932.9,0.01678765,1736297860.8196635,b,m
4668630,77933.0,0.00252,1736297860.8196635,b,m
4668631,77960.5,0.00926567,1736297936.8739932,b,m
4668632,77960.6,0.17601464,1736297936.8739932,b,m
4668633,77960.8,0.25698016,1736297936.8739932,b,m
4668634,77960.8,0.25698016,1736297936.8739932,b,m
4668635,77960.8,0.21403101,1736297936.8739932,b,m
4668636,77959.7,0.00037913,1736298000.0621426,b,l
4668637,77952.9,0.00031597,1736298007.03531,b,l
4668638,77962.3,1.264e-05,1736298105.031983,b,l
4668639,77944.8,3.792e-05,1736298120.033311,b,l
4668640,77936.3,0.00894321,1736298126.6012845,b,l
4668641,77936.4,0.02897775,1736298126.6012845,b,l
4668642,77863.9,0.00314564,1736298242.1259024,b,l
4668643,77819.7,0.00083942,1736298270.7585258,b,l
4668644,77819.6,0.00970902,1736298273.6814682,b,l
4668645,77819.7,0.02929098,1736298273.6814682,b,l
4668646,77810.0,2.532e-05,1736298300.0391014,b,l
4668647,77810.0,0.00379857,1736298326.2328691,b,l
4668648,77810.0,4.432e-05,1736298339.0442631,b,l
4668649,77809.9,5.95e-05,1736298341.747434,s,l
4668650,77809.9,6.323e-05,1736298341.747434,s,l
4668651,77809.9,0.00025703,1736298341.747434,s,l
4668652,77770.4,0.00157451,1736298341.747434,s,l
4668653,77798.5,0.00185138,1736298396.9204118,b,l
4668654,77768.5,0.00236269,1736298414.9444375,b,l
4668655,77816.4,0.00037983,1736298600.0343518,b,l
4668656,77733.2,0.00064323,1736298759.8836846,s,m
4668657,77751.0,0.00707386,1736298870.6644964,b,m
4668658,77727.8,1.252e-05,1736298951.0356574,b,l
4668659,77800.1,0.00055767,1736299448.8732357,b,l
4668660,77800.0,0.00010301,1736299464.8433623,s,l
4668661,77800.0,0.00053966,1736299505.4979208,s,l
4668662,77744.4,0.00048904,1736299525.749867,s,l
4668663,77751.2,0.07463551,1736299696.3103106,s,l
4668664,77751.1,0.03037911,1736299696.3103106,s,l
4668665,77791.8,0.00012665,1736299812.035777,b,l
4668666,77783.5,1.251e-05,1736299848.033598,b,l
4668667,77783.3,0.00010285,1736299850.0021226,b,l
4668668,77828.7,6.298e-05,1736299859.6378396,b,l
4668669,77819.9,0.001245,1736299937.8932014,b,l
4668670,77819.3,0.00733053,1736299951.1778605,b,l
4668671,77815.2,0.00012787,1736299983.9039285,b,l
4668672,77743.1,0.12862877,1736300209.8231814,s,l
4668673,77727.7,7e-05,1736300237.402513,s,l
4668674,77710.1,0.00019017,1736300358.0348792,b,l
4668675,77710.0,8.107e-05,1736300465.5093577,s,l
4668676,77647.6,0.00095163,1736300469.1645236,b,l
4668677,77587.7,0.01206553,1736300575.6931136,b,l
4668678,77619.3,0.00025386,1736300703.0328853,b,l
4668679,77587.7,0.00011749,1736300734.8669825,b,l
4668680,77587.7,1.254e-05,1736300741.034552,b,l
4668681,77587.7,0.01340419,1736300742.1222374,b,m
4668682,77587.6,7e-05,1736300783.994445,s,l
4668683,77530.9,0.00125529,1736300918.6130812,b,l
4668684,77530.9,0.00031382,1736300937.939464,b,l
4668685,77579.1,0.00018829,1736300980.929747,b,l
4668686,77504.0,0.01216489,1736301113.2123933,b,l
4668687,77503.9,0.00064512,1736301126.1067867,s,l
4668688,77500.0,0.00129036,1736301126.1081738,s,l
4668689,77500.0,0.00064516,1736301126.1081738,s,l
4668690,77500.0,0.00057974,1736301126.1081738,s,l
4668691,77500.0,0.07,1736301126.1081738,s,l
4668692,77500.0,0.02580645,1736301126.108174,s,l
4668693,77486.6,0.00303851,1736301333.2769458,b,l
4668694,77661.8,0.00412133,1736301533.9407487,b,m
4668695,77608.1,1.269e-05,1736301640.0357225,b,l
4668696,77605.5,4.177e-05,1736301652.0357506,b,l
4668697,77605.5,1.27e-05,1736301652.043362,b,l
4668698,77564.1,0.00062705,1736301725.9003935,b,l
4668699,77727.7,7e-05,1736302165.9131002,b,l
4668700,77756.1,0.00055582,1736302165.9131002,b,l
4668701,77770.7,0.00025742,1736302206.116429,b,m
4668702,77764.1,0.00059925,1736302336.827736,b,l
4668703,77779.7,0.00062986,1736302372.2271435,b,l
4668704,77761.8,0.003,1736302398.313775,b,l
4668705,77719.7,0.00024437,1736302495.705752,b,l
4668706,77689.4,1.253e-05,1736302522.0340507,b,l
4668707,77714.1,0.00010606,1736302543.3138475,b,l
4668708,77728.2,0.0001252,1736302584.8456192,b,l
4668709,77855.1,0.03216973,1736302920.6807034,b,m
4668710,77835.4,0.00012847,1736303277.5267742,s,l
4668711,77803.5,0.00629673,1736303313.5737982,b,l
4668712,77803.4,0.00012852,1736303322.9284189,s,l
4668713,77730.1,1.252e-05,1736303409.0403895,b,l
4668714,77730.8,0.00012864,1736303715.5744224,s,l
4668715,77730.8,0.00063595,1736303715.5744224,s,l
4668716,77730.2,0.0012865,1736303715.5744224,s,l
4668717,77730.0,0.0002573,1736303715.5744224,s,l
4668718,77725.8,0.011427,1736303715.5744224,s,l
4668719,77718.7,0.001206,1736303715.5744224,s,l
4668720,77709.9,0.02123044,1736303715.5744224,s,l
4668721,77763.5,0.00050061,1736303858.1467726,b,l
4668722,77769.5,0.00094087,1736303894.4046032,b,l
4668723,77763.5,0.00013936,1736304263.0381317,b,l
4668724,77763.4,0.00064297,1736304344.0354345,s,l
4668725,77730.0,1.252e-05,1736304357.034888,b,l
4668726,77730.0,0.00300961,1736304366.059984,b,l
4668727,77729.9,0.00011073,1736304415.068074,s,m
4668728,77682.6,0.001206,1736304415.0680742,s,m
4668729,77675.4,0.00057516,1736304415.0680742,s,m
4668730,77662.1,0.0002395,1736304528.091405,b,l
4668731,77655.6,0.01264867,1736304778.5159,b,m
4668732,77662.7,0.039,1736304810.347399,b,l
4668733,77669.9,0.01,1736305050.0245645,b,l
4668734,77654.1,6.438e-05,1736305119.7251005,b,m
4668735,77614.1,6.347e-05,1736305200.0732615,b,l
4668736,77610.0,4.189e-05,1736305223.0362012,b,l
4668737,77610.0,6.347e-05,1736305223.0374143,b,l
4668738,77608.9,1.269e-05,1736305225.0368347,b,l
4668739,77587.7,0.0004245,1736305242.2673037,b,l
4668740,77587.6,7e-05,1736305253.294896,s,l
4668741,77550.1,0.00025409,1736305258.034093,b,l
4668742,77447.6,7e-05,1736305517.4476268,s,l
4668743,77430.3,5e-05,1736305565.6921856,s,m
4668744,77370.0,0.00080644,1736305565.6921856,s,m
4668745,77350.0,0.00025856,1736305565.6921856,s,m
4668746,77338.0,0.01819265,1736305565.6921856,s,m
4668747,77340.1,0.06464951,1736305649.273479,s,l
4668748,77333.3,0.00012931,1736305649.303897,s,l
4668749,77333.8,0.00013125,1736305849.2769458,b,m
4668750,77353.7,0.0011955,1736305931.218227,s,l
4668751,77484.4,1.256e-05,1736306127.0334375,b,l
4668752,77445.5,0.00593023,1736306127.426946,s,l
4668753,77397.3,0.00020465,1736306643.1457262,b,l
4668754,77525.3,0.00037661,1736306760.7016442,b,l
4668755,77481.8,0.00029891,1736306833.11861,b,l
4668756,77454.8,0.0006015,1736306990.4237127,b,l
4668757,77396.0,1.257e-05,1736307022.03503,b,l
4668758,77422.7,0.01,1736307486.662139,b,m
4668759,77372.2,0.00024194,1736307703.0283716,b,l
4668760,77372.1,0.00258491,1736307710.9879763,s,l
4668761,77371.0,0.00025849,1736307711.0020783,s,l
4668762,77308.0,7e-05,1736307816.136494,s,l
4668763,77250.3,0.00129449,1736307817.5204852,s,l
4668764,77289.1,0.00025186,1736307828.3849642,b,l
4668765,77356.7,1.258e-05,1736307903.035726,b,l
4668766,77336.9,0.00646522,1736308180.6187384,b,m
4668767,77301.2,0.00012654,1736308271.7103496,s,l
4668768,77249.7,5e-05,1736308280.0439048,b,m
4668769,77168.6,0.01439804,1736308347.1303823,b,l
4668770,77168.5,7e-05,1736308362.9732232,s,l
4668771,77150.7,0.0005543,1736308362.9732232,s,l
4668772,77150.1,0.00060387,1736308401.0269475,b,l
4668773,77150.1,0.00648087,1736308401.0441978,b,m
4668774,77150.1,0.07516719,1736308422.2842822,b,l
4668775,77150.1,0.00103325,1736308422.2842822,b,l
4668776,77187.2,0.01315273,1736308491.952632,s,l
4668777,77219.6,0.0647504,1736308519.5109236,b,m
4668778,77284.7,0.00025496,1736308552.03148,b,l
4668779,77308.0,7e-05,1736308598.3460977,b,l
4668780,77308.2,0.0001818,1736308598.3460977,b,l
4668781,77339.5,0.06465002,1736308657.2549393,b,m
4668782,77339.3,6.369e-05,1736308660.0354366,b,l
4668783,77373.2,0.00012578,1736308701.4247909,b,l
4668784,77369.4,1.273e-05,1736308841.0348656,b,l
4668785,77391.7,0.074931,1736308890.1894522,b,m
4668786,77391.8,0.05428175,1736308890.1894522,b,m
4668787,77369.1,0.05169802,1736308953.9088006,b,l
4668788,77341.5,0.00517613,1736309015.7346573,b,m
4668789,77341.5,0.00103437,1736309038.8072004,b,m
4668790,77341.4,0.12929685,1736309068.1071217,s,l
4668791,77277.1,0.01294031,1736309102.9353335,b,l
4668792,77313.7,0.00015037,1736309125.807979,s,l
4668793,77378.1,0.0001,1736309135.1486592,b,m
4668794,77349.0,1.274e-05,1736309696.0316691,b,l
4668795,77329.4,0.00026251,1736309729.611192,s,l
4668796,77244.4,1.26e-05,1736309747.0330372,b,l
4668797,77199.3,0.00024004,1736309930.1679726,s,l
4668798,77223.9,1.276e-05,1736309978.0319865,b,l
4668799,77168.6,0.00126118,1736310118.016106,b,l
4668800,77193.8,0.00012607,1736310166.5706625,b,l
4668801,77168.6,0.0001,1736310191.655724,b,m
4668802,77244.7,8.714e-05,1736310287.472258,b,l
4668803,77194.3,0.00048215,1736310314.2506323,b,l
4668804,77168.5,7e-05,1736310342.0538943,s,l
4668805,77167.1,5e-05,1736310342.153442,s,l
4668806,77150.0,0.00090732,1736310345.1854672,s,l
4668807,77168.6,0.00177814,1736310374.748683,b,l
4668808,77177.2,0.0002522,1736310487.1000116,b,l
4668809,77201.3,2.521e-05,1736310507.6796594,b,l
4668810,77308.0,7e-05,1736310596.0034091,b,l
4668811,77288.9,1.259e-05,1736310641.034676,b,l
4668812,77168.5,7e-05,1736310901.7143934,s,l
4668813,77155.7,0.00262445,1736310901.7143934,s,l
4668814,77302.2,0.00629476,1736311164.4044635,b,l
4668815,77300.2,2.518e-05,1736311270.7971694,b,l
4668816,77203.0,0.00025523,1736311625.0325491,b,l
4668817,77111.0,0.06484159,1736311671.2947145,s,l
4668818,77100.0,0.00130039,1736311671.3642592,s,l
4668819,77078.5,5e-05,1736311671.5595434,s,l
4668820,77075.1,0.02556524,1736311683.5665734,b,l
4668821,77075.1,0.00252542,1736311688.058645,b,l
4668822,77144.7,0.01584585,1736311712.686899,s,l
4668823,77161.8,8.339e-05,1736311886.2396624,s,l
4668824,77139.7,0.00388296,1736312119.8511806,b,l
4668825,77183.6,0.00031912,1736312327.0322602,b,l
4668826,77140.9,0.0006,1736312400.056822,s,l
4668827,77170.8,0.00012767,1736312400.057638,b,l
4668828,77170.6,6.383e-05,1736312400.0678494,b,l
4668829,77201.3,0.00012762,1736312416.0333807,b,l
4668830,77200.1,1.261e-05,1736312427.0338736,b,l
4668831,77200.1,1.276e-05,1736312428.0325477,b,l
4668832,77209.6,9.507e-05,1736312445.1747022,b,l
4668833,77203.2,0.00897112,1736312621.9952235,s,l
4668834,77179.5,6.305e-05,1736312670.1945047,b,l
4668835,77179.4,0.00034983,1736312741.2581894,s,l
4668836,77106.7,0.00011302,1736312754.9985423,b,l
4668837,77075.1,6.481e-05,1736312820.725175,b,l
4668838,77075.1,0.01297436,1736313000.0807614,b,m
4668839,77248.9,0.00606585,1736313325.9517407,b,l
4668840,77284.2,0.0012748,1736313382.0359,b,l
4668841,77250.1,0.00029995,1736313414.8389478,b,l
4668842,77253.9,0.0012912,1736313424.119944,b,m
4668843,77308.0,7e-05,1736313562.3532922,b,l
4668844,77339.4,0.00113853,1736313562.3532922,b,l
4668845,77336.6,0.00019109,1736313566.0351622,b,l
4668846,77354.7,0.00302484,1736313585.4678824,b,l
4668847,77354.5,0.01218796,1736313587.9514554,b,l
4668848,77330.8,0.00402556,1736313689.2898805,b,m
4668849,77339.8,0.00620289,1736313817.1564732,b,m
4668850,77424.1,0.00019087,1736314203.0359814,b,l
4668851,77421.0,1.257e-05,1736314213.0334575,b,l
4668852,77399.8,0.00011679,1736314824.437931,b,l
4668853,77409.5,0.00060936,1736314861.416494,b,l
4668854,77415.6,0.00035976,1736314899.1427808,b,l
4668855,77381.8,0.00066878,1736315090.97056,b,l
4668856,77378.1,0.0016113,1736315464.8913934,s,l
4668857,77378.0,0.55296078,1736315464.892485,s,l
4668858,77308.8,0.00629717,1736315534.181188,b,l
4668859,77266.8,0.00152236,1736315630.1974218,b,l
4668860,77289.3,0.00736766,1736315782.5097878,b,l
4668861,77315.6,0.0038802,1736315947.6374462,b,m
4668862,77300.9,0.00120866,1736315987.5778606,b,l
4668863,77300.9,0.00245057,1736316000.7965677,b,l
4668864,77300.9,0.00023921,1736316002.72676,b,l
4668865,77303.0,1.259e-05,1736316007.0383272,b,l
4668866,77307.5,0.00085539,1736316011.0423815,b,l
4668867,77325.9,0.00042466,1736316012.0346043,b,l
4668868,77356.4,0.0016557,1736316039.0357733,b,l
4668869,77355.4,3.821e-05,1736316179.032958,b,l
4668870,77377.9,0.01635118,1736316292.3612998,b,l
4668871,77306.8,0.00621023,1736316493.0153043,s,l
4668872,77315.0,0.00132948,1736316567.2290394,b,l
4668873,77323.1,0.00181385,1736316593.1481924,b,l
4668874,77294.8,0.01696219,1736316641.9791255,b,l
4668875,77168.6,0.00606196,1736317175.6786184,b,l
4668876,77168.6,1.289e-05,1736317184.0336862,b,l
4668877,77168.6,0.00026702,1736317206.9863288,b,l
4668878,77182.8,0.00127648,1736317233.049832,b,l
4668879,77226.7,0.00074452,1736317270.9013293,s,l
4668880,77244.3,0.000126,1736317284.3829477,b,l
4668881,77230.0,9.387e-05,1736317310.4352288,b,l
4668882,77168.5,7e-05,1736317463.078126,s,m
4668883,77134.9,0.00133,1736317463.078126,s,m
4668884,77129.9,0.02032549,1736317628.0712385,b,l
4668885,77129.9,3.785e-05,1736317660.3982198,b,l
4668886,77129.9,0.00031934,1736317710.031745,b,l
4668887,77129.9,5.109e-05,1736317710.0361433,b,l
4668888,77129.8,0.00010373,1736317711.8044288,s,l
4668889,77129.8,0.00012965,1736317711.8044288,s,l
4668890,77100.1,0.00364033,1736317753.310465,b,l
4668891,77100.1,0.00031946,1736317800.0464883,b,l
4668892,77100.1,6.389e-05,1736317800.050053,b,l
4668893,77100.0,0.00063656,1736317800.211835,s,l
4668894,77075.0,1.25198025,1736317800.900372,s,l
4668895,77070.0,0.00064876,1736317800.9094715,s,l
4668896,77065.9,0.00607167,1736317810.1225903,b,l
4668897,77050.5,3.217e-05,1736317829.001763,s,l
4668898,77050.6,0.00639334,1736317835.1638973,b,l
4668899,77050.5,0.00061675,1736317915.295216,s,l
4668900,77029.4,8e-05,1736317940.2288556,s,l
4668901,77020.0,0.25,1736317968.123268,s,l
4668902,77013.1,0.00098884,1736317973.1059122,s,l
4668903,77001.0,0.00012986,1736317974.704371,s,l
4668904,77000.1,6.519e-05,1736317974.7256403,s,l
4668905,77000.0,0.00194805,1736317974.7256403,s,l
4668906,77000.0,0.01298701,1736317974.7256403,s,l
4668907,77000.0,0.01298701,1736317974.7256403,s,l
4668908,77000.0,0.00194805,1736317974.7256403,s,l
4668909,77000.0,0.00183321,1736317974.7256403,s,l
4668910,77000.0,0.00453621,1736317974.7256403,s,l
4668911,77000.0,0.03253246,1736317974.7256403,s,l
4668912,77000.0,0.0012987,1736317974.7256403,s,l
4668913,77000.0,0.06493506,1736317974.7256403,s,l
4668914,77000.0,0.00032467,1736317974.7256403,s,l
4668915,77000.0,0.0012987,1736317974.7256403,s,l
4668916,77000.0,0.02982018,1736317974.7256403,s,l
4668917,77000.0,0.10373571,1736317974.7256403,s,l
4668918,77000.0,0.0064935,1736317974.7256403,s,l
4668919,77000.0,0.06493506,1736317974.7256403,s,l
4668920,77000.0,0.0012987,1736317974.7256403,s,l
4668921,77000.0,0.03896103,1736317974.7256403,s,l
4668922,77000.0,0.00012987,1736317974.7256403,s,l
4668923,77000.0,0.00454545,1736317974.7256403,s,l
4668924,77000.0,0.0001948,1736317974.7256403,s,l
4668925,77000.0,0.00064935,1736317974.7256403,s,l
4668926,77000.0,0.0051948,1736317974.7256403,s,l
4668927,77000.0,0.00130293,1736317974.7256408,s,l
4668928,77000.0,0.00064935,1736317974.7256408,s,l
4668929,77000.0,0.00064935,1736317974.7256408,s,l
4668930,77000.0,0.0064935,1736317974.7256408,s,l
4668931,77000.0,0.12366761,1736317974.7256408,s,l
4668932,77000.0,0.07761485,1736317974.7310953,s,l
4668933,76998.8,0.00066,1736317975.0964468,s,l
4668934,76987.5,0.00304763,1736317975.7912595,s,l
4668935,76987.2,0.00064945,1736317975.7912598,s,l
4668936,76983.2,0.001,1736317976.139019,s,l
4668937,76915.0,0.0013,1736317979.178816,s,l
4668938,76898.0,0.00013004,1736317979.244593,s,l
4668939,76891.9,0.00539458,1736317979.434018,s,l
4668940,76890.4,8e-05,1736317979.434018,s,l
4668941,76889.1,0.001215,1736317979.434018,s,l
4668942,76875.4,0.011526,1736317979.450695,s,l
4668943,76855.2,0.02233998,1736317980.435475,s,l
4668944,76820.8,0.00022998,1736317981.8089423,s,l
4668945,76771.4,0.00089686,1736317982.7810502,s,l
4668946,76751.8,8e-05,1736317983.2604208,s,l
4668947,76750.0,0.00130293,1736317983.6029794,s,l
4668948,76761.8,0.00064174,1736318002.7707753,b,l
4668949,76844.7,0.00217956,1736318016.2208393,b,l
4668950,76844.5,0.07561725,1736318017.2713468,b,l
4668951,76844.6,0.04438275,1736318017.2713468,b,l
4668952,76844.5,0.0025642,1736318018.304559,b,l
4668953,76844.5,0.0002436,1736318018.307695,b,l
4668954,76872.6,0.00320407,1736318022.7495997,b,l
4668955,76872.6,0.00064979,1736318022.8103137,b,l
4668956,76872.6,0.05767331,1736318022.8658106,b,l
4668957,76872.6,0.00024043,1736318022.9594803,b,l
4668958,76872.6,0.00025633,1736318022.963406,b,l
4668959,76872.2,0.00431422,1736318023.4939706,b,l
4668960,76872.5,0.00012009,1736318024.5151577,b,l
4668961,76792.7,0.00128296,1736318144.1174183,b,l
4668962,76666.7,0.0071739,1736318164.121271,s,l
4668963,76650.0,0.00130463,1736318199.089138,s,l
4668964,76650.0,0.00128711,1736318199.089138,s,l
4668965,76613.4,8e-05,1736318199.6295257,s,m
4668966,76600.0,0.00065274,1736318199.6295257,s,m
4668967,76593.8,0.0024565,1736318199.6295257,s,m
4668968,76610.9,0.00067971,1736318199.838033,b,m
4668969,76598.6,0.0001,1736318214.6442037,s,m
4668970,76609.5,3.858e-05,1736318265.6474557,b,l
4668971,76610.6,0.00122826,1736318405.3499362,b,l
4668972,76658.6,0.00223427,1736318440.8555071,b,l
4668973,76650.4,0.00319475,1736318443.8689692,b,l
4668974,76625.7,6.429e-05,1736318517.035914,b,l
4668975,76718.1,0.00036859,1736318533.4518323,s,l
4668976,76684.3,0.00735139,1736318595.0289478,s,l
4668977,76697.0,0.00121893,1736318597.499105,b,l
4668978,76684.1,0.00821656,1736318644.4813075,s,l
4668979,76667.0,0.0051409,1736318693.3291943,b,l
4668980,76688.4,0.00032599,1736318701.9502752,b,m
4668981,76671.3,0.00024415,1736318814.099208,b,l
4668982,76604.2,0.000127,1736318835.34728,b,l
4668983,76650.5,0.00012855,1736318915.767727,b,l
4668984,76615.0,0.01248181,1736318985.0403454,b,l
4668985,76581.8,0.00347795,1736319016.7354991,s,l
4668986,76581.8,0.011552,1736319016.7354991,s,l
4668987,76581.8,0.001217,1736319016.7354991,s,l
4668988,76576.0,0.00130589,1736319016.746663,s,l
4668989,76571.5,0.001226,1736319016.7532394,s,l
4668990,76567.2,0.00084,1736319016.7532394,s,l
4668991,76562.1,0.00139241,1736319016.8705058,s,l
4668992,76560.0,0.00777168,1736319016.8789692,s,l
4668993,76510.0,0.001,1736319018.573068,s,l
4668994,76500.0,0.00871,1736319018.8875306,s,l
4668995,76500.0,0.00065359,1736319018.8875306,s,l
4668996,76500.0,0.00040958,1736319018.8875306,s,l
4668997,76500.0,0.01017252,1736319018.8875306,s,l
4668998,76500.0,0.00289937,1736319018.8876915,s,l
4668999,76500.0,0.00326797,1736319018.8876915,s,l
4669000,76500.0,0.00130718,1736319018.8876915,s,l
4669001,76500.0,0.00065359,1736319018.8876915,s,l
4669002,76493.1,0.00075598,1736319018.8876915,s,l
4669003,76475.2,8e-05,1736319018.8876915,s,l
4669004,76448.6,0.011559,1736319018.8876915,s,l
4669005,76444.1,0.001218,1736319018.8876915,s,l
4669006,76441.4,0.001227,1736319018.8876915,s,l
4669007,76424.5,0.07608542,1736319018.8876915,s,l
4669008,76424.4,0.26187645,1736319018.8876915,s,l
4669009,76421.4,0.26188687,1736319018.8876915,s,l
4669010,76420.4,0.01547798,1736319018.8876915,s,l
4669011,76408.1,0.2619323,1736319018.8876915,s,l
4669012,76407.1,0.01093078,1736319018.8876915,s,l
4669013,76406.5,0.00038897,1736319018.8876915,s,l
4669014,76398.0,0.00013089,1736319018.8876915,s,l
4669015,76391.8,0.00359223,1736319018.8876915,s,l
4669016,76391.7,0.00082959,1736319018.8876915,s,l
4669017,76389.6,0.26199597,1736319018.8876915,s,l
4669018,76364.3,0.26208273,1736319018.8876915,s,l
4669019,76362.3,0.00392864,1736319018.8876915,s,l
4669020,76360.0,0.00065479,1736319018.8876915,s,l
4669021,76337.3,8e-05,1736319018.8876915,s,l
4669022,76334.3,0.26218546,1736319018.8876915,s,l
4669023,76311.2,0.2014,1736319018.8876915,s,l
4669024,76300.1,0.29640979,1736319018.8876915,s,l
4669025,76300.0,0.00271002,1736319018.8876915,s,l
4669026,76300.0,0.00131061,1736319018.8876915,s,l
4669027,76289.2,0.0054372,1736319018.8876915,s,l
4669028,76288.0,0.26234463,1736319018.8876915,s,l
4669029,76230.0,0.01311819,1736319018.8876915,s,l
4669030,76209.5,0.00065608,1736319018.8876915,s,l
4669031,76208.2,0.07592889,1736319018.887692,s,l
4669032,76471.4,0.01,1736319046.8495238,b,m
4669033,76411.7,0.05693917,1736319048.421955,s,m
4669034,76393.2,0.00943001,1736319048.421955,s,m
4669035,76392.1,0.00266766,1736319048.421955,s,m
4669036,76384.5,0.010388,1736319048.4219556,s,m
4669037,76382.1,0.18777559,1736319048.4219556,s,m
4669038,76382.0,0.17148408,1736319048.4219556,s,m
4669039,76492.9,0.00122141,1736319073.8494055,b,l
4669040,76492.9,0.00496895,1736319074.9806168,s,l
4669041,76465.0,0.00257692,1736319096.9061186,b,l
4669042,76459.6,0.00193283,1736319111.5900471,b,l
4669043,76428.6,0.00026168,1736319153.6057262,b,m
4669044,76414.7,0.00060958,1736319170.643965,b,l
4669045,76435.3,0.01025558,1736319201.133376,b,l
4669046,76423.1,0.00012735,1736319206.72522,b,l
4669047,76410.8,0.001228,1736319231.3662326,b,l
4669048,76413.2,0.001218,1736319231.3662326,b,l
4669049,76415.6,0.011561,1736319231.3662326,b,l
4669050,76351.2,0.00025808,1736319298.4703128,b,l
4669051,76366.6,0.00419031,1736319313.4864674,b,m
4669052,76361.4,0.00034592,1736319315.231043,b,l
4669053,76354.9,0.00063729,1736319409.4830954,b,l
4669054,76316.8,3.826e-05,1736319511.0037167,b,l
4669055,76325.8,0.00012753,1736319515.4511516,b,l
4669056,76313.2,0.00637657,1736319530.993954,b,l
4669057,76313.2,1.275e-05,1736319531.6083186,b,l
4669058,76298.1,0.00036737,1736319593.9275002,b,m
4669059,76297.4,1.291e-05,1736319600.14635,b,l
4669060,76329.4,1.291e-05,1736319621.0344498,b,l
4669061,76357.2,5.161e-05,1736319631.0324674,b,l
4669062,76405.5,0.001035,1736319643.031798,b,l
4669063,76408.7,0.00154386,1736319643.0317984,b,l
4669064,76400.8,0.00012895,1736319648.033027,b,l
4669065,76401.4,3.869e-05,1736319655.035215,b,l
4669066,76316.6,0.016,1736319753.0386226,s,l
4669067,76356.3,0.00373003,1736319770.885262,s,l
4669068,76430.3,0.00018065,1736319845.1155858,b,l
4669069,76396.7,0.00100453,1736319879.2948318,s,l
4669070,76535.3,0.00031786,1736320015.3645203,b,l
4669071,76532.3,4.506e-05,1736320017.0324502,b,l
4669072,76538.6,0.0001,1736320040.6202157,b,l
4669073,76568.6,0.00012867,1736320111.0354726,b,l
4669074,76560.6,0.00146501,1736320127.9593532,b,l
4669075,76564.0,0.00470296,1736320242.703184,b,l
4669076,76556.7,0.0128699,1736320277.2248926,b,l
4669077,76584.3,0.00320947,1736320312.9691973,b,l
4669078,76600.5,0.0127047,1736320357.5699608,b,l
4669079,76613.4,7e-05,1736320533.889666,b,l
4669080,76645.2,0.00114897,1736320533.889666,b,l
4669081,76613.4,0.00016933,1736320578.5279372,b,l
4669082,76613.3,0.00326623,1736320609.779107,s,l
4669083,76613.3,0.03269667,1736320609.779107,s,l
4669084,76542.2,0.00260799,1736320649.5202346,s,l
4669085,76475.2,7e-05,1736320667.738057,s,l
4669086,76470.1,0.00326925,1736320692.220427,b,m
4669087,76452.3,0.00084626,1736320709.4981017,s,l
4669088,76537.1,0.00048808,1736320814.9865658,b,l
4669089,76497.1,0.01224215,1736321015.1885602,b,l
4669090,76490.0,0.26185754,1736321035.779336,b,m
4669091,76490.0,0.26185754,1736321035.779336,b,m
4669092,76490.0,0.26185754,1736321035.779336,b,m
4669093,76492.0,0.001218,1736321035.779336,b,m
4669094,76494.5,0.2618264,1736321035.779336,b,m
4669095,76497.8,0.011559,1736321035.7793362,b,m
4669096,76512.4,0.23402567,1736321035.7793362,b,m
4669097,76517.8,0.00060885,1736321074.3683407,b,l
4669098,76529.4,0.00222398,1736321094.4014766,b,m
4669099,76512.2,0.00326724,1736321119.1128566,b,l
4669100,76505.5,0.00516302,1736321158.148635,s,l
4669101,76499.5,0.00013443,1736321158.148635,s,l
4669102,76439.4,0.00445626,1736321202.807957,b,l
4669103,76459.6,0.00253642,1736321279.5300732,s,l
4669104,76509.5,0.00015,1736321297.171458,b,l
4669105,76509.5,0.00060906,1736321297.817763,b,l
4669106,76497.2,0.0003029,1736321313.5268474,b,l
4669107,76501.9,0.00128784,1736321317.031849,b,l
4669108,76514.0,0.00012675,1736321433.3741045,b,l
4669109,76613.4,7e-05,1736321581.930674,b,m
